序号,营业部名称,上榜后1天-买入次数,上榜后1天-平均涨幅,上榜后1天-上涨概率,上榜后2天-买入次数,上榜后2天-平均涨幅,上榜后2天-上涨概率,上榜后3天-买入次数,上榜后3天-平均涨幅,上榜后3天-上涨概率,上榜后5天-买入次数,上榜后5天-平均涨幅,上榜后5天-上涨概率,上榜后10天-买入次数,上榜后10天-平均涨幅,上榜后10天-上涨概率
1,国泰海通,1207,0.13173682831,47.473073736537,1183,0.094416368538,45.477599323753,1163,0.070507533138,44.711951848667,1095,0.219178038603,45.205479452055,934,1.38927823727,46.359743040685
2,深股通专用,1206,0.404223598947,48.839137645108,1184,0.377254991951,47.212837837838,1164,0.181544006649,44.759450171821,1107,0.476003919991,48.419150858175,991,-0.06650238004,42.684157416751
3,沪股通专用,1020,0.455812401461,49.019607843137,997,0.74067961317,47.141424272819,979,0.591530193238,46.169560776302,924,0.74041110434,45.995670995671,820,1.868217794793,46.585365853659
4,高盛(中国)证券上海浦东新区世纪大道证券营业部,914,0.098806255438,47.045951859956,895,0.233721079397,46.59217877095,879,0.321995810011,46.41638225256,830,0.68787620306,46.746987951807,716,2.029203121229,46.508379888268
5,中信证券上海分公司,741,-0.137698228623,44.804318488529,728,-0.36034782136,43.269230769231,720,-0.540648206167,41.944444444444,674,-0.024609171513,43.323442136499,554,1.305505809729,43.682310469314
6,东方财富证券拉萨金融城南环路证券营业部,550,-1.818788962945,34.727272727273,536,-3.133867210877,30.597014925373,525,-4.402604279333,30.857142857143,507,-5.71016497075,31.360946745562,465,-7.273078854172,29.462365591398
7,瑞银证券上海花园石桥路证券营业部,510,-0.203971596529,42.549019607843,501,-0.01774944982,45.309381237525,488,0.139791822889,45.286885245902,459,0.298169420719,45.969498910675,402,1.885617426368,45.273631840796
8,东方财富证券拉萨东环路第二证券营业部,492,-2.389227170955,33.130081300813,481,-3.730436437734,30.977130977131,469,-4.672459144136,28.784648187633,445,-5.754145203213,33.033707865169,389,-8.740366028483,28.27763496144
9,开源证券西安太华路证券营业部,476,1.230223463782,55.252100840336,470,1.474609645745,53.191489361702,465,1.40188165714,51.182795698925,441,0.542440949932,49.886621315193,392,1.354981046888,44.642857142857
10,摩根大通证券(中国)上海银城中路证券营业部,462,-0.065063174957,45.670995670996,458,0.266907898952,46.069868995633,456,0.395251750461,47.80701754386,445,0.132553746494,44.044943820225,398,1.923328934372,45.979899497487
11,东方财富证券拉萨团结路第一证券营业部,407,-2.04979513801,38.083538083538,398,-3.312632045754,30.904522613065,392,-4.299327841403,31.122448979592,383,-5.208489113473,33.420365535248,353,-7.38273947966,29.745042492918
12,中国国际金融上海分公司,355,0.310515498085,48.169014084507,349,-0.324692609857,45.272206303725,345,0.056974141768,45.507246376812,326,-0.598083861196,45.398773006135,288,1.701164417813,45.833333333333
13,国信证券浙江互联网分公司,321,-2.367882206231,34.267912772586,314,-3.729187515223,28.662420382166,309,-4.761656706117,31.715210355987,303,-5.545057682871,32.013201320132,289,-6.530113143702,32.179930795848
14,华泰证券营业总部(非营业场所),287,0.773993910627,50.174216027875,284,0.491152013556,46.12676056338,278,0.074071706079,43.884892086331,256,-0.451132335234,42.1875,209,0.832839485502,44.976076555024
15,国金证券深圳分公司,277,-0.394611908773,42.599277978339,275,-1.153953336364,41.454545454546,272,-1.440863303897,38.602941176471,260,-2.181307517769,38.076923076923,242,-2.169489068058,36.776859504132
16,东方财富证券山南香曲东路证券营业部,277,-1.751499039531,35.740072202166,269,-3.239057870558,30.855018587361,262,-4.133123068664,32.06106870229,257,-5.021417163113,33.852140077821,233,-4.502475860987,34.763948497854
17,东方财富证券拉萨团结路第二证券营业部,220,-1.709002169091,41.818181818182,214,-3.205771603879,30.841121495327,211,-4.205596969147,27.962085308057,202,-5.127536487277,31.683168316832,180,-4.337831352611,37.777777777778
18,中信建投证券上海营口路证券营业部,215,0.760259052791,56.744186046512,209,-0.301572768278,41.148325358852,208,-0.868968196683,37.980769230769,188,-0.467710872287,44.148936170213,143,-1.601656483217,44.755244755245
19,国泰海通证券武汉紫阳东路证券营业部,176,1.510456800909,56.818181818182,175,2.011690807314,59.428571428571,174,2.509704398851,55.747126436782,170,2.458386287647,55.882352941177,167,5.039088580299,52.095808383234
20,中信证券深圳深南中路中信大厦证券营业部,175,-0.113505340971,51.428571428571,170,0.054675351412,51.764705882353,163,-0.256831289632,47.852760736196,150,1.681544504133,47.333333333333,117,1.857215264786,43.589743589744
21,国信证券深圳互联网分公司,173,-0.972597476532,40.462427745665,167,-1.381639666647,37.125748502994,163,-1.625167786626,34.969325153374,155,-3.243990669484,29.677419354839,125,-3.64488359792,32.8
22,东方财富证券拉萨东环路第一证券营业部,157,-3.023137654968,33.75796178344,154,-5.100738338377,30.519480519481,151,-5.754189512517,31.12582781457,147,-7.086729942789,33.333333333333,127,-9.516883356535,33.858267716535
23,东方财富证券昌都两江大道证券营业部,129,-1.495786092248,39.53488372093,126,-2.989037814048,32.539682539683,125,-4.38044764088,30.4,119,-6.108032165714,28.571428571429,105,-4.896186724857,33.333333333333
24,华鑫证券绍兴胜利东路证券营业部,125,0.34355620568,52.0,123,0.287839238374,44.715447154472,123,-0.47221015065,46.341463414634,115,-0.571572703478,39.130434782609,97,-3.121468726186,34.020618556701
25,国信证券深圳红岭中路证券营业部,125,0.30252244344,43.2,124,1.596002897742,40.322580645161,122,3.826158257541,47.540983606557,117,3.86591599735,43.589743589744,109,4.362241280917,44.036697247706
26,国新证券北京分公司,117,0.981815237265,52.136752136752,115,0.049053062174,46.95652173913,114,0.007515252456,52.631578947368,107,1.177203189439,50.467289719626,94,0.115799481064,43.617021276596
27,国泰海通证券上海长宁区江苏路证券营业部,112,1.813471320179,59.821428571429,105,1.577786256,59.047619047619,102,1.58297207451,51.960784313726,102,1.952048143824,50.980392156863,95,2.286373183579,46.315789473684
28,国泰海通证券南京太平南路证券营业部,100,0.9595894478,50.0,100,1.1586105331,46.0,99,0.640098792828,43.434343434343,95,1.094248896947,47.368421052632,84,2.050274077976,46.428571428571
29,国泰海通证券北京知春路证券营业部,99,1.726223047677,58.585858585859,98,2.328809057041,60.204081632653,96,2.543756625938,53.125,95,2.784074861263,52.631578947368,87,2.333071331379,50.574712643678
30,平安证券浙江分公司,98,0.921944527245,48.979591836735,98,0.400988672959,44.897959183674,97,-0.632712270515,43.298969072165,95,-1.377331555158,45.263157894737,93,-4.488454285054,33.333333333333
31,平安证券杭州曙光路证券营业部,96,0.997255264583,53.125,95,1.230279768842,51.578947368421,92,0.34005458,43.478260869565,88,-0.238812336364,42.045454545455,85,0.433707205412,37.647058823529
32,国泰海通证券上海松江区中山东路证券营业部,82,2.542574968659,60.975609756098,81,3.073404644074,61.728395061728,80,2.15370129875,55.0,77,1.731832918571,51.948051948052,62,2.611947359839,40.322580645161
33,国泰海通证券上海自贸试验区第二分公司,79,1.392299785316,54.430379746835,78,2.418167929744,52.564102564103,78,2.451916296923,52.564102564103,78,0.46749869359,50.0,71,2.872313761268,46.478873239437
34,国泰海通证券上海分公司,77,2.096692174156,58.441558441558,77,3.527675014935,63.636363636364,77,3.816341811948,64.935064935065,77,5.62373695013,63.636363636364,75,6.4739864088,58.666666666667
35,东方财富证券拉萨东城区江苏大道证券营业部,77,-1.809070058571,36.363636363636,74,-2.520233680135,33.783783783784,73,-3.227048376575,34.246575342466,69,-5.217832574783,36.231884057971,62,-2.252382312258,38.709677419355
36,中泰证券常州惠国路证券营业部,77,-0.232964100519,38.961038961039,75,-0.5881956612,44.0,72,-1.757016720417,37.5,66,-3.206566637121,31.818181818182,60,-5.181402688333,30.0
37,国泰海通证券成都北一环路证券营业部,74,1.769755625541,58.108108108108,74,2.326372616622,59.45945945946,73,1.613075792055,56.164383561644,73,0.793358658219,50.684931506849,71,1.155621104789,40.845070422535
38,中信建投证券北京东城分公司,68,0.739409875588,47.058823529412,68,1.845113605147,39.705882352941,68,5.016784406912,44.117647058824,66,4.243897628182,42.424242424242,64,6.028551316094,43.75
39,华鑫证券上海宛平南路证券营业部,67,0.312869301493,46.268656716418,66,0.260090030303,43.939393939394,66,0.096922055303,39.393939393939,62,-0.350652121452,40.322580645161,62,0.145962728548,43.548387096774
40,招商证券深圳益田路免税商务大厦证券营业部,65,0.823348567692,53.846153846154,63,-0.842941878095,41.269841269841,63,-1.852082723968,34.920634920635,60,-2.457614624667,41.666666666667,54,-3.155077683704,38.888888888889
41,开源证券西安西大街证券营业部,63,0.79973277254,47.619047619048,63,0.73585096381,49.206349206349,63,0.837126250159,50.793650793651,63,-0.029830283175,47.619047619048,59,-0.730766970508,40.677966101695
42,华泰证券深圳益田路荣超商务中心证券营业部,52,-1.217672598077,38.461538461539,51,-2.107551207255,35.294117647059,47,-2.792141905745,34.042553191489,46,-3.117740547609,39.130434782609,42,-4.303473691667,38.095238095238
43,中信证券浙江分公司,51,-1.078548816078,39.21568627451,50,-1.9206954214,36.0,50,-2.9873737888,34.0,50,-5.0456612226,34.0,43,-7.033290554186,25.581395348837
44,国新证券北京中关村大街证券营业部,50,0.0333104388,42.0,49,0.834460021837,42.857142857143,49,2.214923207551,51.020408163265,48,2.420449333125,52.083333333333,38,1.061112790526,44.736842105263
45,国信证券北京分公司,46,0.589793223261,52.173913043478,44,0.813088536591,47.727272727273,44,1.701096608182,47.727272727273,42,2.227803055714,50.0,36,0.171469774167,50.0
46,东亚前海证券上海分公司,44,1.308587023864,47.727272727273,44,0.939075621136,43.181818181818,44,0.540536192045,36.363636363636,44,2.763175847045,43.181818181818,41,3.485160826341,48.780487804878
47,东亚前海证券深圳分公司,42,2.084736445952,52.380952380952,41,3.50386638878,53.658536585366,41,3.043745768049,48.780487804878,41,1.203085133171,51.219512195122,38,-0.056037814737,34.21052631579
48,广发证券佛山顺德诚德路证券营业部,41,0.623822124634,43.90243902439,39,1.349339746154,46.153846153846,39,0.23792016641,43.589743589744,38,-1.351243327368,39.473684210526,35,-5.206767105429,22.857142857143
49,东莞证券南京分公司,41,0.190003686585,41.463414634146,39,0.62282620641,43.589743589744,39,1.173011068462,51.282051282051,35,2.154156535714,40.0,29,6.452487357931,34.48275862069
50,开源证券西安高新成章路证券营业部,41,2.04165958439,58.536585365854,41,1.44721048122,46.341463414634,41,0.753045970732,51.219512195122,40,0.1312515145,42.5,37,-3.217235392973,32.432432432432
51,东亚前海证券苏州分公司,40,1.1361864555,50.0,40,1.58201899825,50.0,40,0.54379752475,42.5,40,-0.83371727375,37.5,38,-3.212666002105,34.21052631579
52,中信证券杭州延安路证券营业部,39,1.032801117692,56.410256410256,39,0.376990903846,48.717948717949,39,-0.829210338462,35.897435897436,37,2.760012522973,56.756756756757,33,0.990074992727,45.454545454546
53,华鑫证券上海徐汇区瑞平路证券营业部,39,0.555693815385,43.589743589744,39,1.884296392564,41.025641025641,38,1.694046237895,36.842105263158,35,-0.515055053429,31.428571428571,31,-0.300636972258,32.258064516129
54,国盛证券宁波桑田路证券营业部,38,2.053063548158,63.157894736842,37,-0.133818292703,45.945945945946,36,-3.160674941667,41.666666666667,34,-5.683792276176,38.235294117647,34,-5.28010106,32.352941176471
55,东亚前海证券浙江分公司,37,1.480176441892,56.756756756757,37,3.449562257297,56.756756756757,36,4.314305650833,47.222222222222,36,5.329127397778,47.222222222222,34,5.850978227941,52.941176470588
56,国泰海通证券湛江万豪世家证券营业部,36,2.193990729444,66.666666666667,36,2.976763845556,63.888888888889,36,3.735908681389,55.555555555556,34,3.768172724118,55.882352941177,30,6.059910114,70.0
57,华鑫证券上海陆家嘴证券营业部,35,0.231411448,54.285714285714,35,0.143777151429,37.142857142857,34,-0.190092081176,44.117647058824,32,0.687814258438,43.75,27,5.577143461111,44.444444444444
58,东莞证券四川分公司,35,-0.287915139429,51.428571428571,34,-3.030123373529,32.352941176471,34,-4.190024522059,32.352941176471,32,-2.306264767188,37.5,28,-3.7130455075,46.428571428571
59,浙商证券杭州五星路证券营业部,35,1.232669967714,48.571428571429,35,1.521182959429,51.428571428571,35,2.204634024571,54.285714285714,35,1.816513967143,54.285714285714,32,3.72681668875,46.875
60,中国银河证券宜昌新世纪证券营业部,33,1.831238438788,54.545454545455,33,2.39408260303,54.545454545455,32,1.636910606563,59.375,31,1.288237463226,54.838709677419,29,2.840956285862,58.620689655172
61,国信证券深圳泰然九路证券营业部,33,-0.165908817576,45.454545454546,33,-0.682453342727,48.484848484849,33,-2.037981947576,39.393939393939,30,-1.469449439667,46.666666666667,25,-2.511454264,44.0
62,中国中金财富证券广州番禺东兴路证券营业部,32,-1.738088060313,34.375,32,-2.473451904688,28.125,31,-2.406302264194,25.806451612903,28,-5.031871820357,28.571428571429,21,-8.241448935714,23.809523809524
63,联储证券陕西分公司,31,0.483340279032,54.838709677419,28,-1.588093761429,32.142857142857,28,-2.908059750357,25.0,25,-1.6820274868,44.0,23,0.534005947826,52.173913043478
64,中国银河证券北京中关村大街证券营业部,31,-0.777315925161,41.935483870968,31,0.177459160645,48.387096774194,31,-0.674375516774,38.709677419355,31,-2.709305795161,48.387096774194,31,-2.364723109032,38.709677419355
65,华源证券江苏分公司,31,2.052687021935,61.290322580645,31,3.311325398387,58.064516129032,31,2.418441116774,51.612903225806,29,3.003446062759,51.724137931035,23,11.097576058696,56.521739130435
66,中国银河证券北京学院南路证券营业部,30,1.758729885667,50.0,30,-0.320715036333,46.666666666667,30,0.607272669667,46.666666666667,30,1.274401602333,46.666666666667,29,-1.363240895517,48.275862068966
67,华泰证券北京东三环北路证券营业部,30,-1.45484714,53.333333333333,30,-1.043546130667,46.666666666667,29,-3.449565504828,34.48275862069,28,-8.060838776071,35.714285714286,23,-5.606139424348,43.478260869565
68,东吴证券苏州西北街证券营业部,29,0.658454715517,51.724137931035,29,-0.57515667931,41.379310344828,29,-1.684212235172,37.931034482759,29,-1.838591558276,31.034482758621,27,-4.776476481852,40.740740740741
69,华泰证券上海武定路证券营业部,29,-1.261498789655,31.034482758621,29,-2.302332106897,31.034482758621,29,-2.161469751724,37.931034482759,29,-2.888252207931,37.931034482759,25,-4.997111876,32.0
70,广发证券郑州农业路证券营业部,27,0.077873902593,44.444444444444,26,-1.274090154615,34.615384615385,26,-1.131459765,38.461538461539,25,-0.3144192132,52.0,25,-0.7836457236,48.0
71,中泰证券宁波分公司,27,1.281682674074,48.148148148148,27,-1.108634538148,37.037037037037,27,-2.385354051852,29.62962962963,19,-1.246731264211,42.105263157895,14,-1.899864265714,28.571428571429
72,国盛证券杭州建设三路证券营业部,26,1.002910085385,46.153846153846,26,2.653084997692,53.846153846154,26,1.398449898077,50.0,26,-0.100170802692,42.307692307692,22,0.276591556818,36.363636363636
73,东方证券厦门仙岳路证券营业部,25,-1.2784937192,40.0,25,-1.2530823812,36.0,25,-2.0992954316,36.0,25,-1.9625364156,32.0,24,-3.426542959583,37.5
74,中信建投证券杭州庆春路证券营业部,24,3.548094550833,66.666666666667,24,4.878344860833,66.666666666667,24,4.161298463333,66.666666666667,24,4.367514082083,58.333333333333,22,3.6810674,45.454545454546
75,中国国际金融北京建国门外大街证券营业部,24,0.514022775833,62.5,24,2.36527838375,66.666666666667,24,1.655577425833,54.166666666667,23,1.970617221304,65.217391304348,22,-1.988948086364,54.545454545455
76,国泰海通证券深圳海岸城海德三道证券营业部,24,1.433843669583,58.333333333333,24,0.000482515,50.0,23,1.235898243913,52.173913043478,23,1.066241838696,52.173913043478,21,10.468827629048,47.619047619048
77,中信证券深圳滨海大道证券营业部,24,-0.449023150417,66.666666666667,24,-0.471202691667,50.0,24,-1.155925035833,41.666666666667,24,1.604998029167,58.333333333333,24,-1.639464771667,37.5
78,麦高证券北京分公司,24,-3.339325848333,25.0,23,-5.129103982174,21.739130434783,23,-7.314375221304,26.086956521739,22,-10.731462926818,18.181818181818,20,-16.075086988,0.0
79,国泰海通证券广州东风中路证券营业部,23,2.700591364348,65.217391304348,23,2.849509783913,65.217391304348,23,1.211442533043,47.826086956522,22,4.518627523182,54.545454545455,20,5.107130228,50.0
80,广发证券南京汉中路证券营业部,23,3.142177766522,65.217391304348,23,1.720039888261,47.826086956522,22,2.391038405909,54.545454545455,21,-0.22931254,42.857142857143,20,-5.4619929045,45.0
81,华泰证券宁波柳汀街证券营业部,23,-2.191163017391,21.739130434783,23,-3.617007138261,13.04347826087,20,-5.2935533355,25.0,13,3.762502977692,38.461538461539,5,-1.464052288,40.0
82,国金证券上海静安区南京西路证券营业部,23,0.10679002087,39.130434782609,23,-0.532208017391,47.826086956522,23,-1.205071140435,30.434782608696,22,-2.492642801818,36.363636363636,22,-3.053939808636,40.909090909091
83,华泰证券辽宁分公司,23,-0.84544845087,34.782608695652,23,-1.752075382174,26.086956521739,23,-3.211577165652,34.782608695652,23,-5.10743090913,34.782608695652,23,-6.230949386087,26.086956521739
84,东北证券佛山分公司,23,1.426366184783,60.869565217391,23,3.041279767391,60.869565217391,23,1.504085163043,47.826086956522,21,2.13775715,52.380952380952,20,8.4127948095,55.0
85,国投证券深圳红荔西路证券营业部,22,0.834963996364,40.909090909091,22,4.767602997727,68.181818181818,22,4.698687773182,54.545454545455,22,-0.611804977727,36.363636363636,20,0.1317441575,35.0
86,长江证券上海分公司,22,7.464355571364,81.818181818182,22,11.043249036364,77.272727272727,22,10.695326791818,68.181818181818,22,13.757502135909,77.272727272727,20,21.8672845945,60.0
87,中信证券北京天通苑证券营业部,21,-2.110783680476,42.857142857143,20,-3.010278224,40.0,18,-3.296058254444,38.888888888889,15,-4.861463311333,46.666666666667,10,-7.411332022,30.0
88,国金证券深圳湾一号证券营业部,20,1.7320639195,55.0,20,0.1257026,40.0,19,-0.472818734211,42.105263157895,17,-2.456612044118,47.058823529412,15,-5.273180436667,33.333333333333
89,华泰证券苏州吴中大道证券营业部,20,0.678390031,50.0,20,-0.1372490275,50.0,20,-1.052044572,45.0,19,-2.198410834737,36.842105263158,17,-11.552969570588,23.529411764706
90,国信证券北京朝阳门证券营业部,20,0.1815734605,45.0,18,0.237448300556,38.888888888889,18,-0.919900048889,44.444444444444,17,-0.422566169412,52.941176470588,16,0.29850197125,43.75
91,国泰海通证券三亚迎宾路证券营业部,20,1.897099398,60.0,20,4.077786342,75.0,19,4.234574136842,78.947368421053,18,5.136612642778,66.666666666667,16,-0.406940315,50.0
92,中国银河证券三亚迎宾路证券营业部,19,-0.376659257895,36.842105263158,19,2.425369700526,52.631578947368,19,4.742382386842,57.894736842105,19,3.952842150526,47.368421052632,17,3.178564470588,52.941176470588
93,浙商证券宁波分公司,19,-0.335665658421,31.578947368421,18,1.795768036667,55.555555555556,17,3.338784849412,47.058823529412,16,4.54629804125,50.0,15,11.311439242667,60.0
94,华鑫证券上海徐汇区云锦路证券营业部,18,3.728064301667,72.222222222222,18,5.072759282778,72.222222222222,18,6.477189017778,66.666666666667,18,8.2157716,83.333333333333,18,13.770217616667,77.777777777778
95,华泰证券上海普陀区江宁路证券营业部,18,2.700028652778,50.0,18,1.937621058889,38.888888888889,17,2.359926101176,47.058823529412,16,2.02689724125,50.0,11,4.194958044545,72.727272727273
96,广发证券杭州富春路证券营业部,18,1.539366167222,38.888888888889,18,0.623334851667,33.333333333333,18,0.081350547778,50.0,18,0.804704693333,44.444444444444,18,2.223913008889,61.111111111111
97,广发证券广州马场路广发证券大厦证券营业部,18,0.204085626111,50.0,18,0.050266870556,50.0,18,-0.267599915556,55.555555555556,17,2.140124792353,64.705882352941,16,1.3329396425,56.25
98,华泰证券深圳前海证券营业部,18,1.130767161667,55.555555555556,18,0.116719115556,33.333333333333,18,-0.459658767222,27.777777777778,18,2.752580580556,38.888888888889,17,13.343658618824,35.294117647059
99,招商证券上海世纪大道证券营业部,17,-0.949351694706,41.176470588235,16,-2.72645292625,37.5,16,-2.40958753875,31.25,13,-2.773458633846,23.076923076923,9,-15.890018937778,11.111111111111
100,中信证券东阳吴宁西路证券营业部,17,2.231005244118,47.058823529412,17,3.075414636471,58.823529411765,17,3.885096231765,58.823529411765,17,1.388593198824,41.176470588235,16,-3.58191556875,18.75
101,申万宏源证券上海闵行区东川路证券营业部,17,-6.734895518824,41.176470588235,17,-9.955946247059,35.294117647059,17,-12.793818311177,23.529411764706,17,-12.626453332353,23.529411764706,17,-9.528987327059,41.176470588235
102,平安证券深圳深南东路罗湖商务中心证券营业部,17,-4.032172115294,29.411764705882,17,-6.103113665294,23.529411764706,17,-7.934928378824,11.764705882353,17,-9.669078603529,29.411764705882,15,-14.376307545333,13.333333333333
103,东方证券无锡梁清路证券营业部,17,1.09693134,58.823529411765,17,2.293604278235,64.705882352941,17,2.35297201,64.705882352941,16,5.55500731,62.5,15,4.917519627333,46.666666666667
104,东海证券福州长乐北路证券营业部,17,3.816632846471,64.705882352941,16,5.772315975,68.75,15,5.246130615333,60.0,14,-0.176039917857,50.0,14,1.684234944286,50.0
105,联储证券宁波分公司,17,1.885197303529,58.823529411765,16,5.171577335625,62.5,16,4.87457898375,68.75,15,9.816478998667,80.0,14,12.842903818571,64.285714285714
106,平安证券江苏分公司,16,-2.921018266875,37.5,15,-4.383090548667,40.0,15,-7.860863338667,26.666666666667,14,-10.583151872143,42.857142857143,10,-7.226716879,20.0
107,平安证券上海分公司,16,-4.025256099375,12.5,15,-7.388895782,13.333333333333,13,-6.496673299231,23.076923076923,11,-6.237264777273,27.272727272727,7,-6.479213405714,28.571428571429
108,华泰证券北京月坛南街证券营业部,16,2.22066529875,62.5,16,1.4424996725,50.0,16,-1.07688908875,43.75,16,-0.1002936175,50.0,16,-2.694589133125,43.75
109,东方证券深圳金田路证券营业部,16,3.05264292875,68.75,16,3.359032325,56.25,16,5.0001587175,62.5,16,2.438174043125,68.75,15,6.723300294,53.333333333333
110,东北证券武汉香港路证券营业部,16,-1.891887474375,31.25,16,-1.885703810625,37.5,16,-3.324386505,43.75,14,-6.966868795714,28.571428571429,14,-6.17351336,35.714285714286
111,华泰证券上海浦东新区世纪大道证券营业部,16,2.0855973125,50.0,16,0.83782231875,50.0,16,1.571172095625,50.0,14,3.510426528571,57.142857142857,10,2.35362253,50.0
112,中信证券深圳分公司,16,0.062316636875,37.5,16,-0.7714501125,43.75,16,0.708817078125,50.0,15,1.723747636667,46.666666666667,13,-1.771341682308,38.461538461539
113,国金证券北京崇文门外大街证券营业部,16,4.951855399375,68.75,16,7.18207937125,62.5,16,6.546268145,43.75,16,3.903133073125,50.0,16,-3.787927381875,37.5
114,国泰海通证券重庆观音桥步行街证券营业部,16,0.61740949125,50.0,16,1.22051352,56.25,16,0.7561428125,56.25,15,-4.482372417333,46.666666666667,12,6.781559580833,50.0
115,东方财富证券上海东方路证券营业部,15,2.182223033333,53.333333333333,15,0.464389827333,26.666666666667,14,1.118338455,35.714285714286,13,2.713557876923,53.846153846154,11,-4.985431839091,36.363636363636
116,平安证券深圳分公司,15,1.087219393333,46.666666666667,15,1.877347160667,53.333333333333,15,3.445904532667,60.0,14,7.431430504286,50.0,14,-4.516778669286,35.714285714286
117,中国银河证券北京陶然桥证券营业部,15,-1.094083894667,40.0,14,-3.506434001429,21.428571428571,13,-7.109364315385,23.076923076923,13,-1.555533303077,30.769230769231,10,10.265307893,50.0
118,中信证券北京分公司,15,-0.289711032,46.666666666667,15,-3.028266101333,26.666666666667,12,-5.269755726667,16.666666666667,11,-8.425075245455,9.090909090909,6,-18.182338783333,0.0
119,华泰证券江西分公司,15,-0.153012422667,46.666666666667,15,-1.920261284667,40.0,15,-3.63859523,33.333333333333,14,-6.94595283,35.714285714286,13,-7.3643371,23.076923076923
120,东吴证券苏州相城大道证券营业部,15,-0.043993658,33.333333333333,14,1.669805719286,50.0,14,2.730997220714,50.0,14,0.514521261429,50.0,10,5.104095497,60.0
121,爱建证券上海浦东新区前滩大道证券营业部,15,2.237484776667,60.0,15,4.059097166667,73.333333333333,14,6.582504117857,50.0,14,10.368446145,71.428571428571,14,9.331380761429,57.142857142857
122,国新证券海南分公司,15,0.329047146667,40.0,14,1.048019547857,35.714285714286,14,-0.744468082143,35.714285714286,14,-2.868417727143,35.714285714286,14,-9.328760117857,28.571428571429
123,东方证券成都万象南路证券营业部,15,0.31449955,46.666666666667,15,0.641410879333,60.0,15,-1.098895897333,33.333333333333,15,-0.111813298,33.333333333333,15,5.467275484,53.333333333333
124,平安证券宁波海晏北路证券营业部,14,0.083728935714,35.714285714286,14,-2.561441877143,28.571428571429,14,-2.727849358571,28.571428571429,14,-3.793141488571,28.571428571429,14,-10.844713696429,28.571428571429
125,甬兴证券宁波和源路证券营业部,14,2.857369797143,71.428571428571,14,0.542700387857,50.0,14,-0.336340302143,35.714285714286,13,-0.299705697692,38.461538461539,13,1.36143292,30.769230769231
126,华鑫证券佛山南海海五路证券营业部,14,2.749090885714,57.142857142857,14,6.633124900714,78.571428571429,14,6.460858709286,71.428571428571,14,6.846434838571,71.428571428571,12,3.383813434167,66.666666666667
127,东莞证券常熟东南大道证券营业部,14,0.180853092143,42.857142857143,14,0.694715127857,50.0,14,-2.941920718571,42.857142857143,13,-4.64827377,30.769230769231,12,-5.993360124167,25.0
128,国泰海通证券上海浦东新区福山路证券营业部,14,2.744120180714,64.285714285714,13,2.839840320769,69.230769230769,13,1.586357041538,46.153846153846,12,4.123632405833,83.333333333333,12,6.270109181667,66.666666666667
129,国泰海通证券北京方庄路证券营业部,14,-1.030818800714,35.714285714286,14,-2.413668656429,35.714285714286,14,-5.270544657857,28.571428571429,14,-7.851113585,28.571428571429,14,0.017408252143,28.571428571429
130,国泰海通证券上海徐汇区宜山路证券营业部,14,1.649011481429,64.285714285714,14,1.888414622143,50.0,14,1.329016522143,35.714285714286,14,-0.306169230714,50.0,14,2.044742117857,50.0
131,中信证券上海溧阳路证券营业部,14,-1.409211960714,35.714285714286,14,-2.235782010714,21.428571428571,14,-1.419699477857,35.714285714286,13,0.063125236154,46.153846153846,13,-4.231768412308,46.153846153846
132,金融街证券沈阳奉天街证券营业部,14,3.609079512143,85.714285714286,14,3.481173643571,78.571428571429,14,1.631994605,50.0,12,-0.24227176,33.333333333333,7,-0.413922985714,57.142857142857
133,东吴证券上海西藏南路证券营业部,14,-1.442843081429,21.428571428571,14,-2.715977649286,14.285714285714,13,-3.434654691538,23.076923076923,12,-1.872555656667,33.333333333333,7,-7.207822847143,28.571428571429
134,华泰证券深圳深南大道基金大厦证券营业部,14,-1.638660545714,57.142857142857,14,-1.527662137857,50.0,14,0.332283535714,50.0,14,7.707544381429,57.142857142857,12,10.0354995725,75.0
135,华泰证券深圳深南大道证券营业部,14,-1.508405206429,35.714285714286,13,-2.776172816154,38.461538461539,13,-2.086107446154,23.076923076923,12,0.0896135925,41.666666666667,9,6.593389785556,55.555555555556
136,广发证券广州寺右新马路证券营业部,14,-3.109136705714,21.428571428571,14,-4.032909059286,28.571428571429,13,-3.177266475385,30.769230769231,13,-1.771641738462,38.461538461539,10,-9.357668431,10.0
137,国信证券浙江分公司,14,-1.703107511429,42.857142857143,14,-5.979696532143,42.857142857143,14,-7.284425026429,42.857142857143,13,-5.377160836923,46.153846153846,11,-15.113412005455,18.181818181818
138,兴业证券湖北分公司,14,2.243447169286,42.857142857143,13,-0.246008136923,38.461538461539,13,0.510442351538,38.461538461539,11,1.540820172727,36.363636363636,6,0.366850693333,33.333333333333
139,华源证券深圳分公司,14,5.812415187143,85.714285714286,13,7.794995976154,69.230769230769,13,8.133742378462,69.230769230769,12,8.865172635,83.333333333333,12,7.847451430833,83.333333333333
140,华泰证券深圳彩田路证券营业部,13,0.343016484615,38.461538461539,11,0.178255445455,27.272727272727,11,-0.590064340909,36.363636363636,11,-3.656862068182,45.454545454546,11,-8.045845160909,27.272727272727
141,国泰海通证券深圳福田中心区华融大厦证券营业部,13,-1.652016716154,30.769230769231,13,-1.733200094615,38.461538461539,13,-0.991452864615,46.153846153846,12,1.6344524625,41.666666666667,12,8.418472355833,58.333333333333
142,华泰证券上海徐汇区龙启路证券营业部,13,-0.642044109231,38.461538461539,13,-2.078889283846,38.461538461539,12,-3.408214969167,41.666666666667,10,-1.296280663,60.0,10,-5.436585341,40.0
143,长江证券上海东明路证券营业部,13,-2.027557727692,46.153846153846,13,-2.074986892308,46.153846153846,13,-2.571393381538,46.153846153846,11,2.564951297273,63.636363636364,10,1.983327345,60.0
144,广发证券上海浦东新区东方路证券营业部,13,-1.017948386154,38.461538461539,13,0.492549740769,53.846153846154,13,1.169855793077,46.153846153846,13,4.598027393846,69.230769230769,12,9.067287056667,75.0
145,中信建投证券安徽分公司,13,-0.119525082308,53.846153846154,13,1.132216925385,46.153846153846,13,0.284658291538,46.153846153846,13,-2.292388896923,53.846153846154,13,-3.530167938462,46.153846153846
146,国泰海通证券上海浦东新区锦康路证券营业部,13,1.268264303077,38.461538461539,11,-1.116405752727,36.363636363636,10,-4.348791938,30.0,10,-6.515968425,10.0,8,-11.8981933525,12.5
147,华宝证券上海东大名路证券营业部,13,-0.085128731538,46.153846153846,13,0.21967576,46.153846153846,11,-3.721711466364,27.272727272727,11,-4.332631421818,36.363636363636,7,-5.059656474286,28.571428571429
148,联储证券上海松林路证券营业部,13,-0.139353686923,38.461538461539,13,-1.118883454615,38.461538461539,13,-0.761869695385,46.153846153846,13,1.175973181538,53.846153846154,12,-0.200738205833,33.333333333333
149,中信建投证券广州珠江新城证券营业部,13,0.015907513846,53.846153846154,13,2.015556384615,46.153846153846,13,6.083028626923,46.153846153846,13,8.166929200769,61.538461538462,13,6.471720616154,46.153846153846
150,中国中金财富证券广州天河路证券营业部,12,6.294831076667,75.0,12,8.671512985,58.333333333333,12,7.6471117675,58.333333333333,12,2.890522779167,58.333333333333,12,0.300026460833,41.666666666667
151,方正证券温岭安平东路证券营业部,12,-1.0065448925,33.333333333333,12,-0.964417600833,33.333333333333,12,-1.587989949167,25.0,11,-4.586397447273,27.272727272727,10,-15.035206984,40.0
152,中信证券西安朱雀大街证券营业部,12,0.130813949167,50.0,12,2.126341805,41.666666666667,12,1.6288476425,50.0,12,1.915169259167,50.0,12,2.507524265,41.666666666667
153,国金证券上海奉贤区金碧路证券营业部,12,-3.4289605025,41.666666666667,11,-1.412530421818,45.454545454546,10,1.492180571,50.0,9,1.541858448889,55.555555555556,8,-7.02270209125,25.0
154,国投证券深圳深南大道华侨城大厦证券营业部,12,-0.4138398375,50.0,12,-0.5523353725,50.0,12,-2.171676726667,33.333333333333,12,-5.142690914167,33.333333333333,10,-8.10017812,30.0
155,东方证券常熟李闸路证券营业部,12,-0.3024657425,33.333333333333,11,2.642808928182,63.636363636364,11,-2.486000327273,36.363636363636,10,-3.568410961,50.0,10,-5.912035137,30.0
156,开源证券徐州分公司,11,1.223050261818,54.545454545455,11,-0.510213093636,45.454545454546,11,2.269991712727,54.545454545455,9,8.29405498,66.666666666667,9,3.129571244444,55.555555555556
157,广发证券九江长虹大道证券营业部,11,-0.273533968182,54.545454545455,10,-1.533763134,40.0,10,-3.625694966,20.0,10,-8.208237274,10.0,10,-10.208898435,30.0
158,中国银河证券北京珠市口大街证券营业部,11,1.060766050909,45.454545454546,11,-0.957649659091,27.272727272727,11,-2.142487105455,27.272727272727,10,0.005874761,30.0,6,-6.088939796667,33.333333333333
159,招商证券北京建国路证券营业部,11,2.735670899091,63.636363636364,11,-0.780306483636,36.363636363636,11,-2.139460420909,36.363636363636,11,-1.051774635455,36.363636363636,9,-6.004029841111,22.222222222222
160,中信证券温岭万昌中路证券营业部,11,-1.664499347273,36.363636363636,10,-12.53383974,30.0,10,-12.641443433,30.0,10,-21.451163206,30.0,8,-34.17693179375,12.5
161,中信证券上海浦东新区东方路证券营业部,11,-1.678468718182,36.363636363636,11,-1.434807374545,36.363636363636,11,-2.677092971818,36.363636363636,11,-2.79356496,36.363636363636,9,-0.607943194444,22.222222222222
162,华泰证券岳阳岳阳大道证券营业部,11,0.527474980909,54.545454545455,11,0.495536805455,36.363636363636,11,2.177168134545,54.545454545455,11,2.528640479091,45.454545454546,10,-0.750865011,30.0
163,招商证券上海牡丹江路证券营业部,11,-15.857541068182,27.272727272727,11,-20.647735346364,45.454545454546,10,-25.889878074,40.0,10,-30.918118067,20.0,9,-40.523319853333,22.222222222222
164,东方证券上海松江区沪亭北路证券营业部,11,1.31772502,63.636363636364,11,1.819651663636,54.545454545455,11,1.346788310909,54.545454545455,11,1.203707323636,45.454545454546,10,-5.949837022,30.0
165,国泰海通证券上海静安区新闸路证券营业部,11,-3.246530754545,27.272727272727,11,-2.091525301818,36.363636363636,10,-8.854941202,30.0,5,-11.12965044,40.0,2,-14.67622626,0.0
166,华创证券北京西直门证券营业部,11,3.408368238182,63.636363636364,10,7.270749189,80.0,9,7.173621701111,55.555555555556,9,12.343752928889,66.666666666667,6,1.727318996667,66.666666666667
167,天风证券深圳分公司,11,-2.038564581818,36.363636363636,10,-3.886182517,40.0,9,-4.109854387778,44.444444444444,8,1.55350061,50.0,7,2.054874165714,42.857142857143
168,国泰海通证券广州珠江新城证券营业部,10,2.463449876,60.0,10,-0.706735056,40.0,10,-5.464847343,30.0,10,-6.356697792,40.0,9,-20.227370695556,11.111111111111
169,华泰证券上海黄浦区来福士广场证券营业部,10,1.429841829,60.0,10,4.540593084,70.0,10,4.530814412,60.0,9,6.312983397778,55.555555555556,9,-2.501702415556,44.444444444444
170,华泰证券上海黄浦区黄陂南路证券营业部,10,3.114223097,70.0,9,3.6216657,33.333333333333,9,3.958942547778,33.333333333333,8,5.9559884875,50.0,8,10.71747660625,50.0
171,民生证券郑州桐柏路证券营业部,10,-5.098494819,20.0,10,-2.152579725,50.0,10,-2.559715498,50.0,10,-0.244283548,40.0,10,-19.976912984,20.0
172,国信证券佛山分公司,10,-0.648148641,30.0,9,-0.099972191111,44.444444444444,8,-1.738594875,50.0,8,-3.384901935,12.5,3,-16.98084763,0.0
173,兴业证券武汉新华路证券营业部,10,-1.00279282,50.0,9,2.932705072222,55.555555555556,9,0.409351892222,22.222222222222,8,0.4504828125,62.5,6,7.108827041667,66.666666666667
174,东方证券深圳深南大道证券营业部,10,-1.810632591,30.0,10,-1.643112992,20.0,10,-4.086286993,30.0,10,-5.419005954,20.0,9,-4.058474768889,55.555555555556
175,中国中金财富证券上海徐汇区淮海中路证券营业部,10,0.121293233,40.0,9,3.569254901111,55.555555555556,8,9.22053095625,75.0,5,18.827849364,100.0,1,19.67213115,100.0
176,国投证券上海虹桥路证券营业部,10,-0.598165944,40.0,9,1.615193336667,55.555555555556,8,0.75659962,37.5,7,3.667366714286,28.571428571429,3,-20.234305886667,0.0
177,华泰证券江阴福泰路证券营业部,10,-0.430950932,50.0,10,-1.311338333,40.0,10,0.848773986,50.0,9,-3.161495843333,22.222222222222,9,-4.106122001111,44.444444444444
178,中信建投证券厦门杏东路证券营业部,10,-5.063200662,10.0,10,-6.946247984,10.0,9,-4.913882013333,22.222222222222,9,-1.683312228889,33.333333333333,7,10.136425318571,42.857142857143
179,中信建投证券北京望京证券营业部,10,1.901166781,70.0,10,-0.113372862,50.0,9,-4.072057201111,33.333333333333,7,-7.564801277143,28.571428571429,7,-20.13206886,28.571428571429
180,东海证券厦门嘉禾路证券营业部,10,0.506582229,40.0,10,-0.054011881,50.0,10,3.559318305,50.0,10,-0.828437826,10.0,9,-1.916390372222,33.333333333333
181,东方财富证券林芝广州大道证券营业部,10,-2.585203788,20.0,10,-5.055217054,20.0,10,-5.591136257,20.0,10,-8.757721463,30.0,9,-9.608874531111,33.333333333333
182,华鑫证券上海分公司,10,1.734429272,70.0,10,3.577556012,70.0,10,5.654994801,70.0,9,8.298474218889,66.666666666667,9,5.643598804444,44.444444444444
183,平安证券深圳金田路证券营业部,10,0.261829027,40.0,10,-2.319039104,40.0,10,-2.23613117,30.0,9,-6.548984988889,22.222222222222,7,-8.124791965714,0.0
184,中国中金财富证券南通如东青园北路证券营业部,10,2.707559932,60.0,9,-0.614180516667,55.555555555556,9,-4.84191333,33.333333333333,7,-4.176672458571,28.571428571429,6,-9.04271918,16.666666666667
185,长城证券前海分公司,10,-10.198730178,20.0,10,-11.440240684,20.0,10,-9.196346005,30.0,10,-6.588163426,50.0,7,-17.651793127143,28.571428571429
186,华源证券湖北分公司,10,3.293743628,70.0,10,1.333412283,50.0,10,1.521279303,50.0,9,3.095569086667,44.444444444444,9,0.879872292222,44.444444444444
187,长江证券安徽分公司,10,5.169612644,70.0,10,5.564903648,70.0,10,4.002441329,60.0,10,6.232621477,70.0,6,7.817834978333,66.666666666667
188,中国银河证券诸暨东旺路证券营业部,10,-4.490648322,40.0,10,-4.095352124,40.0,10,-2.639490152,50.0,10,-1.234601304,50.0,10,-4.431291438,40.0
189,华福证券上海浦东新区浦明路证券营业部,10,0.656217198,60.0,10,1.570570579,60.0,10,-1.817476664,40.0,10,-2.126183735,30.0,7,-2.914009008571,28.571428571429
190,国泰海通证券上海浦东新区海阳西路证券营业部,9,2.489129914444,77.777777777778,9,7.659900363333,77.777777777778,9,7.424183852222,77.777777777778,9,4.314974993333,66.666666666667,9,5.405607226667,66.666666666667
191,东海证券南京分公司,9,1.58189633,66.666666666667,9,3.801046527778,66.666666666667,9,5.034109801111,77.777777777778,8,1.969982005,50.0,7,1.535125197143,57.142857142857
192,联储证券杭州环城北路证券营业部,9,-0.503946374444,44.444444444444,9,0.688644907778,55.555555555556,9,2.980975024444,44.444444444444,9,-0.689945556667,44.444444444444,8,-3.74492566875,25.0
193,广发证券深圳后海证券营业部,9,0.063646193333,33.333333333333,8,-0.87707199125,25.0,8,-3.43290276375,37.5,8,-4.7330613275,37.5,7,-7.304994677143,14.285714285714
194,国泰海通证券昆明人民中路证券营业部,9,3.911121281111,66.666666666667,9,7.855867911111,77.777777777778,9,7.672063313333,55.555555555556,9,13.746563636667,55.555555555556,9,3.637424377778,44.444444444444
195,国泰海通证券深圳金田路证券营业部,9,-3.039968352222,11.111111111111,9,-0.769471545556,33.333333333333,9,-2.303659852222,22.222222222222,7,-4.750062127143,42.857142857143,7,-6.525975041429,28.571428571429
196,华鑫证券上海茅台路证券营业部,9,0.813681944444,44.444444444444,9,-1.179136916667,44.444444444444,9,-2.966076792222,33.333333333333,9,-4.888848774444,33.333333333333,7,-11.923273492857,14.285714285714
197,广发证券广西分公司,9,-1.853281854444,22.222222222222,7,-0.258233814286,28.571428571429,6,-1.67836416,16.666666666667,6,-1.86096837,33.333333333333,1,-5.88235294,0.0
198,国泰海通证券深圳分公司华富路证券营业部,9,0.352558933333,55.555555555556,9,4.81116248,88.888888888889,9,11.859565177778,88.888888888889,9,14.253641097778,77.777777777778,9,25.863288313333,88.888888888889
199,中国银河证券南京王府大街证券营业部,9,-1.108316967778,11.111111111111,9,-2.149988683333,11.111111111111,9,-6.531936782222,0.0,9,-11.001087501111,11.111111111111,5,-13.609483704,0.0
200,中信证券北京安外大街证券营业部,9,-1.194870045556,33.333333333333,9,-1.10963806,33.333333333333,8,0.0532969825,50.0,8,1.364001405,50.0,7,3.707635584286,57.142857142857
201,国信证券福州五一中路证券营业部,9,-4.246702804444,22.222222222222,9,-6.707541292222,33.333333333333,9,-6.53728542,33.333333333333,8,4.30675576625,62.5,6,2.009143401667,50.0
202,招商证券深圳红岭路证券营业部,9,0.002803502222,44.444444444444,9,1.56289028,44.444444444444,9,2.855729167778,44.444444444444,9,5.987289887778,44.444444444444,9,7.741268262222,44.444444444444
203,招商证券深圳南山南油大道证券营业部,9,-1.74357123,44.444444444444,9,-0.606386216667,44.444444444444,9,-3.160266994444,33.333333333333,8,-5.3543827375,25.0,8,-11.150712445,25.0
204,上海证券徐汇区高安路证券营业部,9,-0.909499185556,44.444444444444,9,-0.413228965556,44.444444444444,9,1.458489307778,33.333333333333,8,-0.07111495875,25.0,7,3.563097477143,57.142857142857
205,国泰海通证券上海长宁区天山路证券营业部,9,0.0500975,33.333333333333,9,3.702125946667,66.666666666667,8,-1.96354634125,12.5,8,-1.94768539,25.0,6,-2.671475161667,16.666666666667
206,国信证券厦门湖滨北路证券营业部,9,-1.167742075556,44.444444444444,9,-4.387865387778,22.222222222222,9,-5.228511182222,22.222222222222,8,-3.1757728725,25.0,7,-2.75693039,28.571428571429
207,国盛证券鹰潭胜利西路证券营业部,9,5.723079343333,44.444444444444,9,7.405720418889,66.666666666667,9,10.29017984,77.777777777778,9,9.173134375556,77.777777777778,9,15.237426848889,55.555555555556
208,中国银河证券青田临江东路证券营业部,9,2.838155827778,77.777777777778,9,4.660354108889,77.777777777778,9,3.14433523,55.555555555556,9,2.39275231,44.444444444444,7,-4.698779045714,28.571428571429
209,中国银河证券蚌埠东海大道证券营业部,9,3.215131606667,55.555555555556,9,5.316254067778,44.444444444444,9,8.632427414444,66.666666666667,9,6.619963973333,44.444444444444,9,11.499652094444,55.555555555556
210,华泰证券杭州学院路证券营业部,9,3.990446268889,77.777777777778,9,2.731230998889,55.555555555556,9,2.75487164,55.555555555556,8,4.8974755975,75.0,7,-1.085354635714,14.285714285714
211,首创证券长沙滨江路证券营业部,9,-6.195222623333,11.111111111111,9,-8.797459481111,22.222222222222,9,-10.256384692222,22.222222222222,9,-11.600982784444,33.333333333333,9,-12.975192887778,33.333333333333
212,中国银河证券庄河世纪大街证券营业部,9,3.959888188889,66.666666666667,9,5.084830536667,66.666666666667,9,0.744841011111,44.444444444444,8,0.15587209625,62.5,8,-4.187862225,50.0
213,中国银河证券威海统一路证券营业部,9,2.377562872222,55.555555555556,9,1.061164942222,55.555555555556,9,0.332785831111,44.444444444444,7,-0.086210328571,42.857142857143,7,-4.346930147143,28.571428571429
214,国金证券重庆江北嘴证券营业部,9,-0.665840155556,33.333333333333,9,-1.416221823333,44.444444444444,8,0.36905073125,50.0,7,-0.983071875714,57.142857142857,7,-3.961278965714,42.857142857143
215,长城证券西北分公司,9,1.385797055556,55.555555555556,9,2.672313103333,66.666666666667,9,-4.20993668,33.333333333333,8,-3.58875060875,12.5,8,-12.339382725,12.5
216,国投证券梅州分公司,9,-2.673794412222,33.333333333333,9,-2.007991443333,44.444444444444,9,-1.018000568889,22.222222222222,9,-4.330896208889,33.333333333333,8,-7.902641635,37.5
217,东方证券泉州津淮街证券营业部,9,1.332260478889,66.666666666667,9,0.974497174444,44.444444444444,9,0.635377607778,22.222222222222,9,4.635019953333,44.444444444444,3,1.67138012,66.666666666667
218,浙商证券哈尔滨分公司,9,0.02797995,55.555555555556,9,1.74246122,44.444444444444,9,1.19541345,44.444444444444,9,3.732962154444,55.555555555556,9,2.269175141111,33.333333333333
219,东方财富证券拉萨江苏东路证券营业部,9,-2.883141438889,33.333333333333,9,-1.890751453333,55.555555555556,7,-1.105401262857,57.142857142857,6,0.916528823333,50.0,5,-8.166613764,20.0
220,东方证券张家港东环路证券营业部,9,-2.820467645556,44.444444444444,9,-2.209820684444,44.444444444444,9,-0.225157117778,33.333333333333,9,0.314601012222,22.222222222222,9,-4.76217642,33.333333333333
221,中信建投证券北京鸿翼分公司,8,-12.04772813375,12.5,8,-14.57526164125,12.5,8,-13.5863091275,12.5,8,-15.80490889125,12.5,8,-16.4855288875,25.0
222,德邦证券宜昌沿江大道证券营业部,8,2.43611612,50.0,8,4.54710984375,75.0,8,6.6474738925,50.0,7,-0.642930967143,57.142857142857,7,2.558726025714,71.428571428571
223,国金证券上海浦东新区云鹃北路证券营业部,8,2.73435551375,62.5,8,4.19765886,75.0,8,5.59041913875,62.5,8,4.7011369125,37.5,4,4.8782597625,75.0
224,联储证券杭州西湖桃源岭证券营业部,8,2.74565266125,75.0,8,3.54551571875,50.0,8,7.5834400625,50.0,8,17.4968338625,62.5,8,15.14157494875,62.5
225,中泰证券北京中关村大街证券营业部,8,-3.21417221875,12.5,8,-3.529182655,25.0,8,-3.15291985625,37.5,8,-3.25841492375,37.5,6,-3.415016923333,16.666666666667
226,中国银河证券北京安贞门证券营业部,8,-1.6834144025,37.5,8,-1.9935736225,37.5,8,-3.71946374,25.0,7,-1.983757661429,28.571428571429,6,-2.41895999,33.333333333333
227,东北证券长春卫星路证券营业部,8,1.67700680625,62.5,8,-1.35764668875,50.0,8,-2.7471133925,50.0,8,-2.93544269125,37.5,7,1.66440679,42.857142857143
228,国泰海通证券哈尔滨兴江路证券营业部,8,-2.75363362125,25.0,7,-3.690031101429,42.857142857143,7,-3.773873185714,28.571428571429,7,-5.116160527143,28.571428571429,4,-7.7483660125,0.0
229,申万宏源证券南通分公司,8,1.66458911,50.0,7,-0.538802917143,28.571428571429,7,2.688787064286,42.857142857143,6,-1.681071,50.0,4,0.5055915075,50.0
230,国元证券上海虹桥路证券营业部,8,0.7440040425,50.0,8,-2.34488917125,25.0,8,-2.8914963625,25.0,8,-2.89561505,62.5,7,-5.732617302857,42.857142857143
231,中国银河证券厦门湖滨中路证券营业部,8,-3.684568195,25.0,8,-3.542819195,25.0,8,-3.51901900625,37.5,7,-9.305012171429,14.285714285714,7,-6.48492194,42.857142857143
232,中国银河证券北京金融街证券营业部,8,-0.52049287875,37.5,8,-2.4789687575,25.0,8,-2.93289373375,25.0,8,-0.5825520275,50.0,8,1.21302609,50.0
233,金融街证券上海第一分公司,8,10.12634733,100.0,8,6.42919143375,62.5,8,4.21710910625,50.0,8,2.6690251975,62.5,8,-2.82502783375,62.5
234,国泰海通证券深圳分公司,8,1.82172459125,75.0,7,3.200472155714,57.142857142857,7,2.675818871429,57.142857142857,7,3.126929208571,57.142857142857,5,-8.819616048,20.0
235,华鑫证券上海莲花路证券营业部,8,-0.7205725675,37.5,8,-3.22979896875,25.0,8,-1.78114447125,25.0,8,1.16540865625,25.0,8,1.9267475175,37.5
236,中国中金财富证券湖南分公司,8,3.02725644625,62.5,8,5.6786246575,62.5,8,3.47391881375,50.0,8,5.63141861625,62.5,7,0.93410551,71.428571428571
237,广发证券西安南广济街证券营业部,8,3.615534045,62.5,8,4.97766491,62.5,8,5.88455477,62.5,8,3.8790216875,62.5,7,0.841067607143,42.857142857143
238,华泰证券天津白堤路证券营业部,8,-1.662540075,25.0,7,-2.250222047143,28.571428571429,6,-2.34572874,33.333333333333,4,0.79317184,50.0,4,-2.254736685,50.0
239,国投证券北京复兴门外大街证券营业部,8,0.94544620625,50.0,8,-2.8272120825,25.0,8,-2.4185696725,37.5,6,-6.975740983333,16.666666666667,6,-6.321138766667,16.666666666667
240,广发证券武汉纺织路证券营业部,8,-1.67177287625,25.0,7,-2.610877685714,14.285714285714,7,0.061858077143,28.571428571429,5,11.20751634,40.0,1,11.11111111,100.0
241,招商证券深圳科技园高新南一道证券营业部,8,-2.72785355,25.0,8,-4.241612475,25.0,8,-7.91677364,12.5,8,-6.82463065,25.0,6,-6.063573673333,33.333333333333
242,平安证券广东分公司,8,-4.8372734725,25.0,8,-3.9183404725,25.0,8,-1.97343579375,50.0,8,2.96583316375,50.0,8,4.18485894625,62.5
243,东海证券泉州丰泽街证券营业部,8,1.756115315,87.5,8,1.9478455375,62.5,8,1.1186720225,50.0,8,2.25017606375,50.0,8,2.38822873375,62.5
244,中国银河证券南京大明路证券营业部,8,-0.0155179325,62.5,7,0.499062232857,42.857142857143,6,-2.271036856667,33.333333333333,5,-2.735388362,60.0,2,-6.03091165,50.0
245,东方证券重庆金州大道证券营业部,8,2.15291236125,37.5,8,-2.43929384625,25.0,7,-4.31404623,28.571428571429,7,-1.75545884,28.571428571429,7,-10.89682637,0.0
246,财达证券湖南分公司,8,2.10352583125,50.0,8,1.1263746375,37.5,8,-3.75128524875,25.0,8,-5.62050122875,12.5,8,-7.395928235,37.5
247,国信证券福建分公司,8,-0.1346280575,50.0,8,-4.458526435,50.0,8,-7.4206022375,50.0,8,-6.44379733,37.5,6,-11.49333423,33.333333333333
248,财信证券杭州庆春路证券营业部,8,-1.98533117,37.5,8,-3.67635074125,25.0,8,-4.470731025,25.0,8,-10.544403365,25.0,5,-25.248981532,0.0
249,东吴证券苏州相城区珍珠湖路证券营业部,8,-0.951886915,50.0,8,-2.15932786875,25.0,8,-4.65234427375,25.0,8,-1.456989045,50.0,8,3.18565915875,75.0
250,平安证券福州长乐北路证券营业部,8,-0.91693226125,25.0,8,-4.717238645,50.0,8,-6.0261498575,25.0,8,-11.285882165,0.0,7,-6.660294395714,28.571428571429
251,兴业证券深圳分公司,8,3.49201655375,62.5,8,-5.81286641375,62.5,8,-8.11230166125,62.5,8,-16.89507366375,50.0,8,-17.93565811625,50.0
252,东莞证券北京分公司,8,-0.40347822625,37.5,8,0.97979023125,37.5,8,3.24140189625,50.0,7,4.06030942,42.857142857143,6,11.352358141667,33.333333333333
253,国联民生证券上海分公司,8,1.1280448725,50.0,7,1.706017542857,42.857142857143,7,3.624639702857,42.857142857143,7,7.739641118571,42.857142857143,7,5.859762331429,42.857142857143
254,招商证券南充滨江中路证券营业部,8,2.20810469125,62.5,8,-0.414866455,37.5,7,0.280988437143,57.142857142857,6,4.9056248,100.0,4,6.13124828,100.0
255,平安证券深圳香蜜湖证券营业部,8,-2.09608527125,50.0,8,-2.7094299675,25.0,8,-3.65012035375,25.0,8,-15.6960782375,50.0,5,-36.199340308,40.0
256,国泰海通证券揭阳黄岐山大道证券营业部,8,1.611313745,37.5,8,-0.0228552275,37.5,8,1.05964288875,37.5,7,1.453023648571,57.142857142857,7,1.06745605,42.857142857143
257,天风证券浙江分公司,8,0.6382673925,50.0,8,4.1399361775,62.5,8,7.657568085,62.5,7,9.085409142857,71.428571428571,6,5.009352503333,50.0
258,东吴证券宁波前河南路证券营业部,8,4.2071340775,75.0,8,4.95326958625,62.5,8,6.95776551875,75.0,8,9.5092064275,75.0,8,2.6551299475,50.0
259,天风证券上海浦东分公司,8,0.97536534125,50.0,8,3.00064884375,75.0,8,0.32891769125,50.0,8,-2.39951925875,62.5,7,-1.449012014286,28.571428571429
260,甬兴证券苏州分公司,7,0.209933821429,42.857142857143,7,-3.337219777143,28.571428571429,7,-1.362689854286,42.857142857143,7,-4.187627952857,28.571428571429,4,-5.830412655,25.0
261,东亚前海证券四川分公司,7,4.296233805714,85.714285714286,7,8.440900904286,71.428571428571,7,9.337377335714,71.428571428571,7,5.675936881429,71.428571428571,5,0.402652992,60.0
262,国联民生证券宁波分公司,7,3.796723645714,57.142857142857,7,5.870376951429,42.857142857143,7,8.179735651429,71.428571428571,7,6.671208657143,57.142857142857,7,13.361277952857,71.428571428571
263,国联民生证券宁波财神殿南路证券营业部,7,0.701750904286,42.857142857143,6,1.445995876667,50.0,5,-2.83817563,40.0,4,-6.045847855,50.0,2,-13.91207384,0.0
264,中国银河证券绍兴鲁迅中路证券营业部,7,-1.209290384286,42.857142857143,7,-3.601370482857,28.571428571429,7,-6.770841304286,42.857142857143,7,-9.026201218571,14.285714285714,7,-5.626497707143,28.571428571429
265,中国银河证券上海静安区安业路证券营业部,7,-0.743288642857,42.857142857143,7,0.458756838571,42.857142857143,7,-1.12962829,28.571428571429,7,0.669012435714,42.857142857143,6,0.845609251667,50.0
266,中国银河证券上海杨浦区靖宇东路证券营业部,7,1.058861307143,57.142857142857,7,-0.172151564286,42.857142857143,7,-0.399578445714,42.857142857143,7,-3.427297118571,28.571428571429,7,-7.693774781429,14.285714285714
267,国泰海通证券重庆中山三路证券营业部,7,1.676636782857,42.857142857143,7,0.087916452857,28.571428571429,7,-1.02620637,28.571428571429,7,-1.063727305714,28.571428571429,6,5.604063463333,66.666666666667
268,长城证券长沙五一中路证券营业部,7,0.978817424286,42.857142857143,7,-0.394741898571,42.857142857143,7,2.934176582857,57.142857142857,7,8.195496855714,57.142857142857,7,16.489313174286,71.428571428571
269,中国银河证券总部,7,-6.242248804286,0.0,7,-7.403508378571,14.285714285714,7,-9.79594802,14.285714285714,7,-9.400208325714,14.285714285714,7,-9.848534645714,28.571428571429
270,华鑫证券上海东大名路证券营业部,7,-0.769334801429,42.857142857143,7,-1.312267441429,42.857142857143,6,-1.952777298333,33.333333333333,6,-7.294180348333,16.666666666667,4,-10.0777538225,0.0
271,申万宏源证券上海黄浦区中山南一路证券营业部,7,-2.885274401429,42.857142857143,7,0.143770868571,28.571428571429,7,1.242493764286,28.571428571429,7,-2.983199451429,28.571428571429,7,0.977957085714,28.571428571429
272,中信建投证券北京海淀分公司,7,-0.848317688571,57.142857142857,7,1.446742905714,57.142857142857,6,5.00420796,66.666666666667,6,3.075672456667,50.0,5,10.116713318,60.0
273,华泰证券绍兴府山证券营业部,7,0.045051197143,57.142857142857,7,-5.0832096,14.285714285714,7,-7.580321231429,14.285714285714,7,-10.688544404286,14.285714285714,7,-8.104882797143,42.857142857143
274,国信证券上海分公司,7,-0.553927961429,14.285714285714,7,-0.210352464286,28.571428571429,7,-0.248113168571,28.571428571429,6,-0.364309148333,50.0,4,-7.3432240525,25.0
275,国信证券成都二环路证券营业部,7,-3.569510001429,14.285714285714,6,-2.102951138333,16.666666666667,6,-3.257282918333,33.333333333333,6,-8.037485683333,33.333333333333,5,-9.25187845,20.0
276,招商证券深圳建安路证券营业部,7,0.392140627143,71.428571428571,5,1.970902672,80.0,5,3.222356348,60.0,5,1.500859448,60.0,5,-4.712144832,20.0
277,申万宏源证券深圳彩田路证券营业部,7,1.415927565714,57.142857142857,7,3.438814337143,71.428571428571,7,3.861803784286,57.142857142857,7,7.573323568571,71.428571428571,5,14.719397206,80.0
278,中国中金财富证券中山博爱五路证券营业部,7,-2.57802201,28.571428571429,6,-4.314350925,16.666666666667,6,-7.481543005,33.333333333333,5,-10.595979334,20.0,3,-13.30234316,0.0
279,万联证券内江兰桂大道证券营业部,7,2.073470827143,57.142857142857,7,3.973365454286,71.428571428571,6,7.659917635,83.333333333333,5,6.407257992,60.0,2,2.02294686,50.0
280,中信建投证券烟台南大街证券营业部,7,0.283832245714,42.857142857143,7,1.353827718571,42.857142857143,7,-0.169510564286,28.571428571429,7,1.688830601429,57.142857142857,6,3.923613458333,33.333333333333
281,华泰证券杭州解放东路证券营业部,7,-1.253945304286,57.142857142857,7,-6.506266901429,28.571428571429,7,-7.139749921429,14.285714285714,7,-7.117768665714,42.857142857143,6,-11.009321375,33.333333333333
282,国泰海通证券杭州延安路证券营业部,7,-1.048827792857,42.857142857143,7,-0.835340851429,28.571428571429,7,-2.220632118571,28.571428571429,7,-3.888452547143,28.571428571429,7,-2.249306285714,57.142857142857
283,国金证券成都武成大街证券营业部,7,-0.294764237143,57.142857142857,7,-0.862807848571,28.571428571429,7,-0.23613794,28.571428571429,7,0.74913122,42.857142857143,5,7.404305566,40.0
284,东北证券宁波甬江大道证券营业部,7,-1.183264821429,42.857142857143,7,-6.407832487143,14.285714285714,7,-7.964032935714,28.571428571429,6,-13.124397945,16.666666666667,4,-16.919496795,25.0
285,中信证券杭州环城北路证券营业部,7,-0.146902772857,28.571428571429,5,-2.78571135,20.0,4,-7.019613265,25.0,2,-14.640437725,0.0,2,5.700704635,100.0
286,国泰海通证券深圳龙华壹成中心证券营业部,7,-2.536528461429,42.857142857143,7,-2.047124978571,28.571428571429,7,-1.917117284286,57.142857142857,7,-3.367505947143,42.857142857143,7,-8.932737262857,14.285714285714
287,国新证券长沙韶山路证券营业部,7,2.704672105714,71.428571428571,7,0.552306035714,71.428571428571,6,1.188848943333,66.666666666667,6,1.34606778,50.0,6,-2.315521495,50.0
288,华泰证券姜堰东大街证券营业部,7,-0.988865292857,57.142857142857,7,1.608304567143,57.142857142857,6,3.532032168333,50.0,5,2.852923274,60.0,4,1.37859232,50.0
289,浙商证券宁波四明中路证券营业部,7,-4.082582198571,28.571428571429,6,-5.221415005,16.666666666667,6,-7.416547958333,16.666666666667,5,-6.219433198,20.0,4,2.70625281,25.0
290,华西证券成都东大路证券营业部,7,-2.608659817143,28.571428571429,6,-3.74068872,16.666666666667,6,-3.71402968,33.333333333333,6,0.817918443333,33.333333333333,6,-2.063871368333,33.333333333333
291,华泰证券成都蜀金路证券营业部,7,-16.078622554286,14.285714285714,7,-20.806400181429,14.285714285714,5,-20.772361562,40.0,5,-23.17507354,20.0,5,-29.83464765,0.0
292,国海证券上海世纪大道证券营业部,7,4.326976018571,85.714285714286,7,1.449852037143,85.714285714286,7,2.122340572857,71.428571428571,7,10.042521677143,71.428571428571,6,7.042472511667,50.0
293,平安证券金华李渔路证券营业部,7,4.931103667143,71.428571428571,7,1.349137185714,57.142857142857,7,-1.568747077143,42.857142857143,7,-3.401115397143,28.571428571429,6,-7.683180403333,0.0
294,华泰证券厦门厦禾路证券营业部,7,-1.881564347143,28.571428571429,7,-0.634183198571,42.857142857143,7,-4.196265441429,42.857142857143,7,-0.559997565714,42.857142857143,6,-7.107670118333,16.666666666667
295,中国中金财富证券北京望京启阳路证券营业部,7,-3.904443774286,28.571428571429,7,-6.614516885714,14.285714285714,7,-7.170535832857,28.571428571429,6,-6.277079183333,50.0,4,-5.336964725,25.0
296,申万宏源证券上海第二分公司,7,2.387167797143,42.857142857143,7,1.273381151429,57.142857142857,7,-3.322270201429,14.285714285714,7,-10.93692003,14.285714285714,5,-13.899751242,20.0
297,湘财证券上海陆家嘴证券营业部,7,-3.220599914286,28.571428571429,7,-8.058763598571,14.285714285714,7,-7.924033668571,14.285714285714,6,-9.10988589,16.666666666667,5,-4.747516642,20.0
298,中航证券广州天河北路证券营业部,7,-2.899659048571,28.571428571429,6,-5.113962526667,16.666666666667,6,-1.96379265,16.666666666667,6,-3.351158663333,16.666666666667,6,-17.957497665,16.666666666667
299,中国银河证券沈阳文化路证券营业部,7,-4.500571521429,28.571428571429,7,-6.916787421429,28.571428571429,7,-10.555301208571,14.285714285714,6,-6.950621556667,16.666666666667,6,-1.638120156667,33.333333333333
300,东吴证券苏州永昌泾大道证券营业部,7,3.141930437143,57.142857142857,7,2.854491481429,42.857142857143,7,2.620313525714,42.857142857143,7,-3.268065342857,42.857142857143,7,-6.660492695714,28.571428571429
301,国联民生证券北京分公司,7,0.39511326,42.857142857143,7,2.019155791429,57.142857142857,7,2.444398498571,57.142857142857,7,4.500518898571,42.857142857143,7,5.715305712857,71.428571428571
302,方正证券杭州萧山金城路证券营业部,7,0.021498405714,28.571428571429,7,1.675037014286,42.857142857143,6,1.43696328,50.0,4,-0.711237555,25.0,0,0.0,0.0
303,国投证券连云港郁州北路证券营业部,7,-2.562250782857,42.857142857143,7,-1.88617525,42.857142857143,7,-3.524253225714,28.571428571429,7,-5.325375915714,28.571428571429,5,-4.731611984,40.0
304,国投证券西安曲江池南路证券营业部,7,-4.577394217143,28.571428571429,7,-0.287237545714,42.857142857143,7,0.948178237143,57.142857142857,7,2.167328055714,42.857142857143,7,1.615542497143,42.857142857143
305,联储证券浙江分公司,7,2.40537535,57.142857142857,7,1.739108931429,57.142857142857,7,4.695806161429,71.428571428571,7,2.839073035714,71.428571428571,7,1.228435607143,57.142857142857
306,山西证券浙江分公司,7,1.52426424,57.142857142857,7,3.055575595714,57.142857142857,7,3.58049704,57.142857142857,7,2.600438864286,71.428571428571,6,4.566736035,66.666666666667
307,中国银河证券北京广安门证券营业部,7,-2.534518907143,28.571428571429,7,-4.665371665714,28.571428571429,7,-4.954072602857,28.571428571429,7,-2.54892712,28.571428571429,6,-6.4526975,16.666666666667
308,华鑫证券南京清凉门大街证券营业部,7,-2.283606911429,28.571428571429,7,-4.723876618571,14.285714285714,7,-9.346359471429,0.0,6,-11.337315393333,16.666666666667,4,-12.2438779825,25.0
309,东吴证券嘉兴中山西路证券营业部,6,2.146788073333,83.333333333333,5,-0.053067894,60.0,5,-4.432659604,40.0,5,-8.52758547,40.0,3,17.165316686667,100.0
310,国泰海通证券合肥创新大道证券营业部,6,3.885382648333,66.666666666667,6,8.467645338333,66.666666666667,6,14.146622148333,66.666666666667,6,22.303356485,83.333333333333,6,3.336527881667,50.0
311,广发证券南京泰山路证券营业部,6,0.63116381,33.333333333333,5,3.362220014,40.0,5,5.354116338,60.0,4,5.11795356,75.0,3,-2.632668996667,33.333333333333
312,广发证券成都天府大道北段证券营业部,6,1.47830547,50.0,6,0.537320823333,50.0,6,-0.854482896667,50.0,6,-1.967026198333,33.333333333333,6,-4.748135148333,16.666666666667
313,华泰证券上海浦东新区滨江大道证券营业部,6,2.171005495,66.666666666667,6,7.276103176667,66.666666666667,6,5.806301453333,83.333333333333,6,2.444048548333,66.666666666667,6,3.177101516667,50.0
314,中国银河证券杭州建国北路证券营业部,6,-1.8070228,50.0,6,-0.692523615,50.0,6,2.179892443333,50.0,6,0.592940773333,50.0,5,-4.5974965,60.0
315,东方证券上海浦东新区源深路证券营业部,6,-3.001914943333,33.333333333333,6,-5.552663815,16.666666666667,6,-5.738390501667,16.666666666667,6,-6.55112991,0.0,4,4.3393459225,75.0
316,广发证券广州天河北路证券营业部,6,1.521896395,50.0,6,-1.532177411667,33.333333333333,6,-6.016392715,16.666666666667,6,-6.520505868333,16.666666666667,6,-6.701297708333,33.333333333333
317,国泰海通证券北京中关村南大街证券营业部,6,1.131389975,50.0,6,1.510437008333,50.0,6,-0.217799701667,50.0,6,-0.01577589,50.0,6,11.345556308333,66.666666666667
318,国泰海通证券深圳人民南路证券营业部,6,1.66125956,50.0,6,1.082970275,66.666666666667,6,0.209312671667,50.0,6,1.115162566667,50.0,6,-3.127242975,33.333333333333
319,华鑫证券西安解放路证券营业部,6,-0.078115455,50.0,6,2.9492712,33.333333333333,6,1.13517342,33.333333333333,6,2.654552223333,33.333333333333,6,-1.02155121,16.666666666667
320,广发证券上海玉兰路证券营业部,6,0.25548946,50.0,6,-0.953170943333,50.0,6,-1.564283756667,33.333333333333,6,-4.64448231,16.666666666667,5,-7.361512234,20.0
321,国泰海通证券杭州富春路证券营业部,6,-2.50711498,33.333333333333,6,-0.170490851667,50.0,5,0.54837961,40.0,5,0.569815352,40.0,4,-3.38951254,50.0
322,东吴证券苏州石路证券营业部,6,3.609650468333,33.333333333333,6,2.469995993333,33.333333333333,6,1.200091581667,33.333333333333,5,9.529911024,100.0,5,18.538503394,100.0
323,中国中金财富证券深圳益田路证券营业部,6,2.54333445,66.666666666667,6,6.494148693333,66.666666666667,6,10.82092138,83.333333333333,6,7.638063586667,83.333333333333,5,11.963847606,80.0
324,华鑫证券深圳分公司,6,-2.942552271667,16.666666666667,6,-4.800350436667,16.666666666667,6,-4.190963611667,16.666666666667,5,-8.014388926,0.0,5,-7.59497376,0.0
325,中国银河证券大连黄河路证券营业部,6,0.117361146667,50.0,6,-0.603759061667,66.666666666667,6,3.912753981667,50.0,5,12.325825186,80.0,5,20.96532104,100.0
326,中信证券苏州分公司,6,6.145896836667,83.333333333333,6,9.165637338333,50.0,6,5.774226085,50.0,5,7.051896232,60.0,4,17.3307228175,50.0
327,中信证券四川分公司,6,0.01414983,50.0,6,2.152931141667,66.666666666667,6,8.930502421667,66.666666666667,5,9.603770412,80.0,5,1.729358192,60.0
328,国信证券广州东风中路证券营业部,6,-2.254959493333,16.666666666667,6,-2.074239936667,16.666666666667,6,3.430814681667,33.333333333333,6,5.332980443333,16.666666666667,6,-3.28498551,16.666666666667
329,国盛证券上海徐汇区虹桥路证券营业部,6,1.616984998333,33.333333333333,6,-0.083409413333,33.333333333333,6,-1.86623401,33.333333333333,6,-8.537834381667,0.0,1,-5.55555556,0.0
330,兴业证券福州工业路证券营业部,6,1.940093808333,66.666666666667,6,6.632634561667,66.666666666667,5,13.5470309,60.0,4,24.459671805,100.0,4,22.952618815,75.0
331,中信证券上海黄浦区淮海中路证券营业部,6,-14.746258593333,16.666666666667,6,-17.305335973333,33.333333333333,6,-17.499033235,16.666666666667,5,-26.536521564,0.0,2,-52.096273295,0.0
332,财通证券杭州丽水路证券营业部,6,4.341697803333,83.333333333333,6,4.864216855,50.0,6,5.761781686667,66.666666666667,6,8.673705616667,83.333333333333,6,25.736561266667,83.333333333333
333,东方证券杭州龙井路证券营业部,6,0.875222958333,33.333333333333,6,-5.045800648333,16.666666666667,6,-6.265073365,33.333333333333,6,-3.494546741667,33.333333333333,6,0.862298806667,33.333333333333
334,中泰证券厦门厦禾路证券营业部,6,-1.77152508,33.333333333333,6,-2.476168343333,16.666666666667,6,-3.491086848333,33.333333333333,6,-19.132090683333,33.333333333333,6,-21.477214663333,16.666666666667
335,申万宏源证券扬州分公司,6,1.114185768333,83.333333333333,6,-1.4299524,33.333333333333,6,-2.058021166667,33.333333333333,6,-4.33133161,33.333333333333,5,4.28848442,60.0
336,招商证券深圳深南大道车公庙证券营业部,6,-3.79867818,33.333333333333,6,-7.002979113333,16.666666666667,6,-9.071174868333,16.666666666667,6,-14.455867785,16.666666666667,6,-12.74675374,16.666666666667
337,东吴证券苏州相城采莲路证券营业部,6,1.99986797,50.0,6,-0.167292208333,33.333333333333,6,-0.872352518333,33.333333333333,6,-6.560464995,33.333333333333,6,-10.88845636,16.666666666667
338,中国银河证券广州粤海金融中心证券营业部,6,-0.914364353333,33.333333333333,6,-2.695349236667,33.333333333333,6,-6.97580885,16.666666666667,6,-7.168525748333,16.666666666667,5,-5.760778868,60.0
339,国投证券广州海珠广场证券营业部,6,-14.983442095,0.0,6,-27.220294888333,0.0,6,-46.07970966,0.0,6,-47.071403935,0.0,6,-67.05590537,0.0
340,平安证券银川凤凰北街证券营业部,6,0.596407656667,50.0,6,-1.888869038333,16.666666666667,6,-1.165354446667,33.333333333333,6,0.079586293333,50.0,4,-1.68268596,50.0
341,招商证券福州六一中路证券营业部,6,-8.69364234,0.0,6,-11.897937828333,0.0,5,-15.628313686,0.0,5,-18.67064234,20.0,3,-20.549076146667,0.0
342,平安证券芜湖黄山中路证券营业部,6,-10.469671568333,16.666666666667,6,-17.8525323,16.666666666667,6,-23.37988015,16.666666666667,6,-22.482487583333,33.333333333333,4,-49.9849641425,0.0
343,华泰证券泰州分公司,6,-2.325406558333,0.0,6,-2.55973162,33.333333333333,5,-3.646888998,20.0,4,-9.6973851825,25.0,2,-16.281839835,0.0
344,方正证券慈溪人和路证券营业部,6,2.817105806667,83.333333333333,6,-2.348163928333,50.0,6,-1.14541846,66.666666666667,6,1.412960451667,50.0,5,3.86271218,80.0
345,国泰海通证券深圳高新园证券营业部,6,0.151279885,50.0,6,2.909866736667,50.0,5,-2.212057388,40.0,4,-0.963465875,75.0,2,-2.696811235,50.0
346,中信建投证券厦门分公司,6,1.256812936667,83.333333333333,6,-3.269420466667,33.333333333333,6,-3.036579503333,33.333333333333,6,-9.01340503,0.0,6,3.186315336667,66.666666666667
347,平安证券四川分公司,6,-3.75224542,16.666666666667,5,-8.07223555,0.0,5,-9.092439294,0.0,5,-11.487505326,0.0,4,-13.1733053175,0.0
348,华泰证券武汉新华路证券营业部,6,5.93010934,66.666666666667,6,10.949162846667,83.333333333333,6,12.630732788333,66.666666666667,6,10.998757151667,50.0,6,7.739548441667,33.333333333333
349,华鑫证券深圳益田路证券营业部,6,0.176671448333,50.0,6,-3.192163046667,16.666666666667,6,-5.678477793333,16.666666666667,5,-4.71517084,40.0,5,-8.577099782,40.0
350,国投证券柳州晨华路证券营业部,6,-2.884342165,33.333333333333,6,1.483378075,66.666666666667,6,-1.539132246667,33.333333333333,6,-4.759654018333,33.333333333333,5,-10.279047408,20.0
351,民生证券上海自贸试验区分公司,6,11.398740461667,83.333333333333,6,19.727873635,83.333333333333,6,17.266276336667,100.0,6,24.517763701667,66.666666666667,6,31.462752488333,66.666666666667
352,上海证券苏南分公司,6,-6.20541644,16.666666666667,6,-4.470083411667,33.333333333333,6,-6.71632937,33.333333333333,6,-1.388398053333,33.333333333333,6,-10.28965624,16.666666666667
353,国投证券上海四平路证券营业部,6,0.416299521667,33.333333333333,6,0.613698,50.0,6,1.391093126667,33.333333333333,6,-0.330601438333,50.0,6,3.659647378333,50.0
354,国泰海通证券成都龙腾东路证券营业部,6,-12.289829528333,33.333333333333,6,-13.238156596667,33.333333333333,6,-10.613985658333,50.0,6,-11.258472711667,50.0,5,-0.692474754,40.0
355,中信证券北京建国门证券营业部,6,-1.937693585,33.333333333333,6,-3.412872393333,16.666666666667,6,-1.17651734,33.333333333333,4,0.5481483625,25.0,4,7.067990695,25.0
356,银泰证券淄博华光路证券营业部,6,5.793091563333,50.0,6,8.173247211667,66.666666666667,6,3.452034776667,50.0,6,-5.395749061667,33.333333333333,6,-12.862044701667,16.666666666667
357,江海证券哈尔滨世茂大道证券营业部,6,6.957919186667,83.333333333333,6,15.764302408333,83.333333333333,6,27.859780338333,100.0,6,40.880631021667,83.333333333333,5,26.112733324,60.0
358,中信建投证券北京中关村东路证券营业部,6,-1.986314103333,50.0,6,-0.219663075,50.0,5,-4.622953674,40.0,3,-1.182595893333,66.666666666667,2,-16.95024097,0.0
359,中信建投证券厦门环城西路证券营业部,6,-0.916801065,33.333333333333,6,-1.633138103333,50.0,5,1.960784312,40.0,3,21.487706193333,66.666666666667,1,11.76470588,100.0
360,国泰海通证券上海普陀区大渡河路证券营业部,6,1.544404873333,66.666666666667,5,-0.170376598,40.0,5,1.37000533,60.0,4,-1.833216555,50.0,4,-1.705674015,25.0
361,上海证券上海分公司,6,3.126881125,66.666666666667,6,4.15307215,66.666666666667,6,2.18742101,66.666666666667,6,3.272766716667,50.0,6,-5.394092545,16.666666666667
362,华福证券深圳分公司,6,2.999464678333,66.666666666667,6,0.118880056667,33.333333333333,6,2.8320972,50.0,6,5.892059935,50.0,6,1.306617581667,50.0
363,中国银河证券深圳南山海岸城证券营业部,6,0.06384817,66.666666666667,6,2.135228915,50.0,6,2.189810535,50.0,6,9.981627758333,66.666666666667,6,23.839663771667,83.333333333333
364,广发证券深圳东滨路证券营业部,5,-12.418292848,0.0,5,-16.14212125,0.0,5,-23.569184286,0.0,3,-13.39668073,0.0,3,-11.56866305,0.0
365,中邮证券云南分公司,5,0.788122606,60.0,5,2.148544292,60.0,5,-0.671909956,60.0,5,1.85721616,40.0,4,3.989047995,25.0
366,华鑫证券无锡人民中路证券营业部,5,4.865514934,80.0,5,11.427308544,80.0,5,11.82838062,80.0,5,20.528134824,80.0,3,9.259368173333,66.666666666667
367,广发证券深圳福华一路证券营业部,5,2.773346258,60.0,5,1.755995294,40.0,5,1.288841474,60.0,5,1.205835018,40.0,5,-5.87450714,40.0
368,财通证券上海分公司,5,-1.987621494,40.0,5,-3.941594314,40.0,5,-6.246855826,20.0,4,-1.05786673,25.0,1,-8.90469417,0.0
369,平安证券扬州新城河南路证券营业部,5,1.7688821,40.0,5,3.37030467,60.0,5,9.24825696,60.0,5,8.83324917,60.0,3,-7.189542483333,33.333333333333
370,东亚前海证券上海临港新片区分公司,5,2.195922188,60.0,5,7.247892382,80.0,5,4.208094846,80.0,5,11.936677702,60.0,4,14.21644502,50.0
371,国泰海通证券东莞总部一路证券营业部,5,3.217527506,80.0,5,0.772672512,40.0,5,0.655869216,40.0,5,4.54342991,60.0,4,14.6720667925,50.0
372,国联民生证券慈溪影清路证券营业部,5,4.123192694,60.0,5,2.764712416,40.0,5,1.222006124,40.0,5,-3.589923036,40.0,4,-11.06005752,0.0
373,华泰证券南京大光路证券营业部,5,3.577423,40.0,5,4.084144126,60.0,5,8.06593765,80.0,4,1.3026207875,50.0,3,17.056673773333,66.666666666667
374,华泰证券无锡解放西路证券营业部,5,-1.121630874,40.0,5,3.060791472,60.0,5,-0.155334084,60.0,5,1.862213742,40.0,5,3.685234496,40.0
375,财通证券温岭中华路证券营业部,5,3.714451512,40.0,5,2.004274036,60.0,5,-0.335737292,40.0,5,-4.370136116,40.0,4,7.038541755,25.0
376,东吴证券昆山前进中路证券营业部,5,3.604376818,80.0,5,8.782730766,100.0,5,7.732979136,60.0,5,15.125581572,80.0,5,33.338020534,80.0
377,平安证券北京市分公司,5,-2.052030188,40.0,5,-1.493584938,60.0,5,-6.193740206,40.0,3,1.666270003333,33.333333333333,3,10.095501353333,33.333333333333
378,国泰海通证券宁波广福街证券营业部,5,-0.468665026,20.0,5,0.115390388,40.0,5,2.427261192,40.0,5,3.563622138,60.0,5,9.474884216,60.0
379,国联民生证券无锡梁清路证券营业部,5,-3.673275694,20.0,5,-0.806869312,60.0,5,-1.464706168,40.0,5,-3.472415322,20.0,3,6.523355056667,66.666666666667
380,广发证券梅州梅江二路证券营业部,5,-0.28093054,60.0,5,-1.618411572,20.0,5,-1.122431072,20.0,5,0.007421856,40.0,5,-2.947470904,40.0
381,国泰海通证券郑州黄河路证券营业部,5,-2.863723368,40.0,5,-6.962434818,0.0,5,-8.118509296,0.0,5,-11.778783692,0.0,5,-11.498801866,0.0
382,华泰证券南通湖东路证券营业部,5,-0.788116074,60.0,5,-0.65969359,60.0,5,-2.156902304,60.0,5,-1.89001333,60.0,3,-5.083425193333,33.333333333333
383,中信证券义乌城中中路证券营业部,5,1.89641595,60.0,4,0.4031504075,25.0,4,-1.958947035,25.0,4,-0.311072725,25.0,3,-1.613805033333,33.333333333333
384,中国中金财富证券深圳桃园路证券营业部,5,3.979439132,60.0,5,-1.177010312,60.0,4,5.01780368,75.0,4,3.40996271,50.0,4,4.9555585775,50.0
385,广发证券北京朝阳门证券营业部,5,1.366202686,60.0,5,-1.189462172,20.0,5,-1.599850068,20.0,5,-0.995198448,40.0,5,-0.80806161,40.0
386,国泰海通证券青岛福州南路证券营业部,5,1.762303324,40.0,5,0.06563808,60.0,4,2.2841541225,50.0,3,-0.163271566667,66.666666666667,1,-13.63636364,0.0
387,中国银河证券温州三友路证券营业部,5,6.392116062,60.0,5,15.94453665,80.0,5,8.446512516,80.0,5,4.423166154,60.0,5,-9.412181148,60.0
388,中国银河证券广州中山二路证券营业部,5,-0.649550154,40.0,5,3.01870349,60.0,5,-1.002675134,40.0,5,0.823421888,60.0,2,14.287892405,50.0
389,国盛证券南昌桃花路证券营业部,5,-0.763669904,40.0,5,0.157940926,60.0,5,2.503721128,40.0,4,8.6617524625,50.0,2,3.136275905,50.0
390,国信证券杭州市心中路证券营业部,5,-0.547782664,60.0,5,2.413842432,60.0,5,4.392150974,60.0,5,6.723626172,80.0,4,6.4168852675,100.0
391,招商证券上海杨浦区翔殷路证券营业部,5,-2.871454268,20.0,5,-6.131556438,20.0,5,-9.289351856,20.0,5,-27.345499702,20.0,4,-40.989303005,0.0
392,招商证券深圳前海大道证券营业部,5,0.103102388,60.0,5,2.181813016,80.0,5,1.618508494,60.0,4,2.9111570475,50.0,2,3.79229385,50.0
393,中信证券杭州凤起路证券营业部,5,1.190002098,60.0,5,1.42636518,20.0,5,-4.568318348,20.0,5,-3.58727912,40.0,4,-9.7699322825,25.0
394,兴业证券福州温泉路证券营业部,5,-16.817136466,60.0,5,-18.552697354,20.0,5,-20.249558572,20.0,4,-27.667255945,25.0,3,-47.530427493333,0.0
395,浙商证券永康望春西路证券营业部,5,-1.674392546,20.0,5,-3.420801806,0.0,5,-5.147653404,20.0,5,-5.66565766,20.0,5,1.695147494,40.0
396,中国中金财富证券深圳分公司,5,0.38799709,60.0,5,0.965392032,60.0,5,2.888844424,60.0,5,2.337481544,40.0,5,4.515761568,60.0
397,招商证券武汉中北路证券营业部,5,-5.694149318,20.0,5,-7.642632978,20.0,5,-7.54726807,40.0,5,-10.413446224,20.0,5,-17.695267226,20.0
398,中信证券(山东)淄博柳泉路证券营业部,5,0.740175162,80.0,5,2.751421616,80.0,5,2.151761392,40.0,5,1.794639886,80.0,4,-0.2246629,25.0
399,国金证券上海互联网证券分公司,5,-2.828284394,20.0,5,-7.811338372,20.0,5,-11.367433922,0.0,4,-27.2120421075,0.0,3,-32.400735293333,0.0
400,财信证券温州车站大道证券营业部,5,0.300068944,40.0,5,1.306105476,60.0,4,-0.83417361,50.0,4,-9.9422252675,0.0,2,10.486266155,100.0
401,华泰证券广州天河城证券营业部,5,-1.618033888,40.0,5,-2.870303864,40.0,4,-2.856087535,50.0,4,-21.1533808,25.0,2,-43.789138585,50.0
402,华泰证券郑州经三路证券营业部,5,-0.80978706,60.0,5,0.19788699,60.0,5,-0.439752234,40.0,5,-5.249299602,40.0,5,-5.254495746,40.0
403,申万宏源证券南昌南京东路证券营业部,5,-1.47927342,60.0,5,-3.417738834,40.0,4,-12.205916565,0.0,4,-20.59417964,0.0,4,-23.111306525,0.0
404,华泰证券南京宁双路证券营业部,5,-6.565155684,40.0,5,-7.81007092,20.0,5,-7.764560216,0.0,5,-7.989879694,0.0,4,-8.73984714,0.0
405,申万宏源证券深圳金田路证券营业部,5,-2.10600815,40.0,5,-5.596848104,20.0,5,-0.603421246,40.0,3,26.027836393333,66.666666666667,2,48.51566017,50.0
406,东吴证券苏州工业园区扬富路证券营业部,5,5.962270904,80.0,4,10.3433971875,75.0,4,12.43862129,50.0,4,15.6762057075,50.0,4,11.2327821025,50.0
407,国投证券揭阳分公司,5,4.72962557,80.0,4,0.1136014725,25.0,3,4.987972143333,66.666666666667,3,-2.74120557,33.333333333333,1,-8.39112344,0.0
408,国投证券武汉中北路证券营业部,5,1.499542296,40.0,5,1.721139132,40.0,5,7.861935842,80.0,5,19.200002606,80.0,5,15.059162524,80.0
409,国泰海通证券新余劳动南路证券营业部,5,3.295252588,60.0,5,3.393702204,40.0,5,1.263885474,40.0,5,-2.874215362,20.0,3,-8.521173,0.0
410,招商证券上海长宁区娄山关路证券营业部,5,2.895777628,60.0,5,6.443753944,60.0,4,13.08874992,50.0,3,26.933456306667,100.0,0,0.0,0.0
411,光大证券上海淮海中路证券营业部,5,-1.781525402,20.0,5,-2.332484712,60.0,5,-5.076827626,20.0,4,-10.938615065,0.0,4,-11.9166877375,25.0
412,中信建投证券南昌桃苑大街证券营业部,5,4.102334284,60.0,5,1.075645866,40.0,5,-2.673741714,20.0,5,0.870006728,40.0,5,12.511615738,60.0
413,中信建投证券南昌北京东路证券营业部,5,-1.619115654,60.0,5,-6.798557652,20.0,5,-11.814415594,0.0,5,-16.111617198,20.0,5,-23.771437914,0.0
414,国泰海通证券沈阳青年大街证券营业部,5,-4.155673622,20.0,5,-6.056517642,20.0,5,-7.55720813,0.0,5,-7.33778799,20.0,5,-4.021038008,40.0
415,中信证券上海静安区山西北路证券营业部,5,-3.45020534,40.0,5,-8.925117264,40.0,5,-9.323564034,40.0,5,-9.243538222,20.0,4,-19.92496509,0.0
416,中信证券长兴明珠路证券营业部,5,1.123286674,80.0,5,4.5121279,60.0,5,6.212957982,60.0,5,16.366927648,100.0,4,13.5556832825,100.0
417,华泰证券上海静安区广中西路证券营业部,5,2.966154896,40.0,5,-0.520943456,40.0,5,1.049005612,40.0,4,1.3146069725,50.0,3,-4.752314413333,33.333333333333
418,平安证券安徽分公司,5,-1.273144778,20.0,5,-29.49683847,20.0,3,-29.73547878,33.333333333333,3,-43.084131596667,0.0,2,-84.440587665,0.0
419,第一创业证券杭州分公司,5,3.598939496,60.0,5,9.710074116,80.0,4,20.70158315,100.0,3,36.31291226,100.0,1,-42.01680672,0.0
420,平安证券深圳深南大道证券营业部,5,4.454984372,80.0,4,6.0741106375,75.0,4,7.7263094625,75.0,4,8.7087493225,50.0,4,5.498614105,75.0
421,东海证券浙江分公司,5,-0.258472542,60.0,5,4.441201944,60.0,5,8.355476702,80.0,4,17.75260257,75.0,4,14.05666494,75.0
422,平安证券江西分公司,5,-5.039967142,20.0,5,-5.596336664,20.0,5,-6.874206334,20.0,5,-6.46669227,20.0,5,-6.345347874,20.0
423,国泰海通证券上虞市民大道证券营业部,5,6.728792132,60.0,5,6.613135062,80.0,5,10.609943678,80.0,5,8.650664668,80.0,5,16.424191476,80.0
424,国投证券上海黄浦区中山南路证券营业部,5,1.359074146,60.0,5,2.170234476,60.0,5,2.489550724,60.0,5,11.113359428,80.0,5,1.062747082,60.0
425,德邦证券上海乍浦路证券营业部,5,14.194480342,100.0,5,16.281300408,60.0,5,14.026933694,60.0,5,22.417200248,60.0,4,6.5540453525,50.0
426,国盛证券南昌金融大街证券营业部,5,2.982758918,60.0,5,3.945388628,80.0,5,2.70887892,60.0,5,1.616078212,60.0,5,-3.964935846,40.0
427,国信证券湖南分公司,5,-2.013766708,40.0,5,5.082008846,60.0,5,1.111573328,40.0,5,-5.20165001,20.0,4,-15.873624995,0.0
428,华鑫证券成都交子大道证券营业部,5,1.909438354,60.0,5,4.8130444,100.0,5,10.058905402,80.0,5,9.364608188,80.0,5,21.35803429,80.0
429,申万宏源证券上海闵行区莘松路证券营业部,5,-2.214231372,20.0,5,-6.395461758,20.0,5,-4.355047532,20.0,4,-6.5789247875,25.0,4,-8.50411837,50.0
430,第一创业证券温州雪山路证券营业部,5,3.735851746,40.0,5,6.901060308,80.0,5,5.94120781,80.0,5,-5.78551768,40.0,5,-19.032460072,20.0
431,华林证券深圳龙华证券营业部,5,0.510383032,40.0,5,0.276418802,40.0,5,-2.504147084,20.0,5,9.135458958,60.0,4,14.61598592,75.0
432,华金证券青岛分公司,5,3.708777432,80.0,5,3.050344004,80.0,5,6.633781378,80.0,4,3.4869590425,75.0,2,4.63407818,100.0
433,中银国际证券深圳分公司,5,-2.125622556,60.0,5,-5.991265744,20.0,5,-8.490173508,20.0,5,-11.606666388,20.0,3,0.518846126667,33.333333333333
434,国泰海通证券岳阳南湖大道证券营业部,5,1.492590244,60.0,5,0.24565919,60.0,5,-4.03183348,40.0,5,-7.258302738,20.0,4,3.9024463675,75.0
435,信达证券无锡金融一街证券营业部,5,-0.68396045,40.0,4,-0.4026595775,75.0,3,-1.297588436667,33.333333333333,3,-8.495116083333,33.333333333333,2,-21.205983685,0.0
436,东方财富证券拉萨达孜区虎峰大道证券营业部,5,-7.4514098,0.0,5,-11.926426706,0.0,5,-9.199129084,0.0,5,-12.515470776,0.0,2,-23.22996144,0.0
437,华福证券杭州五星路证券营业部,5,-2.56852407,60.0,5,-2.613538614,20.0,5,-1.412329118,40.0,5,-5.915108898,40.0,4,-15.571859785,25.0
438,国金证券乌鲁木齐南湖路证券营业部,5,-7.032254134,20.0,5,-2.88048981,40.0,5,-7.318932702,40.0,5,-5.541368216,40.0,5,-17.67426878,20.0
439,华福证券杭州江南大道证券营业部,5,-3.64357825,40.0,5,-0.072906388,60.0,5,4.401536474,60.0,4,7.2670001775,75.0,4,19.8456742975,100.0
440,长城证券深圳分公司,5,-5.035352208,40.0,5,-5.513151316,40.0,5,-8.616388758,0.0,4,-8.3438962625,25.0,4,-10.3988265,25.0
441,国投证券广州新港东路证券营业部,5,1.969028396,60.0,5,2.663887908,80.0,5,5.985562262,80.0,5,6.84808615,60.0,5,8.15988289,40.0
442,兴业证券海南分公司,4,2.2465461175,75.0,4,4.73004368,75.0,4,0.7244044425,75.0,4,-1.5088706275,50.0,4,-1.510389535,50.0
443,川财证券重庆江北嘴证券营业部,4,0.4156029625,50.0,4,-5.64441166,25.0,4,-10.4085432075,25.0,4,-9.24285387,0.0,4,-11.44960919,25.0
444,国金证券宁波江澄南路证券营业部,4,2.16152539,50.0,4,3.365864545,50.0,4,-1.4818664175,75.0,4,-8.62364251,25.0,2,-5.12615988,50.0
445,华泰证券上海浦东新区东方路证券营业部,4,-4.3479534225,25.0,4,-5.4356852775,25.0,4,-4.9410569775,25.0,4,-6.520912585,25.0,3,-13.43332388,0.0
446,万和证券华南分公司,4,-6.00571533,0.0,4,-9.4845522875,0.0,4,-13.6522877525,0.0,4,-13.350231335,0.0,4,-18.557412575,0.0
447,开源证券浙江分公司,4,8.85956666,100.0,4,6.95262653,75.0,3,12.47040971,100.0,3,12.12521663,100.0,3,15.152452296667,100.0
448,粤开证券惠州分公司,4,-7.8336503175,0.0,4,-14.88912359,0.0,4,-24.008932515,0.0,4,-42.350537155,0.0,4,-42.4589850375,0.0
449,东海证券青岛南京路证券营业部,4,12.486821255,100.0,4,20.8187894675,100.0,4,25.4200298525,100.0,4,24.96137973,100.0,4,48.0439415575,100.0
450,甬兴证券天津解放北路证券营业部,4,2.064578195,50.0,4,3.233198915,75.0,4,1.643158905,25.0,4,1.408088835,50.0,4,-8.9182813225,25.0
451,国泰海通证券南京胜利路证券营业部,4,3.2127475025,50.0,4,9.645799705,75.0,4,10.8065699475,50.0,4,19.1120693775,75.0,4,17.622075,75.0
452,世纪证券深圳罗湖分公司,4,6.119947565,75.0,4,3.4242590825,50.0,4,6.0224772375,75.0,4,-5.1087315,50.0,3,-7.839399616667,33.333333333333
453,华泰证券张家港杨舍东街证券营业部,4,3.29201176,75.0,4,3.6161758575,50.0,4,9.3547874475,75.0,4,11.5680264975,100.0,3,12.524133973333,66.666666666667
454,中信建投证券天津解放南路证券营业部,4,-7.3503129975,0.0,4,-4.5545123125,25.0,4,-8.917436485,25.0,4,-12.765074295,0.0,3,-17.023794806667,0.0
455,华福证券福清清宏路证券营业部,4,-1.34398366,25.0,4,-1.121298815,50.0,4,-6.66594135,50.0,4,-9.114630555,25.0,4,-16.739673985,0.0
456,五矿证券杭州中山北路证券营业部,4,2.93852672,50.0,4,3.35862248,50.0,4,-1.614341665,50.0,4,-4.97415917,50.0,3,-12.554042963333,33.333333333333
457,中信证券北京复外大街证券营业部,4,-6.9114701,50.0,3,-8.17328018,66.666666666667,1,11.39784946,100.0,0,0.0,0.0,0,0.0,0.0
458,广发证券上海漕溪北路证券营业部,4,7.466376285,75.0,4,7.90902202,100.0,4,2.8431452275,75.0,4,-4.9521417625,25.0,4,6.139367895,50.0
459,平安证券上海巨鹿路证券营业部,4,-8.75539242,25.0,3,-15.93779716,33.333333333333,3,-23.112902063333,0.0,2,-26.30824886,0.0,1,-60.79136691,0.0
460,国泰海通证券北京德外大街证券营业部,4,3.87823508,50.0,4,5.898447665,75.0,4,4.81104467,25.0,4,6.18482851,50.0,4,4.54390332,50.0
461,中国银河证券金华八一南街证券营业部,4,4.0381403775,50.0,4,3.942168765,25.0,4,3.5692166325,25.0,4,1.96839932,25.0,2,-4.326450345,0.0
462,国金证券成都双楠路证券营业部,4,-0.3058324075,50.0,4,-4.5141743575,25.0,4,-0.5461052375,50.0,4,-4.2723907625,50.0,4,-3.2555488175,50.0
463,长江证券上海浦东新区锦绣路证券营业部,4,-7.6709401725,0.0,4,-12.94871795,0.0,4,-16.7307692325,0.0,4,-14.83974359,0.0,3,-19.074074073333,0.0
464,东吴证券吴江体育路证券营业部,4,4.179343865,75.0,4,5.956006595,75.0,4,5.87623185,75.0,4,16.761501535,100.0,4,20.402619525,75.0
465,中国中金财富证券南昌红谷中大道证券营业部,4,0.1672906225,50.0,4,-3.0687865425,25.0,4,-3.0906827,25.0,3,-10.178719863333,33.333333333333,3,-8.168235043333,33.333333333333
466,东北证券重庆铜梁证券营业部,4,0.3303849275,75.0,4,0.61544425,50.0,4,1.3371020225,50.0,4,0.879795815,50.0,4,5.8395252525,75.0
467,金融街证券赤峰哈达街证券营业部,4,2.18835543,75.0,4,8.632887785,75.0,4,26.5287521225,75.0,4,36.20595366,75.0,4,57.2704194225,75.0
468,中信建投证券海南分公司,4,-2.0946491575,25.0,4,-3.0562147275,25.0,4,-7.475664985,0.0,4,-6.71550557,25.0,3,-7.21233203,33.333333333333
469,中信建投证券福州东街证券营业部,4,2.07339244,50.0,4,-2.1605746425,50.0,4,-4.4124900375,50.0,4,-11.4497245,25.0,4,-13.1473800625,0.0
470,兴业证券龙岩人民西路证券营业部,4,-1.79198538,50.0,4,0.2297184375,50.0,4,0.0277361725,50.0,4,0.510236865,50.0,3,-8.25017402,33.333333333333
471,广发证券海口和平大道证券营业部,4,0.612987745,75.0,4,-4.0433297025,25.0,4,-5.3934230875,25.0,4,-9.023672675,50.0,3,-16.719387436667,33.333333333333
472,英大证券深圳华侨城证券营业部,4,-2.7372749975,25.0,4,-2.36367893,50.0,4,-3.7276747525,50.0,4,-5.6611947225,50.0,4,-15.385824055,0.0
473,东吴证券张家港杨舍证券营业部,4,-9.1796586575,0.0,4,-12.727912495,0.0,4,-8.9560630125,25.0,2,-6.696922545,50.0,2,-1.337742045,50.0
474,中国中金财富证券绵阳市证券营业部,4,1.8735532425,25.0,4,-4.3113425925,25.0,4,-10.9809027775,0.0,2,-16.23263889,0.0,2,-26.432291665,0.0
475,中国中金财富证券青岛上实中心证券营业部,4,0.102960105,25.0,4,0.3349988625,25.0,3,4.668534076667,33.333333333333,2,20.19607843,50.0,1,11.76470588,100.0
476,华鑫证券西安科技路证券营业部,4,-0.9168906675,25.0,4,0.9231849025,25.0,4,6.962212545,50.0,4,21.546555005,50.0,4,44.2151208725,75.0
477,中国银河证券上海长宁区定西路证券营业部,4,-1.4052371525,25.0,4,3.2456505675,50.0,4,2.3444136425,75.0,4,2.719129035,50.0,4,-4.7800478575,25.0
478,中国银河证券深圳深南大道证券营业部,4,-5.172849585,0.0,4,-7.07727959,25.0,4,-7.0796305475,25.0,4,-9.271005515,0.0,4,-9.3192233,25.0
479,中银国际证券浙江分公司,4,-1.7086606225,25.0,4,-1.6203915625,50.0,4,-3.503218625,0.0,4,-7.5336643,0.0,4,0.652857745,50.0
480,中信建投证券宁波分公司,4,-4.4194026075,0.0,4,0.0729822,25.0,4,3.6168815275,25.0,4,12.9228253875,25.0,4,9.490217025,75.0
481,中国银河证券成都科华北路证券营业部,4,-0.892083475,25.0,4,-0.9636534575,25.0,4,-0.5219532325,25.0,4,-1.0472108575,25.0,4,-6.2811285225,25.0
482,中信证券华南广州增城云曦街证券营业部,4,-3.44706011,50.0,4,-8.58389865,0.0,4,-8.444402605,0.0,4,-11.327579415,0.0,4,-15.68948936,0.0
483,国信证券绵阳临园路证券营业部,4,-2.756601475,50.0,4,-7.473356365,0.0,4,-7.097822385,0.0,4,-13.62687314,0.0,4,-7.14109108,50.0
484,招商证券深圳文锦渡深润大厦证券营业部,4,-8.07872322,25.0,4,-15.23686648,25.0,4,-19.3554269825,0.0,4,-17.45834735,0.0,3,-24.114206976667,0.0
485,招商证券北京北三环东路证券营业部,4,-2.3947566675,25.0,4,-5.4703019175,0.0,4,-6.88108952,25.0,4,-4.0051997375,50.0,3,-7.69214743,33.333333333333
486,国泰海通证券深圳红荔西路证券营业部,4,-0.9869260125,25.0,4,1.1326532475,50.0,4,5.434788125,75.0,4,6.8193350325,50.0,3,19.999973486667,66.666666666667
487,浙商证券义乌江滨北路证券营业部,4,1.43284477,75.0,4,-1.30949048,50.0,4,-4.58295615,25.0,3,-5.178620673333,33.333333333333,3,6.971029476667,100.0
488,国投证券汕头峡山证券营业部,4,-5.710833425,0.0,4,-5.58685009,25.0,4,-9.8118806,0.0,4,-15.3663959775,0.0,3,-20.974977833333,0.0
489,华泰证券北京西三环国际财经中心证券营业部,4,1.3974609125,75.0,4,-3.7341927425,50.0,4,2.0472279075,50.0,4,0.750920765,75.0,4,7.72917242,50.0
490,中国中金财富证券北京万寿路证券营业部,4,0.50255509,75.0,4,-1.58955459,25.0,4,-4.411558415,25.0,4,-6.39393996,25.0,4,-8.36116226,25.0
491,华鑫证券上海自贸试验区分公司,4,-1.5250623825,50.0,4,-4.6766282275,25.0,4,-3.7105371175,0.0,4,-3.80131682,25.0,4,2.9905337925,75.0
492,国信证券南京江东中路证券营业部,4,-1.75656956,25.0,4,-4.194986915,0.0,4,-5.5580656925,25.0,4,-9.1067279975,25.0,4,-7.3455551,0.0
493,广发证券成都新光路证券营业部,4,4.3308416375,75.0,4,6.8190654925,75.0,4,8.3718212325,75.0,4,1.4683886925,50.0,4,1.75913171,50.0
494,兴业证券厦门建业路证券营业部,4,1.7186665425,75.0,4,2.7135722325,50.0,4,1.67685903,50.0,4,-1.7282916825,50.0,2,6.652756365,50.0
495,中银国际证券郑州花园路证券营业部,4,1.7436108325,75.0,4,1.19743898,50.0,4,5.388427675,75.0,4,1.7751124375,75.0,4,-5.20526384,25.0
496,招商证券合肥北一环证券营业部,4,-4.3678757575,25.0,4,-7.821879315,0.0,3,-10.096447343333,0.0,3,-15.71419235,0.0,1,-28.22461474,0.0
497,财通证券温州分公司,4,-3.6724892325,25.0,3,-9.664322646667,0.0,3,-11.018107343333,0.0,3,-15.104756983333,0.0,3,-15.887031606667,0.0
498,国泰海通证券顺德大良证券营业部,4,-2.207001185,25.0,4,-6.4578119775,50.0,4,-17.16657732,25.0,3,-17.270763453333,0.0,3,-22.22738419,0.0
499,天府证券上海浦东新区崂山路证券营业部,4,7.7196734825,75.0,4,7.1351888,75.0,4,4.344763795,75.0,4,0.963095685,75.0,4,-10.805192145,25.0
500,光大证券丹阳丹金路证券营业部,4,2.2790402875,75.0,4,5.941506815,50.0,4,3.743711995,25.0,4,-1.438842875,25.0,4,8.55482366,25.0
501,广发证券上海民生路证券营业部,4,-4.883694095,25.0,4,-7.37457384,0.0,4,-6.24791576,0.0,4,-8.09938054,0.0,3,-12.249630313333,0.0
502,国泰海通证券遵义北海路证券营业部,4,-4.010017465,0.0,3,-9.466129996667,0.0,3,-13.28781279,0.0,3,-15.490646166667,0.0,3,-18.602981773333,0.0
503,财通证券杭州东湖南路证券营业部,4,3.1647802375,50.0,3,16.414312406667,100.0,3,21.762145913333,100.0,3,24.069762323333,100.0,3,30.745134353333,66.666666666667
504,金元证券宁波分公司,4,-2.6858660125,25.0,4,-1.38888889,0.0,3,-1.62037037,33.333333333333,1,-6.25,0.0,1,0.0,0.0
505,东北证券上海局门路证券营业部,4,6.19734457,75.0,4,14.33531871,75.0,4,23.2002204425,75.0,4,34.6659593575,75.0,4,10.8319117125,50.0
506,华泰证券苏州竹园路证券营业部,4,10.183392865,75.0,4,22.5034459875,100.0,4,29.18003044,100.0,4,27.7662979475,100.0,4,51.8105509825,100.0
507,国泰海通证券长沙五一大道第二证券营业部,4,-1.2804923875,25.0,4,-1.3383879225,25.0,4,-2.9344366375,25.0,4,-0.56987919,50.0,4,1.309616925,75.0
508,中国银河证券桂林中山中路证券营业部,4,-3.4532787475,25.0,4,-4.20317377,25.0,4,-3.462294885,25.0,4,-3.4353476,25.0,4,-1.9081121575,50.0
509,国泰海通证券余姚舜水南路证券营业部,4,2.790750665,75.0,4,2.7300192975,75.0,4,-0.389299065,50.0,4,9.3412184975,100.0,4,8.172789905,75.0
510,国投证券北京东直门内大街证券营业部,4,4.102759555,100.0,4,-0.4539327,50.0,4,-1.181747105,50.0,3,-2.290501876667,66.666666666667,3,-13.37251141,0.0
511,国泰海通证券济南舜华路证券营业部,4,7.3321279975,75.0,4,8.12411031,75.0,4,6.361036275,75.0,4,0.97272606,75.0,4,-6.16612921,25.0
512,平安证券广州体育东路证券营业部,4,-3.25138242,25.0,4,-2.812513695,25.0,4,-6.29388142,25.0,4,-7.9646005175,0.0,2,-22.089679275,0.0
513,申万宏源证券上海长宁区天山路证券营业部,4,-3.18203345,25.0,4,-5.447478805,25.0,4,-6.6560647075,25.0,3,-3.70570031,66.666666666667,3,-2.903473186667,33.333333333333
514,国联民生证券江阴大桥北路证券营业部,4,-1.222463015,25.0,4,-3.33320996,25.0,4,-7.2251873075,25.0,4,-7.533615775,25.0,4,-6.0401042525,25.0
515,方正证券岳阳岳阳大道证券营业部,4,-0.549065155,50.0,4,1.6762563,75.0,4,2.107479125,50.0,2,2.776336275,50.0,1,1.60871821,100.0
516,华泰证券天津河东金茂广场证券营业部,4,1.951493,50.0,4,-0.364076705,25.0,4,2.9362779225,50.0,4,6.6738280525,25.0,3,34.400168326667,66.666666666667
517,兴业证券厦门湖里大道证券营业部,4,5.5184216275,50.0,4,4.832182165,75.0,4,6.225515755,50.0,4,6.7466398875,75.0,4,0.8474991975,25.0
518,信达证券辽阳武圣路证券营业部,4,0.180070065,50.0,4,0.6237962175,75.0,4,0.2020490675,25.0,4,-3.0684636625,50.0,3,-3.46406255,66.666666666667
519,中信证券北京紫竹院路证券营业部,4,0.0825113925,50.0,4,-1.27099257,50.0,4,-2.89793417,25.0,3,5.970136946667,66.666666666667,2,-7.035887775,50.0
520,中泰证券杭州湖墅南路证券营业部,4,1.9736770075,50.0,4,-1.0391252175,50.0,4,-6.193870815,50.0,4,-10.7178313075,25.0,4,-8.3049716375,25.0
521,中信证券杭州文三路证券营业部,4,1.146240425,50.0,4,2.28890804,75.0,4,0.5308928325,50.0,4,0.0301885625,50.0,4,0.421655635,50.0
522,上海证券瑞安罗阳大道证券营业部,4,-2.24980448,0.0,4,-1.035623595,25.0,4,-2.699721925,25.0,4,-0.9852701675,50.0,4,2.193442655,50.0
523,国元证券福州五一南路证券营业部,4,1.41200828,50.0,4,4.848861285,50.0,4,1.658385095,50.0,4,-7.35610766,50.0,0,0.0,0.0
524,万联证券上海浦东新区世纪大道证券营业部,4,4.00273224,50.0,3,2.645502646667,33.333333333333,3,2.91005291,33.333333333333,3,1.957671956667,66.666666666667,0,0.0,0.0
525,中信证券杭州崇仁路证券营业部,4,-0.4584516175,50.0,4,-0.695042555,50.0,4,-5.320848545,25.0,4,-10.8976261275,25.0,4,-12.639514075,25.0
526,中信证券湖州劳动路证券营业部,4,-2.984947645,25.0,4,-0.609960135,50.0,4,-0.1398382475,50.0,3,6.254093466667,100.0,2,5.42777696,50.0
527,财信证券郴州八一南路证券营业部,4,-4.1559450025,0.0,4,-6.528589825,0.0,4,-10.34649593,0.0,4,-10.849000185,0.0,4,-16.05671504,0.0
528,中信证券海盐海丰中路证券营业部,4,-7.490315965,0.0,4,-12.5963177025,0.0,4,-14.03332552,0.0,4,-11.2606635825,25.0,4,-15.8534213,25.0
529,中信证券宁波天童北路证券营业部,4,3.1199695,100.0,4,1.8345887225,50.0,4,4.8389788375,50.0,4,0.2150452675,50.0,2,-14.36574139,0.0
530,广发证券广州康王中路证券营业部,4,-2.9605977525,25.0,4,-0.612022985,50.0,4,-0.9662710175,50.0,4,4.1508504625,75.0,4,6.5334544975,50.0
531,兴业证券湖南分公司,4,-2.226292425,25.0,4,-5.13559536,25.0,4,-6.0162886075,25.0,4,-3.8762136475,25.0,4,-4.8204954525,25.0
532,光大证券宁波北仑新碶证券营业部,4,-3.9780608375,25.0,4,-8.309002865,0.0,4,-9.051979295,0.0,4,-14.6892466575,0.0,4,-3.15666132,50.0
533,中国银河证券杭州景芳证券营业部,4,-1.446699305,50.0,4,0.59637408,50.0,4,2.78137754,50.0,4,0.9423197225,25.0,4,2.7255629775,75.0
534,光大证券重庆财富大道证券营业部,4,5.5510838175,75.0,3,3.503503503333,33.333333333333,3,-2.394589713333,33.333333333333,2,2.570863545,100.0,0,0.0,0.0
535,中国银河证券武汉汉阳证券营业部,4,-3.1927467,25.0,4,-8.0455829825,0.0,4,-11.96266224,0.0,3,-10.266602903333,0.0,3,-17.64231093,0.0
536,华泰证券广州兴民路证券营业部,4,-17.1943986075,0.0,3,-23.083063343333,0.0,3,-23.066908596667,33.333333333333,2,-11.885560675,50.0,2,-12.788018435,50.0
537,中国银河证券邢台守敬北路证券营业部,4,2.461955785,50.0,4,4.1957092875,50.0,4,6.419301605,50.0,4,2.0329998425,50.0,1,-30.75024679,0.0
538,国泰海通证券南宁民族大道证券营业部,4,7.2197487525,75.0,4,6.2705059225,50.0,3,5.345717763333,33.333333333333,3,-3.916803656667,33.333333333333,2,-3.042706025,0.0
539,东方证券汕头长平路证券营业部,4,1.53718763,50.0,4,4.219638825,50.0,4,4.927608015,50.0,4,5.6186904,50.0,4,-5.3519196825,50.0
540,招商证券深圳福华三路证券营业部,4,-0.14752556,50.0,4,-1.3461035975,25.0,4,-4.4787422825,0.0,4,1.1617669075,50.0,3,1.682865663333,33.333333333333
541,中国中金财富证券广州科学大道证券营业部,4,-0.7584105125,50.0,3,-3.157644823333,0.0,2,-7.13776964,0.0,1,-15.93406593,0.0,1,-92.85714286,0.0
542,光大证券汕头华山路证券营业部,4,-1.505000005,25.0,4,-3.7159382575,0.0,4,-2.354372915,25.0,4,-6.898469705,25.0,4,18.3780074725,75.0
543,华泰证券上海分公司,4,-2.629527785,50.0,3,-4.684610683333,0.0,3,-4.054642586667,0.0,3,-3.098562516667,33.333333333333,3,5.931251683333,66.666666666667
544,中信建投证券长沙金星中路证券营业部,4,5.7456391825,50.0,4,10.616506605,75.0,4,11.137921495,75.0,4,3.316904365,50.0,4,-0.2927936025,25.0
545,东吴证券无锡东亭中路证券营业部,4,14.7230088575,100.0,4,26.9224331375,100.0,4,35.6416274925,100.0,4,43.937636265,100.0,4,72.647271895,100.0
546,中信证券北京总部证券营业部,4,3.0763665075,75.0,4,-1.0405756825,25.0,4,-2.5049358875,25.0,3,2.36223147,66.666666666667,2,12.63193655,100.0
547,华泰证券福建分公司,4,-1.43834322,25.0,4,-0.9838930775,50.0,4,-1.817901745,25.0,4,-2.48398272,50.0,4,-2.677575245,75.0
548,华泰证券镇江黄山南路证券营业部,4,5.12680249,75.0,4,5.2756888725,75.0,3,10.147761663333,66.666666666667,3,21.07351958,66.666666666667,3,8.497607843333,66.666666666667
549,财通证券慈溪文华南路证券营业部,4,-1.1516137225,25.0,4,-5.35987021,25.0,4,-6.11208278,25.0,4,-5.7487893325,25.0,4,-8.1896403525,50.0
550,中泰证券北京总部证券营业部,4,6.2885873725,100.0,3,12.18741037,100.0,3,19.15053925,100.0,2,23.23030907,100.0,0,0.0,0.0
551,东莞证券汕头高新区科技南一街证券营业部,4,3.510834545,50.0,4,1.2895353625,50.0,4,-5.7953778825,25.0,4,-11.56375933,25.0,4,-15.29782729,0.0
552,方正证券汨罗建设西路证券营业部,4,3.434684685,50.0,3,2.702702703333,66.666666666667,3,4.604604603333,66.666666666667,2,-4.054054055,0.0,0,0.0,0.0
553,招商证券绥化团结街证券营业部,4,4.17102283,75.0,4,6.135095185,100.0,4,3.71028229,50.0,4,-7.12146019,25.0,4,7.5091259625,100.0
554,广发证券上海浦东新区海阳西路证券营业部,4,1.43257905,50.0,4,6.0666750725,75.0,4,5.096019265,75.0,4,-2.7105279975,25.0,3,-6.0030419,33.333333333333
555,国泰海通证券北京金融街分公司,4,6.5246451025,75.0,3,5.752378776667,66.666666666667,3,6.281482643333,66.666666666667,3,13.04898419,66.666666666667,3,10.313496976667,66.666666666667
556,浙商证券绍兴平江路证券营业部,4,1.8012245775,75.0,4,2.9667818325,75.0,4,1.83795838,50.0,4,-2.586528835,50.0,3,1.857340436667,33.333333333333
557,华福证券江苏分公司,4,-1.06826514,25.0,4,1.1249202025,50.0,4,4.73787663,50.0,4,3.3903977325,50.0,3,16.375368566667,66.666666666667
558,开源证券西安曲江池西路证券营业部,4,-3.3501579275,25.0,4,-28.88299113,0.0,4,-31.62578429,0.0,4,-52.2854417875,0.0,4,-49.8268268925,0.0
559,兴业证券山东分公司,4,4.4856679975,75.0,4,13.9197026125,100.0,4,24.629799735,100.0,4,32.2124629275,75.0,4,56.372209385,100.0
560,中国国际金融深圳分公司,4,-0.0421648975,50.0,4,2.019815235,75.0,4,-1.0237853375,75.0,4,-6.131075925,50.0,4,-8.94451824,50.0
561,华泰证券常州分公司,4,0.76801396,50.0,4,-0.338777395,50.0,3,-3.95771625,33.333333333333,3,-7.37618661,0.0,2,-6.936498855,50.0
562,中信证券杭州玉皇山南基金小镇证券营业部,4,-4.04351481,25.0,4,-4.472785,25.0,4,-4.934555215,25.0,4,-8.9400829875,25.0,2,-15.42743998,0.0
563,招商证券深圳招商证券大厦证券营业部,4,0.30328765,50.0,4,-4.9323938775,25.0,4,-3.5685642025,25.0,4,-9.27380193,0.0,4,-6.9243785725,25.0
564,申万宏源证券上海徐汇区天钥桥路证券营业部,4,-3.1726407025,25.0,4,-3.1797171925,25.0,4,-3.25723144,50.0,4,-6.0348603425,25.0,4,-11.0668470225,25.0
565,爱建证券杭州富春路证券营业部,4,1.2922837075,25.0,4,5.20261608,50.0,4,9.04693652,50.0,4,2.7367196825,50.0,4,-2.13361506,50.0
566,长江证券合肥徽州大道证券营业部,4,-2.55356776,25.0,4,-1.7995316125,25.0,4,-6.147354785,25.0,4,-12.76263798,0.0,4,-15.5123367225,0.0
567,天风证券成都聚龙路证券营业部,4,-0.5131277325,50.0,4,-5.46601131,25.0,4,-2.6979084125,50.0,3,-6.158703656667,33.333333333333,3,-8.147390306667,33.333333333333
568,国盛证券慈溪慈甬路证券营业部,4,4.6394735825,50.0,4,4.483236855,75.0,4,3.708453875,50.0,4,0.45909779,50.0,4,-10.57987578,25.0
569,中国银河证券青岛即墨区墨城路证券营业部,4,9.96981779,100.0,3,21.509271033333,100.0,2,21.645070135,50.0,2,22.995077305,50.0,1,53.49248453,100.0
570,国泰海通证券西安雁展路证券营业部,4,0.9377843475,50.0,4,3.968355035,25.0,4,3.914061385,50.0,4,-4.6735970375,50.0,3,-6.07016765,33.333333333333
571,长城证券四川分公司,4,-4.05667553,0.0,4,-5.757553935,0.0,4,-6.7023080975,0.0,4,-13.58503956,0.0,4,-12.22236706,0.0
572,国投证券北京宏福路证券营业部,4,1.1984271525,75.0,4,-6.74451613,25.0,4,-12.961251875,0.0,4,-22.45381054,0.0,4,-30.1382908,0.0
573,中国银河证券北京苏州街证券营业部,4,5.527840775,100.0,4,5.0100872975,75.0,4,8.159355895,100.0,4,6.272685405,75.0,4,8.8126286675,75.0
574,华福证券上海浦东新区银城路证券营业部,3,1.327238406667,66.666666666667,3,-2.63027276,66.666666666667,3,-2.4278371,33.333333333333,3,-1.825666246667,33.333333333333,2,-5.69748574,0.0
575,平安证券济南解放路证券营业部,3,-4.836298173333,33.333333333333,3,-4.700973446667,33.333333333333,3,-6.544054883333,33.333333333333,3,-5.872652646667,33.333333333333,3,-5.082111983333,66.666666666667
576,中国中金财富证券北京亚运村证券营业部,3,-1.079824026667,66.666666666667,3,2.48278172,66.666666666667,3,5.1567048,66.666666666667,3,12.089754166667,100.0,3,2.088790696667,33.333333333333
577,天风证券上海世纪大道证券营业部,3,8.186392886667,100.0,3,13.138295573333,100.0,2,1.225054005,50.0,2,-5.808288475,0.0,1,6.60928374,100.0
578,东方证券杭州市心北路证券营业部,3,-5.631902643333,33.333333333333,3,-3.815413053333,33.333333333333,3,-8.25628753,33.333333333333,3,-6.63822309,33.333333333333,3,-6.078135803333,33.333333333333
579,国联民生证券宁波战船街证券营业部,3,6.276472856667,100.0,3,8.914517593333,100.0,3,9.681935076667,66.666666666667,3,12.587260123333,66.666666666667,2,17.452849885,100.0
580,甬兴证券青岛分公司,3,8.370280553333,100.0,3,5.498626046667,100.0,3,5.375114686667,100.0,2,-2.860307855,50.0,2,0.45714107,50.0
581,平安证券深圳金融科技证券分公司,3,-7.708011723333,0.0,3,-7.609742406667,0.0,3,-6.590087476667,0.0,3,-10.472877983333,33.333333333333,2,-4.760467495,50.0
582,财通证券普陀山证券营业部,3,3.293745793333,66.666666666667,3,3.48084218,66.666666666667,3,4.271022493333,33.333333333333,3,6.841871143333,33.333333333333,2,-3.300881625,50.0
583,广发证券杭州博奥路证券营业部,3,-2.890859343333,33.333333333333,3,-1.1622201,33.333333333333,3,-4.866781273333,33.333333333333,3,-8.35598011,0.0,2,-9.015033,0.0
584,国泰海通证券上海闵行区号文路证券营业部,3,1.023217413333,66.666666666667,3,0.96348242,66.666666666667,3,1.65189463,66.666666666667,2,2.754396105,50.0,1,18.65384615,100.0
585,华创证券台州东海大道证券营业部,3,-6.65894207,0.0,3,-9.600141523333,0.0,3,-10.674431276667,0.0,3,-13.029677903333,0.0,3,-7.494275453333,0.0
586,甬兴证券安徽分公司,3,2.49546456,33.333333333333,3,6.398395206667,66.666666666667,3,9.377181453333,100.0,3,13.165594826667,100.0,3,4.29269999,66.666666666667
587,广发证券苏州苏州大道东证券营业部,3,1.034504006667,66.666666666667,3,8.24329559,100.0,3,9.25196783,100.0,3,9.846399896667,100.0,3,10.73380434,100.0
588,光大证券北京月坛北街证券营业部,3,-0.767295716667,33.333333333333,3,-1.069445623333,33.333333333333,3,-0.05763008,33.333333333333,3,0.928956263333,33.333333333333,3,-2.032144616667,33.333333333333
589,华泰证券南京长江路证券营业部,3,-2.115938763333,33.333333333333,3,-3.564873976667,33.333333333333,3,-3.39379513,66.666666666667,3,-3.029543336667,33.333333333333,3,-3.568384813333,0.0
590,华泰证券苏州人民路证券营业部,3,2.622123116667,100.0,2,6.94551322,100.0,2,12.60270572,50.0,2,14.986967855,50.0,1,11.55516942,100.0
591,华泰证券南通姚港路证券营业部,3,-5.546221213333,33.333333333333,3,-10.896614383333,33.333333333333,3,-25.786022333333,0.0,3,-21.650926736667,33.333333333333,2,-43.073167245,0.0
592,华泰证券扬州文昌中路证券营业部,3,3.884235966667,66.666666666667,3,11.3346425,100.0,3,13.85076843,66.666666666667,3,13.685347086667,66.666666666667,3,2.26756442,66.666666666667
593,广发证券锦州山西街证券营业部,3,1.74291939,33.333333333333,2,2.94117647,50.0,1,5.88235294,100.0,1,5.88235294,100.0,1,0.0,0.0
594,中信建投证券长沙芙蓉中路证券营业部,3,-1.864413386667,33.333333333333,3,-2.976817533333,66.666666666667,2,0.771082615,50.0,2,5.083476405,50.0,2,-1.002845955,50.0
595,国元证券安庆分公司,3,-2.412773506667,0.0,3,0.717688416667,33.333333333333,3,-6.532623693333,0.0,3,-10.879985543333,33.333333333333,1,-5.26315789,0.0
596,浙商证券台州环城东路证券营业部,3,-1.09569423,33.333333333333,2,-3.81254384,0.0,2,-4.106266075,0.0,2,-7.518412435,0.0,2,-11.63052373,0.0
597,广发证券上海石泉路证券营业部,3,-14.201707973333,0.0,2,-35.97883598,0.0,2,-35.965608465,0.0,2,-24.55026455,0.0,2,-46.0978836,0.0
598,广发证券深圳深南东路证券营业部,3,-2.343554003333,0.0,3,-5.009364583333,0.0,3,-5.210598096667,0.0,3,-10.549201313333,0.0,3,-19.68508123,0.0
599,国泰海通证券广州东风西路证券营业部,3,0.87074828,66.666666666667,3,-2.58119448,33.333333333333,3,-2.850265916667,33.333333333333,3,-2.865485766667,33.333333333333,3,-2.208955496667,66.666666666667
600,国泰海通证券上海徐汇区宛平南路证券营业部,3,-5.93947095,33.333333333333,3,-9.674579526667,33.333333333333,3,-8.885114943333,0.0,2,-7.743727685,50.0,2,-16.058248075,0.0
601,中国银河证券厦门嘉禾路证券营业部,3,4.803312626667,66.666666666667,3,0.73498965,66.666666666667,3,-1.88405797,33.333333333333,3,-5.577984816667,0.0,1,28.33333333,100.0
602,国泰海通证券长沙五一大道第一证券营业部,3,-0.977710606667,66.666666666667,3,-6.195772,33.333333333333,3,-11.374282863333,0.0,2,1.92769091,50.0,0,0.0,0.0
603,国泰海通证券深圳宝安怀德国际大厦证券营业部,3,2.04373867,66.666666666667,3,6.63872134,66.666666666667,3,3.82908011,66.666666666667,3,12.848173763333,66.666666666667,2,4.014375415,50.0
604,国泰海通证券成都顺城大街证券营业部,3,2.578502176667,66.666666666667,3,-4.264694643333,33.333333333333,3,2.41834046,66.666666666667,3,-1.987986463333,33.333333333333,3,-5.33832933,33.333333333333
605,申万宏源证券上海普陀区大渡河路证券营业部,3,-1.310013343333,33.333333333333,3,-3.84350258,0.0,3,-4.025043906667,0.0,3,-4.565141466667,33.333333333333,3,0.14930586,66.666666666667
606,国泰海通证券合肥长江西路证券营业部,3,-8.344440373333,0.0,3,-19.627559656667,0.0,3,-36.50084656,0.0,3,-49.390611473333,0.0,3,-47.83902172,33.333333333333
607,中国银河证券南京洪武路证券营业部,3,-2.902574436667,0.0,3,-2.706170313333,33.333333333333,3,-2.757738336667,0.0,3,-0.465972596667,33.333333333333,3,-5.415143243333,0.0
608,国泰海通证券成都双庆路证券营业部,3,-4.621165203333,33.333333333333,3,-8.952892033333,33.333333333333,3,-7.12275315,33.333333333333,3,-1.31470436,33.333333333333,3,-3.559554303333,33.333333333333
609,国泰海通证券深圳益田路证券营业部,3,-2.26579548,33.333333333333,3,-9.806331946667,0.0,3,-11.556621646667,0.0,3,-13.40097105,0.0,2,-12.102739725,0.0
610,湘财证券上海江宁路证券营业部,3,0.689924003333,33.333333333333,3,3.26528454,66.666666666667,3,3.851744583333,66.666666666667,3,7.94165162,100.0,2,7.70742401,100.0
611,国泰海通证券深圳华强北路证券营业部,3,5.114320523333,66.666666666667,3,18.843290833333,66.666666666667,3,20.163579733333,66.666666666667,3,26.020173356667,66.666666666667,3,32.102136303333,66.666666666667
612,国泰海通证券福州华林路证券营业部,3,-7.62272961,0.0,3,-11.40652901,0.0,3,-11.146535833333,33.333333333333,3,-13.000352516667,0.0,3,-17.80973515,0.0
613,国泰海通证券广州临江大道证券营业部,3,3.366687606667,66.666666666667,2,-2.098997495,50.0,2,-1.472431075,0.0,2,3.822055135,100.0,2,-2.77777778,0.0
614,申万宏源证券上海杨浦区平凉路证券营业部,3,3.81805603,33.333333333333,3,3.615177456667,33.333333333333,3,8.592029506667,66.666666666667,3,16.055541436667,66.666666666667,3,10.06176772,66.666666666667
615,国元证券上海斜土路证券营业部,3,1.587802313333,66.666666666667,3,5.859516763333,100.0,3,6.385622603333,66.666666666667,3,1.687305796667,100.0,2,12.524545375,100.0
616,国元证券滁州分公司,3,-7.246103093333,0.0,3,-8.545742993333,0.0,3,-4.353831433333,33.333333333333,3,6.508398173333,66.666666666667,3,10.325350656667,66.666666666667
617,国元证券广州江南大道中路证券营业部,3,4.316831636667,66.666666666667,3,1.33475672,66.666666666667,2,1.16246284,50.0,2,12.04718195,50.0,2,16.22552024,50.0
618,申万宏源证券深圳市深圳湾一号证券营业部,3,5.902260653333,100.0,3,11.863469696667,100.0,3,9.07758985,100.0,3,6.64931583,100.0,3,2.455716963333,33.333333333333
619,华宝证券舟山港航国际大厦证券营业部,3,-7.36257319,0.0,3,-14.54285351,0.0,3,-20.469210953333,0.0,3,-25.206972123333,0.0,3,-25.050383816667,0.0
620,东海证券常州劳动西路证券营业部,3,-2.160387583333,33.333333333333,2,-7.076419965,50.0,2,-18.454388985,0.0,2,-18.884681585,0.0,2,-9.52495697,50.0
621,兴业证券福州湖东路证券营业部,3,-34.376067203333,0.0,3,-36.377747613333,0.0,3,-38.957026243333,0.0,3,-67.978785716667,0.0,3,-67.634897266667,0.0
622,华安证券上海浦东南路证券营业部,3,2.2300487,33.333333333333,3,0.68354694,66.666666666667,3,1.9926114,66.666666666667,3,0.75088957,33.333333333333,3,-3.84856375,33.333333333333
623,中信证券(山东)青岛连云港路证券营业部,3,-0.023803973333,33.333333333333,3,-1.183086213333,66.666666666667,3,-4.25959684,33.333333333333,3,3.2803997,66.666666666667,2,22.20459122,100.0
624,申万宏源证券上海金山区蒙山路证券营业部,3,-5.492940573333,0.0,3,-9.853067253333,0.0,3,-39.550927596667,0.0,3,-42.68410939,0.0,3,-70.23835708,0.0
625,华泰证券上海虹口区飞虹路证券营业部,3,-1.94510713,0.0,3,-2.5000747,0.0,3,-0.290559553333,33.333333333333,3,6.861206356667,100.0,2,9.13920715,100.0
626,华西证券成都西玉龙街证券营业部,3,-0.05356096,66.666666666667,2,-13.482035115,0.0,2,-14.770135235,0.0,2,-15.770576705,0.0,2,-24.91687837,0.0
627,方正证券杭州文二路证券营业部,3,1.90626336,66.666666666667,3,2.87943913,66.666666666667,3,4.024323416667,66.666666666667,3,2.98049195,66.666666666667,3,2.08696761,66.666666666667
628,广发证券北京阜成门南大街证券营业部,3,3.89823608,100.0,3,2.141030446667,33.333333333333,3,0.577731266667,66.666666666667,2,1.191303265,100.0,2,5.98687992,100.0
629,广发证券厦门湖滨南路证券营业部,3,0.142198816667,66.666666666667,3,0.931702706667,33.333333333333,3,1.85780681,66.666666666667,3,-2.426846833333,33.333333333333,1,-16.20879121,0.0
630,国泰海通证券广州琶洲证券营业部,3,-3.43162389,33.333333333333,3,-6.607513193333,33.333333333333,3,-11.749629963333,0.0,3,-5.061187596667,33.333333333333,3,-18.270891493333,0.0
631,国泰海通证券福州五一北路证券营业部,3,-0.907747316667,33.333333333333,3,-4.972655896667,0.0,3,-3.354767493333,33.333333333333,3,-2.897503556667,33.333333333333,3,2.629764356667,33.333333333333
632,国泰海通证券济南泉城路证券营业部,3,-2.739188966667,0.0,3,-1.943593826667,33.333333333333,3,0.907594226667,66.666666666667,3,-0.634314326667,33.333333333333,1,3.28295987,100.0
633,中信证券嘉兴分公司,3,5.007861203333,66.666666666667,3,10.900096996667,100.0,3,16.8827628,66.666666666667,3,27.395490953333,100.0,3,17.958850493333,66.666666666667
634,中国中金财富证券上海静安区灵石路证券营业部,3,-1.391602066667,33.333333333333,3,-0.00976415,66.666666666667,3,1.201086606667,66.666666666667,3,-2.534233823333,33.333333333333,3,-13.194706283333,33.333333333333
635,中国中金财富证券深圳中金大厦证券营业部,3,0.230549436667,33.333333333333,3,-3.559720383333,33.333333333333,3,-6.45559323,0.0,3,-6.688588293333,33.333333333333,2,-19.37546835,0.0
636,东方证券北京安立路证券营业部,3,-5.50768489,0.0,3,-7.341212783333,0.0,2,-9.570255515,0.0,2,-8.780178405,0.0,2,-11.924345845,0.0
637,东方证券上海长宁区长宁路证券营业部,3,-2.716786063333,0.0,3,-2.275870503333,33.333333333333,3,3.239977883333,66.666666666667,3,13.189235446667,66.666666666667,3,0.771467763333,66.666666666667
638,广发证券福州古田路证券营业部,3,2.81265184,33.333333333333,3,2.432891956667,66.666666666667,3,3.571145173333,100.0,3,2.58320617,33.333333333333,3,0.48690314,33.333333333333
639,中信证券南京洪武北路证券营业部,3,-3.174764346667,33.333333333333,2,2.248087795,100.0,2,3.44321583,50.0,2,1.255404055,50.0,1,-14.43298969,0.0
640,中信证券上海万源路证券营业部,3,-4.073640453333,33.333333333333,3,-11.700222603333,0.0,3,-14.719401066667,0.0,3,-14.400075693333,33.333333333333,1,-8.61380491,0.0
641,中信证券总部(非营业场所),3,-5.155474753333,0.0,3,-2.13002332,66.666666666667,3,-8.054805276667,0.0,3,-8.57756641,0.0,3,-1.475575636667,33.333333333333
642,东兴证券上海肇嘉浜路证券营业部,3,0.977554066667,66.666666666667,3,3.872438353333,33.333333333333,3,5.507519513333,33.333333333333,3,17.151312253333,100.0,3,7.52568314,66.666666666667
643,招商证券深圳福民路证券营业部,3,1.169009613333,66.666666666667,3,5.830296646667,100.0,3,5.848511596667,100.0,3,1.130072763333,66.666666666667,3,-13.670571856667,0.0
644,招商证券广州天河君茂广场证券营业部,3,0.27056277,33.333333333333,3,-0.66979317,66.666666666667,3,-1.208513706667,33.333333333333,3,1.177248676667,66.666666666667,3,-4.96933622,33.333333333333
645,开源证券西安纺织城正街证券营业部,3,-4.029198206667,33.333333333333,3,-13.98191967,0.0,3,-21.419076766667,0.0,3,-29.535069606667,0.0,2,-36.202574525,0.0
646,中信证券北京三里河东路证券营业部,3,6.725238366667,100.0,3,9.314672616667,100.0,3,24.94214935,100.0,3,18.191548846667,66.666666666667,2,39.36973378,100.0
647,国海证券柳州高新三路证券营业部,3,-3.28185328,0.0,2,-2.702702705,0.0,2,-0.04826255,50.0,2,12.017374515,50.0,1,35.71428571,100.0
648,国海证券钦州扬帆北大道证券营业部,3,1.004484046667,33.333333333333,3,0.83707004,66.666666666667,3,-1.940677626667,33.333333333333,3,-12.93917572,0.0,3,4.96617394,66.666666666667
649,国泰海通证券南京广州路证券营业部,3,2.05226478,100.0,3,-0.304558933333,33.333333333333,3,4.534732816667,100.0,3,18.165669146667,100.0,3,18.798004913333,66.666666666667
650,中信建投证券广州黄埔东路证券营业部,3,0.22684106,66.666666666667,3,5.619478256667,66.666666666667,3,11.542418486667,66.666666666667,3,22.32747705,100.0,3,15.6440398,33.333333333333
651,方正证券杭州白石巷证券营业部,3,2.327366836667,66.666666666667,3,1.932481436667,33.333333333333,3,0.429818013333,33.333333333333,3,3.15759962,66.666666666667,3,-5.394129766667,33.333333333333
652,兴业证券深圳东海国际证券营业部,3,0.73036108,33.333333333333,3,-1.72808395,33.333333333333,3,2.83235104,100.0,3,-1.46628514,33.333333333333,2,-6.99178123,0.0
653,江海证券哈尔滨松花江街证券营业部,3,5.720345123333,66.666666666667,3,14.87561761,66.666666666667,3,5.039457343333,66.666666666667,3,-3.393413713333,33.333333333333,3,-23.032356926667,66.666666666667
654,华福证券上海徐汇区宛平南路证券营业部,3,-5.808080806667,0.0,3,-12.87878788,0.0,2,-18.75,0.0,0,0.0,0.0,0,0.0,0.0
655,财通证券杭州新业路证券营业部,3,-4.187220976667,33.333333333333,3,-1.139698476667,33.333333333333,3,1.71807403,66.666666666667,3,0.985437286667,33.333333333333,3,-3.424223223333,33.333333333333
656,中信证券(山东)青岛南京路证券营业部,3,-2.102876806667,66.666666666667,3,-6.39059933,33.333333333333,3,-8.56092495,33.333333333333,3,-9.963686626667,33.333333333333,3,-22.902403866667,33.333333333333
657,广发证券天津西康路证券营业部,3,1.582402476667,66.666666666667,3,-2.421394773333,33.333333333333,3,-5.295324706667,33.333333333333,3,-4.38198275,33.333333333333,2,-7.74944302,0.0
658,国泰海通证券杭州市心北路证券营业部,3,-6.765929956667,0.0,3,-10.423410673333,0.0,3,-12.360106986667,0.0,3,-10.82988911,0.0,3,-21.983045216667,0.0
659,中信证券大连分公司,3,-3.43290651,0.0,3,-5.63669268,33.333333333333,3,-9.718885503333,0.0,3,-10.461156223333,33.333333333333,2,-33.82102575,0.0
660,东海证券洛阳九都东路证券营业部,3,-8.843109133333,0.0,3,-11.96137365,0.0,3,-13.39915903,0.0,3,-12.984326286667,0.0,3,-17.151091386667,0.0
661,国泰海通证券大连成义街证券营业部,3,-15.024703223333,33.333333333333,3,-14.834935263333,33.333333333333,3,-12.456158226667,33.333333333333,3,-10.192194696667,66.666666666667,2,-33.236621535,0.0
662,招商证券北京西直门北大街证券营业部,3,0.868396333333,33.333333333333,3,1.84980483,66.666666666667,3,0.907764566667,66.666666666667,3,-4.90797053,33.333333333333,3,-7.560986253333,33.333333333333
663,长江证券西安太白北路证券营业部,3,0.501060633333,66.666666666667,3,-0.691878023333,66.666666666667,3,-1.920649176667,33.333333333333,3,3.803090293333,100.0,3,-3.67972291,66.666666666667
664,财通证券杭州文二西路证券营业部,3,1.65944514,33.333333333333,3,-0.79119674,33.333333333333,3,-7.566134883333,0.0,2,-9.61724806,0.0,2,-9.18120155,0.0
665,广发证券宁波分公司,3,-3.333333333333,0.0,3,-4.197530863333,0.0,3,-10.37037037,0.0,3,-15.679012343333,0.0,1,-33.7037037,0.0
666,粤开证券南通分公司,3,0.523478056667,66.666666666667,3,1.698978996667,66.666666666667,3,-2.643800466667,0.0,2,14.75931492,100.0,1,3.89781022,100.0
667,国投证券,3,-1.041690803333,33.333333333333,3,-3.991314143333,33.333333333333,3,-4.661717743333,33.333333333333,3,-8.500645803333,0.0,1,-8.19552529,0.0
668,光大证券深圳金田路证券营业部,3,-3.994720066667,33.333333333333,3,-2.95468239,33.333333333333,3,-0.18728827,33.333333333333,3,0.877554966667,66.666666666667,3,-8.809848853333,0.0
669,东北证券长春西安大路证券营业部,3,-5.034103533333,33.333333333333,3,-9.457077936667,33.333333333333,3,-13.501604503333,0.0,2,-11.723800935,50.0,2,-17.98601714,0.0
670,国金证券北京长椿街证券营业部,3,-4.20626106,0.0,3,-3.535306773333,33.333333333333,3,-3.846944743333,33.333333333333,3,-10.91979235,0.0,3,-12.156575826667,0.0
671,广发证券安徽分公司,3,2.048753046667,66.666666666667,3,-1.287427666667,33.333333333333,3,-0.08423999,33.333333333333,3,-3.092042763333,33.333333333333,3,-8.32089847,0.0
672,东海证券南京洪武北路证券营业部,3,-3.014913043333,0.0,3,-2.47268428,33.333333333333,3,-1.550870226667,66.666666666667,3,0.16549435,66.666666666667,2,5.38443779,50.0
673,国泰海通证券南京金融城证券营业部,3,-2.89118424,33.333333333333,3,0.499913396667,66.666666666667,3,-1.70930041,33.333333333333,3,-6.338118916667,33.333333333333,3,-15.678182633333,0.0
674,国元证券杭州密渡桥路证券营业部,3,0.110751396667,33.333333333333,3,-2.927327596667,33.333333333333,3,-0.250209266667,33.333333333333,3,1.296182946667,33.333333333333,3,2.267424603333,66.666666666667
675,信达证券深圳湾科技生态园证券营业部,3,-3.341459046667,0.0,3,-5.283489506667,0.0,3,-2.369586406667,66.666666666667,3,-2.403271,66.666666666667,3,-2.575847293333,33.333333333333
676,广发证券武汉建设大道广发银行大厦证券营业部,3,5.65837857,100.0,3,5.984806416667,66.666666666667,3,3.566028476667,66.666666666667,3,4.224202083333,100.0,2,0.280203545,50.0
677,中信证券(山东)即墨蓝鳌路证券营业部,3,-16.413702786667,33.333333333333,3,-19.15563827,33.333333333333,3,-23.248552523333,0.0,3,-23.702095393333,0.0,2,-36.89516129,0.0
678,广发证券南京水佑岗证券营业部,3,-2.395672223333,0.0,3,-8.401749053333,0.0,2,-1.471766975,0.0,2,-3.00748674,0.0,2,1.680679435,50.0
679,东北证券北京朝阳分公司,3,-1.016511736667,33.333333333333,3,-4.53777576,0.0,3,-6.84344341,0.0,3,-1.501259936667,33.333333333333,3,-9.657024016667,0.0
680,国投证券上海浦东新区樱花路证券营业部,3,0.90539157,33.333333333333,3,-0.01483288,66.666666666667,3,3.124160686667,66.666666666667,3,0.357311086667,33.333333333333,2,10.76731308,100.0
681,国联民生证券宜兴人民南路证券营业部,3,-10.0582765,0.0,3,-17.545728623333,0.0,3,-17.319917696667,0.0,3,-17.470728726667,0.0,3,-26.61693795,0.0
682,国泰海通证券上海浦东新区浦东南路证券营业部,3,-2.695649673333,33.333333333333,3,-5.331808246667,0.0,3,-11.34389562,0.0,3,-18.34838709,0.0,1,-13.7037037,0.0
683,信达证券北京分公司,3,-0.872971466667,33.333333333333,3,-4.081332023333,0.0,3,-4.374838793333,33.333333333333,1,-5.95238095,0.0,1,-13.98809524,0.0
684,华泰证券郑州农业路证券营业部,3,-40.650916383333,0.0,3,-65.650742486667,0.0,3,-65.450937143333,0.0,3,-59.313961706667,33.333333333333,2,-94.944283295,0.0
685,国投证券上海普陀区江宁路证券营业部,3,-6.627656113333,0.0,3,-5.090845766667,0.0,3,-8.863233816667,0.0,3,-5.071417406667,33.333333333333,3,5.114200156667,33.333333333333
686,国投证券福州分公司,3,7.335044436667,100.0,3,6.29075657,33.333333333333,3,4.17260725,33.333333333333,3,-26.270042933333,33.333333333333,3,-23.704965586667,33.333333333333
687,国投证券杭州湖墅南路证券营业部,3,-1.328346703333,33.333333333333,3,0.74449612,33.333333333333,3,2.10192595,33.333333333333,3,4.272632533333,66.666666666667,2,-11.993268255,0.0
688,东兴证券北京北四环中路证券营业部,3,-0.756721603333,66.666666666667,3,0.401194826667,66.666666666667,3,-0.687704296667,33.333333333333,2,1.714486405,50.0,2,4.39050715,50.0
689,华泰证券宜昌西陵一路证券营业部,3,-3.046996046667,33.333333333333,3,-1.933488013333,0.0,2,0.950788345,50.0,2,-0.238891545,50.0,2,1.27090301,50.0
690,信达证券广州番禺富华东路证券营业部,3,-1.911174383333,0.0,3,-0.606113733333,33.333333333333,3,-1.558826406667,33.333333333333,3,-0.838281383333,33.333333333333,3,-6.55620452,0.0
691,光大证券金华宾虹路证券营业部,3,6.629307023333,66.666666666667,3,4.909549653333,66.666666666667,3,1.974233673333,33.333333333333,3,1.56902713,33.333333333333,3,-6.957564046667,33.333333333333
692,华泰证券常州和平北路证券营业部,3,-2.23903728,33.333333333333,3,-6.083243763333,0.0,3,-8.384852753333,0.0,3,-8.82137661,0.0,3,-13.17724198,0.0
693,国信证券深圳科技园分公司,3,-5.504610676667,0.0,3,-9.172370893333,0.0,3,-9.9609089,0.0,3,-12.67574638,0.0,2,-15.980993235,0.0
694,东方证券上海杨浦区控江路证券营业部,3,6.3699557,33.333333333333,3,8.564289223333,66.666666666667,3,10.371697213333,66.666666666667,3,10.665235533333,66.666666666667,3,14.863766183333,100.0
695,光大证券成都红星路证券营业部,3,-1.83065995,33.333333333333,3,-3.78406295,0.0,3,-2.586341983333,0.0,1,-6.37450199,0.0,1,-9.03054449,0.0
696,国泰海通证券儋州中兴大道证券营业部,3,-5.724982246667,0.0,3,-9.841408713333,0.0,3,-10.60111207,0.0,3,-12.87196321,0.0,3,-21.38842556,0.0
697,中国中金财富证券东莞分公司,3,-4.039413193333,0.0,3,-6.33679053,0.0,3,-9.197812676667,0.0,3,-10.370935993333,0.0,3,-11.76957781,0.0
698,招商证券上海长宁区江苏路证券营业部,3,0.946531456667,66.666666666667,3,4.203216183333,33.333333333333,3,12.338398123333,33.333333333333,3,24.213797926667,66.666666666667,3,10.36684844,66.666666666667
699,光大证券佛山绿景路证券营业部,3,-2.132119736667,33.333333333333,3,-6.680515143333,33.333333333333,3,-7.775375043333,0.0,3,-10.264617353333,0.0,3,-16.79326885,0.0
700,国泰海通证券上海浦东新区崮山路证券营业部,3,1.57924081,66.666666666667,3,-0.38437994,33.333333333333,3,1.56373505,66.666666666667,3,-0.208757536667,33.333333333333,3,-3.533203123333,33.333333333333
701,中银国际证券深圳中心四路证券营业部,3,3.724474193333,66.666666666667,3,-0.994852853333,66.666666666667,3,-0.264659793333,33.333333333333,3,-1.960961053333,0.0,2,6.31034387,100.0
702,中信证券上海徐汇区漕溪北路证券营业部,3,-0.338230606667,33.333333333333,3,-3.864806273333,33.333333333333,3,-2.726986053333,33.333333333333,2,-18.53878756,0.0,2,-26.67145387,0.0
703,财信证券娄底湘中大道证券营业部,3,-1.893822966667,33.333333333333,3,-4.940457693333,33.333333333333,3,-0.378143826667,33.333333333333,3,-4.91845931,33.333333333333,2,-8.110091935,0.0
704,民生证券北京第一分公司,3,-0.303245676667,33.333333333333,3,-7.553143373333,0.0,3,-11.625853416667,0.0,3,-13.06885486,0.0,2,-10.220973055,0.0
705,东方证券上海徐汇区云锦路证券营业部,3,4.675952303333,66.666666666667,3,3.742150753333,66.666666666667,3,5.305896976667,66.666666666667,3,17.221341833333,66.666666666667,3,20.49596405,66.666666666667
706,中信证券华南惠州麦地路证券营业部,3,1.86826524,66.666666666667,3,-1.35556519,33.333333333333,3,-5.919887606667,33.333333333333,3,-12.170632983333,33.333333333333,3,-8.896402906667,33.333333333333
707,方正证券杭州滨江通和路证券营业部,3,-6.23612468,0.0,3,-9.452074173333,0.0,3,-12.992468653333,0.0,3,-16.23516121,0.0,2,-13.988764045,0.0
708,招商证券沈阳兴工街证券营业部,3,-2.053129326667,33.333333333333,3,-2.65778923,33.333333333333,3,-3.750777173333,33.333333333333,3,-2.752995883333,33.333333333333,2,8.16166674,100.0
709,中国中金财富证券厦门分公司,3,-1.37452046,66.666666666667,3,-2.787365023333,0.0,3,-3.526361226667,33.333333333333,3,-10.172846506667,0.0,1,-17.13120326,0.0
710,国泰海通证券深圳滨海大道创投大厦证券营业部,3,-0.736670933333,33.333333333333,3,-1.511548423333,33.333333333333,3,-3.62529498,0.0,3,-1.480532936667,33.333333333333,3,-14.170506273333,0.0
711,中国中金财富证券南京汉中路证券营业部,3,-2.053273313333,33.333333333333,3,-2.275236106667,33.333333333333,3,-5.602435906667,33.333333333333,3,-5.758196223333,0.0,3,-5.563167173333,33.333333333333
712,华安证券北京东三环中路证券营业部,3,-1.216333933333,33.333333333333,3,-1.661388993333,66.666666666667,3,-0.31027859,33.333333333333,2,-3.979341875,50.0,2,-5.28179918,50.0
713,广发证券江西分公司,3,-6.465754053333,0.0,3,-7.638995406667,0.0,2,-2.96589931,0.0,2,-3.045640285,0.0,2,3.367052505,50.0
714,东莞证券厦门分公司,3,-1.41742284,33.333333333333,3,0.529081903333,66.666666666667,3,-3.452455523333,66.666666666667,3,-29.603269866667,33.333333333333,3,-30.424066496667,33.333333333333
715,东吴证券苏州吴中区木渎镇证券营业部,3,-4.53566684,0.0,3,-9.27162484,0.0,3,-40.16366805,0.0,3,-46.097596933333,0.0,3,-94.178931463333,0.0
716,中山证券南通黄海路证券营业部,3,0.35854084,33.333333333333,3,-1.26413978,66.666666666667,3,-3.65906991,66.666666666667,3,-2.768394623333,66.666666666667,3,-6.795717916667,0.0
717,平安证券深圳蛇口招商路招商大厦证券营业部,3,-0.033642923333,33.333333333333,3,0.15609583,33.333333333333,3,-0.40697538,33.333333333333,3,0.07887849,33.333333333333,3,-8.61194472,33.333333333333
718,中信证券丽水寿尔福路证券营业部,3,-1.33511146,33.333333333333,3,-4.340033826667,33.333333333333,3,-7.53675514,0.0,3,-6.069260126667,66.666666666667,3,-15.489634833333,0.0
719,中信建投证券重庆龙山路证券营业部,3,4.195505033333,33.333333333333,3,5.477867266667,33.333333333333,3,3.68304215,66.666666666667,3,0.070351903333,33.333333333333,3,5.515658923333,33.333333333333
720,东吴证券张家港金港镇证券营业部,3,5.268168096667,100.0,3,12.546887496667,100.0,3,17.255114413333,100.0,2,26.073446325,100.0,0,0.0,0.0
721,国金证券成都天府大道证券营业部,3,-0.432536473333,33.333333333333,3,-4.05858729,33.333333333333,3,-5.995998613333,33.333333333333,3,-7.68189439,33.333333333333,2,-8.797478275,50.0
722,国信证券湖北分公司,3,-11.452189693333,33.333333333333,2,-11.330713515,50.0,1,13.91585761,100.0,1,15.96548004,100.0,1,16.93635383,100.0
723,平安证券广西分公司,3,-0.958157526667,33.333333333333,3,-3.716596343333,33.333333333333,3,-7.403305206667,33.333333333333,2,-19.462025315,0.0,1,-16.28691983,0.0
724,万联证券广州寺右新马路证券营业部,3,-6.250751973333,0.0,3,-4.77252085,0.0,3,-5.530096606667,0.0,3,-5.75846043,33.333333333333,2,-5.54867476,50.0
725,中信证券临安万马路证券营业部,3,-2.145997216667,33.333333333333,3,-9.42855655,33.333333333333,3,-9.373735726667,33.333333333333,3,-13.169671263333,33.333333333333,2,-20.006210025,0.0
726,中信建投证券客户资产管理部,3,-1.54715908,66.666666666667,3,-4.332497726667,33.333333333333,2,-10.528567725,0.0,1,-7.96420582,0.0,1,-17.18120805,0.0
727,财通证券安吉体育场证券营业部,3,1.33366949,66.666666666667,3,3.152011233333,33.333333333333,3,3.050678186667,33.333333333333,3,3.634410976667,33.333333333333,3,-9.53331332,33.333333333333
728,东方证券上海分公司,3,7.69403544,100.0,3,8.536931233333,66.666666666667,3,8.782458723333,100.0,3,15.87568445,100.0,1,21.2962963,100.0
729,华安证券上海分公司,3,-2.049469256667,33.333333333333,3,-7.51372039,0.0,3,-6.958290786667,0.0,3,-12.71205053,0.0,2,-16.15867446,0.0
730,华福证券泉州笋江路证券营业部,3,16.66923982,100.0,3,21.11250758,66.666666666667,3,20.096004303333,66.666666666667,3,53.401057253333,100.0,3,65.73220754,100.0
731,国金证券成都东城根街证券营业部,3,-7.42811961,33.333333333333,3,-16.004887866667,0.0,3,-15.051913616667,0.0,3,-13.975704426667,33.333333333333,3,-19.74067152,0.0
732,申万宏源证券湘潭建设北路证券营业部,3,3.879302186667,66.666666666667,3,1.781362503333,66.666666666667,3,7.804538816667,66.666666666667,3,12.393373506667,66.666666666667,3,1.573980066667,66.666666666667
733,平安证券北京望京证券营业部,3,-3.205329463333,33.333333333333,3,-7.9148602,0.0,3,-7.81463175,0.0,3,-7.953512243333,33.333333333333,2,-48.68109841,0.0
734,平安证券南通工农南路证券营业部,3,-6.32002117,33.333333333333,3,-3.446147583333,66.666666666667,3,-5.67222846,66.666666666667,3,-4.816463596667,66.666666666667,3,-9.16959556,33.333333333333
735,华泰证券泰兴国庆西路证券营业部,3,0.58352923,33.333333333333,3,5.864364926667,100.0,3,-3.454185256667,0.0,3,-3.040873896667,33.333333333333,2,14.926658625,100.0
736,国泰海通证券厦门展鸿路证券营业部,3,-0.21040097,33.333333333333,3,-2.010587183333,33.333333333333,3,-2.388626723333,33.333333333333,3,-5.682974663333,33.333333333333,3,-3.308412006667,33.333333333333
737,中信建投证券常州分公司,3,1.620663533333,33.333333333333,3,-4.321274813333,33.333333333333,3,-6.21255346,33.333333333333,3,-8.090988206667,33.333333333333,3,-18.70504462,0.0
738,申万宏源证券嘉善体育南路证券营业部,3,0.665483583333,33.333333333333,3,-1.811594203333,0.0,3,-3.867199053333,0.0,3,-9.190246146667,0.0,1,-28.30523514,0.0
739,光大证券南通工农路证券营业部,3,-1.391602066667,33.333333333333,3,-0.00976415,66.666666666667,3,1.201086606667,66.666666666667,3,-2.534233823333,33.333333333333,3,-13.194706283333,33.333333333333
740,光大证券宁波湾头路证券营业部,3,7.100723976667,100.0,3,9.61071211,66.666666666667,3,8.88967639,66.666666666667,3,17.282413533333,66.666666666667,2,13.605667095,100.0
741,申万宏源证券深圳深南大道证券营业部,3,6.357007353333,66.666666666667,3,6.035429596667,33.333333333333,3,2.940184103333,66.666666666667,3,1.339937453333,66.666666666667,1,0.14958863,100.0
742,中国银河证券杭州市民街证券营业部,3,0.95837942,66.666666666667,3,6.731722523333,33.333333333333,2,11.121677945,50.0,2,15.205215865,50.0,2,8.63867539,100.0
743,兴业证券武汉街道口证券营业部,3,-0.217600706667,33.333333333333,3,-3.143741926667,33.333333333333,3,-6.902812576667,33.333333333333,3,-12.14105299,0.0,3,-10.561134896667,0.0
744,五矿证券东莞汇金路证券营业部,3,-0.94061613,66.666666666667,3,-1.530698713333,66.666666666667,3,1.67017999,66.666666666667,3,-2.83382701,66.666666666667,3,-9.49728066,0.0
745,国融证券杭州市心北路证券营业部,3,-0.814687623333,33.333333333333,3,-3.37579708,33.333333333333,3,-5.975607293333,33.333333333333,2,-14.010103205,0.0,2,-16.989906665,0.0
746,华泰证券盐城分公司,3,-5.371088536667,0.0,3,-8.440002426667,0.0,3,-12.806345296667,0.0,3,-15.779844546667,0.0,3,-16.123628376667,33.333333333333
747,中山证券张家港人民东路证券营业部,3,3.256483136667,66.666666666667,3,8.04958027,100.0,3,10.739142133333,66.666666666667,3,2.657199783333,33.333333333333,2,15.389924085,100.0
748,中国银河证券江阴虹桥北路证券营业部,3,-2.405714213333,33.333333333333,3,1.290292243333,33.333333333333,3,2.6271721,66.666666666667,3,0.24164944,33.333333333333,2,-16.498271735,0.0
749,中国中金财富证券宁波狮子街证券营业部,3,3.991058116667,66.666666666667,3,6.457489436667,66.666666666667,3,3.6459974,66.666666666667,3,3.682465346667,66.666666666667,3,-1.79791239,33.333333333333
750,国投证券深圳深南大道本元大厦证券营业部,3,-0.97620105,33.333333333333,3,-6.436825313333,0.0,3,-10.784849793333,0.0,2,-19.25214776,0.0,2,-19.70789551,0.0
751,华泰证券深圳益田路证券营业部,3,2.507505673333,66.666666666667,3,11.514031473333,66.666666666667,3,10.719385356667,66.666666666667,3,19.508262783333,66.666666666667,3,40.784958933333,66.666666666667
752,中信证券北京京城大厦证券营业部,3,5.553133586667,66.666666666667,3,-1.48582509,33.333333333333,3,-12.126087013333,33.333333333333,3,-12.523190416667,33.333333333333,2,-28.239387535,0.0
753,招商证券上海闵行区龙茗路证券营业部,3,-3.81032262,0.0,3,-4.627789863333,33.333333333333,3,-10.854453746667,0.0,3,-15.82095146,0.0,3,-12.719420236667,33.333333333333
754,渤海证券青岛分公司,3,12.39607127,100.0,3,12.960044476667,66.666666666667,3,5.652658496667,100.0,3,-9.209986983333,33.333333333333,3,-29.396582886667,0.0
755,中国银河证券中山火炬开发区德仲证券营业部,3,2.289369656667,100.0,3,12.072221613333,100.0,3,9.744512146667,66.666666666667,3,21.008666946667,100.0,2,14.22028735,50.0
756,中国银河证券台州黄岩委羽街证券营业部,3,0.634970006667,66.666666666667,3,-2.8468042,33.333333333333,3,-0.903426193333,33.333333333333,3,0.155191043333,33.333333333333,3,-11.911585096667,0.0
757,东海证券长沙潇湘南路证券营业部,3,-1.290990483333,33.333333333333,3,0.427444946667,66.666666666667,3,-0.983357846667,33.333333333333,3,-5.843772553333,0.0,3,-10.82875161,0.0
758,东方财富证券长春人民大街证券营业部,3,0.78365392,33.333333333333,3,10.106876556667,66.666666666667,3,14.22503145,66.666666666667,3,25.18222186,66.666666666667,3,32.280495836667,66.666666666667
759,华鑫证券江苏分公司,3,-7.47277136,0.0,3,-10.773310996667,0.0,3,-11.630944823333,0.0,3,-14.83883787,0.0,3,-8.80575305,0.0
760,光大证券上海浦东新区世纪大道证券营业部,3,0.217724363333,33.333333333333,3,-0.22234495,33.333333333333,3,0.31264349,33.333333333333,3,-0.597991973333,33.333333333333,3,6.239225166667,66.666666666667
761,华泰证券南京分公司,3,-10.01507834,0.0,3,-13.289155466667,0.0,2,-17.67469429,0.0,2,-20.47941475,0.0,2,-27.111656965,0.0
762,开源证券江苏分公司,3,-1.187084516667,33.333333333333,3,-2.564102563333,0.0,2,-5.555555555,0.0,1,0.0,0.0,0,0.0,0.0
763,国泰海通证券芜湖文化路证券营业部,3,-4.925082713333,66.666666666667,3,-8.14994761,66.666666666667,3,-28.631259673333,33.333333333333,3,-27.204852313333,66.666666666667,3,-34.878864966667,0.0
764,华金证券上海分公司,3,9.99242072,100.0,3,10.964999913333,100.0,3,3.293282206667,66.666666666667,2,7.71549074,50.0,2,11.200409895,100.0
765,中银国际证券苏州分公司,3,1.34184244,66.666666666667,3,1.005427413333,33.333333333333,3,1.93942392,33.333333333333,3,-2.684862123333,33.333333333333,3,-9.080810956667,33.333333333333
766,中天证券杭州庆春路证券营业部,3,-1.010729746667,66.666666666667,3,-7.061501186667,0.0,3,-8.576120353333,0.0,3,-8.741749843333,33.333333333333,3,-12.735268693333,0.0
767,东方证券拉萨金珠西路证券营业部,3,4.3066718,100.0,3,1.461528556667,66.666666666667,3,2.14191531,66.666666666667,3,7.053956506667,66.666666666667,3,11.564322256667,100.0
768,国泰海通证券曲靖翠峰东路证券营业部,3,3.59866135,33.333333333333,3,0.671485056667,33.333333333333,3,0.566375026667,33.333333333333,3,-12.612372096667,0.0,3,-4.813840606667,33.333333333333
769,华林证券广西分公司,3,-4.62962963,0.0,2,-6.944444445,0.0,2,-8.333333335,0.0,0,0.0,0.0,0,0.0,0.0
770,中泰证券电子商务分公司,3,-4.229372393333,33.333333333333,3,-10.26001601,0.0,3,-13.924458676667,0.0,3,-16.868009336667,0.0,3,-22.00162604,33.333333333333
771,中邮证券江苏分公司,3,7.235917243333,66.666666666667,3,-0.421707396667,33.333333333333,3,1.640045016667,66.666666666667,3,2.55184738,33.333333333333,3,4.537342083333,33.333333333333
772,华安证券郑州陇海路证券营业部,3,-3.069215593333,33.333333333333,3,-6.068107673333,0.0,3,-8.40586212,0.0,3,-14.986287853333,0.0,3,-25.50007715,0.0
773,湘财证券北京北四环东路证券营业部,3,0.958041306667,100.0,3,0.71689064,66.666666666667,3,1.24275447,33.333333333333,3,-4.16101845,33.333333333333,2,-3.85492734,0.0
774,中国银河证券江苏分公司,3,1.40326957,66.666666666667,3,0.792768343333,33.333333333333,3,1.687799106667,33.333333333333,3,-11.539968673333,33.333333333333,3,-6.508290706667,33.333333333333
775,中泰证券深圳分公司,3,0.726004756667,66.666666666667,3,-5.083329206667,0.0,3,-3.52981057,33.333333333333,3,4.59135175,33.333333333333,3,-0.161508713333,66.666666666667
776,中泰证券湖北分公司,3,-0.07514761,33.333333333333,3,-3.33355094,0.0,3,-2.662009836667,33.333333333333,3,-4.845787816667,0.0,3,-0.360650503333,33.333333333333
777,华泰证券安徽分公司,3,9.98077297,100.0,3,7.929175546667,66.666666666667,3,8.13572389,66.666666666667,2,4.22852268,100.0,1,22.32480067,100.0
778,华泰证券北京分公司,3,-4.838296026667,0.0,3,-10.71009871,0.0,3,-14.478675836667,0.0,3,-19.124870396667,0.0,2,-8.815409425,0.0
779,申万宏源证券温州分公司,3,-5.448811736667,0.0,3,-6.48625947,0.0,3,-8.84775875,0.0,3,-10.68560714,0.0,3,-13.535689343333,0.0
780,国投证券宁波分公司,3,5.928902913333,100.0,3,5.005853993333,33.333333333333,3,9.482521826667,33.333333333333,3,5.369036306667,66.666666666667,1,-11.84479238,0.0
781,东海证券上海静安区新闸路证券营业部,3,-6.195119656667,33.333333333333,3,-5.98107375,33.333333333333,3,-8.882412513333,0.0,3,-9.538366936667,0.0,3,-11.606693566667,0.0
782,中信证券北京中关村证券营业部,3,1.994706366667,33.333333333333,3,4.968137206667,33.333333333333,3,4.546169956667,33.333333333333,3,-4.192037096667,33.333333333333,2,-10.611146845,50.0
783,中国银河证券如皋健康路证券营业部,3,-3.406314933333,33.333333333333,3,-7.145780203333,0.0,3,-7.21789836,33.333333333333,2,-1.51423045,50.0,2,2.782536615,50.0
784,方正证券上海浦东新区成山路证券营业部,3,3.354396026667,66.666666666667,2,0.992633715,50.0,2,9.03568322,50.0,2,25.884547695,50.0,2,27.16542982,50.0
785,招商证券北京中关村南大街证券营业部,3,-8.015780286667,0.0,3,-12.739629753333,33.333333333333,3,-13.79969336,33.333333333333,3,-14.25794979,33.333333333333,3,-19.071154036667,33.333333333333
786,麦高证券成都丽都路证券营业部,3,10.745559373333,100.0,3,8.81873054,66.666666666667,3,4.644935853333,66.666666666667,3,1.194992736667,33.333333333333,3,-6.460873116667,33.333333333333
787,国联民生证券苏州分公司,3,-5.914854136667,33.333333333333,3,-6.031341593333,0.0,3,-10.863958926667,0.0,3,0.543148756667,33.333333333333,3,-4.6050075,33.333333333333
788,招商证券上海浦东新区长柳路证券营业部,3,0.032975873333,66.666666666667,3,-2.97002805,33.333333333333,3,-2.217662663333,33.333333333333,3,-3.676242063333,33.333333333333,2,-2.650458405,50.0
789,中国中金财富证券株洲珠江北路证券营业部,3,1.161025243333,66.666666666667,2,-7.04450485,50.0,2,-12.486094075,0.0,2,-19.086803425,0.0,1,5.13480392,100.0
790,中信证券杭州庆春东路证券营业部,3,0.247328773333,33.333333333333,3,-0.598716606667,33.333333333333,3,0.66180555,33.333333333333,3,-3.41699845,33.333333333333,3,-9.720473243333,0.0
791,中信建投证券北京北四环东路证券营业部,3,6.54870658,66.666666666667,3,9.97523738,66.666666666667,3,8.435300626667,66.666666666667,3,8.38811869,66.666666666667,1,17.5136612,100.0
792,国投证券福州长乐中路证券营业部,3,-4.830793206667,33.333333333333,3,-10.42612014,0.0,3,-12.343670083333,0.0,3,-15.339460073333,0.0,3,-8.92639506,0.0
793,开源证券上海分公司,3,4.304365086667,66.666666666667,3,6.410033996667,66.666666666667,3,9.23663519,33.333333333333,3,2.28953354,33.333333333333,2,1.51134803,50.0
794,兴业证券绍兴分公司,3,5.320810583333,66.666666666667,3,0.820224073333,33.333333333333,3,7.78791781,66.666666666667,3,-1.280245606667,66.666666666667,3,-4.728385616667,66.666666666667
795,国泰海通证券义乌丹溪北路证券营业部,3,2.277739473333,66.666666666667,3,3.544206243333,100.0,3,11.522297903333,100.0,3,9.450502293333,100.0,3,-2.836630413333,66.666666666667
796,东北证券盐城腾飞路证券营业部,3,-2.848171906667,33.333333333333,3,-2.721852323333,33.333333333333,3,3.520451386667,66.666666666667,3,1.53792576,33.333333333333,3,-6.282117113333,33.333333333333
797,国元证券合肥天达路证券营业部,3,12.67081156,100.0,3,12.922027286667,66.666666666667,3,13.833116573333,66.666666666667,3,25.06758713,100.0,3,44.909547373333,100.0
798,长江证券上海文诚路证券营业部,3,0.0,0.0,2,-1.923076925,0.0,2,-1.923076925,0.0,1,0.0,0.0,1,-6.66666667,0.0
799,财通证券丽水缙云仙都路证券营业部,3,6.267806266667,66.666666666667,2,9.615384615,50.0,2,18.08731809,100.0,2,28.846153845,50.0,1,61.53846154,100.0
800,东方财富证券上海徐汇区云锦路证券营业部,3,-0.078974816667,66.666666666667,3,-1.16192422,66.666666666667,3,0.284474116667,66.666666666667,3,4.420724936667,66.666666666667,3,13.254689416667,66.666666666667
801,国都证券苏州苏州大道西证券营业部,3,-5.845225753333,33.333333333333,3,-8.242538943333,33.333333333333,3,-6.427743793333,33.333333333333,3,-10.659298976667,0.0,2,-20.885306475,0.0
802,中国银河证券厦门自贸金融中心证券营业部,3,-1.91982408,33.333333333333,3,-2.200666653333,33.333333333333,3,-1.523833973333,33.333333333333,3,3.047588366667,66.666666666667,3,-3.682064166667,66.666666666667
803,国泰海通证券绵阳剑南路证券营业部,3,-1.055028833333,66.666666666667,3,-4.757429096667,33.333333333333,3,-10.3236699,0.0,3,-1.833619756667,33.333333333333,2,-18.6951197,0.0
804,财通证券金华分公司,3,-38.216077326667,0.0,3,-62.775617246667,0.0,3,-62.336476846667,33.333333333333,3,-64.15033612,0.0,3,-65.36920299,0.0
805,国融证券上海分公司,3,4.834699573333,66.666666666667,3,10.186415,100.0,3,4.562182863333,66.666666666667,3,2.282897376667,66.666666666667,3,-8.58653215,33.333333333333
806,浙商证券金华分公司,3,-1.679453696667,33.333333333333,3,-7.88545093,33.333333333333,3,-3.022124963333,66.666666666667,3,-7.646554953333,66.666666666667,3,-2.485160953333,33.333333333333
807,国元证券浙江分公司,3,-4.933522426667,33.333333333333,3,-7.462517703333,0.0,3,-5.187883523333,0.0,2,-9.92093179,0.0,2,-12.956340155,0.0
808,华西证券合肥长江西路证券营业部,3,-3.04621427,33.333333333333,3,-1.93462154,33.333333333333,3,3.902849763333,66.666666666667,3,4.315315223333,33.333333333333,3,6.223185773333,66.666666666667
809,汇丰前海证券深圳前海证券营业部,3,-2.976179576667,33.333333333333,3,-4.861031556667,33.333333333333,3,-9.826678396667,33.333333333333,3,-11.681281533333,33.333333333333,3,-11.129953436667,33.333333333333
810,中国银河证券南京双龙大道证券营业部,3,0.21840128,66.666666666667,3,5.444933453333,66.666666666667,3,17.51908888,33.333333333333,3,21.95251862,33.333333333333,3,-5.838364023333,33.333333333333
811,兴业证券深圳益田路证券营业部,3,8.891191903333,100.0,3,10.677239273333,100.0,2,12.96290915,100.0,2,6.55889255,50.0,2,24.38131426,100.0
812,光大证券广州金融城证券营业部,2,-2.27817746,0.0,1,-7.24220624,0.0,1,-7.57793765,0.0,1,-10.11990408,0.0,1,-4.71067679,0.0
813,平安证券苏州苏绣路证券营业部,2,-2.939087885,50.0,2,0.73584647,50.0,2,4.658499015,50.0,2,12.64010522,50.0,2,0.764758985,50.0
814,兴业证券杭州萧山帆影路证券营业部,2,-7.49285046,0.0,2,-10.380200935,0.0,2,-12.55268336,0.0,2,-15.40544453,0.0,2,-13.422164575,0.0
815,平安证券贵阳诚信北路证券营业部,2,-8.552898715,0.0,2,-14.6886984,0.0,2,-20.57297541,0.0,2,-24.32523122,0.0,2,-25.044270245,0.0
816,平安证券上海锦康路证券营业部,2,4.121027735,100.0,2,3.19592245,100.0,2,6.191130355,100.0,2,0.19620667,50.0,2,-5.726744005,50.0
817,华鑫证券杭州分公司,2,-9.02631928,0.0,2,-7.626291355,0.0,2,-12.483352825,0.0,2,-13.863794255,0.0,2,7.384562455,100.0
818,国泰海通证券杭州金华南路证券营业部,2,6.917713555,100.0,2,2.99564742,50.0,2,5.0776657,50.0,2,3.075066525,100.0,2,-8.95269922,0.0
819,国泰海通证券深圳滨河大道证券营业部,2,9.442029185,100.0,2,7.94816071,100.0,2,0.2418147,50.0,2,8.89592135,50.0,2,38.81086301,100.0
820,东亚前海证券广东分公司,2,0.81098916,50.0,2,3.90183616,100.0,2,4.992416875,50.0,2,-2.199395665,50.0,1,-5.73770492,0.0
821,广发证券重庆光环中心证券营业部,2,4.2223225,50.0,2,3.629721865,50.0,2,0.521122405,50.0,2,0.223730045,50.0,2,6.851574545,50.0
822,广发证券北京善缘街证券营业部,2,-5.245613905,0.0,2,-6.398333835,0.0,2,-5.56895923,0.0,1,-9.90439771,0.0,1,-9.40726577,0.0
823,广发证券厦门环岛东路证券营业部,2,1.047025745,50.0,1,-6.7565629,0.0,1,1.77879788,100.0,1,-1.19064697,0.0,1,6.72787262,100.0
824,浙商证券湖南分公司,2,-10.00963391,0.0,2,-14.67886962,0.0,2,-13.54440086,0.0,2,-13.327958575,0.0,1,-19.54247742,0.0
825,国信证券成都锦东路证券营业部,2,6.50099242,50.0,2,15.489023495,50.0,2,8.048012595,50.0,2,1.64904266,50.0,2,5.975052615,50.0
826,平安证券嘉兴中环南路证券营业部,2,-6.85104366,0.0,2,-5.848334875,0.0,2,-10.095579695,0.0,1,-14.09147095,0.0,1,-16.44004944,0.0
827,国信证券广州丰乐南路证券营业部,2,-7.553132415,0.0,2,-11.85908762,0.0,2,-15.844986285,0.0,2,-17.54286772,0.0,1,-6.47887324,0.0
828,平安证券绵阳火炬北街证券营业部,2,-5.485492495,0.0,2,-10.962991595,0.0,2,-10.243687245,0.0,2,-12.17950534,0.0,2,-15.063400775,0.0
829,国金证券海南分公司,2,-1.3394291,50.0,2,0.127249895,50.0,2,4.90224756,50.0,2,3.82060671,50.0,2,-1.783629785,50.0
830,东莞证券成都高升桥路证券营业部,2,-4.333132865,0.0,2,-10.71952133,0.0,2,-13.872178685,0.0,2,-13.046548995,50.0,0,0.0,0.0
831,中国中金财富证券北京建国门外大街证券营业部,2,-5.325697165,0.0,2,-8.08595427,0.0,2,-7.889704345,0.0,1,-12.99200947,0.0,1,-14.53092631,0.0
832,申港证券上海浦东新区东方路证券营业部,2,9.998181165,100.0,2,21.0094031,100.0,2,26.158062035,100.0,2,46.39196541,100.0,1,79.09252772,100.0
833,广发证券海口国兴大道证券营业部,2,-0.960792375,50.0,2,1.92537203,50.0,2,4.590597245,50.0,2,9.5629118,50.0,2,-0.67439683,50.0
834,开源证券上海自由贸易试验区分公司,2,9.97919248,100.0,2,25.77501393,100.0,2,32.322082455,100.0,2,36.1979812,100.0,2,51.14121248,100.0
835,华鑫证券广州分公司,2,3.426448925,50.0,2,3.426718275,100.0,2,1.79887895,50.0,2,-1.401043475,50.0,2,-9.632655145,0.0
836,信达证券上海浦东新区源深路证券营业部,2,0.472943515,50.0,2,0.12138936,50.0,2,-3.442666535,0.0,2,0.30578727,50.0,2,-9.287496285,0.0
837,华林证券深圳分公司,2,-0.833126295,50.0,2,-4.087784675,0.0,2,-3.736645965,50.0,2,-4.83146998,50.0,2,-0.40993789,50.0
838,东莞证券武汉营业部,2,6.879486075,100.0,2,7.470429835,100.0,2,7.84220173,50.0,2,9.87619727,50.0,2,6.63279184,50.0
839,国融证券深圳深南大道大冲商务中心证券营业部,2,7.998429985,100.0,2,6.937504725,100.0,2,13.36858239,100.0,2,22.03291426,100.0,2,12.393671785,100.0
840,广发证券镇江长江路证券营业部,2,-1.848684985,0.0,2,-5.01104971,0.0,2,-4.941058865,0.0,2,8.767318695,100.0,2,19.559668425,100.0
841,兴业证券咸阳分公司,2,-4.26469837,0.0,2,-7.50244074,0.0,2,-3.303455545,50.0,2,-5.75170568,50.0,1,-2.55804801,0.0
842,华福证券绍兴分公司,2,-2.409638555,0.0,2,-5.440774505,0.0,2,-7.78398766,50.0,2,0.33976209,50.0,0,0.0,0.0
843,国金证券西安朱雀大街证券营业部,2,-7.46418669,50.0,2,-11.484188365,50.0,2,-14.860093215,0.0,2,-16.53361492,0.0,1,-25.75092421,0.0
844,国泰海通证券深圳前海分公司,2,-8.185706345,0.0,2,-11.96613334,0.0,2,-17.810146765,0.0,2,-16.550582605,0.0,2,-20.67381855,0.0
845,东莞证券武汉硚口路证券营业部,2,5.803262235,50.0,2,7.38273191,100.0,2,-0.799958095,50.0,2,-7.035221875,0.0,2,-1.818392185,50.0
846,东吴证券上海浦东新区银城中路证券营业部,2,-2.62812397,0.0,2,-9.634792285,0.0,2,-12.421397955,0.0,2,-11.10443455,0.0,1,-1.41773821,0.0
847,广发证券青岛武夷山路证券营业部,2,5.65133069,50.0,2,7.99471466,50.0,2,0.091828615,50.0,2,-3.93362222,50.0,2,-8.66588952,0.0
848,国泰海通证券上海青浦区佳杰路证券营业部,2,0.532335805,50.0,2,2.297804835,50.0,2,-1.21892817,50.0,2,-4.44720439,50.0,2,5.948314895,50.0
849,开源证券西安柿园路证券营业部,2,6.76728633,100.0,2,8.026989975,50.0,2,13.754715035,100.0,2,10.177723135,100.0,2,22.913153185,100.0
850,中航证券有限公司泉州营业部,2,-0.6603303,50.0,2,3.33889076,100.0,2,-3.07133572,0.0,2,4.426852075,50.0,2,0.87270833,50.0
851,国信证券,2,-1.440940875,50.0,2,-6.181523745,0.0,2,-5.89821864,50.0,2,-10.221785825,0.0,0,0.0,0.0
852,招商证券,2,-2.17638985,0.0,2,-5.553603425,50.0,2,-6.2629565,0.0,2,-10.22149057,0.0,2,-11.895444415,0.0
853,华泰证券,2,-3.29363834,0.0,2,-5.611899085,50.0,2,-7.223390235,0.0,2,-11.077569975,0.0,1,-8.19552529,0.0
854,中泰证券,2,0.70546737,50.0,1,-2.70429159,0.0,1,-2.23398001,0.0,1,-5.23221634,0.0,1,-2.70429159,0.0
855,申万宏源证券上海松江区人民北路证券营业部,2,-1.140065145,0.0,2,-0.3257329,0.0,2,3.170466885,50.0,2,-3.984799135,0.0,1,9.12052117,100.0
856,华泰证券广州云城东路证券营业部,2,3.76290281,50.0,2,2.506479025,50.0,2,4.56949907,50.0,2,8.38205057,50.0,2,-9.42857217,0.0
857,光大证券海口国贸大道证券营业部,2,-7.17012667,0.0,2,-5.424136775,50.0,2,-3.49936696,50.0,2,-3.3063462,50.0,2,-3.253045675,50.0
858,华泰证券南京郑和中路证券营业部,2,-4.103852425,0.0,2,-6.52190644,0.0,2,-8.072651205,0.0,2,-10.33614652,0.0,2,5.933090035,50.0
859,中信建投证券郴州解放路证券营业部,2,-3.88495575,0.0,2,-9.80235988,0.0,2,-13.097345135,0.0,2,-10.769911505,0.0,2,-10.687315635,0.0
860,中信建投证券上海宝山区华灵路证券营业部,2,9.609462725,50.0,2,3.90854551,50.0,1,-5.28350515,0.0,1,1.03092784,100.0,1,-15.20618557,0.0
861,中信建投证券上海杨浦区控江路证券营业部,2,14.99142139,100.0,2,27.57358272,100.0,1,25.61983471,100.0,1,7.02479339,100.0,1,28.09917355,100.0
862,中信建投证券泰州海陵南路证券营业部,2,-12.510783985,0.0,2,-3.827964265,0.0,2,-2.299055345,0.0,2,12.61748924,100.0,2,-18.83299479,0.0
863,中信建投证券武汉中北路证券营业部,2,-1.519872365,0.0,2,4.77905206,50.0,2,3.221342525,50.0,1,-6.3996859,0.0,1,-20.71063997,0.0
864,中信建投证券南昌井冈山大道证券营业部,2,3.09662938,50.0,2,5.615240805,50.0,2,4.319864785,50.0,2,16.18563988,50.0,2,9.25866967,50.0
865,浙商证券杭州杭大路证券营业部,2,-4.914783205,50.0,2,-7.290843475,50.0,2,-4.831146935,50.0,2,0.98651283,50.0,2,-18.71279174,50.0
866,浙商证券临海崇和路证券营业部,2,-4.6472842,0.0,2,-1.5280595,50.0,2,2.36195628,50.0,2,6.946134775,100.0,2,0.223123735,50.0
867,中航证券南昌广场南路证券营业部,2,-7.597865775,0.0,2,-6.576042345,50.0,2,-2.046831215,50.0,1,3.79008746,100.0,1,8.52769679,100.0
868,华泰证券常州东横街证券营业部,2,-0.603561145,0.0,2,-7.159378545,0.0,2,-13.943658895,0.0,2,-17.36820285,0.0,2,-18.13672864,0.0
869,财信证券长沙湘江中路证券营业部,2,-9.17862839,0.0,2,-9.928229665,0.0,2,-1.68660287,50.0,2,5.44258373,50.0,2,-11.674641145,0.0
870,财信证券长沙五一大道证券营业部,2,-3.491817015,50.0,2,-2.531345325,50.0,2,-4.588170485,50.0,2,-2.200008195,50.0,2,0.55020184,50.0
871,中国中金财富证券上海分公司,2,-6.13213834,0.0,2,-9.55599982,0.0,2,-16.518704255,0.0,2,-19.703341015,0.0,2,-20.291576305,0.0
872,广发证券广州中山三路中华广场证券营业部,2,-0.42790758,50.0,2,-3.00869154,50.0,2,-1.07310357,50.0,2,-4.617056065,50.0,2,-6.115485565,50.0
873,国泰海通证券上海杨浦区黄兴路证券营业部,2,-4.448631425,0.0,2,-7.53696969,50.0,2,-6.30066799,0.0,2,-4.25449857,50.0,1,-4.39367311,0.0
874,长城证券上海长宁区延安西路证券营业部,2,-1.238567075,50.0,2,8.75,50.0,2,3.141387195,50.0,2,-1.993839905,50.0,1,13.59375,100.0
875,山西证券深圳华富路证券营业部,2,-2.369612115,0.0,2,-6.14434222,0.0,2,-6.379191585,0.0,2,-7.473079045,0.0,2,-11.330487225,0.0
876,中国银河证券长沙芙蓉中路证券营业部,2,-7.641765625,0.0,2,-10.45009581,0.0,2,-12.409453755,0.0,2,-10.410739435,0.0,1,0.82360172,100.0
877,中国银河证券广州天河北路证券营业部,2,6.8125845,100.0,2,8.458842475,100.0,2,13.86994411,100.0,2,9.023310685,100.0,1,29.27312339,100.0
878,中国银河证券德清证券营业部,2,-3.36980492,0.0,2,-7.21543681,0.0,2,-10.83884648,0.0,2,-15.60474979,0.0,2,-27.55470738,0.0
879,中国银河证券台州银座北街证券营业部,2,-4.91550485,50.0,2,-25.58804259,50.0,2,-27.668547615,50.0,2,-27.35733511,50.0,2,-26.731663695,50.0
880,中国银河证券广州东风中路证券营业部,2,3.94172286,100.0,2,3.36652224,50.0,2,2.33503702,50.0,2,9.70451217,50.0,1,42.33983287,100.0
881,西南证券广东分公司,2,-1.80340774,50.0,2,2.625868855,50.0,2,0.995033425,50.0,2,4.830959325,50.0,2,3.627443165,50.0
882,西南证券重庆第二分公司,2,-12.848606335,0.0,2,-17.158806395,0.0,2,-24.7704701,0.0,1,21.02189781,100.0,1,3.89781022,100.0
883,东方证券上海黄浦区中山南路第一证券营业部,2,0.3152203,50.0,2,9.444326495,50.0,2,8.47181848,50.0,2,17.98706259,50.0,2,15.793805125,100.0
884,国泰海通证券广州黄埔大道证券营业部,2,5.36687037,50.0,2,8.085589085,50.0,2,7.125024885,50.0,2,11.176642515,50.0,1,-17.80093106,0.0
885,中国中金财富证券北京宋庄路证券营业部,2,-7.629999555,0.0,2,-6.407378085,0.0,2,-9.971154275,0.0,2,-11.87090291,0.0,2,-12.467610845,0.0
886,长江证券上海福州路证券营业部,2,4.98310811,50.0,2,2.111486485,50.0,2,0.506756755,50.0,2,-9.018393395,0.0,1,-16.38513514,0.0
887,湘财证券长沙新民路证券营业部,2,0.071225075,50.0,2,-3.846153845,0.0,1,-11.11111111,0.0,0,0.0,0.0,0,0.0,0.0
888,国泰海通证券临海巾山中路证券营业部,2,-1.170564775,50.0,2,-1.00565231,50.0,2,-1.01201234,50.0,2,0.475657325,50.0,2,-4.663392465,50.0
889,申万宏源证券上海杨浦区黄兴路证券营业部,2,-0.12642223,0.0,2,-2.852470235,0.0,2,-2.863169185,0.0,2,-3.043086165,50.0,2,-8.26024204,50.0
890,申万宏源证券上海徐汇区凯旋路证券营业部,2,0.194753585,50.0,2,2.708321135,50.0,2,2.186398385,50.0,2,4.027819915,50.0,2,-4.79847373,50.0
891,申万宏源证券上海徐汇区上中西路证券营业部,2,7.65771028,100.0,2,6.317764175,100.0,2,3.45525629,100.0,1,13.31775701,100.0,1,17.99065421,100.0
892,国泰海通证券汕头长平路证券营业部,2,2.06576003,50.0,2,0.714408675,50.0,2,0.0,0.0,2,-2.06576003,50.0,1,-2.5477707,0.0
893,长城证券大连五惠路证券营业部,2,-1.39606861,50.0,2,4.947196805,100.0,2,-5.75627486,0.0,2,5.145139675,50.0,2,-3.07711344,50.0
894,中国银河证券上海虹口区天潼路证券营业部,2,-8.554228315,50.0,2,-9.928949295,50.0,2,-12.499800245,50.0,2,-11.594248935,50.0,2,-18.6723809,50.0
895,财通证券永康九铃东路证券营业部,2,-0.35238787,50.0,2,-0.73134509,50.0,2,3.853164105,50.0,2,-0.28655891,50.0,2,-14.300907645,0.0
896,长江证券武汉新华路证券营业部,2,-2.39520958,0.0,2,-6.22595114,0.0,2,-9.78119806,0.0,2,0.522529085,50.0,0,0.0,0.0
897,长江证券武汉友谊大道证券营业部,2,-0.58397843,50.0,2,2.37299999,50.0,2,6.70343955,50.0,2,10.385503365,100.0,2,15.055092165,100.0
898,湘财证券广州滨江东路证券营业部,2,-7.523364485,0.0,2,-6.431074765,0.0,2,-5.862149535,0.0,2,-4.996495325,0.0,2,6.221962615,50.0
899,申万宏源证券嘉兴分公司,2,-5.369664,0.0,2,-8.71198318,50.0,2,-3.660029965,50.0,2,2.02383848,100.0,2,0.24237206,50.0
900,申万宏源证券北京安定路证券营业部,2,-0.349406965,50.0,2,-1.65693232,50.0,2,2.32217032,50.0,2,-3.72551223,0.0,2,-7.30779547,0.0
901,国泰海通证券宜昌沿江大道证券营业部,2,0.06506651,50.0,2,0.483351235,50.0,2,4.365653145,100.0,2,6.39776466,100.0,2,15.813512665,100.0
902,西南证券深圳中心五路证券营业部,2,7.631578945,100.0,2,7.60796221,100.0,2,5.4048583,50.0,2,10.323886635,100.0,2,5.96153846,50.0
903,国元证券深圳深南大道中国凤凰大厦证券营业部,2,-6.814772455,0.0,2,-5.348963545,0.0,2,-6.29096974,0.0,2,-13.026542765,0.0,2,-5.690254945,50.0
904,国泰海通证券宁波解放北路证券营业部,2,4.081702205,50.0,2,3.82984325,50.0,2,5.83425767,50.0,2,8.07003686,50.0,2,5.51176618,50.0
905,西部证券西安金花南路证券营业部,2,-6.794684255,50.0,2,-10.16740079,50.0,2,-13.72070149,0.0,2,-19.430347035,0.0,1,-32.92501065,0.0
906,中信证券常州分公司,2,-8.01051201,0.0,2,-1.84989408,50.0,2,-4.606598985,50.0,2,-12.13207962,0.0,1,-33.50253807,0.0
907,广发证券杭州延安路证券营业部,2,-5.13834641,0.0,2,-9.38511601,0.0,2,-14.083409425,0.0,2,-15.40095181,0.0,2,-30.179209175,0.0
908,财通证券绍兴人民中路证券营业部,2,-1.194936445,50.0,2,-6.318809775,0.0,2,1.458118625,50.0,2,7.27858613,50.0,2,12.478000545,50.0
909,兴业证券上海天钥桥路证券营业部,2,-7.536829475,0.0,2,-6.278471535,0.0,2,-49.27148526,0.0,2,-46.90583105,0.0,2,-48.956672935,0.0
910,兴业证券泉州丰泽街证券营业部,2,-0.955161065,50.0,2,-0.83908486,50.0,2,-1.606932435,0.0,2,-2.2677328,0.0,2,-3.93748565,0.0
911,华福证券莆田城涵东大道证券营业部,2,6.21389812,50.0,2,2.31004602,50.0,2,3.81411692,50.0,2,13.505459415,50.0,2,5.445768345,50.0
912,国海证券贵港中山路证券营业部,2,-5.00319693,0.0,1,5.88235294,100.0,1,-2.94117647,0.0,1,-20.58823529,0.0,1,-23.52941176,0.0
913,长江证券上海徐汇区天钥桥路证券营业部,2,9.582405345,50.0,2,1.302503495,50.0,2,5.98525244,100.0,2,11.89205706,100.0,2,2.9514954,50.0
914,光大证券北京东中街证券营业部,2,0.677301635,50.0,2,-0.952413725,50.0,2,-3.17893859,0.0,2,-4.10251277,0.0,2,-8.16281931,0.0
915,光大证券福州五一北路证券营业部,2,-8.376629485,0.0,2,-12.394810895,0.0,2,-19.925624225,0.0,1,-30.66871637,0.0,0,0.0,0.0
916,财通证券杭州庆春路证券营业部,2,-9.62367578,0.0,2,-14.43589862,0.0,2,-16.365253145,0.0,2,-21.267553585,0.0,2,-18.23070645,0.0
917,国联民生证券上海虹口区飞虹路证券营业部,2,-5.048859935,0.0,2,-7.00325733,0.0,2,-9.60912052,0.0,2,-14.667028595,0.0,1,-30.94462541,0.0
918,东吴证券苏州狮山路证券营业部,2,-6.14726419,50.0,2,-8.80093131,50.0,1,-17.90123457,0.0,1,-17.38683128,0.0,1,-27.98353909,0.0
919,华西证券成都高升桥路证券营业部,2,2.295952455,100.0,2,3.61688792,100.0,2,4.35110231,100.0,2,-6.790047205,0.0,2,-7.033223895,0.0
920,招商证券天津友谊北路证券营业部,2,2.562047325,100.0,2,12.122444655,50.0,2,12.358109855,50.0,1,44.17112299,100.0,1,27.21925134,100.0
921,招商证券深圳超总基地深湾二路证券营业部,2,-4.97469861,0.0,2,-9.702186355,0.0,2,-14.224550785,0.0,2,-22.57602635,0.0,2,-53.171348215,0.0
922,招商证券北京海淀大街证券营业部,2,-8.93515107,50.0,1,11.86440678,100.0,1,23.72881356,100.0,1,28.81355932,100.0,0,0.0,0.0
923,招商证券北京车公庄西路证券营业部,2,-0.236558715,50.0,2,0.0137156,50.0,2,-1.966845015,50.0,2,0.63940138,50.0,2,-4.785188285,50.0
924,中信建投证券上饶中山西路证券营业部,2,-5.42746114,0.0,2,-6.638601035,0.0,2,-5.498704665,0.0,2,-5.82253886,0.0,2,-18.01165803,0.0
925,东海证券常州延陵中路证券营业部,2,3.333333335,50.0,1,6.66666667,100.0,0,0.0,0.0,0,0.0,0.0,0,0.0,0.0
926,华宝证券上海大连路证券营业部,2,3.17066548,50.0,1,5.98958333,100.0,0,0.0,0.0,0,0.0,0.0,0,0.0,0.0
927,方正证券台州解放路证券营业部,2,-3.009275215,0.0,2,-5.41996992,0.0,2,-8.187494125,0.0,2,-9.093551215,0.0,1,-10.48632219,0.0
928,广发证券广州黄埔大道证券营业部,2,-1.30905512,50.0,2,-6.043054715,0.0,2,-5.297042195,0.0,2,-8.99126792,0.0,2,-8.086639415,50.0
929,平安证券山西分公司,2,-14.495270165,0.0,2,-17.313745925,0.0,2,-16.55451339,0.0,2,-17.037571485,0.0,2,-20.673587725,0.0
930,国泰海通证券成都人民西路证券营业部,2,-1.25996922,0.0,2,-1.524773665,0.0,2,-1.002194985,0.0,2,1.746615735,50.0,2,5.39958912,100.0
931,国泰海通证券石家庄师范街证券营业部,2,-12.96293,0.0,2,-13.548189575,0.0,2,-16.258753085,0.0,2,-14.430528905,0.0,2,-15.27121655,0.0
932,国泰海通证券扬州汶河南路证券营业部,2,-4.146634615,0.0,1,-13.94230769,0.0,1,-11.95913462,0.0,1,-16.22596154,0.0,0,0.0,0.0
933,中国中金财富证券成都一环路北三段万达广场证券营业部,2,-6.010920025,50.0,2,-10.6249205,0.0,2,-9.179855405,0.0,2,-13.268677255,0.0,2,-18.035898665,0.0
934,华西证券北京紫竹院路证券营业部,2,2.703399885,100.0,2,5.32038384,50.0,2,12.25223134,50.0,2,5.394675745,50.0,2,9.59294227,50.0
935,招商证券北京知春东里证券营业部,2,6.10776717,50.0,2,13.52127566,50.0,2,21.927054695,50.0,2,27.269203615,50.0,2,61.72205223,100.0
936,招商证券成都人民南路证券营业部,2,-2.30769231,0.0,2,-2.12919677,50.0,2,-2.432355855,50.0,2,3.65632526,100.0,1,1.4732965,100.0
937,金融街证券临河胜利北路证券营业部,2,3.105488055,100.0,2,2.685238315,100.0,2,4.989310545,100.0,2,7.33345187,100.0,2,-4.815265855,0.0
938,中国银河证券包头乌兰道证券营业部,2,-56.36098996,0.0,2,-93.860729115,0.0,2,-94.33025187,0.0,2,-95.124788715,0.0,2,-94.944283295,0.0
939,中国银河证券马鞍山湖东中路证券营业部,2,-1.219512195,0.0,2,-2.43902439,0.0,2,0.0,50.0,1,4.87804878,100.0,0,0.0,0.0
940,中国银河证券杭州东宁路证券营业部,2,-4.4239357,0.0,2,-3.448015925,0.0,2,0.63670675,50.0,2,-2.735668575,0.0,2,-1.518677535,50.0
941,中国银河证券嘉兴环城南路证券营业部,2,1.691711815,100.0,2,5.920172185,100.0,2,10.60921337,100.0,2,20.043502525,100.0,2,19.314620445,100.0
942,中国银河证券成都益州大道证券营业部,2,0.066666665,50.0,2,6.215151515,50.0,2,-3.08030303,50.0,2,-5.715151515,0.0,1,-2.93333333,0.0
943,中国银河证券福州证券营业部,2,0.045622815,50.0,2,-4.554243205,0.0,2,-6.619856855,0.0,2,-0.600606425,50.0,2,6.522229665,50.0
944,中国银河证券上海共康路证券营业部,2,-1.075168295,0.0,2,-0.998965825,0.0,2,-4.27272267,0.0,2,-7.61753781,0.0,2,-16.324784515,0.0
945,中国银河证券上海浦东新区上南路证券营业部,2,-7.34421219,0.0,2,-5.230148815,0.0,2,-6.36521399,50.0,2,-3.296077825,50.0,2,10.831136265,100.0
946,东北证券上海永嘉路证券营业部,2,-4.97879627,0.0,2,-9.701017725,0.0,2,-53.49716315,0.0,2,-57.657409685,0.0,2,-93.82809626,0.0
947,中国中金财富证券广州分公司,2,1.09457989,50.0,2,1.48574993,50.0,2,2.1807055,50.0,2,1.44781226,50.0,1,-11.74021649,0.0
948,东方证券上海宝山区长江西路证券营业部,2,2.55384381,50.0,2,0.126516795,50.0,2,-2.883107,50.0,2,-7.225151205,50.0,2,-11.81787059,50.0
949,广发证券沈阳小西路证券营业部,2,-4.58101379,0.0,2,-2.246786015,0.0,2,1.533234545,50.0,2,11.583697115,100.0,2,6.69029597,50.0
950,万联证券北京西三环证券营业部,2,-3.237961475,0.0,2,-7.728999465,0.0,2,-11.97619048,0.0,2,-19.31621188,0.0,2,-29.144997325,0.0
951,方正证券杭州平澜路证券营业部,2,-11.44366389,0.0,2,-15.385706545,0.0,2,-19.30304161,0.0,2,-17.831369585,0.0,2,-3.8361168,50.0
952,金融街证券上海第二分公司,2,8.38965867,100.0,2,1.922209915,50.0,2,-5.649604885,0.0,2,-2.6631697,50.0,1,10.6049341,100.0
953,国信证券义乌城北路证券营业部,2,3.695695395,100.0,2,0.487351895,50.0,2,-0.653191625,50.0,2,4.57686016,100.0,2,-1.25193178,50.0
954,国泰海通证券汕头中山中路证券营业部,2,-1.90540838,50.0,2,-7.289521,0.0,2,-5.93133221,50.0,2,-10.16457504,0.0,1,-25.98357112,0.0
955,中国银河证券北京阜成路证券营业部,2,3.771008405,100.0,2,11.292016805,100.0,2,14.545693275,100.0,2,15.483193275,100.0,1,-42.01680672,0.0
956,华泰证券济南解放路证券营业部,2,-2.2928014,50.0,2,-6.235458095,0.0,2,-10.33117873,0.0,2,-9.737924405,0.0,2,-8.38101232,50.0
957,广发证券广州汉溪大道东证券营业部,2,-2.50109218,50.0,2,1.22324159,50.0,2,5.357142855,50.0,2,16.530144165,100.0,2,16.02228047,50.0
958,中信证券北京北三环中路证券营业部,2,2.48897222,50.0,2,-0.14661696,50.0,2,-4.945356845,50.0,2,-12.66010101,0.0,2,-12.44736822,0.0
959,中信证券上海金山区龙展路证券营业部,2,-4.905677825,50.0,2,-11.782079575,0.0,2,-18.2326633,0.0,2,-17.74060142,0.0,2,-21.105211765,0.0
960,中信证券陕西分公司,2,-1.99041035,0.0,2,-4.14808207,0.0,2,-7.72747547,0.0,2,-4.44915254,0.0,2,-2.21466449,50.0
961,中山证券上海徐汇分公司,2,-47.08816039,0.0,2,-47.49346683,0.0,2,-46.342671195,0.0,2,-37.86327774,50.0,2,-45.54038084,50.0
962,国信证券北京国贸证券营业部,2,-0.0817757,0.0,2,-4.094842505,0.0,2,-0.957943925,0.0,2,-7.40091727,0.0,1,-13.01401869,0.0
963,华泰证券无锡和风路证券营业部,2,-3.59004654,0.0,2,-7.36290844,0.0,2,-8.495126255,0.0,1,-22.27074236,0.0,1,-39.73799127,0.0
964,华泰证券深圳平安金融中心证券营业部,2,-4.518167435,0.0,2,-2.07910728,50.0,2,-8.48977736,0.0,2,-11.856445305,0.0,2,-18.2721923,0.0
965,华泰证券上海宝山区牡丹江路证券营业部,2,2.319962635,100.0,2,-2.85984415,50.0,2,-3.48416165,50.0,2,-2.779051475,50.0,1,-10.48798252,0.0
966,长江证券成都东大街证券营业部,2,4.554962015,50.0,2,4.0892394,50.0,2,4.641447345,50.0,2,5.661292065,100.0,2,25.28343846,100.0
967,招商证券珠海人民西路证券营业部,2,-2.882556335,0.0,2,-1.52634865,50.0,2,0.786209565,50.0,2,1.67312779,50.0,1,9.2040521,100.0
968,招商证券扬州汶河北路证券营业部,2,-0.04029928,50.0,2,4.820596515,100.0,2,5.36785019,100.0,2,2.37972357,50.0,1,0.18566124,100.0
969,国盛证券南昌永富路证券营业部,2,2.594944215,50.0,2,2.77469076,100.0,2,8.193732065,100.0,2,-4.02621311,50.0,2,5.566190495,100.0
970,国盛证券景德镇广场南路证券营业部,2,0.994229485,100.0,2,4.858797465,100.0,2,3.12530012,100.0,2,5.95524499,100.0,2,8.621693545,100.0
971,东吴证券常熟阜湖路证券营业部,2,3.340646805,100.0,2,5.72442056,100.0,2,9.586031585,100.0,2,8.154201545,50.0,2,15.842724865,50.0
972,国联民生证券无锡县前东街证券营业部,2,-5.195876075,0.0,2,-1.592144915,50.0,2,-1.643439985,50.0,1,2.50909091,100.0,1,-9.77587378,0.0
973,渤海证券深圳分公司,2,-7.43634174,0.0,2,-10.68892091,0.0,2,-9.13444822,0.0,2,-10.190721835,0.0,2,-12.723680365,0.0
974,中银国际证券上海虹口区东长治路证券营业部,2,-5.80489918,0.0,2,-11.524746825,0.0,1,-13.99176955,0.0,1,-15.63786008,0.0,1,-25.10288066,0.0
975,中信证券如皋福寿路证券营业部,2,4.42872895,100.0,2,6.453609985,100.0,2,3.876397085,50.0,1,6.65051158,100.0,1,-7.55692809,0.0
976,山西证券北京太平庄证券营业部,2,5.21290754,50.0,2,4.434505255,50.0,2,-2.50584459,50.0,2,-6.685099455,0.0,2,-6.05701887,0.0
977,民生证券驻马店交通路证券营业部,2,-3.57142857,0.0,2,0.0,0.0,2,-12.6984127,0.0,1,-11.11111111,0.0,0,0.0,0.0
978,招商证券上海肇嘉浜路证券营业部,2,7.911710575,100.0,2,13.332878905,100.0,2,10.559882075,100.0,2,8.886029785,100.0,1,26.04035309,100.0
979,华安证券六安分公司,2,23.622828785,100.0,2,32.475186105,100.0,2,24.851116625,100.0,2,13.00248139,50.0,2,4.10173697,50.0
980,华安证券合肥金石广场证券营业部,2,-1.658509075,0.0,2,-0.35317423,50.0,2,-0.5107832,0.0,2,1.772016455,100.0,1,-2.5477707,0.0
981,银泰证券上海长宁区延安西路证券营业部,2,-10.17878005,0.0,2,-21.030483305,0.0,2,-27.91305417,0.0,2,-27.473021585,0.0,2,-38.8892732,0.0
982,中信建投证券上海徐汇区天钥桥路证券营业部,2,10.166124225,100.0,2,6.462872745,50.0,2,1.32223229,50.0,2,11.29463902,50.0,2,6.072179495,50.0
983,光大证券上海中兴路证券营业部,2,2.57037362,50.0,2,5.728229875,50.0,2,13.265701545,50.0,2,2.604372305,50.0,1,-6.80851064,0.0
984,国泰海通证券上海普陀区铜川路证券营业部,2,-7.38147875,0.0,2,-8.833385975,0.0,2,-9.61855634,0.0,2,-9.74020657,0.0,2,-14.64306184,0.0
985,申万宏源证券上海徐汇区龙漕路证券营业部,2,-4.767008655,0.0,2,-8.81125695,0.0,2,-11.79801685,0.0,2,-16.588525245,0.0,2,-58.108557345,0.0
986,申万宏源证券上海宝山区同泰路证券营业部,2,-2.597840755,0.0,2,-5.19568151,0.0,2,-7.793522265,0.0,2,-1.2145749,50.0,0,0.0,0.0
987,中信建投证券大连分公司,2,0.010502835,50.0,2,0.251913175,50.0,2,-2.060611285,50.0,2,4.679995315,50.0,2,-4.79599079,0.0
988,中信证券北京首体南路证券营业部,2,-0.252175875,50.0,2,-2.902350855,50.0,2,-5.51338889,0.0,2,-3.60316744,50.0,2,1.345526075,50.0
989,中银国际证券大连分公司,2,-3.601800945,0.0,2,-6.582887165,0.0,2,-6.804584665,0.0,2,-6.626571165,0.0,2,-3.444816055,0.0
990,国泰海通证券南通跃龙路证券营业部,2,0.5268656,50.0,2,3.807631425,50.0,2,6.27308946,50.0,2,11.618542665,50.0,2,16.427455165,50.0
991,中信证券(山东)烟威分公司,2,-0.946045665,50.0,2,-7.34999806,0.0,2,-6.86623436,0.0,2,-6.196447385,50.0,1,-17.48989024,0.0
992,麦高证券沈阳兴华南街证券营业部,2,15.02309469,100.0,2,14.742936585,100.0,2,22.80399389,100.0,2,20.53201659,100.0,2,13.933841185,50.0
993,湘财证券济南马鞍山路证券营业部,2,0.0,0.0,2,0.0,0.0,2,3.333333335,50.0,2,-3.333333335,0.0,0,0.0,0.0
994,方正证券乐山龙游路证券营业部,2,-6.899701225,50.0,2,-10.976324645,50.0,2,-17.106236525,50.0,1,1.97080292,100.0,1,0.51094891,100.0
995,中银国际证券海南分公司,2,7.12803787,100.0,2,7.585893515,100.0,2,6.18405928,100.0,2,-5.391462565,0.0,1,4.399126,100.0
996,中信建投证券上海万航渡路证券营业部,2,-5.56883435,0.0,2,-7.689392835,0.0,2,-10.30256216,0.0,2,-23.311569065,0.0,2,-12.421663215,0.0
997,国联民生证券广州华夏路证券营业部,2,-0.149416565,50.0,2,2.709262245,50.0,2,1.06726117,50.0,2,-0.649052905,50.0,1,-18.8976378,0.0
998,中信建投证券济南和平路证券营业部,2,-0.72463768,0.0,2,3.02137067,100.0,2,3.033652665,50.0,2,7.16040285,50.0,1,10.14492754,100.0
999,财通证券杭州上塘路证券营业部,2,-2.091870455,50.0,2,-5.56926391,50.0,2,-11.10376735,0.0,2,-11.04587403,50.0,2,-18.04154121,0.0
1000,东方财富证券杭州城星路证券营业部,2,-3.09510853,0.0,2,-15.09034892,0.0,2,-19.101188675,0.0,2,-20.06193829,0.0,2,-9.015071305,0.0
1001,东方证券苏州南环东路证券营业部,2,-5.42319413,0.0,2,-5.906714785,0.0,2,-11.288204735,0.0,2,-12.46596912,0.0,2,-45.372213185,50.0
1002,长城证券郑州文化路证券营业部,2,3.125,50.0,0,0.0,0.0,0,0.0,0.0,0,0.0,0.0,0,0.0,0.0
1003,华龙证券杭州玉古路证券营业部,2,-1.411138025,50.0,2,-6.558203745,0.0,2,-10.14412883,0.0,2,-15.883305985,0.0,1,-15.88132635,0.0
1004,红塔证券北京海淀南路证券营业部,2,4.32301741,50.0,2,4.06189555,50.0,2,6.72147002,100.0,2,9.92263056,100.0,2,17.49516441,100.0
1005,中银国际证券南京洪武北路证券营业部,2,-2.681491365,0.0,2,-2.50384745,0.0,2,-5.12822825,0.0,2,-3.587745875,0.0,2,-2.14886019,0.0
1006,广发证券佛山顺德大良保利国际金融中心证券营业部,2,-10.028974555,0.0,2,-12.743554215,0.0,2,-8.066263545,50.0,2,-14.713823805,0.0,2,-24.297891995,0.0
1007,江海证券北京东三环北路证券营业部,2,2.791654355,50.0,2,3.25043382,50.0,2,2.362238285,50.0,2,-5.447716095,50.0,2,-3.023483145,50.0
1008,第一创业证券上海浦东新区滨江大道证券营业部,2,4.409728745,100.0,2,2.92111228,100.0,2,8.0789707,100.0,2,12.16791646,100.0,2,5.21594438,100.0
1009,华泰证券北京雍和宫证券营业部,2,-7.16553958,0.0,2,-7.519334025,0.0,2,-7.81781803,0.0,2,-3.126634625,0.0,2,-2.945245485,0.0
1010,国泰海通证券深圳福华三路证券营业部,2,-4.921932095,0.0,2,-6.728090765,0.0,2,-5.551642375,0.0,2,3.45866628,50.0,2,-7.045076195,50.0
1011,招商证券上海浦东新区陆家嘴东路证券营业部,2,-3.14257117,50.0,2,-5.63166951,0.0,2,-6.46755089,0.0,2,-8.202792575,50.0,2,15.10176009,50.0
1012,招商证券北京金融大街证券营业部,2,-5.850301995,0.0,2,-7.249274815,0.0,2,-6.50559074,0.0,2,-0.83541687,50.0,2,-8.56605047,0.0
1013,国海证券深圳深圳湾证券营业部,2,-3.794127805,0.0,2,-3.288601035,0.0,2,-2.482038,0.0,2,0.52746114,50.0,2,-10.294991365,50.0
1014,国泰海通证券上海金山区卫清西路证券营业部,2,2.94117647,50.0,2,2.94117647,50.0,2,2.94117647,50.0,2,2.94117647,50.0,2,-5.71895425,0.0
1015,国泰海通证券芜湖黄山中路证券营业部,2,5.064643475,100.0,2,9.02634578,100.0,2,3.593376925,100.0,2,6.245930105,50.0,1,-6.27306273,0.0
1016,中信建投证券南京王府大街证券营业部,2,-2.24753908,0.0,2,-1.20869319,50.0,2,-6.521628825,0.0,2,-9.78558114,0.0,2,-12.3314562,0.0
1017,中泰证券烟台南大街证券营业部,2,-5.12746249,0.0,2,-7.33750815,50.0,0,0.0,0.0,0,0.0,0.0,0,0.0,0.0
1018,华泰证券合肥习友路证券营业部,2,-2.919609665,0.0,2,-2.769474485,0.0,2,-0.956868875,50.0,2,-1.54372254,50.0,2,-5.042201755,0.0
1019,财通证券杭州金城路证券营业部,2,4.96004131,100.0,2,5.279761475,100.0,2,7.512772525,100.0,2,8.14379917,100.0,2,6.859906475,100.0
1020,东方证券广西分公司,2,-3.44256126,0.0,2,-7.58138622,0.0,2,-12.2392127,0.0,2,-16.723837645,0.0,1,-35.53719008,0.0
1021,中信证券(山东)潍坊分公司,2,0.35135135,50.0,2,1.675675675,100.0,2,2.64864865,50.0,2,8.64864865,50.0,1,26.0,100.0
1022,招商证券北京安立路证券营业部,2,3.167420815,50.0,2,4.02714932,50.0,2,4.63046757,50.0,1,0.90497738,100.0,1,9.95475113,100.0
1023,国泰海通证券东莞体育路证券营业部,2,-6.024531765,0.0,2,-10.94734921,0.0,2,-12.343554375,0.0,2,-13.341943745,0.0,2,-5.84612853,0.0
1024,金元证券中山兴中道证券营业部,2,-2.38689662,50.0,2,-6.129690245,0.0,2,-6.926788155,0.0,2,-7.512702755,50.0,2,-13.53356459,0.0
1025,华泰证券苏州总官堂路证券营业部,2,-2.62838927,50.0,2,-4.46831543,0.0,2,-4.56922177,0.0,1,7.34859237,100.0,1,-8.97394747,0.0
1026,光大证券宁海民生路证券营业部,2,-9.27536232,50.0,2,-1.983471075,0.0,2,1.67526341,50.0,2,-9.794721405,0.0,2,-11.90105827,0.0
1027,中信证券上海嘉定区双单路证券营业部,2,1.42388227,50.0,2,7.654637825,100.0,2,7.69102482,100.0,2,0.73302044,50.0,1,4.91214058,100.0
1028,国泰海通证券无锡湖滨路证券营业部,2,3.95513874,50.0,2,9.271107485,100.0,2,3.426993365,50.0,2,10.69956712,100.0,2,15.151631225,100.0
1029,华泰证券溧阳南大街证券营业部,2,-3.50591716,0.0,2,-1.583456605,0.0,2,0.679857005,50.0,2,8.950936885,100.0,1,21.875,100.0
1030,中泰证券青岛香港东路证券营业部,2,-1.81269465,0.0,2,1.89031269,100.0,2,-0.94973629,50.0,2,-0.410266795,50.0,2,-41.803341915,50.0
1031,国投证券佛山南海罗村证券营业部,2,3.6828309,50.0,2,-0.602337995,50.0,1,-7.85043417,0.0,1,-16.06415027,0.0,0,0.0,0.0
1032,国投证券广西分公司,2,-2.25995203,50.0,2,-3.43202578,0.0,2,-5.432728415,0.0,2,-4.5556417,0.0,2,7.2862404,100.0
1033,光大证券宁波甬江大道证券营业部,2,-1.86747762,50.0,2,-2.508283775,50.0,2,1.927532785,50.0,2,9.06262803,100.0,2,-3.033007425,50.0
1034,光大证券宁波镇海城关证券营业部,2,2.606968965,100.0,2,-4.32950499,0.0,2,-2.82186752,0.0,2,15.10171375,50.0,2,37.589035845,100.0
1035,财达证券邯郸人民路证券营业部,2,0.433604335,50.0,2,-5.555555555,0.0,2,-8.997289975,0.0,1,2.43902439,100.0,0,0.0,0.0
1036,财达证券秦皇岛迎宾路证券营业部,2,5.77429209,100.0,2,1.969733615,50.0,2,-0.08018979,50.0,2,10.36117506,100.0,2,11.694257565,50.0
1037,国泰海通证券嵊州高杨路证券营业部,2,-1.335180055,0.0,2,-5.24530625,0.0,2,-7.917513085,0.0,2,-18.41735919,0.0,2,-24.845183135,0.0
1038,广发证券秦皇岛和平大街证券营业部,2,-14.953703705,0.0,2,-27.413499025,0.0,2,-55.579922025,0.0,2,-50.66398635,0.0,1,-96.52777778,0.0
1039,广发证券重庆江北嘴证券营业部,2,7.357824825,100.0,2,9.630552095,100.0,2,8.26068908,100.0,0,0.0,0.0,0,0.0,0.0
1040,国投证券东莞樟木头证券营业部,2,1.730486425,50.0,2,1.625,50.0,2,-0.931843895,50.0,2,3.96832579,50.0,1,-1.7918552,0.0
1041,国投证券深圳宝安海秀路证券营业部,2,5.098322175,100.0,2,4.727297375,100.0,2,3.671861975,100.0,2,4.75512723,50.0,2,8.09818902,100.0
1042,方正证券北京阜外大街证券营业部,2,-41.77357417,50.0,2,-44.33082065,0.0,2,-46.92931304,0.0,2,-87.266391695,0.0,2,-89.529227705,0.0
1043,方正证券上海长宁区延安西路证券营业部,2,-9.889973155,50.0,2,-11.870081845,0.0,1,-38.81058783,0.0,0,0.0,0.0,0,0.0,0.0
1044,信达证券南京汉中门大街证券营业部,2,-2.63662635,0.0,2,0.305138375,50.0,2,-1.731467975,50.0,2,-6.408418745,50.0,2,-16.6394008,50.0
1045,银泰证券无锡兴源北路证券营业部,2,-2.07194659,50.0,2,1.530296085,50.0,2,1.2772316,50.0,2,22.180969485,100.0,2,4.67256646,100.0
1046,财达证券保定天鹅西路证券营业部,2,0.020661155,50.0,2,16.81818182,50.0,2,17.85123967,100.0,2,-4.669421485,50.0,2,6.7768595,50.0
1047,广发证券广州科韵路证券营业部,2,1.69087388,100.0,2,3.542725735,100.0,2,9.17332365,100.0,1,11.76470588,100.0,1,20.58823529,100.0
1048,国投证券海南分公司,2,3.18705605,100.0,2,15.639441465,100.0,2,15.93295144,100.0,2,19.189995575,100.0,2,22.728828235,100.0
1049,长江证券长沙晚报大道证券营业部,2,3.88235294,50.0,2,9.76470588,50.0,2,11.647058825,50.0,2,8.588235295,50.0,0,0.0,0.0
1050,华泰证券合肥创新大道证券营业部,2,3.71655654,100.0,2,0.27765879,50.0,2,-2.31479151,0.0,2,2.61719266,100.0,2,7.279032225,50.0
1051,国金证券杭州利一路证券营业部,2,20.0,100.0,2,19.41953693,100.0,2,22.388856995,100.0,2,25.99489731,100.0,2,42.017253475,100.0
1052,东北证券上海峨山路证券营业部,2,7.50297602,100.0,2,3.00833286,100.0,2,2.890992575,100.0,2,-9.53347316,0.0,1,-18.6440678,0.0
1053,国泰海通证券北京金融街证券营业部,2,0.28086531,50.0,2,5.297780485,100.0,2,5.976393705,50.0,2,7.239444535,50.0,2,4.354744535,50.0
1054,中泰证券天津南京路证券营业部,2,2.57961116,50.0,2,12.384408785,50.0,2,21.834206945,50.0,2,33.72805946,50.0,2,90.47506881,100.0
1055,招商证券宁波中山东路证券营业部,2,-6.569694275,0.0,2,-6.765859795,0.0,2,-5.392701165,0.0,2,-12.310311645,0.0,2,-4.64135021,50.0
1056,中泰证券龙口港城大道证券营业部,2,-6.684157605,0.0,2,-8.40785419,0.0,2,-8.298393435,0.0,2,-8.133060025,0.0,2,-11.90055214,0.0
1057,光大证券深圳深湾一路证券营业部,2,-5.771043035,50.0,2,-6.900921505,50.0,2,-1.945338155,50.0,2,0.24988635,50.0,2,-0.382316845,50.0
1058,兴业证券成都航空路证券营业部,2,-3.038973175,0.0,2,-5.01223065,0.0,2,-7.10477133,0.0,2,-3.745327615,0.0,2,-4.91204925,50.0
1059,兴业证券青岛分公司,2,-4.99025552,0.0,2,-9.872239065,0.0,2,-10.12429623,0.0,2,-12.122347335,0.0,2,0.31463837,50.0
1060,招商证券深圳深南中路证券营业部,2,1.1141298,50.0,2,4.62479198,100.0,2,-2.482178105,50.0,2,-7.071713305,0.0,2,-12.80846782,0.0
1061,中信证券上虞王充路证券营业部,2,-2.73200156,0.0,2,-2.40338685,0.0,2,-2.753309735,0.0,2,-8.924944205,0.0,2,-0.68370336,50.0
1062,东兴证券南京汉中路证券营业部,2,-5.12259909,0.0,2,-3.073760685,50.0,2,-10.46853823,0.0,2,-14.76940472,0.0,1,13.7851367,100.0
1063,中泰证券淄博临淄大道证券营业部,2,-2.871017875,0.0,2,-1.54706405,50.0,2,-0.974580975,50.0,2,-1.445221445,50.0,2,-3.12049062,50.0
1064,长江证券深圳福华路证券营业部,2,5.51440329,100.0,2,7.217001415,100.0,2,9.491585285,100.0,1,22.98507463,100.0,1,1.64179104,100.0
1065,中国银河证券宁波宁穿路证券营业部,2,-9.40437879,0.0,2,-17.255974775,0.0,2,-21.173517835,0.0,2,-22.4157783,0.0,2,-24.6513813,0.0
1066,华泰证券牡丹江西一条路证券营业部,2,6.90554079,100.0,1,8.95522388,100.0,1,8.95522388,100.0,0,0.0,0.0,0,0.0,0.0
1067,华泰证券莱阳昌山路证券营业部,2,12.767712285,100.0,2,21.88851193,100.0,2,26.128028645,100.0,2,19.33389075,100.0,2,32.67396879,100.0
1068,上海证券松江区沪亭北路证券营业部,2,2.702702705,50.0,2,1.35135135,50.0,2,0.0,0.0,2,-1.351351355,50.0,1,8.10810811,100.0
1069,中信证券(山东)青岛香港中路证券营业部,2,1.0997088,100.0,2,-2.156980125,50.0,2,-3.763011085,50.0,2,-10.27660215,0.0,2,-6.853520415,50.0
1070,中信证券绍兴群贤路证券营业部,2,-6.12820513,0.0,2,-5.41025641,50.0,2,-3.69230769,50.0,2,2.30769231,50.0,2,-2.384615385,50.0
1071,首创证券北京五道口证券营业部,2,-8.04416626,0.0,2,-16.359173345,0.0,2,-20.011207205,0.0,2,-25.07533146,0.0,2,-33.33456683,0.0
1072,国投证券广州花都保利金融中心证券营业部,2,-0.514403695,50.0,2,-4.343255445,50.0,2,-9.22214829,50.0,2,-6.20869049,50.0,1,15.74712644,100.0
1073,中信证券江苏分公司,2,9.98132005,100.0,2,6.233329075,50.0,2,2.45912763,50.0,2,5.70834797,50.0,2,-9.4737979,50.0
1074,中信建投证券深圳中信国际大厦证券营业部,2,5.210236865,100.0,2,4.323952735,100.0,2,3.099166365,100.0,2,-0.02741085,50.0,2,3.958474735,50.0
1075,广发证券上海张江路证券营业部,2,-3.296951585,50.0,2,-4.648932295,0.0,2,-5.76413193,0.0,2,-3.42237408,0.0,2,-15.869634385,0.0
1076,国泰海通证券洛阳中州中路证券营业部,2,-19.986772485,0.0,2,-35.97883598,0.0,2,-35.965608465,0.0,2,-24.55026455,0.0,2,-46.0978836,0.0
1077,国泰海通证券淮北相山路证券营业部,2,-5.606118405,0.0,2,-8.58228694,0.0,1,-9.31443158,0.0,1,-0.82471879,0.0,1,-17.14812111,0.0
1078,国融证券赤峰临潢大街证券营业部,2,-3.986088315,0.0,2,-8.77993168,0.0,2,-13.34536772,0.0,2,-8.96417956,0.0,2,-9.484856525,0.0
1079,中国银河证券昆明民航路证券营业部,2,-9.588631715,50.0,2,-21.592474,0.0,2,-29.382084455,0.0,2,-31.862045735,0.0,2,-29.52781335,0.0
1080,中信证券(山东)青岛秦岭路证券营业部,2,-25.59458721,50.0,2,-28.69054128,0.0,2,-29.130216875,0.0,2,-27.10953162,50.0,1,-61.29032258,0.0
1081,华泰证券南京江宁天元东路证券营业部,2,8.529884005,50.0,2,11.194306985,100.0,2,5.608175515,100.0,2,24.567088665,100.0,2,15.670106345,100.0
1082,国都证券开封大梁路证券营业部,2,0.929076465,50.0,2,-2.58046433,50.0,2,-2.650389475,50.0,2,-2.55980098,50.0,2,-1.7126911,50.0
1083,东吴证券太仓上海东路证券营业部,2,2.060209645,100.0,2,0.27137086,50.0,2,-5.761957175,0.0,2,-3.216230515,50.0,2,-10.110993705,0.0
1084,平安证券陕西分公司,2,-3.26681897,0.0,2,-2.500535445,0.0,2,-2.32413555,0.0,2,2.925917995,50.0,2,-6.040729635,0.0
1085,中信证券(山东)临沂金雀山路证券营业部,2,5.210236865,100.0,2,4.323952735,100.0,2,3.099166365,100.0,2,-0.02741085,50.0,2,3.958474735,50.0
1086,东莞证券东莞凤岗证券营业部,2,-2.00419393,50.0,2,-2.427123175,50.0,2,-6.510640955,50.0,2,-6.512409075,50.0,2,-9.62751822,0.0
1087,中国中金财富证券杭州教工路证券营业部,2,1.493917275,50.0,2,4.649635035,100.0,2,4.97323601,100.0,2,9.635036495,50.0,2,14.338199515,100.0
1088,国泰海通证券成都蓉都大道证券营业部,2,1.15085235,50.0,2,0.918392505,50.0,2,-6.591645535,0.0,2,-8.67233728,0.0,0,0.0,0.0
1089,民生证券洛阳凯旋路证券营业部,2,-9.01058179,0.0,1,-6.89947046,0.0,1,-8.99470857,0.0,1,-2.63492018,0.0,1,13.41798995,100.0
1090,国泰海通证券淄博桓台东岳路证券营业部,2,-0.752736635,50.0,2,0.93422063,50.0,2,-1.602011255,50.0,2,-22.25483432,50.0,2,-32.05459914,0.0
1091,广发证券西安金花北路证券营业部,2,-9.89197292,50.0,2,-16.987251145,50.0,2,-8.933229005,50.0,2,-5.224437795,50.0,2,-21.806193285,0.0
1092,华泰证券南京中山东路第二证券营业部,2,-7.368421055,50.0,2,-13.859649125,50.0,2,-16.140350875,0.0,2,-15.789473685,50.0,1,0.0,0.0
1093,华泰证券南昌丰和中大道证券营业部,2,-2.60663507,0.0,2,-4.869617685,50.0,2,-6.9756477,50.0,2,-11.58777885,0.0,2,-12.278833775,0.0
1094,国投证券长春人民大街证券营业部,2,-8.943647095,0.0,2,-12.82835331,0.0,1,-17.60763376,0.0,0,0.0,0.0,0,0.0,0.0
1095,华泰证券扬中翠竹南路证券营业部,2,-5.18646216,0.0,2,-7.083077705,0.0,2,-8.62426163,0.0,2,-10.651704905,0.0,2,-16.098161995,0.0
1096,国投证券茂名高州证券营业部,2,-0.9801633,50.0,2,-3.560991975,0.0,2,-5.76434927,0.0,2,-2.350593615,0.0,2,9.149530885,100.0
1097,中泰证券日照山东路证券营业部,2,-2.089985905,0.0,2,-1.356620295,0.0,2,-1.550362575,0.0,2,0.473136275,50.0,2,2.521437905,100.0
1098,上海证券温州乐清伯乐东路证券营业部,2,2.880853735,100.0,2,3.76736163,50.0,2,4.164487335,50.0,2,-0.69087853,50.0,2,-14.36574139,0.0
1099,国新证券衡阳临江路证券营业部,2,3.333333335,50.0,2,6.274509805,100.0,2,6.274509805,100.0,2,6.274509805,100.0,2,0.0,0.0
1100,国泰海通证券湘潭建设中路证券营业部,2,-4.997765395,0.0,2,-9.797626915,0.0,2,-10.86834734,0.0,2,-14.25738835,0.0,2,-33.10578164,0.0
1101,国海证券深圳宝安裕安路证券营业部,2,1.25,50.0,2,-1.972402595,50.0,2,-7.069805195,0.0,2,-3.944805195,50.0,2,-5.194805195,0.0
1102,第一创业证券宁波海晏北路证券营业部,2,4.85510319,50.0,2,3.817607995,50.0,2,5.847717095,50.0,2,8.03689011,50.0,2,7.700616875,50.0
1103,中原证券平顶山建设路证券营业部,2,-7.109973505,0.0,2,-5.872756605,0.0,2,-9.645160645,0.0,2,-14.483238055,0.0,2,-12.91516443,0.0
1104,中信证券宁波天童南路证券营业部,2,-5.20884015,0.0,2,-9.33698866,0.0,2,-6.29046746,0.0,1,-15.25974026,0.0,1,-14.61038961,0.0
1105,西南证券温州汤家桥路证券营业部,2,-5.15118183,0.0,2,-9.204576,0.0,2,-2.683937705,50.0,2,-12.865870875,0.0,2,-2.937627755,50.0
1106,中国中金财富证券深圳宝安中心路证券营业部,2,-6.499521685,0.0,2,-2.1484375,0.0,2,-0.80317283,0.0,2,-3.181600765,50.0,2,1.16031569,100.0
1107,国泰海通证券九江十里大道证券营业部,2,1.347826085,50.0,2,0.898550725,50.0,2,-0.42753623,50.0,2,-3.63768116,0.0,1,19.30434783,100.0
1108,国泰海通证券南昌进贤军湖路证券营业部,2,5.26454677,100.0,2,10.8787439,100.0,2,4.624620665,100.0,2,-10.94471566,0.0,2,-26.085235515,0.0
1109,华泰证券南京江宁苏源大道证券营业部,2,6.02565683,100.0,2,15.30448457,100.0,2,18.68720332,100.0,2,23.649477535,100.0,2,30.829158345,50.0
1110,华泰证券成都锦晖西二街证券营业部,2,3.888113175,50.0,2,9.220002845,50.0,2,11.42212152,50.0,2,18.42177872,50.0,2,13.435030895,50.0
1111,国泰海通证券天台环城东路证券营业部,2,0.980471045,50.0,2,0.66389282,100.0,2,0.006926725,50.0,2,-3.892631,0.0,2,3.38679062,50.0
1112,国泰海通证券北京工人体育场北路证券营业部,2,-3.505892255,50.0,2,-1.18616723,50.0,2,1.929012345,50.0,2,4.64506173,100.0,2,-7.30317107,0.0
1113,东北证券德惠德惠路证券营业部,2,-3.20762792,50.0,2,-3.782654115,50.0,2,-3.71087805,50.0,2,5.95781467,50.0,1,75.88214538,100.0
1114,浙商证券温岭九龙大道证券营业部,2,13.71384851,100.0,2,33.07437232,100.0,2,35.63421605,100.0,2,53.024562335,100.0,2,122.80883346,100.0
1115,方正证券上海杨高南路证券营业部,2,-3.239385065,0.0,2,-6.339669535,0.0,2,-5.33445984,0.0,2,-8.238900365,0.0,2,-11.0166085,0.0
1116,长江证券宜都长江大道证券营业部,2,-3.29679976,0.0,2,-2.69421217,0.0,2,-9.10052531,0.0,2,-7.08528499,50.0,2,-1.718360755,50.0
1117,中国银河证券北京亦庄证券营业部,2,4.428613815,50.0,2,10.52047962,50.0,2,10.566075835,50.0,2,-2.890319085,50.0,2,0.298529405,50.0
1118,财通证券丽水分公司,2,10.459252355,100.0,2,11.60287874,100.0,2,10.336232785,100.0,2,-0.71140106,50.0,2,6.75240758,50.0
1119,光大证券上海金山区卫清西路证券营业部,2,0.014619885,50.0,2,1.39619883,50.0,2,-1.35233918,50.0,2,-3.98391813,0.0,2,-1.98099415,50.0
1120,财通证券东北分公司,2,-1.111371895,50.0,2,-1.57418375,50.0,2,-2.133995405,50.0,2,0.922323155,50.0,2,-3.115728635,50.0
1121,浙商证券绍兴金柯桥大道证券营业部,2,-2.604679125,0.0,2,-6.038544835,0.0,2,-10.987701,0.0,2,-14.856185715,0.0,1,-8.47457627,0.0
1122,华泰证券广州海珠广场证券营业部,2,-12.50789474,0.0,2,-17.71388183,0.0,2,-18.810062125,0.0,2,-21.386834485,0.0,2,-22.722731035,50.0
1123,广发证券邯郸陵园路证券营业部,2,-4.566863465,0.0,2,-3.20869397,0.0,2,-0.4875043,50.0,2,-7.331673445,0.0,2,-17.355453975,0.0
1124,华泰证券永嘉阳光大道证券营业部,2,2.52956616,50.0,2,-4.587000155,50.0,2,1.628840515,50.0,1,-5.88235294,0.0,1,-17.25490196,0.0
1125,中国中金财富证券无锡分公司,2,0.70528455,50.0,2,-4.1242741,0.0,2,-3.040360045,0.0,2,-3.30545877,50.0,1,-1.97154472,0.0
1126,长江证券厦门湖滨北路证券营业部,2,-5.76496674,0.0,2,-10.310421285,0.0,2,-7.871396895,50.0,1,-18.18181818,0.0,0,0.0,0.0
1127,中国银河证券格尔木昆仑南路证券营业部,2,3.69047619,100.0,1,7.5,100.0,0,0.0,0.0,0,0.0,0.0,0,0.0,0.0
1128,长江证券北京百万庄大街证券营业部,2,-3.58911243,0.0,2,-3.478683505,0.0,2,-0.564286075,50.0,2,0.45254999,50.0,2,-7.547037275,0.0
1129,中信证券华南广州临江大道证券营业部,2,-5.197206995,0.0,2,-9.95622847,0.0,2,-11.21793856,0.0,2,-15.061249135,0.0,0,0.0,0.0
1130,中信证券(山东)邹城凫山南路证券营业部,2,-4.536083995,50.0,2,-5.92221236,50.0,1,-6.33540373,0.0,1,10.43478261,100.0,1,-2.15320911,0.0
1131,第一创业证券大连黄河路证券营业部,2,0.25847173,50.0,2,-1.798306365,50.0,2,-5.6649578,0.0,2,-6.37953932,0.0,2,-16.172047925,0.0
1132,华安证券广州金融城证券营业部,2,-6.164891325,0.0,2,-5.01844142,0.0,2,-3.633667855,50.0,2,-11.371817085,0.0,2,-15.73502107,0.0
1133,平安证券河南分公司,2,-5.21680217,0.0,2,-6.26693767,0.0,2,-6.26693767,0.0,1,-12.19512195,0.0,1,-9.75609756,0.0
1134,招商证券昆明北京路证券营业部,2,-7.38338654,0.0,2,-8.911588735,0.0,2,-14.709377415,0.0,2,-15.024487755,0.0,1,-13.07389593,0.0
1135,中国中金财富证券西宁证券营业部,2,6.225180665,50.0,2,2.89879954,50.0,2,-3.666095285,50.0,2,-15.492770395,0.0,2,-4.834379425,50.0
1136,广发证券揭阳临江北路证券营业部,2,-5.109761295,0.0,2,-5.25895141,0.0,2,-10.00639386,0.0,2,-17.114237,0.0,2,-15.478473995,0.0
1137,国都证券北京金沙西街证券营业部,2,-3.815789475,0.0,2,-5.065789475,0.0,2,-5.065789475,0.0,2,-2.434210525,50.0,2,-8.881578945,0.0
1138,粤开证券佛山顺德欢乐大道证券营业部,2,2.515337425,50.0,2,11.035727175,100.0,2,18.543846985,100.0,2,35.247203175,100.0,2,20.3302057,100.0
1139,中国中金财富证券杭州江河汇证券营业部,2,7.51360576,100.0,2,10.19543075,100.0,2,12.181648165,100.0,2,16.150271655,100.0,2,29.809307655,100.0
1140,中信证券平湖丰收路证券营业部,2,4.894874945,100.0,2,2.92571827,50.0,2,0.897239845,50.0,2,-9.29560567,0.0,2,11.565782045,100.0
1141,民生证券辽宁分公司,2,-6.175128595,0.0,2,-12.411327295,0.0,2,-15.227331425,0.0,2,-19.263230955,0.0,0,0.0,0.0
1142,申万宏源证券上海浦东新区张杨路证券营业部,2,-1.124545245,50.0,2,-8.587805735,0.0,2,-11.81827515,0.0,2,-12.86100208,0.0,2,-8.431790355,50.0
1143,中信建投证券佛山顺德东乐路证券营业部,2,-5.88235294,0.0,2,-4.79302832,0.0,2,-2.94117647,0.0,2,-4.79302832,0.0,1,-11.76470588,0.0
1144,中国中金财富证券信阳新六大街证券营业部,2,-1.34199134,50.0,2,0.086580085,50.0,1,-2.85714286,0.0,0,0.0,0.0,0,0.0,0.0
1145,东莞证券湛江观海北路证券营业部,2,6.513215545,100.0,2,0.44748312,50.0,2,-7.55823852,0.0,2,-13.572297915,0.0,2,-22.96128929,0.0
1146,第一创业证券佛山第二分公司,2,-0.865697675,50.0,2,-5.20274947,0.0,2,-3.504106895,50.0,2,-0.91672493,50.0,2,-5.692540485,50.0
1147,华泰证券淮安富誉路证券营业部,2,-6.85185185,0.0,2,-5.0,0.0,2,-12.22222222,0.0,1,-10.0,0.0,0,0.0,0.0
1148,华泰证券佛山灯湖东路证券营业部,2,-0.3125,50.0,2,-2.8125,50.0,2,0.3125,50.0,2,7.1875,100.0,1,10.0,100.0
1149,华泰证券广州东风中路证券营业部,2,2.3269764,50.0,2,-5.28240072,50.0,2,-16.10672448,0.0,0,0.0,0.0,0,0.0,0.0
1150,浙商证券乐清千帆东路证券营业部,2,-0.855322445,50.0,2,2.56452543,50.0,2,-2.866965865,50.0,2,-6.160556575,0.0,2,-15.364460445,0.0
1151,华福证券福州上三路证券营业部,2,-1.650575285,50.0,2,2.910918315,50.0,2,1.72510607,50.0,1,5.78661844,100.0,1,2.00558935,100.0
1152,国海证券深圳第二分公司,2,-5.32179701,0.0,2,-10.031336375,0.0,2,-7.014094995,0.0,1,-13.57586513,0.0,1,-21.49268699,0.0
1153,中信建投证券重庆青枫北路证券营业部,2,-4.197842625,0.0,2,-2.713867065,50.0,2,-6.9070333,50.0,2,-12.445442075,0.0,2,-48.59552313,0.0
1154,华泰证券上海长宁区凯旋路证券营业部,2,-3.53875367,0.0,2,-4.971454345,0.0,1,-8.75912409,0.0,1,-9.48905109,0.0,1,1.45985401,100.0
1155,平安证券沈阳青年大街证券营业部,2,-1.896179645,50.0,2,-2.16672275,50.0,2,-0.79875272,50.0,1,18.51851852,100.0,1,26.4957265,100.0
1156,长城证券连云港海连东路证券营业部,2,4.480452515,100.0,2,4.69575665,100.0,2,6.20182238,100.0,2,9.06510159,100.0,1,9.03426791,100.0
1157,东莞证券东莞寮步证券营业部,2,0.013790705,50.0,2,0.07244333,50.0,2,-2.54940948,50.0,2,-4.464458485,50.0,2,8.959807675,50.0
1158,东海证券扬州文汇东路证券营业部,2,-2.77665576,50.0,2,-3.052127835,50.0,2,1.990806005,50.0,2,5.31403228,50.0,1,47.87430684,100.0
1159,中国银河证券晋中定阳路证券营业部,2,-5.010637165,0.0,2,-9.726270255,0.0,2,-5.136687585,0.0,2,1.172038435,50.0,1,-18.56540084,0.0
1160,华西证券广安建安中路证券营业部,2,-1.357963035,50.0,2,5.985989105,50.0,2,11.7354316,100.0,2,8.80945829,100.0,2,4.290838155,100.0
1161,华福证券浦城兴浦路证券营业部,2,-19.986772485,0.0,2,-35.97883598,0.0,2,-35.965608465,0.0,2,-24.55026455,0.0,2,-46.0978836,0.0
1162,华福证券尤溪滨河大道证券营业部,2,7.714048175,100.0,2,8.12117503,100.0,2,-3.553197385,50.0,2,-8.48957299,0.0,2,-12.09041415,0.0
1163,国金证券攀枝花佳兴路证券营业部,2,-4.01648142,0.0,2,-2.810174725,0.0,2,-8.317573785,0.0,2,-7.38591146,0.0,2,11.746352555,50.0
1164,国信证券揭阳建阳路证券营业部,2,-3.734618135,50.0,2,-5.378779205,50.0,2,-7.529382125,50.0,2,-11.79269056,0.0,2,-19.270836505,0.0
1165,川财证券成都蜀锦路证券营业部,2,-5.607897205,0.0,2,-3.789503585,50.0,1,-9.49298813,0.0,1,-7.87486516,0.0,1,-13.48435814,0.0
1166,广发证券烟台环山路证券营业部,2,2.080556715,50.0,2,-0.41366139,0.0,2,2.92753358,50.0,2,-1.237989775,50.0,2,-4.56530166,0.0
1167,国泰海通证券南宁双拥路第一证券营业部,2,4.55768335,100.0,2,13.589159295,50.0,2,12.49369263,100.0,2,11.707510945,100.0,2,-17.68390844,0.0
1168,国金证券福州长乐中路证券营业部,2,11.343525215,100.0,2,10.953038405,100.0,2,15.17235958,100.0,2,6.64380331,100.0,2,7.529922175,50.0
1169,华鑫证券乐清双雁路证券营业部,2,-2.91863663,0.0,2,-7.093878435,0.0,2,-6.41111214,0.0,2,-5.117116285,0.0,2,-2.651803095,0.0
1170,信达证券抚顺临江东路证券营业部,2,-5.263157895,0.0,2,-10.52631579,0.0,2,-7.89473684,0.0,2,-7.89473684,0.0,2,-13.859649125,0.0
1171,兴业证券广西分公司,2,-4.97219941,0.0,2,-5.901011065,0.0,2,-10.04112413,0.0,2,-9.376508025,50.0,2,-34.0656695,50.0
1172,东北证券襄阳春园路证券营业部,2,-4.132099395,0.0,2,-2.500823625,50.0,2,-1.80947817,50.0,2,1.466051695,50.0,2,-2.4863478,50.0
1173,光大证券北京三元桥证券营业部,2,-0.555123925,50.0,2,-5.78830316,0.0,2,-9.23655893,0.0,2,-3.179143035,50.0,2,5.486461815,100.0
1174,华安证券北京中关村大街证券营业部,2,-1.6673702,0.0,2,-3.797930475,50.0,2,-7.154347255,50.0,2,-6.64894527,0.0,1,-12.07260447,0.0
1175,华鑫证券天津海河东路证券营业部,2,2.063190895,100.0,2,3.54293608,50.0,2,4.21431975,50.0,2,-1.516771695,50.0,2,-3.147050875,50.0
1176,中信证券深圳福田金田路证券营业部,2,8.644258825,100.0,2,5.854620565,100.0,2,16.43414673,100.0,2,20.930030435,100.0,2,8.671626805,100.0
1177,五矿证券杭州民心路证券营业部,2,-2.450635815,50.0,2,-0.11134054,50.0,2,-0.4911206,50.0,2,-6.386825665,0.0,2,0.998813595,50.0
1178,中信证券深圳前海分公司,2,-4.820261525,0.0,2,-8.27362422,0.0,2,-7.14957654,0.0,2,1.199429205,50.0,2,13.28085612,100.0
1179,华西证券成都龙腾东路证券营业部,2,-1.67068799,50.0,2,-1.557047045,50.0,2,-2.492983445,50.0,2,-2.994996475,50.0,2,-10.910835745,0.0
1180,中信证券北京亚运村证券营业部,2,2.50687172,50.0,2,5.637522805,50.0,2,3.89889731,50.0,2,-2.4939119,50.0,2,-3.00687976,50.0
1181,光大证券厦门展鸿路金融中心大厦证券营业部,2,1.37671455,50.0,2,-2.272325655,50.0,2,-9.24848991,50.0,2,-18.902724875,0.0,2,-22.72186912,0.0
1182,中信证券(山东)滕州塔寺北路证券营业部,2,-4.797463175,0.0,2,-9.594926355,0.0,2,-9.364770865,0.0,2,-12.024345335,0.0,2,-15.86027005,0.0
1183,方正证券益阳安化陶澍大道证券营业部,2,0.96043143,50.0,2,5.154314355,50.0,2,9.91554493,50.0,2,14.16876457,50.0,2,8.282374605,50.0
1184,浙商证券昆明顺城街证券营业部,2,-7.31824934,0.0,2,-2.551928875,50.0,2,-3.79203768,50.0,2,-6.2054897,0.0,1,-4.37685477,0.0
1185,浙商证券路桥数码街证券营业部,2,-3.676932745,0.0,2,-7.353865495,0.0,2,-12.38214959,0.0,2,-13.356379635,0.0,1,-18.60465116,0.0
1186,广发证券云浮兴云西路证券营业部,2,-6.97213973,0.0,2,-7.80417457,0.0,2,-12.05640414,0.0,2,-17.414934065,0.0,2,-19.89161176,0.0
1187,申万宏源证券,2,-3.201179,0.0,2,-7.10030175,0.0,2,-6.28558853,0.0,2,-10.30841586,0.0,2,-9.149827565,0.0
1188,国金证券南京中山东路证券营业部,2,-0.33716779,0.0,2,-0.77350258,0.0,2,0.39666799,50.0,2,3.19449954,50.0,1,1.54700516,100.0
1189,中信建投证券武汉京汉大道证券营业部,2,-4.02862337,0.0,2,-7.38867321,0.0,2,-49.68267014,0.0,2,-50.66028282,0.0,2,-40.66162856,50.0
1190,中信证券深圳科技园证券营业部,2,6.445514875,100.0,2,8.5964869,50.0,2,6.12911383,50.0,1,19.30724824,100.0,1,44.45157152,100.0
1191,中信证券(山东)郑州黄河路证券营业部,2,-2.463579645,50.0,2,-52.01185645,0.0,2,-48.2299396,0.0,2,-52.022192565,0.0,2,-52.269108925,0.0
1192,中国银河证券重庆沙坪坝证券营业部,2,-3.49120326,0.0,2,-5.99905987,0.0,2,-9.374349845,0.0,2,3.50223145,50.0,2,5.30111643,100.0
1193,中国银河证券泉州崇福路证券营业部,2,-12.801757705,0.0,2,-9.983355725,0.0,2,-6.960216335,0.0,2,-13.439716915,0.0,2,-27.32249673,0.0
1194,中国银河证券宁波宁南北路证券营业部,2,0.427154845,50.0,2,-5.003813885,0.0,2,-8.05491991,0.0,1,-13.04347826,0.0,1,-3.62318841,0.0
1195,方正证券仙居穿城北路证券营业部,2,4.72312555,100.0,2,0.096284355,50.0,1,-1.08527132,0.0,1,-2.63565891,0.0,1,-5.58139535,0.0
1196,中国银河证券潮州潮州大道证券营业部,2,-4.962893015,0.0,2,-8.89487192,0.0,2,-13.054495615,0.0,2,-18.08073841,0.0,2,-25.048474425,0.0
1197,国金证券上海浦东新区芳甸路证券营业部,2,3.50592122,50.0,2,-1.92919314,50.0,2,-9.56944747,0.0,2,-11.631290635,0.0,2,-2.652459145,50.0
1198,浙商证券江西分公司,2,0.9573811,50.0,2,0.051973455,50.0,2,-1.926426985,50.0,2,0.41732511,100.0,2,-2.954197855,50.0
1199,国信证券漳州水仙大街证券营业部,2,-4.63830137,50.0,2,-5.74854367,50.0,2,-7.59979948,0.0,2,-11.011629405,0.0,2,-16.734097405,0.0
1200,粤开证券宁波分公司,2,-1.229900415,50.0,2,-3.7274842,50.0,2,-6.951235115,50.0,2,-6.913452155,50.0,1,-12.33595801,0.0
1201,五矿证券深圳海秀路证券营业部,2,-2.315119875,0.0,2,-14.592836645,0.0,1,-7.90123457,0.0,1,-8.88888889,0.0,0,0.0,0.0
1202,国泰海通证券广州天河北路证券营业部,2,7.958356535,100.0,2,5.5404918,100.0,2,-3.60512428,50.0,2,-1.73762276,50.0,2,9.53019009,100.0
1203,中航证券萍乡建设中路证券营业部,2,3.125,50.0,1,0.0,0.0,1,6.66666667,100.0,0,0.0,0.0,0,0.0,0.0
1204,中泰证券上海分公司,2,2.333205535,50.0,2,3.05984329,50.0,2,0.763621985,50.0,2,-2.65912685,50.0,0,0.0,0.0
1205,华泰证券浙江分公司,2,10.00098251,100.0,2,16.04949387,100.0,2,19.199988835,100.0,2,21.67106113,100.0,2,39.746082485,100.0
1206,中信建投证券上海鸿兴路证券营业部,2,3.332762995,50.0,2,2.78982548,50.0,2,7.51050305,50.0,2,13.45939036,50.0,2,11.977670895,50.0
1207,东吴证券嘉兴槜李路证券营业部,2,-6.972287245,0.0,2,-7.44710702,0.0,1,-9.5625,0.0,1,-10.78125,0.0,1,-14.6875,0.0
1208,长城证券深圳华为稼先路证券营业部,2,1.37973467,50.0,2,8.522984135,100.0,1,-3.20890635,0.0,1,15.60248854,100.0,1,18.50032744,100.0
1209,财通证券杭州市心北路证券营业部,2,6.750191455,100.0,2,2.439701265,50.0,2,12.7486247,100.0,2,13.769470185,100.0,2,15.313911745,100.0
1210,国泰海通证券亳州魏武大道证券营业部,2,-4.337746835,0.0,2,-9.11291671,0.0,2,-53.259200705,0.0,2,-57.91351869,0.0,2,-93.87113692,0.0
1211,国泰海通证券连云港苍梧路证券营业部,2,0.788964325,50.0,2,4.901458905,100.0,2,1.12540806,100.0,2,4.229813665,100.0,2,0.52801574,50.0
1212,招商证券上海黄浦区西藏南路证券营业部,2,-3.622872105,0.0,2,-1.378582865,50.0,2,-2.069693,0.0,2,-8.195111305,0.0,2,-13.85857704,0.0
1213,中信建投证券安阳永明路证券营业部,2,-15.92105263,0.0,2,-21.315789475,0.0,2,-23.62781955,0.0,2,-27.06766917,0.0,0,0.0,0.0
1214,世纪证券湖北分公司,2,2.17144101,50.0,2,0.474592025,50.0,2,0.753713785,50.0,2,-4.501196775,50.0,2,10.63968927,50.0
1215,华创证券深圳香梅路证券营业部,2,-1.1647394,0.0,2,-4.82602229,0.0,2,-7.13874225,0.0,2,-6.62759762,0.0,1,-14.91766341,0.0
1216,中信证券本溪东明路证券营业部,2,8.430493275,100.0,2,0.99487858,50.0,2,-4.400989975,50.0,2,-12.718517975,50.0,2,-6.736442945,50.0
1217,国融证券青岛分公司,2,1.903407685,50.0,2,4.87766876,100.0,2,11.9317007,100.0,2,1.65258569,50.0,2,8.05921292,50.0
1218,广发证券泰州凤凰东路证券营业部,2,-6.66357081,0.0,2,-12.997593665,0.0,2,-19.352963045,0.0,2,-17.39865775,0.0,2,-17.377487645,0.0
1219,长江证券江阴虹桥南路证券营业部,2,0.11071953,50.0,2,3.81527166,50.0,2,-6.259618205,50.0,2,-12.9958884,0.0,2,-15.89397944,0.0
1220,东方证券上海浦东新区银城中路证券营业部,2,-6.11518124,0.0,2,-7.734613205,0.0,2,-6.72634208,50.0,2,-6.118623975,0.0,2,-7.3370633,0.0
1221,中信证券南京云锦路证券营业部,2,0.51846424,50.0,2,-1.435973125,50.0,2,-3.53799997,50.0,2,-8.591125275,50.0,2,-2.13780088,50.0
1222,东方证券上海浦东新区北门大街证券营业部,2,-5.64668348,0.0,2,-2.93970469,50.0,1,-3.26197757,0.0,1,2.95616718,100.0,1,-4.28134557,0.0
1223,金融街证券武汉新华路证券营业部,2,0.020661155,50.0,2,16.81818182,50.0,2,17.85123967,100.0,2,-4.669421485,50.0,2,6.7768595,50.0
1224,浙商证券杭州分公司,2,10.09632526,100.0,2,13.637493615,100.0,2,20.20805898,100.0,1,32.48407643,100.0,0,0.0,0.0
1225,中泰证券辽宁分公司,2,-0.38481375,50.0,2,-1.39822186,50.0,2,-4.82351995,0.0,1,4.44320386,100.0,0,0.0,0.0
1226,世纪证券江西分公司,2,-2.595990025,0.0,2,-0.079611375,50.0,2,0.71371344,50.0,2,7.0747637,100.0,2,15.713358485,100.0
1227,财通证券台州分公司,2,1.84768647,50.0,2,3.870434055,50.0,2,4.025961725,50.0,2,-1.079666865,50.0,2,3.72437715,50.0
1228,东莞证券东莞东城分公司,2,1.470251935,50.0,2,-0.4591282,50.0,2,-2.554368215,50.0,1,-2.36180905,0.0,1,-10.87939698,0.0
1229,东莞证券东莞分公司,2,-5.086996335,0.0,2,0.64102564,50.0,2,0.400641025,50.0,2,-0.01373626,50.0,1,-5.28846154,0.0
1230,方正证券重庆金开大道证券营业部,2,6.085680135,50.0,2,5.381837915,50.0,2,-1.313202165,50.0,2,2.310523255,50.0,2,12.61737886,50.0
1231,华安证券深圳分公司,2,0.25487863,50.0,2,1.419324135,50.0,2,5.274988105,50.0,2,-9.897072825,0.0,2,-20.5197525,0.0
1232,方正证券上海南奉公路证券营业部,2,-5.549513065,0.0,2,-10.077073965,0.0,2,-14.232560855,0.0,2,-18.202010745,0.0,2,-18.827330755,0.0
1233,方正证券马鞍山佳山路证券营业部,2,0.31132158,50.0,2,-1.5522231,50.0,2,-5.14338332,0.0,1,1.58730159,100.0,1,-12.6984127,0.0
1234,开源证券西安永城路证券营业部,2,1.324860975,50.0,2,-2.779102035,0.0,2,-8.89218521,0.0,2,-9.081004505,0.0,2,-7.22779371,0.0
1235,中国中金财富证券佛山南海桂城灯湖东路证券营业部,2,-9.35417495,0.0,2,-15.48062578,0.0,1,-26.09147609,0.0,0,0.0,0.0,0,0.0,0.0
1236,广发证券福州儒江西路证券营业部,2,-8.51386167,0.0,2,-10.945134485,0.0,2,-17.100384095,0.0,1,-26.03709949,0.0,0,0.0,0.0
1237,中国银河证券莆田幸福路证券营业部,2,4.76190476,50.0,2,2.652464495,50.0,1,14.28571429,100.0,1,-6.34920635,0.0,1,20.63492063,100.0
1238,华林证券西藏分公司,2,2.751813915,50.0,2,-1.18651302,50.0,2,-5.91335894,50.0,2,-18.67690994,0.0,2,-13.241570635,0.0
1239,中国银河证券德阳凯江路证券营业部,2,-1.12448418,50.0,2,-5.652367035,0.0,2,-6.46764672,0.0,2,-8.45684319,0.0,1,-10.10416667,0.0
1240,招商证券上海徐汇区云锦路证券营业部,2,-1.93725658,50.0,2,-2.75294128,50.0,2,-5.583921785,50.0,2,-9.192910885,50.0,2,12.440769935,50.0
1241,川财证券深圳分公司,2,-2.45508982,50.0,2,-6.15269461,50.0,2,-8.99700599,0.0,2,-5.2994012,0.0,1,-10.0,0.0
1242,华源证券广东分公司,2,-1.80388402,50.0,2,5.38243122,100.0,2,8.36588385,100.0,1,27.60834671,100.0,1,21.18780096,100.0
1243,平安证券重庆分公司,2,3.24958124,50.0,2,-1.312116135,0.0,2,-7.07426019,0.0,2,-7.409268565,0.0,1,-10.99944165,0.0
1244,国信证券金华光南路证券营业部,2,-2.97029703,0.0,2,0.934247275,50.0,2,-1.90403656,0.0,2,-9.713125155,0.0,1,-9.13937548,0.0
1245,中国中金财富证券北京石景山证券营业部,2,9.600614435,100.0,2,19.20122888,100.0,2,23.271889405,100.0,2,18.50998464,100.0,0,0.0,0.0
1246,东方财富证券广州兴民路证券营业部,2,-1.031731775,50.0,2,9.59783103,100.0,2,5.84763576,50.0,2,-2.572957135,50.0,2,-7.61686246,0.0
1247,中国银河证券常州新民路证券营业部,2,6.51303942,50.0,2,6.04615487,50.0,2,1.88754752,50.0,2,1.71079837,50.0,1,-7.73694391,0.0
1248,华安证券上海浦东新区源深路证券营业部,2,-2.060163475,50.0,2,-9.08649337,0.0,2,-8.097342725,0.0,2,-14.77790433,0.0,2,-16.15867446,0.0
1249,中国中金财富证券安徽分公司,2,4.054271375,50.0,2,-2.04788488,0.0,2,-2.75626866,0.0,2,-11.61104282,0.0,2,-22.519385935,0.0
1250,中信建投证券北京朝外大街证券营业部,2,-0.536428835,50.0,2,-0.505761215,50.0,2,-3.987611865,0.0,2,4.04512781,100.0,2,5.870360815,100.0
1251,川财证券北京分公司,2,0.08035123,50.0,2,-3.911282305,0.0,2,-0.599983435,50.0,1,14.125,100.0,0,0.0,0.0
1252,中信建投证券襄阳檀溪路证券营业部,2,-7.02349529,0.0,2,-8.14025483,0.0,2,-15.00472513,0.0,2,0.535731745,50.0,2,-5.26574771,50.0
1253,华金证券上海陆家嘴环路证券营业部,2,2.77335385,100.0,2,2.20735926,50.0,2,2.392181495,50.0,2,1.36852709,100.0,2,10.03991366,100.0
1254,国泰海通证券杭州新业路第一证券营业部,2,12.504596085,100.0,2,24.207305395,100.0,2,20.552664445,100.0,2,32.29504434,100.0,2,56.140912055,100.0
1255,中山证券深圳粤海分公司,2,-42.639891695,50.0,2,-45.500902525,50.0,2,-48.18140794,0.0,2,-51.042418775,0.0,2,-53.361913355,0.0
1256,中国中金财富证券常州通江南路证券营业部,2,-9.310164165,50.0,2,-9.5142458,50.0,2,-10.657901305,0.0,2,-12.226934785,0.0,2,-12.48765032,50.0
1257,东方财富证券江苏分公司,2,-3.860144585,0.0,2,-7.98217429,0.0,2,-14.71791608,0.0,2,-18.665291525,0.0,1,6.13825138,100.0
1258,国投证券上海浦东新区花园石桥路证券营业部,2,2.536231885,50.0,2,5.717391305,50.0,2,9.43426501,50.0,2,-1.41149068,50.0,2,-17.17494824,50.0
1259,中原证券济南玉函路证券营业部,2,0.266444535,50.0,2,3.719003585,50.0,2,5.59782855,50.0,2,8.67559726,50.0,2,-3.94561177,50.0
1260,中信证券深圳深业上城证券营业部,2,2.530164865,50.0,2,7.35982941,50.0,2,11.16692339,50.0,1,9.95850622,100.0,1,3.73443983,100.0
1261,光大证券上海静安区南京西路证券营业部,2,-2.59554123,0.0,2,-5.411166775,0.0,2,-4.456020365,50.0,2,-3.86995614,50.0,2,-6.609354335,0.0
1262,光大证券北京总部基地证券营业部,2,13.409970415,100.0,2,5.01342522,50.0,2,3.00209616,50.0,2,-3.245362515,50.0,2,-9.0280212,50.0
1263,华林证券厦门东港北路证券营业部,2,-0.39233058,50.0,2,1.54786652,50.0,2,4.83011806,50.0,2,14.269115545,100.0,2,11.699825665,100.0
1264,东北证券揭阳临江南路证券营业部,2,0.08150543,50.0,2,-2.42478646,0.0,2,-1.530154255,0.0,1,-5.81717452,0.0,1,-1.66204986,0.0
1265,华福证券潍坊东风东街证券营业部,2,-9.96980184,0.0,2,-12.126065075,0.0,2,-12.54158182,0.0,2,-6.607722345,0.0,2,-20.02653549,0.0
1266,开源证券西安阎良人民路证券营业部,2,4.92826399,50.0,2,15.430212185,100.0,2,23.147756145,100.0,2,30.8220734,100.0,2,46.648128995,100.0
1267,国投证券深圳下梅林二街证券营业部,2,0.929854165,100.0,2,2.13843158,100.0,2,1.63797238,50.0,2,7.51630497,100.0,2,-1.04159588,50.0
1268,中国银河证券成都日月大道证券营业部,2,0.0114465,50.0,2,-4.988193695,0.0,2,-9.73174501,0.0,2,-18.51333742,0.0,2,-25.08650623,0.0
1269,中国银河证券永康五洲路证券营业部,2,2.94117647,50.0,2,-1.35842473,50.0,2,-0.68544367,50.0,2,8.52442672,50.0,1,8.82352941,100.0
1270,财通证券温岭泽国泽牧路证券营业部,2,-2.79880283,0.0,2,-1.016475065,50.0,2,0.961931135,50.0,2,0.76599256,50.0,2,-1.23087466,50.0
1271,南京证券南京江东中路证券营业部,2,3.22121073,50.0,2,5.1982786,50.0,2,2.937577945,50.0,2,-0.177622885,50.0,2,28.561378405,100.0
1272,长江证券上海安远路证券营业部,2,3.27106637,50.0,1,3.01369863,100.0,1,7.67123288,100.0,1,-10.50684932,0.0,1,-6.01369863,0.0
1273,华福证券上海虹口区四平路证券营业部,2,-1.090801075,0.0,2,-8.559101675,0.0,2,-8.004471705,0.0,2,-7.146923535,50.0,2,-4.82811969,0.0
1274,山西证券湖南分公司,2,0.22177231,50.0,2,-5.70419197,50.0,2,-9.132865345,0.0,1,7.29108245,100.0,1,25.12619181,100.0
1275,中信建投证券武汉珞喻东路证券营业部,2,-5.481342485,0.0,2,-4.959828205,0.0,2,-8.862424555,0.0,2,-8.179668945,0.0,2,-8.22110905,50.0
1276,国泰海通证券河源越王大道证券营业部,2,-2.51716247,0.0,2,-45.140568815,50.0,2,-46.740764955,50.0,2,-50.854854525,0.0,1,-96.10983982,0.0
1277,国泰海通证券广州开创大道证券营业部,2,-3.591897975,50.0,2,-1.88154539,50.0,2,2.90285071,50.0,2,0.379594895,50.0,2,-1.38072018,50.0
1278,财通证券台州临海杜桥滨海西路证券营业部,2,-13.03343112,0.0,2,-10.53993469,0.0,2,-8.25815022,0.0,2,-22.46222394,0.0,2,-27.186306525,0.0
1279,国泰海通证券深圳深南大道京基一百证券营业部,2,-3.29124192,0.0,2,3.89738544,100.0,2,-2.843159515,0.0,2,-7.908101385,0.0,2,-52.36199004,0.0
1280,国泰海通证券瑞安莘阳大道证券营业部,2,-6.018433745,0.0,2,-8.231093205,0.0,2,-8.69956662,0.0,2,-8.104056035,0.0,2,-14.390679365,0.0
1281,申港证券上海分公司,2,7.93659352,100.0,2,13.436135225,100.0,2,19.4856311,100.0,2,16.277565105,100.0,2,-7.661616435,0.0
1282,华福证券南京胜太路证券营业部,2,-3.337194575,0.0,2,-2.32045223,0.0,2,0.284805235,50.0,2,-4.95366509,0.0,2,-17.673060885,0.0
1283,粤开证券深圳深南大道证券营业部,2,1.45795855,50.0,2,-0.57981037,50.0,2,4.012748795,100.0,1,11.98156682,100.0,1,0.46082949,100.0
1284,中国银河证券北京远大路证券营业部,2,-3.17982456,50.0,2,-7.18201754,0.0,2,-13.103070175,0.0,2,-16.06359649,0.0,2,-20.28508772,0.0
1285,中国银河证券深圳坂田证券营业部,2,0.7011141,50.0,2,2.920746335,100.0,2,5.117990155,100.0,2,7.82543012,50.0,2,13.02791218,50.0
1286,中国银河证券兰溪三江路证券营业部,2,-3.7767451,0.0,2,-5.957880585,0.0,2,-6.903217855,0.0,2,-8.36080914,0.0,2,-18.053528615,0.0
1287,东方财富证券北京分公司,2,-6.742091635,0.0,2,-12.31453338,0.0,2,-13.49938084,0.0,2,-17.67927502,0.0,1,-37.03703704,0.0
1288,招商证券上海自贸试验区分公司,2,3.582739225,50.0,2,3.85107298,50.0,2,4.438030665,100.0,2,-5.143481535,0.0,2,-6.242476625,0.0
1289,联储证券深圳分公司,2,2.539334715,50.0,2,-4.33513127,0.0,2,-7.296817915,0.0,2,-9.14130803,0.0,2,-9.41477711,0.0
1290,江海证券深圳分公司,2,1.181034485,50.0,2,-1.07581786,50.0,2,-1.388815205,50.0,2,0.27210433,50.0,2,7.27022546,100.0
1291,华福证券富阳江滨西大道证券营业部,2,-1.72850732,50.0,1,-14.52513966,0.0,1,-10.05586592,0.0,1,-27.03910615,0.0,1,-30.39106145,0.0
1292,华金证券北京分公司,2,-2.39481289,50.0,2,-2.856499975,0.0,2,-0.392836155,50.0,2,2.601319185,50.0,2,-17.58943647,0.0
1293,国融证券浙江分公司,2,1.87032419,50.0,2,-3.13653452,50.0,2,0.236377505,50.0,2,-3.517269925,50.0,2,-2.73151141,50.0
1294,天风证券江西分公司,2,1.285460995,50.0,2,3.26536643,50.0,2,4.410460995,50.0,2,1.48492908,50.0,2,17.83392435,100.0
1295,申港证券四川分公司,2,-5.449439975,0.0,2,-7.87368478,0.0,2,-9.45622907,0.0,2,-13.12235163,0.0,2,-11.84679956,0.0
1296,信达证券深圳分公司,2,-6.104814245,0.0,2,-6.21518952,0.0,2,-11.624573505,0.0,2,-15.757880075,0.0,2,-19.45194309,0.0
1297,华泰证券北京学院南路证券营业部,2,0.05319149,50.0,2,-4.965805475,0.0,2,-5.97644377,0.0,2,-11.28799392,0.0,2,1.060030395,50.0
1298,国盛证券江西分公司,2,-6.8649563,0.0,2,-8.2341275,0.0,2,-7.99887894,0.0,2,3.912817215,50.0,2,-18.64375822,0.0
1299,申港证券安徽分公司,2,12.4903392,100.0,2,13.53897623,100.0,2,16.564714505,100.0,2,18.95577134,100.0,2,23.069266915,100.0
1300,申港证券湖南分公司,2,-0.16891892,50.0,2,-2.001039505,0.0,2,-4.872661125,50.0,1,19.6985447,100.0,1,38.82536383,100.0
1301,东北证券杭州教工路证券营业部,2,4.62406015,50.0,2,-0.1566416,50.0,2,2.030970285,50.0,1,5.57748538,100.0,1,-10.52631579,0.0
1302,光大证券西安经开区文景路证券营业部,2,-12.439716315,0.0,2,-23.30141844,0.0,2,-38.14893617,0.0,2,-74.031914895,0.0,2,-77.29432624,0.0
1303,国投证券兰州东岗西路证券营业部,2,10.185193015,100.0,2,17.20832735,50.0,2,14.44945017,50.0,2,16.81909238,50.0,2,1.31308692,50.0
1304,华宝证券深圳前海证券营业部,2,-5.079146065,0.0,2,-9.13837215,0.0,2,-13.76059961,0.0,2,-17.40624155,0.0,2,-25.792327375,0.0
1305,华西证券佛山南海大道证券营业部,2,-7.41692302,0.0,2,-0.48115477,0.0,2,-4.224457405,0.0,2,-12.688697675,0.0,2,-9.667219805,50.0
1306,财通证券徐州中山北路证券营业部,1,3.72864652,100.0,1,3.28515112,100.0,1,-2.5131406,0.0,1,5.12483574,100.0,1,-2.10249671,0.0
1307,中信证券(山东)济南华信路证券营业部,1,-9.0966123,0.0,1,-10.57089084,0.0,1,-10.03764115,0.0,1,-12.04516939,0.0,1,-11.0727729,0.0
1308,华西证券石家庄自强路证券营业部,1,-13.7254902,0.0,1,-22.87581699,0.0,1,-16.33986928,0.0,1,-24.18300654,0.0,1,-37.25490196,0.0
1309,光大证券武汉关山大道证券营业部,1,1.88203663,100.0,1,0.48731306,100.0,1,3.05830953,100.0,1,1.1258612,100.0,1,-5.6461099,0.0
1310,天风证券武汉徐东大街证券营业部,1,5.30612245,100.0,1,13.46938776,100.0,1,10.6122449,100.0,1,6.12244898,100.0,1,0.0,0.0
1311,上海证券宁波北仑新大路证券营业部,1,-8.30449827,0.0,1,-6.92041522,0.0,1,-10.38062284,0.0,1,-14.53287197,0.0,1,-16.9550173,0.0
1312,兴业证券江阴文化西路证券营业部,1,-5.00641849,0.0,1,-9.75609756,0.0,1,-14.24903723,0.0,1,-18.61360719,0.0,1,-16.04621309,0.0
1313,信达证券东莞元美路证券营业部,1,0.32232071,100.0,1,0.24174053,100.0,1,10.2739726,100.0,1,15.39081386,100.0,1,23.69057212,100.0
1314,华西证券杭州萧山市心北路证券营业部,1,-3.25706595,0.0,1,-2.47644684,0.0,1,-1.72274563,0.0,1,-1.34589502,0.0,1,28.77523553,100.0
1315,平安证券温州市府路证券营业部,1,2.28287841,100.0,1,-9.23635798,0.0,1,-8.09436467,0.0,1,-11.86790778,0.0,1,5.26199184,100.0
1316,南京证券台州桔源街证券营业部,1,3.92638037,100.0,1,-1.22699387,0.0,1,8.71165644,100.0,1,15.29547379,100.0,1,1.5101454,100.0
1317,中信建投证券宁德蕉城南路证券营业部,1,5.18292683,100.0,1,-0.40650407,0.0,1,9.55284553,100.0,1,7.21544715,100.0,1,-15.14227642,0.0
1318,东吴证券苏州相城区青龙港路证券营业部,1,4.54545455,100.0,1,5.32150776,100.0,1,5.98669623,100.0,1,-1.14560237,0.0,1,-5.67681425,0.0
1319,方正证券新余赣西大道证券营业部,1,5.01981506,100.0,1,7.79392338,100.0,1,2.37780713,100.0,1,-5.01981506,0.0,1,3.03830911,100.0
1320,东方证券长沙芙蓉南路证券营业部,1,5.81625909,100.0,1,1.45406477,100.0,1,-2.2075347,0.0,1,2.72306675,100.0,1,-2.37937872,0.0
1321,广发证券西安曲江芙蓉南路证券营业部,1,3.51320967,100.0,1,-1.27880832,0.0,1,-1.03991006,0.0,1,-2.26250703,0.0,1,0.77290613,100.0
1322,广发证券北京宣武门外大街证券营业部,1,0.90909091,100.0,1,2.38636364,100.0,1,1.93181818,100.0,1,3.97727273,100.0,0,0.0,0.0
1323,广发证券上饶茶圣路证券营业部,1,0.39177277,100.0,1,-2.7424094,0.0,1,-9.01077375,0.0,1,-11.55729677,0.0,1,-18.1194907,0.0
1324,广发证券上海秀沿路证券营业部,1,5.93936662,100.0,1,10.41361434,100.0,1,20.59055562,100.0,1,18.65209061,100.0,1,3.68533754,100.0
1325,东方证券杭州金鸡路证券营业部,1,-1.48874979,0.0,1,2.50380646,100.0,1,23.00795128,100.0,1,37.10032143,100.0,1,55.81119946,100.0
1326,国泰海通证券成都东大街证券营业部,1,-3.37405468,0.0,1,-6.92262944,0.0,1,-8.72600349,0.0,1,-10.64572426,0.0,1,-16.7539267,0.0
1327,申万宏源证券深圳滨海大道证券营业部,1,-3.55207706,0.0,1,-5.59903672,0.0,1,-8.48886213,0.0,1,-5.53883203,0.0,1,-8.06742926,0.0
1328,兴业证券济宁分公司,1,4.93133583,100.0,1,11.42322097,100.0,1,6.49188514,100.0,1,10.11235955,100.0,1,10.92384519,100.0
1329,方正证券上海浦东新区浦东大道证券营业部,1,-1.40410959,0.0,1,-5.58219178,0.0,1,-11.18150685,0.0,1,-12.56849315,0.0,1,-9.62328767,0.0
1330,长城证券无锡人民中路证券营业部,1,13.37667455,100.0,1,17.61229314,100.0,1,25.88652482,100.0,1,38.88888889,100.0,1,31.40267928,100.0
1331,中信建投证券总部,1,-2.7027027,0.0,1,7.02702703,100.0,1,-0.67567568,0.0,1,0.47297297,100.0,0,0.0,0.0
1332,东北证券杭州市心北路证券营业部,1,1.82542317,100.0,0,0.0,0.0,0,0.0,0.0,0,0.0,0.0,0,0.0,0.0
1333,长城证券绵阳飞云大道证券营业部,1,-0.9619589,0.0,1,-0.08745081,0.0,1,1.20244862,100.0,1,-2.68911237,0.0,1,-17.27153476,0.0
1334,东方证券北京望京证券营业部,1,3.34915612,100.0,1,2.37341772,100.0,1,5.64345992,100.0,1,12.86919831,100.0,1,22.07278481,100.0
1335,国信证券福州曙光路证券营业部,1,-9.97171146,0.0,1,-18.9533239,0.0,1,-27.08628006,0.0,1,-40.73550212,0.0,0,0.0,0.0
1336,华西证券深圳粤兴四道证券营业部,1,-7.82122905,0.0,1,-11.70391061,0.0,1,-6.98324022,0.0,1,-10.83798883,0.0,1,-15.07780069,0.0
1337,第一创业证券四川分公司,1,-9.9916388,0.0,1,-10.63963211,0.0,1,-15.86538462,0.0,1,-18.81270903,0.0,0,0.0,0.0
1338,民生证券浙江分公司,1,0.0,0.0,1,-4.96414782,0.0,1,-4.57804744,0.0,1,-7.44622173,0.0,1,-6.72917816,0.0
1339,甬兴证券宁波中山西路证券营业部,1,3.31339713,100.0,1,14.11483254,100.0,1,13.70813397,100.0,1,16.62679426,100.0,1,17.03349282,100.0
1340,国泰海通证券杭州文一西路证券营业部,1,-2.96331138,0.0,1,-7.80809031,0.0,1,-12.41768579,0.0,1,-3.43367827,0.0,1,-1.50517404,0.0
1341,甬兴证券四川分公司,1,9.91561181,100.0,1,20.88607595,100.0,1,8.86075949,100.0,1,8.64978903,100.0,1,1.26582278,100.0
1342,甬兴证券杭州新业路证券营业部,1,0.9202454,100.0,1,5.21472393,100.0,1,3.37423313,100.0,1,1.8404908,100.0,1,9.20245399,100.0
1343,平安证券深圳龙华人民路证券营业部,1,-0.67433558,0.0,1,-1.54700516,0.0,1,0.79333598,100.0,1,-0.27766759,0.0,1,1.54700516,100.0
1344,东方证券青岛延吉路证券营业部,1,4.92250043,100.0,1,-1.22636689,0.0,1,-1.20933401,0.0,1,-0.15329586,0.0,0,0.0,0.0
1345,中国银河证券北京旧宫证券营业部,1,0.8865877,100.0,1,0.0070927,100.0,1,4.12085964,100.0,1,2.70941202,100.0,1,2.82998794,100.0
1346,开源证券上海东大名路证券营业部,1,-8.73399716,0.0,1,-12.37553343,0.0,1,-18.6344239,0.0,1,-3.61308677,0.0,1,-8.90469417,0.0
1347,中邮证券温州证券营业部,1,-4.98069498,0.0,1,2.31660232,100.0,1,10.34749035,100.0,1,2.85714286,100.0,1,-5.28957529,0.0
1348,中山证券湖北分公司,1,0.57526366,100.0,1,-2.58868648,0.0,1,-2.30105465,0.0,1,3.16395014,100.0,1,-0.57526366,0.0
1349,东兴证券南京庐山路证券营业部,1,-1.5060241,0.0,1,-6.62650602,0.0,1,-10.01506024,0.0,1,-13.17771084,0.0,1,-18.75,0.0
1350,方正证券汉中西新街证券营业部,1,-4.875,0.0,1,-9.625,0.0,0,0.0,0.0,0,0.0,0.0,0,0.0,0.0
1351,天风证券内江兰桂大道证券营业部,1,-4.92753623,0.0,1,-9.56521739,0.0,1,-14.20289855,0.0,1,-22.60869565,0.0,1,-34.49275362,0.0
1352,甬兴证券北京分公司,1,-2.61076751,0.0,1,-4.69431208,0.0,1,-9.13515158,0.0,1,-4.24820034,0.0,1,-19.2994018,0.0
1353,中航证券福建分公司,1,-11.80498494,0.0,1,-16.69405642,0.0,1,-14.33853739,0.0,1,-4.20432758,0.0,1,2.0336894,100.0
1354,国信证券深圳金田路证券营业部,1,-3.30788804,0.0,1,-10.43256997,0.0,1,-11.95928753,0.0,1,-11.19592875,0.0,0,0.0,0.0
1355,东兴证券深圳海德三道证券营业部,1,-9.97229917,0.0,1,-15.14312096,0.0,1,-17.54385965,0.0,1,-22.99168975,0.0,1,-6.27885503,0.0
1356,中国中金财富证券上海黄浦区湖滨路证券营业部,1,-11.84280404,0.0,1,-18.85289432,0.0,1,-17.57833245,0.0,1,-26.02230483,0.0,1,-30.5984157,0.0
1357,财信证券泰安灵山大街证券营业部,1,-1.1965812,0.0,1,-3.41880342,0.0,1,-3.24786325,0.0,1,-7.43589744,0.0,1,-11.11111111,0.0
1358,华鑫证券上海西藏中路证券营业部,1,9.9690881,100.0,1,20.94281298,100.0,1,33.07573416,100.0,1,60.97372488,100.0,0,0.0,0.0
1359,东兴证券北京金宝街证券营业部,1,-8.63811015,0.0,1,-13.32005123,0.0,1,-5.2227124,0.0,1,-0.14230824,0.0,1,-7.75579906,0.0
1360,中国中金财富证券上海浦东新区陆家嘴环路证券营业部,1,9.99621714,100.0,1,8.01967089,100.0,1,-2.78040477,0.0,1,4.40703613,100.0,1,1.71174579,100.0
1361,广发证券成都天府大道证券营业部,1,2.98165138,100.0,1,-4.43425076,0.0,1,-7.45412844,0.0,1,-3.32568807,0.0,1,-1.26146789,0.0
1362,广发证券石家庄自强路证券营业部,1,3.80658436,100.0,1,0.61728395,100.0,1,-9.46502058,0.0,1,-7.30452675,0.0,1,-11.31687243,0.0
1363,广发证券珠海横琴证券营业部,1,0.03320053,100.0,1,-8.56573705,0.0,1,-13.41301461,0.0,1,-4.44887118,0.0,1,-5.54448871,0.0
1364,国信证券深圳前海分公司,1,-1.63398693,0.0,1,-1.96078431,0.0,1,0.65359477,100.0,1,-0.32679739,0.0,1,-4.24836601,0.0
1365,国联民生证券深圳粤海街道科技园证券营业部,1,0.59031877,100.0,1,-6.96576151,0.0,1,-8.97284534,0.0,1,-8.50059032,0.0,1,-10.97992916,0.0
1366,国海证券宜兴人民南路证券营业部,1,-3.9808207,0.0,1,-8.29616414,0.0,1,-15.45495094,0.0,1,-8.89830508,0.0,1,1.12622658,100.0
1367,华创证券上海申港大道证券营业部,1,-5.05902192,0.0,1,-9.78077572,0.0,1,-14.33389545,0.0,1,-18.04384486,0.0,1,-21.41652614,0.0
1368,平安证券赣州新赣州大道证券营业部,1,1.14985163,100.0,1,0.55637982,100.0,1,-0.89020772,0.0,1,-1.74332344,0.0,1,-7.93768546,0.0
1369,平安证券上海静安分公司,1,-5.0,0.0,1,-9.79166667,0.0,1,-7.70833333,0.0,1,-13.75,0.0,1,-10.10416667,0.0
1370,平安证券上海临港新片区分公司,1,-6.11498837,0.0,1,-2.47590562,0.0,1,-9.80392157,0.0,1,-1.96078431,0.0,1,18.61083416,100.0
1371,东北证券长沙晴岚路证券营业部,1,3.96149574,100.0,1,-7.44168826,0.0,1,-11.45501666,0.0,1,-14.54276194,0.0,0,0.0,0.0
1372,华西证券长沙茶子山东路证券营业部,1,-0.71174377,0.0,1,-0.35587189,0.0,1,0.44483986,100.0,1,2.71352313,100.0,1,-1.37900356,0.0
1373,湘财证券绍兴平江路证券营业部,1,-4.96183206,0.0,1,-9.54198473,0.0,1,-14.1221374,0.0,1,-22.51908397,0.0,1,-40.07633588,0.0
1374,东海证券西南分公司,1,-5.35851966,0.0,1,23.03392444,100.0,1,21.24132614,100.0,1,24.9614495,100.0,1,7.28604472,100.0
1375,广发证券成都东大路证券营业部,1,5.08474576,100.0,1,1.50659134,100.0,1,-2.07156309,0.0,1,-0.37664783,0.0,1,-7.90960452,0.0
1376,广发证券湖州高富路证券营业部,1,-0.48076923,0.0,1,-5.76923077,0.0,1,-6.25,0.0,0,0.0,0.0,0,0.0,0.0
1377,财通证券浙江总部数字分公司,1,-92.77978339,0.0,1,-93.50180505,0.0,1,-93.86281588,0.0,1,-94.58483755,0.0,1,-94.22382671,0.0
1378,广发证券惠州仲恺陈江证券营业部,1,-16.30309989,0.0,1,-21.81400689,0.0,1,-21.58438576,0.0,1,-34.21354765,0.0,1,-34.6727899,0.0
1379,湘财证券南京水西门大街证券营业部,1,0.9375,100.0,1,17.5,100.0,1,8.84375,100.0,1,1.625,100.0,1,13.59375,100.0
1380,中国中金财富证券浙江分公司,1,-4.95238095,0.0,1,-8.0,0.0,1,-12.0,0.0,1,-13.71428571,0.0,1,-7.80952381,0.0
1381,粤开证券广东分公司,1,1.65662651,100.0,0,0.0,0.0,0,0.0,0.0,0,0.0,0.0,0,0.0,0.0
1382,财达证券深圳分公司,1,19.9669967,100.0,1,10.0660066,100.0,1,7.59075908,100.0,1,17.49174917,100.0,1,23.26732673,100.0
1383,东北证券四川第二分公司,1,-4.79144053,0.0,1,-3.41138161,0.0,1,3.70600093,100.0,1,5.28764149,100.0,1,2.76011785,100.0
1384,广发证券佛山禅城南庄证券营业部,1,-2.31167796,0.0,1,3.70665604,100.0,1,7.25388601,100.0,1,15.663611,100.0,1,11.00039857,100.0
1385,财信证券长沙金星中路证券营业部,1,4.92662474,100.0,1,6.28930818,100.0,1,3.77358491,100.0,1,7.75681342,100.0,1,5.13626834,100.0
1386,申万宏源证券深圳光明创投路证券营业部,1,-3.24324324,0.0,1,1.03419599,100.0,0,0.0,0.0,0,0.0,0.0,0,0.0,0.0
1387,国联民生证券浙江分公司,1,-5.0,0.0,1,-9.5,0.0,1,-9.5,0.0,1,-13.0,0.0,1,-23.0,0.0
1388,华福证券霞浦长溪路证券营业部,1,0.08991189,100.0,1,10.10609603,100.0,1,4.83725949,100.0,1,0.98903075,100.0,1,32.06257867,100.0
1389,国新证券上海浦东新区云鹃北路证券营业部,1,5.01116348,100.0,1,10.27040437,100.0,1,15.77772265,100.0,1,16.17464649,100.0,1,-1.53807988,0.0
1390,中信证券华南广东分公司,1,-2.04369274,0.0,1,-9.6546864,0.0,1,-5.18675123,0.0,1,-4.60887949,0.0,1,8.38618746,100.0
1391,国泰海通证券上海黄浦区中山南路证券营业部,1,1.625,100.0,1,-2.25,0.0,1,-0.625,0.0,1,1.0,100.0,1,-11.5,0.0
1392,财信证券长沙芙蓉路证券营业部,1,-5.00270416,0.0,1,-9.76203353,0.0,1,-5.24607896,0.0,1,-2.65008112,0.0,0,0.0,0.0
1393,国金证券南京双龙大道证券营业部,1,-9.97555012,0.0,1,-12.46943765,0.0,1,-13.93643032,0.0,1,-13.25183374,0.0,1,-20.39119804,0.0
1394,华创证券龙岩龙岩大道证券营业部,1,-5.11945392,0.0,1,-10.03412969,0.0,1,-11.26279863,0.0,0,0.0,0.0,0,0.0,0.0
1395,财达证券湖北分公司,1,-8.25309491,0.0,1,-10.31636864,0.0,1,1.78817056,100.0,1,-5.77716644,0.0,1,-2.61348006,0.0
1396,财通证券河南分公司,1,-2.94275013,0.0,1,-7.78491172,0.0,1,-12.38630284,0.0,1,-12.60032103,0.0,1,-32.3434992,0.0
1397,广发证券杭州申花路证券营业部,1,-10.00595593,0.0,1,-5.47945205,0.0,1,-12.56700417,0.0,1,-2.38237046,0.0,1,-9.76771888,0.0
1398,广发证券上海南泉北路证券营业部,1,-3.55816227,0.0,1,-2.17008798,0.0,1,-5.86510264,0.0,1,3.26490714,100.0,1,-9.01270772,0.0
1399,国信证券深圳红岭分公司,1,0.24937656,100.0,1,1.62094763,100.0,1,6.85785536,100.0,1,-2.61845387,0.0,1,9.47630923,100.0
1400,华西证券南通工农路证券营业部,1,-4.87166056,0.0,1,-4.08590885,0.0,1,-0.83813515,0.0,1,2.25248821,100.0,1,3.61445783,100.0
1401,中国中金财富证券唐山金融中心证券营业部,1,-2.61892036,0.0,1,-2.13789417,0.0,1,-5.02405131,0.0,1,-11.38428648,0.0,1,-13.41528594,0.0
1402,中邮证券武汉中北路证券营业部,1,0.0,0.0,1,-4.32432432,0.0,1,0.54054054,100.0,1,-2.16216216,0.0,1,6.48648649,100.0
1403,华泰证券宁波中山东路证券营业部,1,-6.97020798,0.0,1,-12.0292299,0.0,1,-13.54693648,0.0,1,-12.98482293,0.0,1,-25.08964032,0.0
1404,华源证券武汉分公司,1,-2.55591054,0.0,1,-12.14057508,0.0,1,-10.06389776,0.0,1,8.78594249,100.0,1,-4.31309904,0.0
1405,国信证券成都沙湾路证券营业部,1,5.30612245,100.0,1,13.46938776,100.0,1,10.6122449,100.0,1,6.12244898,100.0,1,0.0,0.0
1406,国泰海通证券宿迁青海湖路证券营业部,1,-5.85492228,0.0,1,-5.77720207,0.0,1,-3.49740933,0.0,1,-4.14507772,0.0,1,-23.52331606,0.0
1407,浙商证券余杭向往街证券营业部,1,-9.9923136,0.0,1,-15.14219831,0.0,1,-23.52036895,0.0,1,-30.66871637,0.0,0,0.0,0.0
1408,华源证券慈溪浒山路证券营业部,1,9.97888068,100.0,1,20.96092925,100.0,1,33.05174234,100.0,0,0.0,0.0,0,0.0,0.0
1409,浙商证券桐庐迎春南路证券营业部,1,3.96551724,100.0,1,5.8045977,100.0,1,4.59770115,100.0,1,3.96551724,100.0,1,15.74712644,100.0
1410,中银国际证券秦皇岛建设大街证券营业部,1,-10.01371742,0.0,1,-8.5048011,0.0,1,-15.77503429,0.0,1,-19.478738,0.0,1,-15.9122085,0.0
1411,万联证券福建分公司,1,-9.81502454,0.0,1,-14.798037,0.0,1,-9.70177425,0.0,0,0.0,0.0,0,0.0,0.0
1412,信达证券成都交子大道证券营业部,1,-1.44651089,0.0,1,1.20807503,100.0,1,-6.11985376,0.0,1,1.00143062,100.0,1,17.1196948,100.0
1413,中国中金财富证券聊城东昌东路证券营业部,1,-1.39771283,0.0,1,0.55061415,100.0,1,-1.05887336,0.0,1,0.50825921,100.0,1,16.94197374,100.0
1414,第一创业证券天津自贸区证券营业部,1,5.23255814,100.0,1,5.23255814,100.0,1,5.81395349,100.0,1,-1.74418605,0.0,1,-16.27906977,0.0
1415,中泰证券苏州分公司,1,-4.63649868,0.0,1,4.89614225,100.0,1,5.74925797,100.0,1,-2.4109794,0.0,1,-4.37685477,0.0
1416,华鑫证券上海虬江路证券营业部,1,3.36734694,100.0,1,2.14285714,100.0,1,2.04081633,100.0,1,-2.14285714,0.0,1,0.10204082,100.0
1417,开源证券福州分公司,1,-4.99432463,0.0,1,-14.49110859,0.0,1,-23.04199773,0.0,1,-16.38289822,0.0,0,0.0,0.0
1418,天府证券成都天府一街证券营业部,1,3.63636364,100.0,1,-0.60606061,0.0,1,-1.21212121,0.0,1,1.81818182,100.0,1,12.72727273,100.0
1419,华福证券南平广场西路证券营业部,1,3.72064917,100.0,1,-2.40849448,0.0,1,-2.45165746,0.0,1,0.56975138,100.0,1,-6.31906077,0.0
1420,华福证券长沙芙蓉中路证券营业部,1,-5.06756757,0.0,1,-9.7972973,0.0,1,-14.18918919,0.0,1,-22.63513514,0.0,1,-34.45945946,0.0
1421,华泰证券长沙湘江中路证券营业部,1,-9.9929627,0.0,1,-7.31878958,0.0,1,-10.20408163,0.0,1,-18.64883885,0.0,1,-20.54821542,0.0
1422,华泰证券深圳红树湾证券营业部,1,-11.76470588,0.0,1,-11.76470588,0.0,1,-11.76470588,0.0,1,-11.76470588,0.0,1,-23.52941176,0.0
1423,招商证券交易单元(052300),1,-2.29828851,0.0,1,-5.64792176,0.0,1,-9.09535452,0.0,1,-5.47677262,0.0,1,-7.43276284,0.0
1424,华福证券,1,-6.34408602,0.0,1,-11.61290323,0.0,1,-12.25806452,0.0,1,-17.09677419,0.0,0,0.0,0.0
1425,光大证券,1,-2.29276896,0.0,1,-2.70429159,0.0,1,-2.23398001,0.0,1,-5.23221634,0.0,1,-2.70429159,0.0
1426,东方证券,1,3.7037037,100.0,0,0.0,0.0,0,0.0,0.0,0,0.0,0.0,0,0.0,0.0
1427,东方财富证券,1,-2.29276896,0.0,1,-2.70429159,0.0,1,-2.23398001,0.0,1,-5.23221634,0.0,1,-2.70429159,0.0
1428,中银证券,1,0.34912718,100.0,1,-3.09226933,0.0,1,-5.23690773,0.0,1,-11.82044888,0.0,1,-4.98753117,0.0
1429,浙商证券,1,3.46220427,100.0,1,-0.75014426,0.0,1,0.46162724,100.0,1,-3.34679746,0.0,0,0.0,0.0
1430,中原证券,1,-2.29276896,0.0,1,-2.70429159,0.0,1,-2.23398001,0.0,1,-5.23221634,0.0,1,-2.70429159,0.0
1431,广发证券,1,3.46220427,100.0,1,-0.75014426,0.0,1,0.46162724,100.0,1,-3.34679746,0.0,0,0.0,0.0
1432,长江证券,1,-4.10958904,0.0,1,-11.49631191,0.0,1,-10.33719705,0.0,1,-15.38461538,0.0,1,-15.59536354,0.0
1433,申万宏源证券上海崇明区川心街证券营业部,1,9.92972115,100.0,1,23.28270234,100.0,1,23.66810247,100.0,1,60.41713897,100.0,1,71.84311947,100.0
1434,申万宏源证券上海浦东新区商城路证券营业部,1,3.81978452,100.0,1,3.28109696,100.0,1,6.17042116,100.0,1,5.92556317,100.0,1,7.73751224,100.0
1435,申万宏源证券上海浦东新区东方路证券营业部,1,10.82914573,100.0,1,21.83417085,100.0,1,36.63316583,100.0,1,49.57286432,100.0,1,90.67839196,100.0
1436,申万宏源证券上海浦东新区关岳西路证券营业部,1,-2.94117647,0.0,1,-3.52941176,0.0,1,-4.11764706,0.0,1,-8.23529412,0.0,1,-7.05882353,0.0
1437,上海证券妙境路证券营业部,1,0.47675805,100.0,1,-3.45649583,0.0,1,-2.74135876,0.0,1,-6.43623361,0.0,1,-5.72109654,0.0
1438,光大证券广州珠江新城证券营业部,1,2.29645094,100.0,1,7.93319415,100.0,1,8.6986778,100.0,1,14.96172582,100.0,1,18.23242867,100.0
1439,光大证券长沙芙蓉中路证券营业部,1,-4.98084291,0.0,1,-0.38314176,0.0,1,4.59770115,100.0,1,-0.38314176,0.0,1,-9.96168582,0.0
1440,光大证券上海张杨路证券营业部,1,-4.4409199,0.0,1,-6.89928628,0.0,1,-8.16812054,0.0,1,-13.63996828,0.0,1,-5.86835845,0.0
1441,光大证券广州广州大道中证券营业部,1,-16.77631579,0.0,1,-14.80263158,0.0,1,-17.59868421,0.0,1,-29.11184211,0.0,1,-11.01973684,0.0
1442,华泰证券南京中华路证券营业部,1,-20.04889976,0.0,1,-20.04889976,0.0,1,-19.07090465,0.0,1,-22.00488998,0.0,1,-27.62836186,0.0
1443,华泰证券徐州建国西路证券营业部,1,-4.78723404,0.0,1,-9.57446809,0.0,1,-4.78723404,0.0,1,-10.10638298,0.0,1,-14.89361702,0.0
1444,华泰证券南通工农路证券营业部,1,4.99621499,100.0,1,10.21953066,100.0,1,15.74564724,100.0,1,18.54655564,100.0,1,7.79712339,100.0
1445,中信建投证券上海长宁天山西路证券营业部,1,-2.30010953,0.0,1,-2.6286966,0.0,1,-2.95728368,0.0,1,-3.61445783,0.0,1,-5.03833516,0.0
1446,中信建投证券上海黄浦区徐家汇路证券营业部,1,4.99712809,100.0,1,10.25272832,100.0,1,15.76680069,100.0,1,27.65651924,100.0,1,22.48707639,100.0
1447,广发证券锦州市府路证券营业部,1,-0.28399006,0.0,1,-10.25914093,0.0,1,-9.76215832,0.0,1,-13.02804402,0.0,1,-19.70181044,0.0
1448,中信建投证券北京朝阳分公司,1,-2.80112045,0.0,1,-6.44257703,0.0,1,-12.88515406,0.0,1,-10.92436975,0.0,1,-14.84593838,0.0
1449,中信建投证券襄阳长虹路证券营业部,1,-4.87804878,0.0,1,-9.75609756,0.0,1,-14.22764228,0.0,1,-22.76422764,0.0,1,-36.99186992,0.0
1450,中航证券郑州中原东路证券营业部,1,-4.36595536,0.0,1,-4.58670591,0.0,1,-12.75447633,0.0,1,-16.48270787,0.0,1,-23.20333579,0.0
1451,中原证券郑州黄河路证券营业部,1,-2.37659963,0.0,1,-5.11882998,0.0,1,-3.01645338,0.0,0,0.0,0.0,0,0.0,0.0
1452,中原证券安阳分公司,1,-11.86440678,0.0,1,-14.04358354,0.0,1,-14.16464891,0.0,1,-14.89104116,0.0,1,-24.45520581,0.0
1453,国泰海通证券济南经十路证券营业部,1,10.0,100.0,1,6.4344755,100.0,1,4.84137216,100.0,1,12.04826822,100.0,1,6.13102725,100.0
1454,中泰证券北京朝外大街证券营业部,1,5.22273425,100.0,1,0.46082949,100.0,1,-0.30721966,0.0,1,-3.84024578,0.0,1,5.22273425,100.0
1455,国泰海通证券济南舜耕路证券营业部,1,-2.84775465,0.0,1,-4.27163198,0.0,1,-3.50492881,0.0,1,-1.97152245,0.0,1,-9.63855422,0.0
1456,中国银河证券太原桃园证券营业部,1,9.92972115,100.0,1,23.28270234,100.0,1,23.66810247,100.0,1,60.41713897,100.0,1,71.84311947,100.0
1457,渤海证券天津奉化道证券营业部,1,0.61538462,100.0,1,0.31538462,100.0,1,1.17692308,100.0,1,3.06923077,100.0,1,5.06153846,100.0
1458,浙商证券上海第一分公司,1,-4.98866213,0.0,1,-9.75056689,0.0,1,-14.24036281,0.0,1,-22.63038549,0.0,1,-33.5600907,0.0
1459,浙商证券绍兴解放北路证券营业部,1,2.97142857,100.0,1,2.28571429,100.0,1,3.88571429,100.0,1,6.05714286,100.0,1,-2.05714286,0.0
1460,华西证券广州珠江东路证券营业部,1,4.34782609,100.0,1,7.24637681,100.0,1,10.14492754,100.0,1,18.84057971,100.0,1,13.04347826,100.0
1461,华泰证券常熟金沙江路证券营业部,1,-3.80697051,0.0,1,-4.0536193,0.0,1,1.34048257,100.0,1,9.99463807,100.0,1,-2.76675603,0.0
1462,世纪证券深圳深南分公司,1,-9.09090909,0.0,1,-13.63636364,0.0,0,0.0,0.0,0,0.0,0.0,0,0.0,0.0
1463,申万宏源西部证券乌鲁木齐人民路证券营业部,1,5.01116348,100.0,1,10.27040437,100.0,1,15.77772265,100.0,1,16.17464649,100.0,1,-1.53807988,0.0
1464,山西证券太原坞城路证券营业部,1,-5.06912442,0.0,1,-9.67741935,0.0,1,-14.28571429,0.0,1,-22.58064516,0.0,1,-23.04147465,0.0
1465,广发证券济南龙奥西路证券营业部,1,-2.4824356,0.0,1,-5.87822014,0.0,1,-5.12880562,0.0,1,-5.5971897,0.0,1,-2.83372365,0.0
1466,广发证券惠州下埔路证券营业部,1,1.28676471,100.0,1,6.43382353,100.0,1,5.69852941,100.0,1,10.29411765,100.0,1,10.11029412,100.0
1467,平安证券珠海园林路证券营业部,1,4.28858611,100.0,1,11.86062095,100.0,1,9.44829127,100.0,1,27.76412776,100.0,1,14.56332365,100.0
1468,广发证券清远连江路证券营业部,1,-4.87804878,0.0,1,-9.75609756,0.0,1,-14.22764228,0.0,1,-22.76422764,0.0,1,-36.99186992,0.0
1469,国泰海通证券烟台解放路证券营业部,1,0.55555556,100.0,1,2.77777778,100.0,1,2.22222222,100.0,0,0.0,0.0,0,0.0,0.0
1470,国泰海通证券南京常府街证券营业部,1,-4.32951088,0.0,1,-1.75520711,0.0,1,-11.09290896,0.0,1,-16.5457524,0.0,1,-12.02901942,0.0
1471,国泰海通证券上海黄浦区合肥路证券营业部,1,-0.09029345,0.0,1,2.16704289,100.0,1,-0.22573363,0.0,1,-10.49094892,0.0,1,-12.12250631,0.0
1472,江海证券沈阳朝阳街证券营业部,1,1.82370821,100.0,1,0.0,0.0,1,-4.86322188,0.0,1,-5.16717325,0.0,0,0.0,0.0
1473,国信证券上海漕溪北路证券营业部,1,-10.02109705,0.0,1,-12.5,0.0,1,-8.91350211,0.0,1,-1.68776371,0.0,1,-5.5907173,0.0
1474,长城证券北京知春路证券营业部,1,-5.52968568,0.0,1,-4.39464494,0.0,1,-11.26309662,0.0,1,-7.45052386,0.0,1,-5.92384351,0.0
1475,金元证券海南分公司,1,1.7609211,100.0,1,7.58550626,100.0,1,6.65424992,100.0,1,4.52082628,100.0,1,57.8056214,100.0
1476,中国银河证券宁波柳汀街证券营业部,1,-0.71174377,0.0,1,-0.35587189,0.0,1,0.44483986,100.0,1,2.71352313,100.0,1,-1.37900356,0.0
1477,中国银河证券郑州山河证券营业部,1,-2.37113402,0.0,1,-5.82474227,0.0,1,-9.53608247,0.0,1,-11.80412371,0.0,0,0.0,0.0
1478,中国银河证券长沙韶山北路证券营业部,1,-5.0955414,0.0,1,-9.87261146,0.0,1,-93.63057325,0.0,1,-94.58598726,0.0,1,-92.03821656,0.0
1479,中国银河证券南宁民族大道证券营业部,1,-4.65116279,0.0,1,-9.30232558,0.0,1,-13.95348837,0.0,1,-18.60465116,0.0,1,-18.60465116,0.0
1480,中国银河证券杭州长乐路证券营业部,1,-6.66666667,0.0,1,-11.11111111,0.0,1,-4.44444444,0.0,1,-13.33333333,0.0,1,-20.0,0.0
1481,中国银河证券南京珠江路证券营业部,1,-2.86624204,0.0,1,-6.05095541,0.0,1,-4.14012739,0.0,1,-2.5477707,0.0,1,-7.96178344,0.0
1482,中国银河证券北京建国路证券营业部,1,-4.80349345,0.0,1,-9.6069869,0.0,1,-13.97379913,0.0,1,-22.27074236,0.0,1,-39.73799127,0.0
1483,中国银河证券重庆渝中证券营业部,1,19.99546074,100.0,1,20.33590558,100.0,1,16.3413527,100.0,1,18.90603722,100.0,1,11.66591012,100.0
1484,中国银河证券汕头金砂路证券营业部,1,0.9009009,100.0,1,-0.9009009,0.0,1,-0.45045045,0.0,1,3.6036036,100.0,1,1.35135135,100.0
1485,中国银河证券大连一德街证券营业部,1,-4.99219969,0.0,1,-8.11232449,0.0,1,-12.63650546,0.0,1,-15.28861154,0.0,1,-25.42901716,0.0
1486,中国中金财富证券南通工农路证券营业部,1,-2.35478807,0.0,1,-1.88383046,0.0,1,-4.08163265,0.0,1,-3.45368917,0.0,1,-7.84929356,0.0
1487,西南证券重庆第三分公司,1,-9.29678188,0.0,1,-10.60786651,0.0,1,-6.43623361,0.0,1,-7.15137068,0.0,1,-12.39570918,0.0
1488,东北证券上海北艾路证券营业部,1,3.7127703,100.0,1,3.75356997,100.0,1,10.48551612,100.0,1,11.09864383,100.0,1,5.90750043,100.0
1489,中国中金财富证券广州体育东路证券营业部,1,-5.55555556,0.0,1,-2.77777778,0.0,1,-2.77777778,0.0,0,0.0,0.0,0,0.0,0.0
1490,申万宏源证券上海徐汇区宜山路证券营业部,1,-8.57503153,0.0,1,-6.49432535,0.0,1,-7.56620429,0.0,1,-14.81715006,0.0,1,-13.61916772,0.0
1491,东北证券上海第二分公司,1,5.64373898,100.0,1,2.99823633,100.0,1,3.88007055,100.0,1,-5.29100529,0.0,1,7.05467372,100.0
1492,东方证券成都建设路证券营业部,1,-6.1752988,0.0,1,-4.51527224,0.0,1,-1.5936255,0.0,1,-6.37450199,0.0,1,-9.03054449,0.0
1493,广发证券肇庆信安三路敏捷广场证券营业部,1,0.0,0.0,1,5.0,100.0,1,7.5,100.0,0,0.0,0.0,0,0.0,0.0
1494,广发证券重庆石杨路证券营业部,1,0.62416407,100.0,1,6.50022292,100.0,1,7.96255016,100.0,1,11.9037004,100.0,1,17.280428,100.0
1495,中信建投证券重庆南坪西路证券营业部,1,-1.65662651,0.0,1,-1.5060241,0.0,1,-4.96987952,0.0,1,4.21686747,100.0,1,9.03614458,100.0
1496,光大证券东莞石龙裕兴路证券营业部,1,9.375,100.0,1,9.375,100.0,1,15.625,100.0,1,9.375,100.0,0,0.0,0.0
1497,国泰海通证券常州延陵中路证券营业部,1,-2.63157895,0.0,0,0.0,0.0,0,0.0,0.0,0,0.0,0.0,0,0.0,0.0
1498,国泰海通证券衡阳三江路证券营业部,1,-6.25,0.0,1,-6.25,0.0,1,-6.25,0.0,1,-6.25,0.0,0,0.0,0.0
1499,中国中金财富证券北京北三环东路证券营业部,1,-5.0,0.0,1,5.0,100.0,0,0.0,0.0,0,0.0,0.0,0,0.0,0.0
1500,申万宏源证券重庆中山一路证券营业部,1,-3.52112676,0.0,1,-6.84104628,0.0,1,-8.65191147,0.0,1,-15.04024145,0.0,1,-6.18712274,0.0
1501,申万宏源证券重庆杨家坪正街证券营业部,1,1.55159038,100.0,1,6.67183863,100.0,1,9.3871218,100.0,1,8.68890613,100.0,1,-2.24980605,0.0
1502,湘财证券乌鲁木齐克拉玛依东路证券营业部,1,-20.11494253,0.0,1,-36.20689655,0.0,1,-48.85057471,0.0,1,-56.6091954,0.0,1,-65.51724138,0.0
1503,申万宏源证券北京劲松九区证券营业部,1,-2.29276896,0.0,1,-2.70429159,0.0,1,-2.23398001,0.0,1,-5.23221634,0.0,1,-2.70429159,0.0
1504,申万宏源证券苏州龙西路证券营业部,1,-1.7292983,0.0,1,-4.62254739,0.0,1,-1.92883272,0.0,1,-11.34020619,0.0,0,0.0,0.0
1505,申万宏源证券上海虹口区大连路证券营业部,1,9.94854202,100.0,1,8.06174957,100.0,1,5.83190395,100.0,1,6.3464837,100.0,0,0.0,0.0
1506,申万宏源证券上海静安区洛川东路证券营业部,1,-10.0,0.0,1,-10.0,0.0,1,-13.33333333,0.0,1,-10.0,0.0,0,0.0,0.0
1507,申万宏源证券上海黄浦区陆家浜路证券营业部,1,0.52631579,100.0,1,0.0,0.0,1,-10.0,0.0,1,-15.78947368,0.0,1,-3.15789474,0.0
1508,申万宏源证券上海浦东新区靖海路证券营业部,1,-2.22652469,0.0,1,-4.64666021,0.0,1,0.58083253,100.0,1,-3.00096805,0.0,1,-1.54888674,0.0
1509,国泰海通证券西安唐延路证券营业部,1,2.04490778,100.0,1,5.13231756,100.0,1,-1.60384924,0.0,1,2.2052927,100.0,1,-6.65597434,0.0
1510,国泰海通证券上海浦东新区商城路证券营业部,1,5.01116348,100.0,1,10.27040437,100.0,1,15.77772265,100.0,1,16.17464649,100.0,1,-1.53807988,0.0
1511,国信证券佛山南海大道证券营业部,1,-7.16723549,0.0,1,-6.48464164,0.0,1,-8.19112628,0.0,1,-6.48464164,0.0,1,-4.09556314,0.0
1512,长城证券昆明西昌路证券营业部,1,-4.84988453,0.0,1,0.0,0.0,1,-5.08083141,0.0,1,-9.69976905,0.0,1,1.15473441,100.0
1513,金元证券深圳深南大道证券营业部,1,-5.09259259,0.0,1,-6.71296296,0.0,1,-3.47222222,0.0,1,-3.24074074,0.0,1,-12.73148148,0.0
1514,山西证券太原五一广场证券营业部,1,-4.92753623,0.0,1,-9.56521739,0.0,1,-14.20289855,0.0,1,-22.60869565,0.0,1,-34.49275362,0.0
1515,中国银河证券深圳深业上城证券营业部,1,-10.53511706,0.0,1,-10.7580825,0.0,1,-1.9509476,0.0,1,-0.89186176,0.0,1,-20.98662207,0.0
1516,中国银河证券昆明白塔路证券营业部,1,-7.16510903,0.0,1,-13.70716511,0.0,1,-11.52647975,0.0,1,-15.26479751,0.0,1,-9.03426791,0.0
1517,中信建投证券深圳深南中路证券营业部,1,5.41965415,100.0,1,10.2699283,100.0,1,7.44411641,100.0,1,1.22311261,100.0,1,0.06326445,100.0
1518,申万宏源证券广州珠江西路证券营业部,1,-8.03059273,0.0,1,-10.7456979,0.0,1,-15.64053537,0.0,1,-13.95793499,0.0,1,-15.44933078,0.0
1519,国联民生证券无锡滨湖区蠡太路证券营业部,1,-7.96915167,0.0,1,-4.11311054,0.0,1,-4.88431877,0.0,1,-8.22622108,0.0,1,-13.11053985,0.0
1520,国泰海通证券沈阳黄河南大街证券营业部,1,-2.3255814,0.0,1,-4.65116279,0.0,1,-3.48837209,0.0,1,-2.03488372,0.0,1,-9.88372093,0.0
1521,国泰海通证券上海黄浦区黄陂南路证券营业部,1,-2.48756219,0.0,1,-4.47761194,0.0,1,-6.96517413,0.0,1,-13.10116086,0.0,1,-16.41791045,0.0
1522,国泰海通证券深圳香蜜湖路证券营业部,1,2.19224283,100.0,1,0.16863406,100.0,1,-3.03541315,0.0,1,-6.91399663,0.0,1,-6.23946037,0.0
1523,国泰海通证券重庆朝天门证券营业部,1,-5.48387097,0.0,1,-8.51612903,0.0,1,-11.12903226,0.0,1,-6.67741935,0.0,1,0.67741935,100.0
1524,财信证券深圳宝安南路证券营业部,1,-0.35714286,0.0,1,-3.03571429,0.0,1,-7.5,0.0,1,-7.67857143,0.0,1,-17.67857143,0.0
1525,长江证券佛山普澜二路证券营业部,1,-9.60346964,0.0,1,-8.17843866,0.0,1,-6.50557621,0.0,1,-3.22180917,0.0,1,4.27509294,100.0
1526,申万宏源证券眉山湖滨路证券营业部,1,-3.97553517,0.0,1,-6.11620795,0.0,1,-1.52905199,0.0,1,-7.33944954,0.0,1,3.66972477,100.0
1527,湘财证券上海张杨路证券营业部,1,-3.21543408,0.0,1,-3.21543408,0.0,1,-4.50160772,0.0,1,-1.92926045,0.0,1,-1.60771704,0.0
1528,申万宏源证券广州解放南路证券营业部,1,-5.06756757,0.0,1,-9.7972973,0.0,1,-14.18918919,0.0,1,-22.63513514,0.0,1,-34.45945946,0.0
1529,申万宏源证券安徽分公司,1,4.95241136,100.0,1,25.90538141,100.0,1,25.90538141,100.0,1,62.81900353,100.0,1,43.88331305,100.0
1530,西部证券深圳中心路证券营业部,1,-4.99265786,0.0,1,-6.020558,0.0,1,-10.57268722,0.0,1,-23.64170338,0.0,0,0.0,0.0
1531,国泰海通证券上海静安区江场路证券营业部,1,0.62815364,100.0,1,10.17402945,100.0,1,1.41077129,100.0,1,-4.01606426,0.0,1,-11.45093193,0.0
1532,中国中金财富证券南京中央路证券营业部,1,2.5,100.0,1,2.5,100.0,1,2.5,100.0,1,0.0,0.0,0,0.0,0.0
1533,华泰证券苏州新市路证券营业部,1,11.76470588,100.0,1,23.52941176,100.0,1,35.29411765,100.0,1,41.17647059,100.0,0,0.0,0.0
1534,国元证券芜湖分公司,1,-4.84988453,0.0,1,0.0,0.0,1,-5.08083141,0.0,1,-9.69976905,0.0,1,1.15473441,100.0
1535,国元证券淮北分公司,1,1.32841328,100.0,1,-0.22140221,0.0,1,0.51660517,100.0,1,-0.73800738,0.0,1,-11.95571956,0.0
1536,申万宏源西部证券西安二环南路证券营业部,1,2.7027027,100.0,1,1.35135135,100.0,1,-2.7027027,0.0,1,-2.7027027,0.0,0,0.0,0.0
1537,国泰海通证券深圳红岭北路证券营业部,1,0.42143287,100.0,1,-4.35480634,0.0,1,-7.7162352,0.0,1,-8.0272928,0.0,1,5.7696167,100.0
1538,大通证券大连民意街证券营业部,1,-2.28013029,0.0,1,-0.6514658,0.0,1,-0.3257329,0.0,1,-1.3029316,0.0,1,9.12052117,100.0
1539,渤海证券天津云际道分公司,1,-19.66292135,0.0,1,-15.16853933,0.0,1,-10.11235955,0.0,1,-20.78651685,0.0,1,-45.50561798,0.0
1540,中国银河证券郑州东风路证券营业部,1,-1.58924205,0.0,1,3.3007335,100.0,1,5.37897311,100.0,1,6.35696822,100.0,1,19.68215159,100.0
1541,国元证券上海中山北路证券营业部,1,1.69361047,100.0,1,0.15396459,100.0,1,7.39030023,100.0,1,-2.46343341,0.0,1,-13.77983064,0.0
1542,国元证券上海民生路证券营业部,1,-9.65751311,0.0,1,-8.7010182,0.0,1,-9.68836779,0.0,1,-15.98272138,0.0,1,-20.14810244,0.0
1543,国元证券合肥宿州路证券营业部,1,1.63551402,100.0,1,5.0623053,100.0,1,5.37383178,100.0,1,10.20249221,100.0,0,0.0,0.0
1544,申万宏源证券武汉青年路证券营业部,1,-7.92292089,0.0,1,-13.18458418,0.0,1,-21.10344828,0.0,1,-22.56795132,0.0,1,-19.26977688,0.0
1545,国泰海通证券临沂北京路第一证券营业部,1,9.13793103,100.0,1,-1.77586207,0.0,1,-11.60344828,0.0,1,-14.12068966,0.0,1,-22.83488935,0.0
1546,华泰证券成都人民南路证券营业部,1,-4.98866213,0.0,1,-9.75056689,0.0,1,-14.24036281,0.0,1,-22.63038549,0.0,1,-33.5600907,0.0
1547,方正证券浙江分公司,1,-3.21543408,0.0,1,-3.21543408,0.0,1,-4.50160772,0.0,1,-1.92926045,0.0,1,-1.60771704,0.0
1548,华安证券黄山分公司,1,5.83554377,100.0,1,-2.3872679,0.0,1,-2.65251989,0.0,0,0.0,0.0,0,0.0,0.0
1549,中信证券(山东)滨州黄河六路证券营业部,1,-3.36700337,0.0,1,-3.36700337,0.0,0,0.0,0.0,0,0.0,0.0,0,0.0,0.0
1550,中航证券景德镇珠山东路证券营业部,1,-6.35208711,0.0,1,-3.62976407,0.0,1,-7.44101633,0.0,1,-9.98185118,0.0,1,-18.51179673,0.0
1551,大通证券葫芦岛新华大街证券营业部,1,-1.2987013,0.0,1,-0.81168831,0.0,1,-4.22077922,0.0,1,-6.16883117,0.0,1,-4.38311688,0.0
1552,长江证券上海张杨路证券营业部,1,-1.60349854,0.0,1,3.35276968,100.0,1,8.52769679,100.0,1,3.79008746,100.0,1,8.52769679,100.0
1553,申万宏源证券上海静安区中兴路证券营业部,1,10.82914573,100.0,1,21.83417085,100.0,1,36.63316583,100.0,1,49.57286432,100.0,1,90.67839196,100.0
1554,国泰海通证券上海虹口区新建路证券营业部,1,-7.10579743,0.0,1,-10.28648771,0.0,1,-13.87322355,0.0,1,-19.33228062,0.0,1,-18.4976314,0.0
1555,上海证券临平路证券营业部,1,-3.21428571,0.0,1,-2.14285714,0.0,1,-0.35714286,0.0,1,1.42857143,100.0,1,-15.84821674,0.0
1556,上海证券奉贤区南奉公路证券营业部,1,-0.83333333,0.0,1,-3.25,0.0,1,1.58333333,100.0,1,14.125,100.0,0,0.0,0.0
1557,国泰海通证券上海徐汇区建国西路证券营业部,1,-1.04712042,0.0,1,1.57068063,100.0,1,1.04712042,100.0,1,11.51832461,100.0,1,9.94764398,100.0
1558,国泰海通证券上海宝山区牡丹江路证券营业部,1,9.94897959,100.0,1,20.91836735,100.0,1,27.55102041,100.0,1,31.12244898,100.0,1,13.7755102,100.0
1559,渤海证券上海黄浦区徐家汇路证券营业部,1,10.52631579,100.0,0,0.0,0.0,0,0.0,0.0,0,0.0,0.0,0,0.0,0.0
1560,国泰海通证券长春大经路证券营业部,1,0.90909091,100.0,1,4.54545455,100.0,1,5.45454545,100.0,1,-0.90909091,0.0,1,3.63636364,100.0
1561,中信证券杭州金城路证券营业部,1,0.11587486,100.0,1,10.0811124,100.0,1,6.7207416,100.0,1,3.70799537,100.0,1,1.0428737,100.0
1562,中国中金财富证券山东分公司,1,0.06451613,100.0,1,-5.58064516,0.0,1,9.03225806,100.0,1,-5.21290323,0.0,1,-16.63870968,0.0
1563,中国中金财富证券哈尔滨紫园路证券营业部,1,-1.24481328,0.0,1,-0.62240664,0.0,1,-1.0373444,0.0,1,-3.1120332,0.0,0,0.0,0.0
1564,南京证券南京新模范马路证券营业部,1,1.67580743,100.0,1,-0.24375381,0.0,1,-3.74771481,0.0,1,-4.72273004,0.0,1,-17.45886654,0.0
1565,华西证券成都南一环路证券营业部,1,3.84615385,100.0,1,-7.69230769,0.0,0,0.0,0.0,0,0.0,0.0,0,0.0,0.0
1566,华西证券乐山嘉定南路证券营业部,1,1.42095915,100.0,1,-1.42095915,0.0,1,-0.53285968,0.0,1,-4.44049734,0.0,1,-9.23623446,0.0
1567,华鑫证券西安锦业路证券营业部,1,-2.90416263,0.0,1,-7.16360116,0.0,1,-5.61471442,0.0,1,-12.29428848,0.0,1,-5.71151985,0.0
1568,招商证券上海浦东新区浦东南路证券营业部,1,-4.93150685,0.0,1,-9.5890411,0.0,1,-13.97260274,0.0,1,-19.17808219,0.0,1,-20.2739726,0.0
1569,金融街证券呼和浩特新城北街证券营业部,1,5.23560209,100.0,1,4.71204188,100.0,1,3.66492147,100.0,1,2.09424084,100.0,0,0.0,0.0
1570,金融街证券东胜鄂尔多斯大街证券营业部,1,3.58649789,100.0,1,13.92405063,100.0,1,15.18987342,100.0,1,-0.63291139,0.0,1,-9.28270042,0.0
1571,中信建投证券吉林分公司,1,3.92638037,100.0,1,-1.22699387,0.0,1,8.71165644,100.0,1,15.29547379,100.0,1,1.5101454,100.0
1572,中信建投证券上海浦东新区福山路证券营业部,1,0.86741016,100.0,1,-0.86741016,0.0,1,-1.48698885,0.0,0,0.0,0.0,0,0.0,0.0
1573,中信建投证券重庆合川南屏路证券营业部,1,-1.08695652,0.0,1,0.9057971,100.0,1,1.63043478,100.0,1,-1.44927536,0.0,1,-4.71014493,0.0
1574,中信建设证劵宜昌云集路证券营业部,1,2.38095238,100.0,0,0.0,0.0,0,0.0,0.0,0,0.0,0.0,0,0.0,0.0
1575,中信建投证券重庆汉渝路证券营业部,1,-4.97512438,0.0,1,-9.70149254,0.0,1,-14.17910448,0.0,1,-22.51243781,0.0,1,-22.3880597,0.0
1576,中信建投证券济南经四路证券营业部,1,-2.56410256,0.0,1,-5.12820513,0.0,1,-7.69230769,0.0,1,-7.69230769,0.0,0,0.0,0.0
1577,中信建投证券甘肃分公司,1,-1.39771283,0.0,1,0.55061415,100.0,1,-1.05887336,0.0,1,0.50825921,100.0,1,16.94197374,100.0
1578,东海证券深圳深南大道证券营业部,1,0.0,0.0,1,-3.7037037,0.0,1,0.0,0.0,0,0.0,0.0,0,0.0,0.0
1579,中原证券新乡分公司,1,-6.76094537,0.0,1,-9.64742348,0.0,1,-16.3308795,0.0,0,0.0,0.0,0,0.0,0.0
1580,申万宏源证券杭州体育场路证券营业部,1,4.34782609,100.0,1,7.24637681,100.0,1,10.14492754,100.0,1,18.84057971,100.0,1,13.04347826,100.0
1581,方正证券绍兴胜利东路证券营业部,1,7.8738138,100.0,1,40.22826366,100.0,1,41.04898692,100.0,1,46.14003591,100.0,1,70.30007694,100.0
1582,华福证券厦门湖滨南路证券营业部,1,3.2967033,100.0,1,1.31868132,100.0,1,6.37362637,100.0,1,17.14285714,100.0,1,2.41758242,100.0
1583,兴业证券三明列东街证券营业部,1,-3.94099052,0.0,1,2.65542677,100.0,1,3.85669125,100.0,1,-4.76290832,0.0,1,0.31340711,100.0
1584,广发证券山西分公司,1,19.53125,100.0,1,3.125,100.0,1,-7.8125,0.0,1,-4.6875,0.0,1,-19.53125,0.0
1585,英大证券横岗证券营业部,1,0.23628902,100.0,1,-5.80773536,0.0,1,-3.02201219,0.0,1,35.99054844,100.0,1,37.4953364,100.0
1586,英大证券江西分公司,1,-9.99551771,0.0,1,-18.96010758,0.0,1,-27.07306141,0.0,1,-29.40385477,0.0,1,-29.13491708,0.0
1587,华林证券江门聚德街证券营业部,1,-9.4972067,0.0,1,-8.56610801,0.0,1,-5.2141527,0.0,0,0.0,0.0,0,0.0,0.0
1588,平安证券天津分公司,1,7.26065539,100.0,1,4.94752624,100.0,1,11.37288499,100.0,1,12.6793746,100.0,1,12.93638895,100.0
1589,平安证券乌鲁木齐人民路证券营业部,1,-3.44603381,0.0,1,-6.95708713,0.0,1,-11.44343303,0.0,1,-22.43172952,0.0,1,-22.10663199,0.0
1590,平安证券海南分公司,1,-5.14705882,0.0,1,-0.73529412,0.0,1,-5.88235294,0.0,1,-11.76470588,0.0,1,-11.02941176,0.0
1591,平安证券广州华夏路证券营业部,1,-9.29878049,0.0,1,-5.58943089,0.0,1,-6.55487805,0.0,1,-5.38617886,0.0,1,-7.97764228,0.0
1592,国泰海通证券淄博通济街证券营业部,1,0.0,0.0,1,11.76470588,100.0,1,23.52941176,100.0,1,47.05882353,100.0,1,11.76470588,100.0
1593,国泰海通证券绍兴劳动路证券营业部,1,2.14067278,100.0,1,2.44648318,100.0,1,0.0,0.0,1,0.91743119,100.0,1,-3.66972477,0.0
1594,国泰海通证券海口国兴大道证券营业部,1,4.81927711,100.0,1,15.26104418,100.0,1,8.43373494,100.0,1,14.0562249,100.0,0,0.0,0.0
1595,爱建证券上海长阳路证券营业部,1,-13.32695069,0.0,1,-30.09095261,0.0,1,-38.34370512,0.0,1,-40.11488751,0.0,1,-30.16754428,0.0
1596,南京证券南京云南北路证券营业部,1,0.37482738,100.0,1,0.88774906,100.0,1,0.1380943,100.0,1,-2.82106924,0.0,1,55.33635826,100.0
1597,财通证券诸暨滨江北路证券营业部,1,-2.31167796,0.0,1,3.70665604,100.0,1,7.25388601,100.0,1,15.663611,100.0,1,11.00039857,100.0
1598,华泰证券连云港通灌南路证券营业部,1,-5.4887218,0.0,1,-4.13533835,0.0,1,-8.83458647,0.0,1,-7.14285714,0.0,0,0.0,0.0
1599,国联民生证券无锡中山路证券营业部,1,-5.05902192,0.0,1,-9.78077572,0.0,1,-14.33389545,0.0,1,-18.04384486,0.0,1,-21.41652614,0.0
1600,中国中金财富证券天津南京路证券营业部,1,-10.0,0.0,1,-15.0,0.0,1,-15.0,0.0,1,-10.0,0.0,1,-10.0,0.0
1601,中国中金财富证券合肥黄山路证券营业部,1,-2.77777778,0.0,1,-8.33333333,0.0,1,-5.55555556,0.0,0,0.0,0.0,0,0.0,0.0
1602,华鑫证券航空基地证券营业部,1,9.9690881,100.0,1,20.94281298,100.0,1,33.07573416,100.0,1,60.97372488,100.0,0,0.0,0.0
1603,南京证券南京大钟亭证券营业部,1,3.72040586,100.0,1,10.82299887,100.0,1,14.43066516,100.0,1,8.68094701,100.0,1,-3.83314543,0.0
1604,南京证券南京新华路证券营业部,1,10.03649635,100.0,1,16.24087591,100.0,1,12.04379562,100.0,1,5.43000547,100.0,1,-5.89325324,0.0
1605,中国中金财富证券扬州文昌西路证券营业部,1,-8.59728507,0.0,1,-13.07692308,0.0,1,-7.14932127,0.0,1,-0.67873303,0.0,1,-4.9321267,0.0
1606,招商证券南宁民族大道证券营业部,1,-3.7525355,0.0,1,-3.65111562,0.0,1,-3.65111562,0.0,1,-5.37525355,0.0,1,-9.43204868,0.0
1607,浙商证券深圳后海大道证券营业部,1,1.09539023,100.0,1,11.22774989,100.0,1,7.48516659,100.0,1,7.57644911,100.0,1,18.71291648,100.0
1608,山西证券阳泉德胜东街证券营业部,1,-9.96721311,0.0,1,-6.8852459,0.0,1,-16.13114754,0.0,1,-17.18032787,0.0,1,-23.27868852,0.0
1609,金融街证券上海虹口区飞虹路证券营业部,1,0.0,0.0,1,6.66666667,100.0,1,0.0,0.0,1,-13.33333333,0.0,0,0.0,0.0
1610,爱建证券厦门湖滨一里证券营业部,1,-3.80165289,0.0,1,-4.29752066,0.0,1,-5.2892562,0.0,1,-8.26446281,0.0,1,-12.23140496,0.0
1611,中国银河证券深圳罗湖证券营业部,1,-0.15384615,0.0,1,-3.46153846,0.0,1,-3.76923077,0.0,1,1.84615385,100.0,1,4.53846154,100.0
1612,中国银河证券丽水大洋路证券营业部,1,-5.43140028,0.0,1,-6.02545969,0.0,1,-17.36916549,0.0,1,-21.38613861,0.0,1,6.13825138,100.0
1613,中国银河证券北京望京证券营业部,1,-5.17928287,0.0,1,-5.57768924,0.0,1,-6.37450199,0.0,1,-9.96015936,0.0,1,-10.75697211,0.0
1614,中国银河证券上海浦东新区源深路证券营业部,1,-20.11494253,0.0,1,-36.20689655,0.0,1,-48.85057471,0.0,1,-56.6091954,0.0,1,-65.51724138,0.0
1615,中国银河证券重庆建新东路证券营业部,1,-5.0,0.0,1,-10.0,0.0,1,-6.0,0.0,1,-9.0,0.0,1,17.0,100.0
1616,中国银河证券中山分公司,1,-0.37878788,0.0,1,1.36363636,100.0,1,1.13636364,100.0,1,3.33333333,100.0,1,6.81818182,100.0
1617,中国银河证券合肥徽州大道证券营业部,1,10.00685401,100.0,1,3.90678547,100.0,1,-0.27416038,0.0,1,-6.10006854,0.0,0,0.0,0.0
1618,中国银河证券福州东水路证券营业部,1,3.02635861,100.0,1,-2.11519688,0.0,1,2.76602668,100.0,1,13.30946957,100.0,1,44.64692483,100.0
1619,中国银河证券厦门民族路证券营业部,1,1.14985163,100.0,1,0.55637982,100.0,1,-0.89020772,0.0,1,-1.74332344,0.0,1,-7.93768546,0.0
1620,申万宏源证券大连金马路证券营业部,1,-2.94117647,0.0,1,-3.52941176,0.0,1,-4.11764706,0.0,1,-8.23529412,0.0,1,-7.05882353,0.0
1621,中国银河证券烟台证券营业部,1,-1.27388535,0.0,1,-1.27388535,0.0,1,0.0,0.0,1,1.27388535,100.0,1,-2.5477707,0.0
1622,中国银河证券晋中迎宾街证券营业部,1,-9.96721311,0.0,1,-6.8852459,0.0,1,-16.13114754,0.0,1,-17.18032787,0.0,1,-23.27868852,0.0
1623,中国银河证券石家庄胜利北街证券营业部,1,10.02734731,100.0,1,8.65998177,100.0,1,4.74020055,100.0,1,1.73199635,100.0,1,16.95533273,100.0
1624,中国银河证券上海普陀区曹杨路证券营业部,1,-5.02463054,0.0,1,-0.2955665,0.0,1,-5.32019704,0.0,1,-14.38423645,0.0,1,-12.80788177,0.0
1625,中国银河证券南昌红谷滩新区证券营业部,1,-10.0,0.0,1,-12.94642857,0.0,1,-21.60714286,0.0,1,-30.08928571,0.0,1,-24.91071429,0.0
1626,东方财富证券拉萨金珠西路证券营业部,1,-2.27718885,0.0,1,-2.82685512,0.0,1,-2.94464075,0.0,1,-6.3996859,0.0,1,-20.71063997,0.0
1627,西南证券重庆第四分公司,1,-4.97481108,0.0,1,-9.697733,0.0,1,-14.23173804,0.0,1,-19.39546599,0.0,1,-34.44584383,0.0
1628,申万宏源证券沈阳大西路证券营业部,1,3.51657235,100.0,1,0.92966855,100.0,1,-1.69765562,0.0,1,-5.05254648,0.0,1,-0.68714632,0.0
1629,信达证券沈阳北陵大街证券营业部,1,2.38095238,100.0,0,0.0,0.0,0,0.0,0.0,0,0.0,0.0,0,0.0,0.0
1630,东方证券上海普陀区光新路证券营业部,1,5.00863558,100.0,1,-0.17271157,0.0,1,-5.18134715,0.0,1,-13.64421416,0.0,1,-64.93955095,0.0
1631,东方证券上海杨浦区安波路证券营业部,1,-8.33333333,0.0,1,-16.66666667,0.0,1,-20.83333333,0.0,0,0.0,0.0,0,0.0,0.0
1632,方正证券杭州南山路证券营业部,1,-4.97925311,0.0,1,-9.70954357,0.0,1,-14.23236515,0.0,1,-22.57261411,0.0,1,-32.78008299,0.0
1633,广发证券广州海珠广场星寰国际证券营业部,1,2.5,100.0,1,12.5,100.0,1,13.125,100.0,1,15.0,100.0,0,0.0,0.0
1634,万联证券鄂州古城路证券营业部,1,-2.88488601,0.0,1,-1.47762454,0.0,1,3.4477906,100.0,1,0.46439628,100.0,1,0.81621165,100.0
1635,国泰海通证券宁波和济街证券营业部,1,-9.23076923,0.0,1,-9.23076923,0.0,1,-7.69230769,0.0,1,12.30769231,100.0,0,0.0,0.0
1636,上海证券深圳金田路证券营业部,1,-2.4291498,0.0,1,-10.76923077,0.0,1,-14.8582996,0.0,1,-15.66801619,0.0,1,-23.07692308,0.0
1637,中信证券天津分公司,1,11.91159587,100.0,0,0.0,0.0,0,0.0,0.0,0,0.0,0.0,0,0.0,0.0
1638,中信证券北京呼家楼证券营业部,1,3.90000037,100.0,1,4.76666704,100.0,1,9.33333372,100.0,1,1.96666703,100.0,1,20.33333376,100.0
1639,粤开证券辽宁分公司,1,-7.19004065,0.0,1,-5.30995935,0.0,1,-5.87192261,0.0,1,-7.4811679,0.0,1,-17.26435749,0.0
1640,方正证券天津五经路证券营业部,1,-9.98431783,0.0,1,-18.97543126,0.0,1,-14.89806587,0.0,1,-9.14793518,0.0,1,-10.29796132,0.0
1641,大同证券晋城凤台西街证券营业部,1,1.42857143,100.0,1,1.02040816,100.0,1,-2.24489796,0.0,1,-2.44897959,0.0,1,2.65306122,100.0
1642,中山证券中山分公司,1,0.0,0.0,1,-3.7037037,0.0,1,0.0,0.0,0,0.0,0.0,0,0.0,0.0
1643,中信证券华南广州黄埔大道东证券营业部,1,-3.44827586,0.0,1,-4.02298851,0.0,1,-2.87356322,0.0,1,-6.89655172,0.0,1,-13.79310345,0.0
1644,万联证券广州白云分公司,1,-4.78723404,0.0,1,-9.57446809,0.0,1,-4.78723404,0.0,1,-10.10638298,0.0,1,-14.89361702,0.0
1645,国信证券天津友谊路证券营业部,1,1.85758514,100.0,1,-8.05572755,0.0,1,-5.26315789,0.0,1,7.27708978,100.0,1,13.02786378,100.0
1646,华泰证券泉州津淮街证券营业部,1,-5.03703704,0.0,1,-9.77777778,0.0,1,-14.22222222,0.0,1,-14.37037037,0.0,1,-33.18518519,0.0
1647,长江证券武汉珞瑜路证券营业部,1,9.16573139,100.0,1,9.09090909,100.0,1,13.05649083,100.0,1,2.4691358,100.0,1,11.78451178,100.0
1648,长江证券深圳红荔路证券营业部,1,-5.04201681,0.0,1,-9.87394958,0.0,1,-14.28571429,0.0,1,-92.64705882,0.0,1,-93.69747899,0.0
1649,长江证券杭州教工路证券营业部,1,-44.56762749,0.0,1,-50.11086475,0.0,1,-54.98891353,0.0,1,-57.64966741,0.0,1,-63.63636364,0.0
1650,长江证券哈尔滨西大直街证券营业部,1,-9.28571429,0.0,1,-11.42857143,0.0,1,-11.42857143,0.0,1,-2.38095238,0.0,1,-1.19047619,0.0
1651,招商证券深圳壹海城证券营业部,1,-6.85413005,0.0,1,-15.64147627,0.0,1,-11.57976958,0.0,1,-10.7791447,0.0,1,-4.39367311,0.0
1652,招商证券东莞鸿福路证券营业部,1,0.67114094,100.0,1,-3.02013423,0.0,1,-9.89932886,0.0,1,-17.61744966,0.0,0,0.0,0.0
1653,中国中金财富证券威海青岛北路证券营业部,1,-90.44117647,0.0,1,-91.42156863,0.0,1,-91.66666667,0.0,1,-91.17647059,0.0,1,-93.62745098,0.0
1654,华龙证券上海普陀区中江路证券营业部,1,-7.11395819,0.0,1,0.13486177,100.0,0,0.0,0.0,0,0.0,0.0,0,0.0,0.0
1655,光大证券东莞南城鸿福路证券营业部,1,5.26315789,100.0,1,1.75438596,100.0,1,-1.75438596,0.0,1,5.26315789,100.0,1,0.0,0.0
1656,国泰海通证券太原长治路证券营业部,1,-7.6142132,0.0,1,-11.04060914,0.0,1,-11.04060914,0.0,1,-6.97969543,0.0,1,-10.02538071,0.0
1657,中山证券深南分公司,1,4.18951524,100.0,1,10.24347445,100.0,1,-5.02303137,0.0,1,-10.83570959,0.0,0,0.0,0.0
1658,万联证券上海分公司,1,0.89928058,100.0,1,2.51798561,100.0,0,0.0,0.0,0,0.0,0.0,0,0.0,0.0
1659,红塔证券上海徐汇区桂林路证券营业部,1,-2.61752137,0.0,1,-2.1545584,0.0,1,-1.12179487,0.0,1,2.5997151,100.0,1,13.06980057,100.0
1660,世纪证券上海威海路证券营业部,1,-5.86766542,0.0,1,-3.43320849,0.0,1,-0.87390762,0.0,1,0.06242197,100.0,1,4.9937578,100.0
1661,中信证券华南广州中山八路证券营业部,1,-9.98948475,0.0,1,-0.98142306,0.0,1,1.75254118,100.0,1,-7.11531721,0.0,0,0.0,0.0
1662,中国中金财富证券广州海珠广场证券营业部,1,-9.07190635,0.0,1,-7.16973244,0.0,1,0.08361204,100.0,1,-4.89130435,0.0,1,-10.11705686,0.0
1663,万联证券广州黄埔分公司,1,-5.01600854,0.0,1,-9.71184632,0.0,1,-14.19423693,0.0,1,-22.51867663,0.0,1,-28.49519744,0.0
1664,申万宏源证券上海虹口区中山北一路证券营业部,1,-2.86624204,0.0,1,-6.05095541,0.0,1,-4.14012739,0.0,1,-2.5477707,0.0,1,-7.96178344,0.0
1665,西部证券北京新街口北大街证券营业部,1,4.26229508,100.0,1,3.82513661,100.0,1,4.15300546,100.0,1,6.12021858,100.0,1,6.66666667,100.0
1666,渤海证券天津中山路分公司,1,0.0,0.0,1,0.0,0.0,1,0.0,0.0,1,-11.11111111,0.0,0,0.0,0.0
1667,东吴证券苏州竹辉路证券营业部,1,-5.40311174,0.0,1,-10.89108911,0.0,1,-8.09052334,0.0,1,-9.81612447,0.0,1,-4.95049505,0.0
1668,国信证券无锡观山路证券营业部,1,-92.77978339,0.0,1,-93.50180505,0.0,1,-93.86281588,0.0,1,-94.58483755,0.0,1,-94.22382671,0.0
1669,浙商证券开化长兴路证券营业部,1,-2.63736264,0.0,1,-1.20879121,0.0,1,-3.18681319,0.0,1,-4.83516484,0.0,1,-9.01098901,0.0
1670,浙商证券龙游荣昌大道证券营业部,1,0.0,0.0,1,-2.63157895,0.0,0,0.0,0.0,0,0.0,0.0,0,0.0,0.0
1671,南京证券广州体育西路证券营业部,1,-2.99559471,0.0,1,2.20264317,100.0,1,12.4408703,100.0,1,11.00392627,100.0,1,8.39946522,100.0
1672,中航证券北京慧忠路证券营业部,1,3.34915612,100.0,1,2.37341772,100.0,1,5.64345992,100.0,1,12.86919831,100.0,1,22.07278481,100.0
1673,中航证券上海漕溪北路证券营业部,1,2.2125642,100.0,1,-0.6321612,0.0,1,-4.78071908,0.0,1,-9.71947847,0.0,1,-15.72500988,0.0
1674,华安证券北京慧忠北里证券营业部,1,5.07162662,100.0,1,3.58133087,100.0,1,-3.07301294,0.0,1,-10.14325323,0.0,1,-25.75092421,0.0
1675,东吴证券苏州工业园区苏州大道东证券营业部,1,0.30832477,100.0,1,-4.31654676,0.0,1,-4.00822199,0.0,1,-5.75539568,0.0,1,-0.30832477,0.0
1676,光大证券北京中关村大街证券营业部,1,-9.98573466,0.0,1,-14.40798859,0.0,1,-15.69186876,0.0,1,-22.68188302,0.0,1,-20.9700428,0.0
1677,中信建投证券佛山季华西路证券营业部,1,4.16666667,100.0,1,9.72222222,100.0,1,10.41666667,100.0,1,10.41666667,100.0,1,31.94444444,100.0
1678,申万宏源证券青岛分公司,1,-1.49588631,0.0,1,-3.51533283,0.0,1,0.44876589,100.0,1,-1.12191473,0.0,1,0.14958863,100.0
1679,渤海证券北京西外大街证券营业部,1,6.66666667,100.0,1,6.66666667,100.0,1,6.66666667,100.0,1,6.66666667,100.0,1,0.0,0.0
1680,中信证券华南广州番禺清河东路证券营业部,1,-11.76470588,0.0,1,-11.76470588,0.0,1,-11.76470588,0.0,1,-11.76470588,0.0,1,-23.52941176,0.0
1681,华鑫证券上海莘庄证券营业部,1,-7.16510903,0.0,1,-13.70716511,0.0,1,-11.52647975,0.0,1,-15.26479751,0.0,1,-9.03426791,0.0
1682,华鑫证券上海金山证券营业部,1,-8.59728507,0.0,1,-13.07692308,0.0,1,-7.14932127,0.0,1,-0.67873303,0.0,1,-4.9321267,0.0
1683,东北证券北京三里河东路证券营业部,1,4.32893948,100.0,1,4.88316357,100.0,1,6.92031156,100.0,1,13.54104254,100.0,1,-3.98442181,0.0
1684,中信证券(山东)青岛西海岸新区庐山路证券营业部,1,0.0,0.0,1,0.0,0.0,1,-11.11111111,0.0,1,-11.11111111,0.0,0,0.0,0.0
1685,中信证券(山东)胶州湖州路证券营业部,1,-5.09259259,0.0,1,-6.71296296,0.0,1,-3.47222222,0.0,1,-3.24074074,0.0,1,-12.73148148,0.0
1686,华安证券合肥齐云山路证券营业部,1,-2.04369274,0.0,1,-9.6546864,0.0,1,-5.18675123,0.0,1,-4.60887949,0.0,1,8.38618746,100.0
1687,华安证券安庆分公司,1,2.85714286,100.0,1,14.28571429,100.0,0,0.0,0.0,0,0.0,0.0,0,0.0,0.0
1688,中泰证券潍坊四平路证券营业部,1,-1.22270742,0.0,1,-8.64628821,0.0,1,-10.04366812,0.0,1,-15.10917031,0.0,1,-12.22707424,0.0
1689,中泰证券聊城柳园南路证券营业部,1,-4.76190476,0.0,1,2.38095238,100.0,1,-2.38095238,0.0,1,-11.9047619,0.0,1,-19.04761905,0.0
1690,华创证券上海肇嘉浜路证券营业部,1,-19.56521739,0.0,0,0.0,0.0,0,0.0,0.0,0,0.0,0.0,0,0.0,0.0
1691,上海证券长宁区定西路证券营业部,1,3.62318841,100.0,1,1.44927536,100.0,1,0.72463768,100.0,1,1.44927536,100.0,0,0.0,0.0
1692,国泰海通证券上海嘉定区德园路证券营业部,1,-2.15517241,0.0,1,-4.31034483,0.0,1,-7.32758621,0.0,1,-6.89655172,0.0,1,-3.87931034,0.0
1693,国泰海通证券上海静安区北京西路证券营业部,1,-2.28013029,0.0,1,-0.6514658,0.0,1,-0.3257329,0.0,1,-1.3029316,0.0,1,9.12052117,100.0
1694,上海证券崇明区朝阳门路证券营业部,1,-5.02692998,0.0,1,-9.69479354,0.0,1,-92.81867145,0.0,1,-92.81867145,0.0,1,-93.3572711,0.0
1695,上海证券虹口区新市路证券营业部,1,-10.03584229,0.0,1,-13.85902031,0.0,1,-17.32377539,0.0,1,-23.53643967,0.0,0,0.0,0.0
1696,上海证券普陀区延长西路证券营业部,1,-1.66284404,0.0,1,-10.49311927,0.0,1,-14.16284404,0.0,1,-19.0940367,0.0,0,0.0,0.0
1697,上海证券静安区北苏州路证券营业部,1,-10.04672897,0.0,1,-2.86214953,0.0,1,-5.72429907,0.0,1,-0.99299065,0.0,1,-4.55607477,0.0
1698,中信建投证券上海浦东新区五莲路证券营业部,1,-5.16282764,0.0,1,-6.51310564,0.0,1,-18.52660842,0.0,1,-20.55202542,0.0,1,-13.82049245,0.0
1699,广发证券佛山季华路证券营业部,1,-15.95330739,0.0,1,-21.78988327,0.0,1,-22.17898833,0.0,1,-26.84824903,0.0,1,-10.50583658,0.0
1700,广发证券肇庆星湖大道证券营业部,1,0.0,0.0,1,5.0,100.0,1,7.5,100.0,0,0.0,0.0,0,0.0,0.0
1701,申万宏源证券上海黄浦区新昌路证券营业部,1,2.4024024,100.0,1,3.3033033,100.0,1,7.50750751,100.0,1,7.80780781,100.0,1,5.10510511,100.0
1702,华安证券广东分公司,1,-3.3649698,0.0,1,-6.3848145,0.0,0,0.0,0.0,0,0.0,0.0,0,0.0,0.0
1703,第一创业证券廊坊分公司,1,-4.75984422,0.0,1,-4.52185201,0.0,1,-6.20943315,0.0,1,-9.13024665,0.0,1,-18.02250108,0.0
1704,中泰证券东营西四路证券营业部,1,-5.55555556,0.0,1,-2.77777778,0.0,1,-2.77777778,0.0,0,0.0,0.0,0,0.0,0.0
1705,华创证券江苏分公司,1,5.0,100.0,1,10.25,100.0,1,4.75,100.0,1,7.5,100.0,1,-3.5,0.0
1706,国海证券南宁滨湖路证券营业部,1,-5.26315789,0.0,1,-8.1871345,0.0,1,-9.94152047,0.0,1,-18.71345029,0.0,1,-22.22222222,0.0
1707,中国银河证券中山小榄升平东路证券营业部,1,5.81625909,100.0,1,1.45406477,100.0,1,-2.2075347,0.0,1,2.72306675,100.0,1,-2.37937872,0.0
1708,中信建投证券潮州潮州大道证券营业部,1,5.0,100.0,1,7.5,100.0,0,0.0,0.0,0,0.0,0.0,0,0.0,0.0
1709,方正证券成都抚琴西路证券营业部,1,-3.98254228,0.0,1,-7.2558647,0.0,1,-10.96563011,0.0,1,-13.91162029,0.0,1,-12.71140207,0.0
1710,方正证券乌鲁木齐黄河路证券营业部,1,-7.51260298,0.0,1,-19.09504488,0.0,1,-16.39001598,0.0,1,-17.66875692,0.0,1,-34.71043895,0.0
1711,中国银河证券天津翔纬路证券营业部,1,-4.07407407,0.0,1,-2.96296296,0.0,1,-4.81481481,0.0,1,-10.18518519,0.0,1,-4.62962963,0.0
1712,中信证券华南佛山分公司,1,-4.93150685,0.0,1,-9.5890411,0.0,1,-13.97260274,0.0,1,-22.46575342,0.0,1,-94.79452055,0.0
1713,中国银河证券证券投资部,1,0.9009009,100.0,1,-5.40540541,0.0,1,-7.36936937,0.0,1,-9.00900901,0.0,1,17.65765766,100.0
1714,中银国际证券武汉黄孝河路证券营业部,1,0.1579363,100.0,1,-6.13319295,0.0,1,-7.13345617,0.0,1,-8.10739668,0.0,1,-11.37141353,0.0
1715,财通证券,1,-4.10958904,0.0,1,-11.49631191,0.0,1,-10.33719705,0.0,1,-15.38461538,0.0,1,-15.59536354,0.0
1716,上海证券苏州人民路证券营业部,1,5.8490566,100.0,1,4.1509434,100.0,1,8.80503145,100.0,1,16.28930818,100.0,1,6.16352201,100.0
1717,广发证券广州番禺广场番发大厦证券营业部,1,-5.00270416,0.0,1,-9.76203353,0.0,1,-5.24607896,0.0,1,-2.65008112,0.0,0,0.0,0.0
1718,财通证券玉环广陵路证券营业部,1,0.42674253,100.0,0,0.0,0.0,0,0.0,0.0,0,0.0,0.0,0,0.0,0.0
1719,国都证券北京北三环中路证券营业部,1,-0.50307434,0.0,1,5.47792063,100.0,1,5.08664058,100.0,1,1.39742873,100.0,1,-9.83789827,0.0
1720,华福证券泉州丰海路证券营业部,1,-7.50245407,0.0,1,-9.1291544,0.0,1,-17.9918665,0.0,1,-30.45856121,0.0,1,-29.68728089,0.0
1721,长城证券苏州东吴北路证券营业部,1,-1.68539326,0.0,1,-3.37078652,0.0,1,-5.50561798,0.0,1,-10.56179775,0.0,0,0.0,0.0
1722,浙商证券重庆分公司,1,-8.12215724,0.0,1,-13.12540611,0.0,1,-14.48992853,0.0,0,0.0,0.0,0,0.0,0.0
1723,中原证券石家庄中山西路证券营业部,1,3.96149574,100.0,1,-7.44168826,0.0,1,-11.45501666,0.0,1,-14.54276194,0.0,0,0.0,0.0
1724,中信建投证券武汉建设八路证券营业部,1,-1.2987013,0.0,1,-0.81168831,0.0,1,-4.22077922,0.0,1,-6.16883117,0.0,1,-4.38311688,0.0
1725,中信建投证券锦州解放路证券营业部,1,-2.15517241,0.0,1,-4.31034483,0.0,1,-7.32758621,0.0,1,-6.89655172,0.0,1,-3.87931034,0.0
1726,东北证券大连分公司,1,-20.04889976,0.0,1,-20.04889976,0.0,1,-19.07090465,0.0,1,-22.00488998,0.0,1,-27.62836186,0.0
1727,长城证券杭州文一西路证券营业部,1,5.06024096,100.0,1,11.08433735,100.0,1,0.48192771,100.0,1,1.20481928,100.0,0,0.0,0.0
1728,广发证券东莞东城证券营业部,1,-85.56962025,0.0,1,-87.08860759,0.0,1,-87.34177215,0.0,1,-87.34177215,0.0,1,-89.62025316,0.0
1729,中国银河证券济南泺源大街证券营业部,1,3.18447334,100.0,1,8.30977954,100.0,1,4.46579989,100.0,1,11.55078199,100.0,1,41.28509516,100.0
1730,中银国际证券重庆分公司,1,-7.76119403,0.0,1,-9.70149254,0.0,1,-0.59701493,0.0,1,20.29850746,100.0,1,8.35820896,100.0
1731,广发证券深圳广电金融中心证券营业部,1,1.31826742,100.0,1,-3.76647834,0.0,1,-8.66290019,0.0,1,-11.67608286,0.0,1,7.34463277,100.0
1732,国联民生证券杭州金城路证券营业部,1,-9.99240122,0.0,1,-12.99392097,0.0,1,-21.69452888,0.0,1,-24.20212766,0.0,1,-22.68237082,0.0
1733,东方证券浙江分公司,1,-0.64724919,0.0,1,-4.85436893,0.0,1,-9.06148867,0.0,1,-8.73786408,0.0,0,0.0,0.0
1734,申万宏源证券盐城解放南路证券营业部,1,-6.78768745,0.0,1,-10.33938437,0.0,1,-8.05051302,0.0,1,-11.60220994,0.0,0,0.0,0.0
1735,太平洋证券昆明东风东路证券营业部,1,5.07614213,100.0,1,-89.84771574,0.0,1,-90.86294416,0.0,1,-91.37055838,0.0,1,-90.86294416,0.0
1736,华西证券广汉湖南路证券营业部,1,-90.44117647,0.0,1,-91.42156863,0.0,1,-91.66666667,0.0,1,-91.17647059,0.0,1,-93.62745098,0.0
1737,世纪证券江苏分公司,1,4.94296578,100.0,1,10.2661597,100.0,1,15.96958175,100.0,1,27.75665399,100.0,1,19.77186312,100.0
1738,南京证券上海番禺路证券营业部,1,-10.00585138,0.0,1,-2.8476692,0.0,1,-5.40276965,0.0,1,-9.79130096,0.0,1,-15.37601529,0.0
1739,招商证券南京庐山路证券营业部,1,2.4024024,100.0,1,3.3033033,100.0,1,7.50750751,100.0,1,7.80780781,100.0,1,5.10510511,100.0
1740,麦高证券沈阳西顺城街证券营业部,1,-6.1752988,0.0,1,-4.51527224,0.0,1,-1.5936255,0.0,1,-6.37450199,0.0,1,-9.03054449,0.0
1741,中原证券郑州经三路证券营业部,1,-0.48562549,0.0,1,-1.24320124,0.0,1,-2.25330225,0.0,1,-5.59440559,0.0,1,-15.4040404,0.0
1742,中泰证券威海大庆路证券营业部,1,-20.11494253,0.0,1,-36.20689655,0.0,1,-48.85057471,0.0,1,-56.6091954,0.0,1,-65.51724138,0.0
1743,诚通证券青岛福州南路证券营业部,1,-3.94736842,0.0,1,-5.42763158,0.0,1,-9.21052632,0.0,1,-6.90789474,0.0,0,0.0,0.0
1744,广发证券温州瓯江路证券营业部,1,1.42653352,100.0,1,1.14122682,100.0,1,-4.35092725,0.0,1,-4.4935806,0.0,1,-5.49215407,0.0
1745,国泰海通证券泉州云鹿路证券营业部,1,-4.61538462,0.0,1,-9.23076923,0.0,1,-6.15384615,0.0,1,3.07692308,100.0,0,0.0,0.0
1746,金元证券苏州分公司,1,-3.79746835,0.0,1,1.26582278,100.0,1,-1.26582278,0.0,1,-9.49367089,0.0,1,-13.92405063,0.0
1747,万联证券绍兴胜利东路证券营业部,1,0.85358796,100.0,1,-4.52835648,0.0,1,10.47453704,100.0,1,9.88136574,100.0,1,21.06481481,100.0
1748,国都证券郑州分公司,1,-10.0041511,0.0,1,-14.48733914,0.0,1,-15.64964716,0.0,1,-19.9252802,0.0,1,-14.94396015,0.0
1749,东方证券客户资产管理部,1,8.55481728,100.0,1,15.82225914,100.0,1,22.71594684,100.0,1,17.31727575,100.0,1,32.59966777,100.0
1750,中金财富,1,-0.24319066,0.0,1,0.38910506,100.0,1,-2.18871595,0.0,1,-5.05836576,0.0,1,-8.19552529,0.0
1751,东海证券湖南分公司,1,5.26315789,100.0,1,1.75438596,100.0,1,-1.75438596,0.0,1,5.26315789,100.0,1,0.0,0.0
1752,中信证券诸暨暨东路证券营业部,1,-2.31167796,0.0,1,3.70665604,100.0,1,7.25388601,100.0,1,15.663611,100.0,1,11.00039857,100.0
1753,国泰海通证券淮安淮海北路证券营业部,1,-4.8245614,0.0,1,-91.66666667,0.0,1,-92.54385965,0.0,1,-92.98245614,0.0,1,-93.42105263,0.0
1754,广发证券广州昌岗中路证券营业部,1,4.74434721,100.0,1,8.39145307,100.0,1,-8.26706943,0.0,1,12.64270801,100.0,1,5.82573391,100.0
1755,国泰海通证券天津水上公园东路证券营业部,1,-9.01554404,0.0,1,-6.21761658,0.0,1,-15.54404145,0.0,1,16.16580311,100.0,1,13.36787565,100.0
1756,东方证券广州平月路证券营业部,1,-1.01010101,0.0,1,1.32575758,100.0,1,-3.03030303,0.0,1,0.50505051,100.0,1,-13.63636364,0.0
1757,中国银河证券上海浦东新区博华路证券营业部,1,-9.96721311,0.0,1,-6.8852459,0.0,1,-16.13114754,0.0,1,-17.18032787,0.0,1,-23.27868852,0.0
1758,中国银河证券合肥临泉路证券营业部,1,-6.0,0.0,1,-14.0,0.0,1,-20.0,0.0,1,-18.0,0.0,1,-14.0,0.0
1759,中银国际证券北京宣外大街证券营业部,1,-4.97354497,0.0,1,-9.73544974,0.0,1,-14.23280423,0.0,1,-22.59259259,0.0,1,-37.03703704,0.0
1760,东方证券长春同志街证券营业部,1,-0.53191489,0.0,1,-5.85106383,0.0,1,-2.65957447,0.0,1,-3.19148936,0.0,0,0.0,0.0
1761,东方证券上海虹口区曲阳路证券营业部,1,5.07614213,100.0,1,-89.84771574,0.0,1,-90.86294416,0.0,1,-91.37055838,0.0,1,-90.86294416,0.0
1762,英大证券北京西城证券营业部,1,-0.03690037,0.0,0,0.0,0.0,0,0.0,0.0,0,0.0,0.0,0,0.0,0.0
1763,国盛证券萍乡分公司,1,9.99356292,100.0,1,18.45831992,100.0,1,24.09076279,100.0,1,12.53620856,100.0,1,5.06919858,100.0
1764,兴业证券南京中央路证券营业部,1,-2.85300806,0.0,1,-12.56977465,0.0,1,-12.13562125,0.0,1,-7.52532562,0.0,1,-5.70601613,0.0
1765,广发证券杭州金华南路证券营业部,1,-1.39771283,0.0,1,0.55061415,100.0,1,-1.05887336,0.0,1,0.50825921,100.0,1,16.94197374,100.0
1766,广发证券中山兴中道证券营业部,1,-2.22652469,0.0,1,-4.64666021,0.0,1,0.58083253,100.0,1,-3.00096805,0.0,1,-1.54888674,0.0
1767,华西证券深圳民田路证券营业部,1,-5.03703704,0.0,1,-9.77777778,0.0,1,-14.22222222,0.0,1,-14.37037037,0.0,1,-33.18518519,0.0
1768,东海证券上海浦东新区苗圃路证券营业部,1,-3.81344672,0.0,1,2.98963593,100.0,1,10.8291257,100.0,1,18.52245549,100.0,1,17.3731736,100.0
1769,渤海证券重庆新溉大道证券营业部,1,-3.01013025,0.0,1,-4.28364689,0.0,1,-6.16497829,0.0,1,-0.40520984,0.0,1,9.2040521,100.0
1770,方正证券宁波中山西路证券营业部,1,-1.31736527,0.0,1,-9.46107784,0.0,1,-6.46706587,0.0,1,5.26946108,100.0,1,-0.2994012,0.0
1771,国泰海通证券襄阳檀溪路证券营业部,1,2.76106195,100.0,1,1.16814159,100.0,1,-6.19469027,0.0,1,9.0619469,100.0,0,0.0,0.0
1772,方正证券上海南丹东路证券营业部,1,-4.875,0.0,1,-9.625,0.0,0,0.0,0.0,0,0.0,0.0,0,0.0,0.0
1773,国信证券北京亚运村证券营业部,1,-2.07325501,0.0,1,-2.21147201,0.0,1,-4.35383552,0.0,1,-8.08569454,0.0,0,0.0,0.0
1774,国信证券武汉中北路证券营业部,1,-7.06521739,0.0,0,0.0,0.0,0,0.0,0.0,0,0.0,0.0,0,0.0,0.0
1775,华泰证券大连港兴路证券营业部,1,-13.42134213,0.0,1,-10.56105611,0.0,1,-8.03080308,0.0,1,-3.41034103,0.0,1,-3.63036304,0.0
1776,申万宏源证券宁波海晏北路证券营业部,1,-9.99771742,0.0,1,-10.24880164,0.0,1,-17.66719927,0.0,1,-19.05957544,0.0,1,-32.43551701,0.0
1777,华泰证券成都天府广场证券营业部,1,-0.7636624,0.0,1,1.22504176,100.0,1,3.53193859,100.0,1,0.58070161,100.0,1,-2.19552939,0.0
1778,方正证券漳州南昌中路证券营业部,1,-8.03059273,0.0,1,-10.7456979,0.0,1,-15.64053537,0.0,1,-13.95793499,0.0,1,-15.44933078,0.0
1779,广发证券海口龙昆北路证券营业部,1,-6.92671734,0.0,1,-1.54883121,0.0,1,8.29628567,100.0,1,18.09837946,100.0,1,27.6351642,100.0
1780,兴业证券上海锦康路证券营业部,1,-3.44603381,0.0,1,-6.95708713,0.0,1,-11.44343303,0.0,1,-22.43172952,0.0,1,-22.10663199,0.0
1781,华福证券莆田东圳东路证券营业部,1,-3.10077519,0.0,1,-3.35917313,0.0,1,-1.80878553,0.0,1,-0.7751938,0.0,1,-3.35917313,0.0
1782,金元证券天津分公司,1,-2.56410256,0.0,1,-5.12820513,0.0,1,-7.69230769,0.0,1,-7.69230769,0.0,0,0.0,0.0
1783,广发证券北京太阳宫证券营业部,1,-2.43902439,0.0,1,-1.55210643,0.0,1,-3.99113082,0.0,1,-10.19955654,0.0,1,-16.62971175,0.0
1784,广发证券东营北一路证券营业部,1,-10.52631579,0.0,1,-12.28070175,0.0,1,-15.78947368,0.0,1,-17.54385965,0.0,1,-28.07017544,0.0
1785,南京证券杭州新塘路证券营业部,1,-0.26408451,0.0,1,-2.20070423,0.0,1,7.57042254,100.0,1,13.29225352,100.0,0,0.0,0.0
1786,国泰海通证券呼和浩特乌兰察布西街证券营业部,1,-20.07722008,0.0,1,-35.71428571,0.0,0,0.0,0.0,0,0.0,0.0,0,0.0,0.0
1787,光大证券绍兴胜利东路证券营业部,1,5.06024096,100.0,1,11.08433735,100.0,1,0.48192771,100.0,1,1.20481928,100.0,0,0.0,0.0
1788,中国中金财富证券上海浦东新区民生路证券营业部,1,0.0,0.0,1,5.71428571,100.0,0,0.0,0.0,0,0.0,0.0,0,0.0,0.0
1789,国新证券股份,1,3.7037037,100.0,0,0.0,0.0,0,0.0,0.0,0,0.0,0.0,0,0.0,0.0
1790,平安证券湖北分公司,1,-1.87541862,0.0,1,1.50703282,100.0,1,-3.58338915,0.0,1,-7.9035499,0.0,0,0.0,0.0
1791,招商证券济南经十路证券营业部,1,-4.89443378,0.0,1,-2.39923225,0.0,1,-4.60652591,0.0,1,-6.42994242,0.0,1,1.63147793,100.0
1792,华泰证券重庆江北嘴证券营业部,1,-5.28470413,0.0,1,-5.84294753,0.0,1,5.73129885,100.0,1,9.45292147,100.0,1,12.80238184,100.0
1793,国泰海通证券贵阳中华中路证券营业部,1,-1.14219114,0.0,1,-2.004662,0.0,1,-2.004662,0.0,1,-7.22610723,0.0,0,0.0,0.0
1794,国泰海通证券宜春宜阳大道证券营业部,1,-6.7264574,0.0,1,-6.27802691,0.0,1,-2.46636771,0.0,1,-37.66816143,0.0,1,-64.12556054,0.0
1795,国泰海通证券重庆解放碑证券营业部,1,3.2967033,100.0,1,-1.92307692,0.0,1,-6.86813187,0.0,1,-15.93406593,0.0,1,-92.85714286,0.0
1796,南京证券深圳深南中路证券营业部,1,10.01109878,100.0,1,13.85127636,100.0,1,17.04772475,100.0,1,20.97669256,100.0,0,0.0,0.0
1797,申万宏源证券上海浦东新区陆家嘴环路证券营业部,1,-3.98254228,0.0,1,-7.2558647,0.0,1,-10.96563011,0.0,1,-13.91162029,0.0,1,-12.71140207,0.0
1798,方正证券天津新华路证券营业部,1,-0.33333333,0.0,1,-10.83333333,0.0,1,-11.05555556,0.0,1,-5.61111111,0.0,1,-18.86111111,0.0
1799,诚通证券佛山南海大道证券营业部,1,5.02392344,100.0,1,8.53269537,100.0,1,10.44657097,100.0,1,9.56937799,100.0,1,11.72248804,100.0
1800,中原证券北京分公司,1,5.18292683,100.0,1,-0.40650407,0.0,1,9.55284553,100.0,1,7.21544715,100.0,1,-15.14227642,0.0
1801,方正证券宁波江澄北路证券营业部,1,-1.96078431,0.0,1,-5.88235294,0.0,1,-1.96078431,0.0,1,-15.68627451,0.0,1,-21.56862745,0.0
1802,东海证券洛阳凯旋西路证券营业部,1,-19.35028249,0.0,1,-22.59887006,0.0,1,-21.61016949,0.0,1,-23.8700565,0.0,1,-29.94350282,0.0
1803,广发证券江门天长路证券营业部,1,-7.96915167,0.0,1,-4.11311054,0.0,1,-4.88431877,0.0,1,-8.22622108,0.0,1,-13.11053985,0.0
1804,华泰证券天津勤俭道证券营业部,1,-9.97105644,0.0,1,-15.05065123,0.0,1,-11.36034732,0.0,1,-10.99855282,0.0,0,0.0,0.0
1805,申万宏源证券柳州东环大道证券营业部,1,-11.84210526,0.0,1,-13.15789474,0.0,1,-16.72932331,0.0,1,-17.29323308,0.0,0,0.0,0.0
1806,华泰证券北京苏州街证券营业部,1,0.0,0.0,1,-5.19480519,0.0,1,-10.38961039,0.0,1,-10.38961039,0.0,1,-10.38961039,0.0
1807,渤海证券山东分公司,1,-5.81589958,0.0,1,3.59832636,100.0,1,8.57740586,100.0,1,-0.9623431,0.0,0,0.0,0.0
1808,申万宏源证券吉林分公司,1,-1.17056856,0.0,1,3.76254181,100.0,1,8.94648829,100.0,1,14.13043478,100.0,1,-6.93979933,0.0
1809,中国银河证券佛山顺德大良证券营业部,1,-5.07042254,0.0,1,-9.85915493,0.0,1,-14.36619718,0.0,1,-11.54929577,0.0,1,-6.47887324,0.0
1810,金融街证券浙江分公司,1,-10.0,0.0,1,-19.01734104,0.0,1,-19.30635838,0.0,1,-19.66053688,0.0,1,-19.54247742,0.0
1811,金融街证券吉林通潭大路证券营业部,1,6.25,100.0,1,0.0,0.0,1,6.25,100.0,0,0.0,0.0,0,0.0,0.0
1812,国泰海通证券辽源人民大街证券营业部,1,-0.73529412,0.0,1,-5.14705882,0.0,1,-8.82352941,0.0,1,-10.29411765,0.0,1,-0.73529412,0.0
1813,东莞证券深圳后海工业八路证券营业部,1,9.94897959,100.0,1,20.91836735,100.0,1,27.55102041,100.0,1,31.12244898,100.0,1,13.7755102,100.0
1814,华泰证券上海静安区威海路证券营业部,1,-10.0,0.0,1,-8.82037534,0.0,1,-2.68096515,0.0,1,-2.97587131,0.0,1,-9.97319035,0.0
1815,华泰证券深圳科苑路百度国际大厦证券营业部,1,0.31261493,100.0,1,9.47039353,100.0,1,30.12136815,100.0,1,29.29385804,100.0,1,27.85950717,100.0
1816,广发证券武汉中山路证券营业部,1,-7.44186047,0.0,1,-6.39534884,0.0,1,-10.58139535,0.0,1,-11.62790698,0.0,1,-10.11627907,0.0
1817,国泰海通证券上海浦东新区松涛路证券营业部,1,4.18994413,100.0,1,3.35195531,100.0,1,0.27932961,100.0,1,-10.33519553,0.0,1,-1.11731844,0.0
1818,国泰海通证券徐州和平路证券营业部,1,0.1579363,100.0,1,-6.13319295,0.0,1,-7.13345617,0.0,1,-8.10739668,0.0,1,-11.37141353,0.0
1819,国泰海通证券蚌埠中荣街证券营业部,1,2.78551532,100.0,1,1.39275766,100.0,1,3.06406685,100.0,1,13.64902507,100.0,1,6.40668524,100.0
1820,国泰海通证券常州健身路证券营业部,1,-6.51268008,0.0,1,-9.56066198,0.0,1,-13.50160733,0.0,1,-16.89486844,0.0,1,-24.51482319,0.0
1821,中泰证券济南共青团路证券营业部,1,-5.28211285,0.0,1,-6.96278511,0.0,1,-7.32292917,0.0,1,-7.80312125,0.0,1,-10.68427371,0.0
1822,国投证券青岛东海西路证券营业部,1,3.2034632,100.0,1,-7.11954712,0.0,1,-13.55311355,0.0,1,0.58608059,100.0,1,11.46853147,100.0
1823,中泰证券青岛香港中路证券营业部,1,-4.45544554,0.0,1,-8.29207921,0.0,1,-11.38613861,0.0,1,-23.01980198,0.0,1,-26.36138614,0.0
1824,招商证券深圳蛇口工业三路证券营业部,1,-2.31092437,0.0,1,-2.62605042,0.0,1,-4.93697479,0.0,1,1.8907563,100.0,0,0.0,0.0
1825,浙商证券杭州萧山永久路证券营业部,1,-8.63811015,0.0,1,-13.32005123,0.0,1,-5.2227124,0.0,1,-0.14230824,0.0,1,-7.75579906,0.0
1826,申万宏源证券上海浦东新区杨高南路证券营业部,1,-5.01113586,0.0,1,-9.74387528,0.0,1,-6.18040089,0.0,1,-6.40311804,0.0,1,-19.76614699,0.0
1827,光大证券宁波解放南路证券营业部,1,-3.24074074,0.0,1,-6.01851852,0.0,1,-5.09259259,0.0,1,-13.88888889,0.0,1,-16.66666667,0.0
1828,中泰证券武汉解放大道证券营业部,1,-4.84848485,0.0,1,-9.6969697,0.0,1,-13.93939394,0.0,1,-22.42424242,0.0,1,-6.06060606,0.0
1829,国投证券佛山北滘证券营业部,1,-6.71976108,0.0,1,-11.05027377,0.0,1,-12.24489796,0.0,1,-11.2493778,0.0,1,-14.83325037,0.0
1830,中泰证券福州湖东路证券营业部,1,2.20994475,100.0,1,1.65745856,100.0,1,-5.52486188,0.0,0,0.0,0.0,0,0.0,0.0
1831,国投证券上海黄浦区中山东二路证券营业部,1,9.95490808,100.0,1,-1.04058273,0.0,1,-10.92611863,0.0,1,0.69372182,100.0,0,0.0,0.0
1832,中泰证券深圳吉祥路证券营业部,1,-1.44046095,0.0,1,-4.16133163,0.0,1,-1.6709347,0.0,1,1.79257362,100.0,0,0.0,0.0
1833,广发证券深圳深南大道证券营业部,1,-2.99559471,0.0,1,2.20264317,100.0,1,12.4408703,100.0,1,11.00392627,100.0,1,8.39946522,100.0
1834,国投证券娄底乐坪大道证券营业部,1,-2.84775465,0.0,1,-4.27163198,0.0,1,-3.50492881,0.0,1,-1.97152245,0.0,1,-9.63855422,0.0
1835,国投证券佛山顺德政通路证券营业部,1,-4.83870968,0.0,1,-9.67741935,0.0,1,-5.37634409,0.0,1,-5.91397849,0.0,0,0.0,0.0
1836,光大证券宁波悦盛路证券营业部,1,0.99403579,100.0,1,-4.57256461,0.0,1,-2.7833002,0.0,0,0.0,0.0,0,0.0,0.0
1837,方正证券哈尔滨赣水路证券营业部,1,-10.05518386,0.0,1,-13.0243688,0.0,1,-16.22307955,0.0,1,-8.17990917,0.0,1,-12.62880305,0.0
1838,东吴证券昆山环城北路证券营业部,1,-9.98547567,0.0,1,-18.99055919,0.0,1,-27.08787219,0.0,1,-11.76470588,0.0,1,-5.22875817,0.0
1839,中泰证券新泰府前街证券营业部,1,4.44587629,100.0,1,-2.06185567,0.0,1,-3.15721649,0.0,1,-6.8943299,0.0,0,0.0,0.0
1840,中泰证券烟台环山路证券营业部,1,-3.27455919,0.0,1,-4.28211587,0.0,1,0.50377834,100.0,1,6.54911839,100.0,1,-4.0302267,0.0
1841,国投证券佛山乐从证券营业部,1,2.90858726,100.0,1,-0.69252078,0.0,1,-3.60110803,0.0,1,-0.83102493,0.0,1,16.55124654,100.0
1842,财达证券承德都统府大街证券营业部,1,-1.55279503,0.0,1,-1.55279503,0.0,1,-3.88198758,0.0,1,-3.72670807,0.0,1,-9.7826087,0.0
1843,财达证券衡水中华大街证券营业部,1,-19.97354497,0.0,1,-35.97883598,0.0,1,-23.14814815,0.0,1,-19.57671958,0.0,1,-42.98941799,0.0
1844,财达证券唐山国防道证券营业部,1,-4.73751601,0.0,1,-7.68245839,0.0,1,-7.81049936,0.0,1,-4.92957746,0.0,1,-5.82586428,0.0
1845,财达证券唐山新华西道证券营业部,1,-8.72913992,0.0,1,-11.93838254,0.0,0,0.0,0.0,0,0.0,0.0,0,0.0,0.0
1846,华宝证券杭州学院路证券营业部,1,3.2967033,100.0,1,1.31868132,100.0,1,6.37362637,100.0,1,17.14285714,100.0,1,2.41758242,100.0
1847,华宝证券深圳福华一路证券营业部,1,-3.73514431,0.0,1,-3.56536503,0.0,1,-1.01867572,0.0,1,15.44991511,100.0,1,2.5466893,100.0
1848,国泰海通证券肥城新城路证券营业部,1,0.0,0.0,1,-6.77966102,0.0,1,-5.08474576,0.0,0,0.0,0.0,0,0.0,0.0
1849,东北证券重庆沙南街证券营业部,1,-20.0,0.0,1,-29.47368421,0.0,1,-30.52631579,0.0,1,-36.84210526,0.0,0,0.0,0.0
1850,首创证券上海共和新路证券营业部,1,-0.31383738,0.0,1,2.68188302,100.0,1,5.69186876,100.0,1,-7.9743224,0.0,1,-1.68330956,0.0
1851,招商证券杭州天目山路证券营业部,1,-4.94186047,0.0,1,-9.73837209,0.0,1,-13.51744186,0.0,1,-15.69767442,0.0,1,-17.15116279,0.0
1852,中航证券宜春高士路证券营业部,1,-2.40384615,0.0,1,-6.57051282,0.0,1,-7.21153846,0.0,1,-11.05769231,0.0,1,-15.54487179,0.0
1853,民生证券济南千佛山路证券营业部,1,-9.95670996,0.0,1,-14.28571429,0.0,1,-17.17171717,0.0,0,0.0,0.0,0,0.0,0.0
1854,华福证券三明列东街证券营业部,1,-4.90196078,0.0,1,-4.90196078,0.0,1,0.0,0.0,1,2.94117647,100.0,1,1.47058824,100.0
1855,国投证券西北分公司,1,-5.03432494,0.0,1,-95.99542334,0.0,1,-96.33867277,0.0,1,-95.99542334,0.0,1,-96.10983982,0.0
1856,国投证券东北分公司,1,-9.9378882,0.0,1,-18.88198758,0.0,1,-22.23602484,0.0,1,-29.56521739,0.0,0,0.0,0.0
1857,华泰证券沈阳青年大街证券营业部,1,13.11865902,100.0,1,8.58403176,100.0,1,12.65990296,100.0,1,2.54080282,100.0,1,32.52756948,100.0
1858,广发证券绍兴云东路证券营业部,1,-10.02405774,0.0,1,-14.27425822,0.0,1,-13.4723336,0.0,1,-13.07137129,0.0,1,-9.38251804,0.0
1859,光大证券北京小营路证券营业部,1,9.95850622,100.0,1,21.16182573,100.0,1,33.19502075,100.0,1,9.95850622,100.0,1,3.73443983,100.0
1860,财信证券深圳福华路证券营业部,1,-3.80479735,0.0,1,-8.60215054,0.0,1,-9.67741935,0.0,1,-10.91811414,0.0,1,-4.21836228,0.0
1861,广发证券珠海柠溪路证券营业部,1,-5.46282246,0.0,1,-14.92159838,0.0,1,-12.00472096,0.0,1,-16.11869836,0.0,1,0.80930703,100.0
1862,国海证券南宁飞云路证券营业部,1,5.76431959,100.0,1,12.76906239,100.0,1,17.69427216,100.0,1,8.245166,100.0,1,24.8449471,100.0
1863,国新证券上海黄浦区黄陂南路证券营业部,1,-6.65584416,0.0,1,-8.29951299,0.0,1,-2.15097403,0.0,1,2.79028004,100.0,1,11.0867062,100.0
1864,国元证券青岛辽宁路证券营业部,1,-19.97354497,0.0,1,-35.97883598,0.0,1,-23.14814815,0.0,1,-19.57671958,0.0,1,-42.98941799,0.0
1865,中泰证券慈溪新城大道证券营业部,1,-9.29878049,0.0,1,-5.58943089,0.0,1,-6.55487805,0.0,1,-5.38617886,0.0,1,-7.97764228,0.0
1866,中泰证券济宁吴泰闸路证券营业部,1,-3.60327852,0.0,1,-2.05680705,0.0,1,-9.24789938,0.0,1,-25.23841435,0.0,1,-26.79519563,0.0
1867,中泰证券上海周家嘴路证券营业部,1,7.97773655,100.0,1,2.5974026,100.0,1,10.7606679,100.0,1,0.55658627,100.0,1,-2.78293135,0.0
1868,中泰证券潍坊东风西街证券营业部,1,-1.63398693,0.0,1,-1.96078431,0.0,1,0.65359477,100.0,1,-0.32679739,0.0,1,-4.24836601,0.0
1869,申万宏源西部证券乌鲁木齐解放南路证券营业部,1,10.07874016,100.0,1,0.62992126,100.0,1,10.70866142,100.0,0,0.0,0.0,0,0.0,0.0
1870,长江证券武汉胜利街证券营业部,1,-3.3649698,0.0,1,-6.3848145,0.0,0,0.0,0.0,0,0.0,0.0,0,0.0,0.0
1871,东兴证券泉州丰泽街证券营业部,1,-0.61763054,0.0,1,-2.02133633,0.0,1,-4.54800674,0.0,1,-5.22178551,0.0,1,25.37900056,100.0
1872,方正证券重庆江北嘴证券营业部,1,-15.43209877,0.0,1,-18.00411523,0.0,1,-17.90123457,0.0,1,-17.38683128,0.0,1,-27.98353909,0.0
1873,大通证券上海浦东新区民生路证券营业部,1,-1.11940299,0.0,1,-6.71641791,0.0,1,-8.20895522,0.0,1,-7.8358209,0.0,1,-10.07462687,0.0
1874,光大证券内江公园街证券营业部,1,-7.87401575,0.0,1,-2.36220472,0.0,1,-5.70866142,0.0,1,-10.62992126,0.0,1,-6.2992126,0.0
1875,东兴证券漳州南昌中路证券营业部,1,10.07194245,100.0,1,8.27338129,100.0,1,7.91366906,100.0,1,9.35251799,100.0,1,6.11510791,100.0
1876,东兴证券永安牺和路证券营业部,1,3.72864652,100.0,1,3.28515112,100.0,1,-2.5131406,0.0,1,5.12483574,100.0,1,-2.10249671,0.0
1877,国金证券厦门湖滨南路证券营业部,1,0.71996969,100.0,1,8.71542251,100.0,1,-1.17468738,0.0,1,-7.54073513,0.0,1,-15.99090565,0.0
1878,长江证券襄阳建华路证券营业部,1,-10.041841,0.0,1,-16.45746165,0.0,1,-18.54951185,0.0,1,-25.66248257,0.0,0,0.0,0.0
1879,长江证券惠州金山湖证券营业部,1,0.76368876,100.0,1,2.23342939,100.0,1,0.9221902,100.0,1,-8.0259366,0.0,1,-0.90778098,0.0
1880,国新证券合肥庐州大道证券营业部,1,1.7609211,100.0,1,7.58550626,100.0,1,6.65424992,100.0,1,4.52082628,100.0,1,57.8056214,100.0
1881,广发证券深圳高新南一道证券营业部,1,-1.96560197,0.0,1,-5.65110565,0.0,1,-5.8968059,0.0,1,-12.28501229,0.0,1,-23.0958231,0.0
1882,中邮证券北京宣武门东大街证券营业部,1,-2.5033527,0.0,0,0.0,0.0,0,0.0,0.0,0,0.0,0.0,0,0.0,0.0
1883,西部证券潍坊东风东街证券营业部,1,8.4095338,100.0,1,0.43471743,100.0,1,-10.95787738,0.0,1,-19.09758657,0.0,1,-18.52795683,0.0
1884,长城国瑞证券厦门厦禾路证券营业部,1,2.02247191,100.0,1,-1.57303371,0.0,1,-6.51685393,0.0,1,-87.19101124,0.0,1,-89.43820225,0.0
1885,中信建投证券深圳宝安创业二路证券营业部,1,-2.47747748,0.0,1,-0.9009009,0.0,1,-8.8963964,0.0,1,1.8018018,100.0,1,21.28378378,100.0
1886,西部证券丹阳云阳路证券营业部,1,-0.87859425,0.0,1,1.47763578,100.0,1,1.23801917,100.0,1,6.90894569,100.0,1,0.11980831,100.0
1887,光大证券苏州苏惠路证券营业部,1,4.00649702,100.0,1,7.42420141,100.0,1,4.84569572,100.0,1,-11.90443963,0.0,1,-8.22279372,0.0
1888,太平洋证券厦门分公司,1,-4.8245614,0.0,1,-91.66666667,0.0,1,-92.54385965,0.0,1,-92.98245614,0.0,1,-93.42105263,0.0
1889,东兴证券福州杨桥中路证券营业部,1,-3.23809524,0.0,1,-9.84126984,0.0,1,-10.92063492,0.0,1,-18.03174603,0.0,1,-16.88888889,0.0
1890,信达证券阜新解放大街证券营业部,1,-5.0,0.0,1,-9.70588235,0.0,1,-14.11764706,0.0,1,-5.29411765,0.0,1,21.17647059,100.0
1891,湘财证券义乌篁园路证券营业部,1,0.0,0.0,1,0.0,0.0,1,0.0,0.0,1,6.66666667,100.0,0,0.0,0.0
1892,东北证券重庆科园一路证券营业部,1,-4.92753623,0.0,1,-9.56521739,0.0,1,-14.20289855,0.0,1,-22.60869565,0.0,1,-34.49275362,0.0
1893,浙商证券东阳环城北路证券营业部,1,3.84615385,100.0,1,-7.69230769,0.0,0,0.0,0.0,0,0.0,0.0,0,0.0,0.0
1894,中泰证券邹城东滩路证券营业部,1,-20.0,0.0,1,-35.97883598,0.0,1,-48.78306878,0.0,1,-29.52380952,0.0,1,-49.20634921,0.0
1895,国新证券阿克苏南昌路证券营业部,1,0.0,0.0,1,-11.11111111,0.0,1,-5.55555556,0.0,1,-5.55555556,0.0,0,0.0,0.0
1896,长江证券荆州北京西路证券营业部,1,-5.15873016,0.0,1,-5.95238095,0.0,1,-1.19047619,0.0,1,2.38095238,100.0,1,-5.55555556,0.0
1897,光大证券宁波奉化中山东路证券营业部,1,-0.77319588,0.0,1,-6.44329897,0.0,1,-5.28350515,0.0,1,1.03092784,100.0,1,-15.20618557,0.0
1898,广发证券佛山南海桂城证券营业部,1,-5.06912442,0.0,1,-9.67741935,0.0,1,-14.28571429,0.0,1,-22.58064516,0.0,1,-23.04147465,0.0
1899,信达证券北京牡丹园证券营业部,1,-5.40752351,0.0,1,-7.44514107,0.0,1,-7.9153605,0.0,1,-7.99373041,0.0,1,-4.78056426,0.0
1900,信达证券杭州景昙路证券营业部,1,-5.67484663,0.0,1,-6.44171779,0.0,1,-8.35889571,0.0,1,-14.68558282,0.0,1,-3.52760736,0.0
1901,东北证券天津分公司,1,-4.87804878,0.0,1,-9.75609756,0.0,1,-9.75609756,0.0,1,-12.19512195,0.0,1,-9.75609756,0.0
1902,中银国际证券广东分公司,1,-10.04672897,0.0,1,-2.86214953,0.0,1,-5.72429907,0.0,1,-0.99299065,0.0,1,-4.55607477,0.0
1903,红塔证券深圳深南中路证券营业部,1,2.71674935,100.0,1,-5.26813135,0.0,1,-4.93739665,0.0,1,-10.2291519,0.0,1,-21.66312308,0.0
1904,中信建投证券深圳香梅路证券营业部,1,2.04081633,100.0,1,-0.07849294,0.0,1,0.74568289,100.0,1,-5.37676609,0.0,1,-16.20879121,0.0
1905,广发证券佛山季华六路证券营业部,1,0.58794708,100.0,1,-4.80156786,0.0,1,-3.28270456,0.0,1,-6.02645762,0.0,1,-10.24007839,0.0
1906,光大证券杭州延安路证券营业部,1,-8.55,0.0,1,-8.0,0.0,1,-8.85,0.0,1,-9.2,0.0,1,-14.15,0.0
1907,中泰证券济宁任城大道证券营业部,1,0.73529412,100.0,1,-0.94771242,0.0,1,7.35294118,100.0,1,16.51960784,100.0,1,-18.97058824,0.0
1908,国投证券宜宾金沙江大道证券营业部,1,-19.9830652,0.0,1,-35.98645216,0.0,1,-48.77222693,0.0,1,-50.80440305,0.0,1,-57.57832345,0.0
1909,长江证券上海黄兴路证券营业部,1,-7.45147151,0.0,1,-7.73324984,0.0,1,-9.8622417,0.0,1,-10.36318096,0.0,1,-16.71884784,0.0
1910,国海证券上海黄浦区中山南路证券营业部,1,-16.95652174,0.0,1,-16.73913043,0.0,1,-20.43478261,0.0,1,-24.13043478,0.0,1,-26.52173913,0.0
1911,申万宏源西部证券库尔勒滨河路证券营业部,1,3.3151905,100.0,1,0.84116774,100.0,1,-4.15635824,0.0,1,-12.51855517,0.0,0,0.0,0.0
1912,中泰证券上海滨江大道证券营业部,1,-2.61096606,0.0,1,-3.91644909,0.0,1,-10.44386423,0.0,1,-15.66579634,0.0,1,-9.39947781,0.0
1913,中信建投证券赣州登峰大道证券营业部,1,2.4024024,100.0,1,3.3033033,100.0,1,7.50750751,100.0,1,7.80780781,100.0,1,5.10510511,100.0
1914,信达证券铁岭光荣街证券营业部,1,2.14067278,100.0,1,2.44648318,100.0,1,0.0,0.0,1,0.91743119,100.0,1,-3.66972477,0.0
1915,招商证券郑州商务外环路证券营业部,1,-3.45238095,0.0,1,-5.15873016,0.0,1,-7.42063492,0.0,1,-7.3015873,0.0,1,-3.25396825,0.0
1916,中信建投证券北京马家堡西路证券营业部,1,3.7037037,100.0,1,8.83190883,100.0,1,14.24501425,100.0,1,18.51851852,100.0,1,26.4957265,100.0
1917,国泰海通证券上海普陀区大华一路证券营业部,1,-2.94117647,0.0,1,-3.52941176,0.0,1,-4.11764706,0.0,1,-8.23529412,0.0,1,-7.05882353,0.0
1918,中信证券海宁海昌南路证券营业部,1,2.97107115,100.0,1,-0.23455825,0.0,1,-5.08209539,0.0,1,-6.09851446,0.0,1,-13.52703145,0.0
1919,长江证券北京新源里证券营业部,1,0.74259097,100.0,1,-3.26064943,0.0,1,-6.4807939,0.0,1,-2.42354688,0.0,1,-11.23206194,0.0
1920,国新证券福州江滨中大道证券营业部,1,0.13995801,100.0,1,-0.41987404,0.0,1,-0.41987404,0.0,1,-3.56892932,0.0,1,-5.17844647,0.0
1921,中信建投证券上海浦东南路证券营业部,1,-10.05518386,0.0,1,-13.0243688,0.0,1,-16.22307955,0.0,1,-8.17990917,0.0,1,-12.62880305,0.0
1922,西南证券上海分公司,1,-3.21543408,0.0,1,-3.21543408,0.0,1,-4.50160772,0.0,1,-1.92926045,0.0,1,-1.60771704,0.0
1923,申万宏源证券烟台分公司,1,-1.52928012,0.0,1,-9.54867587,0.0,1,-0.4848937,0.0,1,-2.64826557,0.0,1,2.08877285,100.0
1924,中信证券华南东莞分公司,1,-5.86529165,0.0,1,-6.02642604,0.0,1,-6.05865292,0.0,1,-6.57428295,0.0,1,-3.38382211,0.0
1925,中信证券绍兴分公司,1,1.92393736,100.0,1,-3.71364653,0.0,1,-7.47203579,0.0,1,-7.96420582,0.0,1,-3.40044743,0.0
1926,中信建投证券北京京南分公司,1,-3.66972477,0.0,1,-5.50458716,0.0,1,-11.9266055,0.0,1,-10.82568807,0.0,1,-6.42201835,0.0
1927,中信建投证券福清福和路证券营业部,1,9.99111901,100.0,1,21.0035524,100.0,1,19.44937833,100.0,1,2.93072824,100.0,1,-7.37122558,0.0
1928,诚通证券武汉球场路证券营业部,1,-10.01144165,0.0,1,-17.33409611,0.0,1,-16.53318078,0.0,0,0.0,0.0,0,0.0,0.0
1929,国元证券青岛四流中路证券营业部,1,6.25,100.0,0,0.0,0.0,0,0.0,0.0,0,0.0,0.0,0,0.0,0.0
1930,国投证券汕头长平路证券营业部,1,4.92424242,100.0,1,10.22727273,100.0,1,11.5530303,100.0,1,11.36363636,100.0,1,10.60606061,100.0
1931,国泰海通证券鞍山新华街证券营业部,1,-3.7525355,0.0,1,-3.65111562,0.0,1,-3.65111562,0.0,1,-5.37525355,0.0,1,-9.43204868,0.0
1932,财通证券宁波天童南路证券营业部,1,2.32726614,100.0,1,0.27166531,100.0,1,10.47722539,100.0,1,-15.78375441,0.0,1,-0.30788735,0.0
1933,国海证券梧州大学路证券营业部,1,-10.0,0.0,1,-15.0,0.0,1,-15.0,0.0,1,5.0,100.0,1,10.0,100.0
1934,国泰海通证券北京亦庄宏达北路证券营业部,1,-5.0,0.0,1,-9.5,0.0,1,-9.5,0.0,1,-13.0,0.0,1,-23.0,0.0
1935,国信证券宜昌沿江大道证券营业部,1,-4.94505495,0.0,1,0.0,0.0,1,4.94505495,100.0,1,6.04395604,100.0,1,3.84615385,100.0
1936,华安证券大连解放路证券营业部,1,-4.18118467,0.0,1,-1.04529617,0.0,1,3.83275261,100.0,1,13.58885017,100.0,1,15.67944251,100.0
1937,招商证券玉林江南路证券营业部,1,-0.09973404,0.0,1,-0.93362611,0.0,1,8.97301128,100.0,1,11.97502261,100.0,1,25.85098609,100.0
1938,国泰海通证券鸡西中心大街证券营业部,1,-2.38055182,0.0,1,-6.48553163,0.0,1,-7.61271871,0.0,1,-5.02187079,0.0,1,-16.21803499,0.0
1939,光大证券慈溪三北西大街证券营业部,1,4.18951524,100.0,1,10.24347445,100.0,1,-5.02303137,0.0,1,-10.83570959,0.0,0,0.0,0.0
1940,华泰证券沈阳光荣街证券营业部,1,2.14067278,100.0,1,2.44648318,100.0,1,0.0,0.0,1,0.91743119,100.0,1,-3.66972477,0.0
1941,中国中金财富证券长春长春大街证券营业部,1,20.04132231,100.0,1,37.60330579,100.0,1,25.61983471,100.0,1,7.02479339,100.0,1,28.09917355,100.0
1942,国泰海通证券上海宝山区海江路证券营业部,1,-8.44880027,0.0,1,-3.1091585,0.0,1,-4.12301453,0.0,1,7.80669145,100.0,1,10.71928201,100.0
1943,中信证券河北分公司,1,0.05747126,100.0,1,-1.72413793,0.0,1,-2.98850575,0.0,1,2.24137931,100.0,1,-3.85057471,0.0
1944,财达证券上海浦东大道证券营业部,1,-2.29914751,0.0,1,-8.86075949,0.0,1,-14.72487729,0.0,1,-14.85404288,0.0,1,-11.90906742,0.0
1945,国信证券宁波宁穿路证券营业部,1,-0.08833922,0.0,1,-1.41342756,0.0,1,-0.88339223,0.0,1,-1.50176678,0.0,1,-5.12367491,0.0
1946,华泰证券张家港金港镇长江中路证券营业部,1,-4.17940877,0.0,1,-6.01427115,0.0,1,-3.26197757,0.0,1,2.95616718,100.0,1,-4.28134557,0.0
1947,长城证券成都天晖中街证券营业部,1,-4.0,0.0,1,0.0,0.0,1,-6.0,0.0,1,-20.0,0.0,1,-20.0,0.0
1948,华泰证券昆山黑龙江北路证券营业部,1,1.79533214,100.0,1,3.77019749,100.0,1,6.50807899,100.0,1,15.88868941,100.0,1,13.46499102,100.0
1949,国投证券深圳安信金融大厦证券营业部,1,5.06756757,100.0,1,10.30405405,100.0,1,4.89864865,100.0,1,3.5472973,100.0,1,3.71621622,100.0
1950,中银国际证券上海新华路证券营业部,1,-3.21428571,0.0,1,-2.14285714,0.0,1,-0.35714286,0.0,1,1.42857143,100.0,1,-15.84821674,0.0
1951,华福证券连江丹凤东路证券营业部,1,2.55941499,100.0,1,0.88360756,100.0,1,-5.88056063,0.0,1,-11.66971359,0.0,1,-22.30347349,0.0
1952,方正证券长沙芙蓉中路证券营业部,1,22.55244755,100.0,1,22.16783217,100.0,1,25.83916084,100.0,1,14.16083916,100.0,1,25.06993007,100.0
1953,申万宏源证券广州东风东路证券营业部,1,-2.31167796,0.0,1,3.70665604,100.0,1,7.25388601,100.0,1,15.663611,100.0,1,11.00039857,100.0
1954,华鑫证券上海浦东新区人民东路证券营业部,1,9.9690881,100.0,1,20.94281298,100.0,1,33.07573416,100.0,1,60.97372488,100.0,0,0.0,0.0
1955,大通证券抚顺新华大街证券营业部,1,2.5,100.0,1,-2.24358974,0.0,1,-4.29487179,0.0,1,-2.62820513,0.0,1,2.72435897,100.0
1956,光大证券南京中山路证券营业部,1,-7.74509804,0.0,1,-11.96078431,0.0,1,-10.0,0.0,1,-10.78431373,0.0,1,-15.19607843,0.0
1957,华泰证券黄冈东门路证券营业部,1,-4.98687664,0.0,1,-9.71128609,0.0,1,-14.17322835,0.0,1,-19.42257218,0.0,1,-12.33595801,0.0
1958,华泰证券扬州宝应叶挺东路证券营业部,1,-9.29878049,0.0,1,-5.58943089,0.0,1,-6.55487805,0.0,1,-5.38617886,0.0,1,-7.97764228,0.0
1959,华泰证券长春民康路证券营业部,1,0.18416206,100.0,1,-4.60405157,0.0,1,-9.39226519,0.0,1,-6.07734807,0.0,1,-13.07550645,0.0
1960,华泰证券济南经七路证券营业部,1,-3.27455919,0.0,1,-4.28211587,0.0,1,0.50377834,100.0,1,6.54911839,100.0,1,-4.0302267,0.0
1961,中国银河证券廊坊永兴路证券营业部,1,3.62318841,100.0,1,1.44927536,100.0,1,0.72463768,100.0,1,1.44927536,100.0,0,0.0,0.0
1962,浙商证券诸暨东一路证券营业部,1,0.0,0.0,1,5.40540541,100.0,1,2.7027027,100.0,1,-2.7027027,0.0,0,0.0,0.0
1963,中信证券杭州新天地证券营业部,1,-9.19927442,0.0,1,-14.17465665,0.0,1,-13.13811868,0.0,1,-17.51749158,0.0,1,-18.57994299,0.0
1964,中信建投证券苏州分公司,1,-3.97350993,0.0,1,-5.79470199,0.0,1,-7.28476821,0.0,1,-21.35761589,0.0,1,-7.61589404,0.0
1965,方正证券深圳光明证券营业部,1,-10.01294778,0.0,1,-14.11307726,0.0,1,-16.52999568,0.0,1,-20.97539922,0.0,1,-12.99158531,0.0
1966,国泰海通证券上海嘉定区塔城路证券营业部,1,-10.02109705,0.0,1,-12.5,0.0,1,-8.91350211,0.0,1,-1.68776371,0.0,1,-5.5907173,0.0
1967,世纪证券广东分公司,1,-9.9932019,0.0,1,-7.4439157,0.0,1,-6.35622026,0.0,1,-6.69612508,0.0,1,-1.39360979,0.0
1968,长城证券深圳深南大道证券营业部,1,2.5,100.0,1,1.25,100.0,1,-3.75,0.0,1,2.5,100.0,1,0.0,0.0
1969,世纪证券樟树市四特大道证券营业部,1,-2.77777778,0.0,1,-8.33333333,0.0,1,-5.55555556,0.0,0,0.0,0.0,0,0.0,0.0
1970,东方证券上海闵行区都市路证券营业部,1,3.2967033,100.0,1,-1.92307692,0.0,1,-6.86813187,0.0,1,-15.93406593,0.0,1,-92.85714286,0.0
1971,中泰证券临沂金雀山路证券营业部,1,4.93421053,100.0,1,3.28947368,100.0,1,8.55263158,100.0,1,12.5,100.0,1,7.89473684,100.0
1972,国泰海通证券常德武陵大道证券营业部,1,-4.7418738,0.0,1,-1.14722753,0.0,1,-2.94455067,0.0,1,-9.90439771,0.0,1,-9.40726577,0.0
1973,国元证券江西分公司,1,-4.65116279,0.0,1,-9.30232558,0.0,1,-13.95348837,0.0,1,-18.60465116,0.0,1,-18.60465116,0.0
1974,国元证券太和复兴路证券营业部,1,1.9423022,100.0,1,6.9694373,100.0,1,8.25478435,100.0,1,11.7823479,100.0,1,0.18566124,100.0
1975,中国银河证券北京朝阳门北大街证券营业部,1,-0.21235209,0.0,1,-1.61033475,0.0,1,-8.15784844,0.0,1,-10.97150973,0.0,1,-16.75809616,0.0
1976,东兴证券惠安建设南路证券营业部,1,-4.9382716,0.0,1,-9.87654321,0.0,1,-9.05349794,0.0,1,-13.58024691,0.0,1,-21.39917695,0.0
1977,东吴证券常熟商城中路证券营业部,1,6.0990099,100.0,0,0.0,0.0,0,0.0,0.0,0,0.0,0.0,0,0.0,0.0
1978,长江证券鄂州滨湖南路证券营业部,1,10.0,100.0,1,4.04907975,100.0,1,1.59509202,100.0,0,0.0,0.0,0,0.0,0.0
1979,国泰海通证券唐山建设南路证券营业部,1,4.38448567,100.0,1,-1.93929174,0.0,1,-4.04721754,0.0,1,-6.5767285,0.0,1,-8.09443508,0.0
1980,中泰证券海南分公司,1,-4.93150685,0.0,1,-9.5890411,0.0,1,-13.97260274,0.0,1,-22.46575342,0.0,1,-94.79452055,0.0
1981,中信建投证券南昌榕门路证券营业部,1,-10.00390778,0.0,1,-16.37358343,0.0,1,-16.51035561,0.0,1,-17.97577179,0.0,1,-31.82883939,0.0
1982,东方证券上海杨浦区杨树浦路证券营业部,1,0.47169811,100.0,1,6.60377358,100.0,1,6.60377358,100.0,1,1.88679245,100.0,1,15.09433962,100.0
1983,东吴证券吴江盛泽镇西环路证券营业部,1,-3.98254228,0.0,1,-7.2558647,0.0,1,-10.96563011,0.0,1,-13.91162029,0.0,1,-12.71140207,0.0
1984,国泰海通证券上海闵行区吴中路证券营业部,1,-1.77777778,0.0,1,-4.88888889,0.0,1,-7.55555556,0.0,1,-12.88888889,0.0,1,-22.66666667,0.0
1985,大同证券邯郸人民东路证券营业部,1,5.41401274,100.0,1,-3.18471338,0.0,1,-9.66029724,0.0,1,-22.18683652,0.0,1,-23.35456476,0.0
1986,方正证券昆明三市街证券营业部,1,-8.69565217,0.0,1,-82.35294118,0.0,0,0.0,0.0,0,0.0,0.0,0,0.0,0.0
1987,东海证券洛阳青岛路证券营业部,1,-8.5106383,0.0,1,-14.89361702,0.0,1,-12.76595745,0.0,1,-12.76595745,0.0,0,0.0,0.0
1988,申万宏源西部证券阿克苏北京路证券营业部,1,-1.91637631,0.0,1,1.39372822,100.0,1,-1.13240418,0.0,1,-2.35191638,0.0,1,-12.02090592,0.0
1989,广发证券佛山高明跃华路证券营业部,1,4.43548387,100.0,1,4.03225806,100.0,1,-3.62903226,0.0,1,-1.61290323,0.0,0,0.0,0.0
1990,国泰海通证券潍坊东风东街第一证券营业部,1,4.97737557,100.0,1,-0.45248869,0.0,1,-2.71493213,0.0,1,4.52488688,100.0,1,-4.07239819,0.0
1991,国泰海通证券重庆嘉州路证券营业部,1,3.64464692,100.0,1,14.74129515,100.0,1,14.54604621,100.0,1,27.85551578,100.0,1,1.95248942,100.0
1992,国泰海通证券洛阳长兴街证券营业部,1,-10.56661562,0.0,1,-10.41347626,0.0,1,-3.9050536,0.0,1,-3.9050536,0.0,0,0.0,0.0
1993,中信证券浦江中山北路证券营业部,1,-9.09090909,0.0,1,-13.63636364,0.0,1,-15.90909091,0.0,1,-15.90909091,0.0,1,-18.18181818,0.0
1994,中泰证券菏泽东明五四路证券营业部,1,4.50797141,100.0,1,0.10995052,100.0,1,6.26717977,100.0,1,9.84057174,100.0,0,0.0,0.0
1995,上海证券乐清虹桥飞虹南路证券营业部,1,-4.79144053,0.0,1,-3.41138161,0.0,1,3.70600093,100.0,1,5.28764149,100.0,1,2.76011785,100.0
1996,申万宏源证券长沙芙蓉中路证券营业部,1,-4.9897471,0.0,1,-5.12645249,0.0,1,-9.84278879,0.0,1,-18.66028708,0.0,1,-15.03759398,0.0
1997,招商证券天津开发区第三大街证券营业部,1,0.55555556,100.0,1,2.77777778,100.0,1,2.22222222,100.0,0,0.0,0.0,0,0.0,0.0
1998,浙商证券天台赤城路证券营业部,1,-20.04889976,0.0,1,-20.04889976,0.0,1,-19.07090465,0.0,1,-22.00488998,0.0,1,-27.62836186,0.0
1999,浙商证券厦门杏林东路证券营业部,1,-4.3809939,0.0,1,3.42197036,100.0,1,-0.65387969,0.0,1,7.41063644,100.0,1,10.40769399,100.0
2000,浙商证券象山靖南大街证券营业部,1,1.12781955,100.0,1,-3.94736842,0.0,1,-8.83458647,0.0,1,-7.89473684,0.0,1,5.26315789,100.0
2001,兴业证券山西分公司,1,-9.97912317,0.0,1,-18.99791232,0.0,1,-20.91858038,0.0,1,-26.7223382,0.0,0,0.0,0.0
2002,兴业证券莆田湖园路证券营业部,1,-2.54794521,0.0,1,-0.52054795,0.0,1,-10.46575342,0.0,1,-10.26027397,0.0,1,-22.32876712,0.0
2003,中国中金财富证券溧阳煤建路证券营业部,1,0.0,0.0,1,0.98607889,100.0,1,2.14617169,100.0,1,-1.27610209,0.0,1,-0.40603248,0.0
2004,中国银河证券合肥祁门路证券营业部,1,-10.0,0.0,1,-7.31060606,0.0,1,-5.55555556,0.0,1,4.64646465,100.0,1,-10.79082462,0.0
2005,中国银河证券龙泉华楼街证券营业部,1,-7.44186047,0.0,1,-6.39534884,0.0,1,-10.58139535,0.0,1,-11.62790698,0.0,1,-10.11627907,0.0
2006,中国银河证券遂昌凯恩路证券营业部,1,10.04219409,100.0,1,14.6835443,100.0,1,3.20675105,100.0,1,-13.92405063,0.0,1,-16.28691983,0.0
2007,中国银河证券中山黄圃新丰北路证券营业部,1,-1.50226244,0.0,1,-4.47058824,0.0,1,-4.25339367,0.0,1,-6.76923077,0.0,1,-1.7918552,0.0
2008,中信证券杭州新城路证券营业部,1,-3.17815577,0.0,1,-1.34288272,0.0,1,-0.64458371,0.0,1,-2.86481647,0.0,1,-7.30528201,0.0
2009,中信证券嘉善晋阳西路证券营业部,1,-6.02977667,0.0,1,-3.25062035,0.0,1,4.36724566,100.0,1,36.46401985,100.0,1,57.67990074,100.0
2010,华泰证券成都天府大道证券营业部,1,-2.72515786,0.0,1,-0.89730808,0.0,1,-1.1299435,0.0,1,3.888335,100.0,1,-1.42904619,0.0
2011,华泰证券盐城大丰幸福西大街证券营业部,1,-6.84188569,0.0,1,-5.71547768,0.0,1,-10.34626617,0.0,1,0.45890697,100.0,1,17.8556529,100.0
2012,华泰证券靖江富阳路证券营业部,1,-16.36240703,0.0,1,-22.51521298,0.0,1,-22.04192022,0.0,1,-25.08451657,0.0,1,-28.66801893,0.0
2013,华泰证券兰州东岗西路证券营业部,1,-9.14634146,0.0,1,-9.67987805,0.0,1,-13.03353659,0.0,1,-18.29268293,0.0,1,-11.96646341,0.0
2014,华泰证券南通海安长江中路证券营业部,1,-1.40410959,0.0,1,-5.58219178,0.0,1,-11.18150685,0.0,1,-12.56849315,0.0,1,-9.62328767,0.0
2015,华泰证券吴江盛泽广州路证券营业部,1,3.04878049,100.0,1,1.82926829,100.0,1,-0.76219512,0.0,1,7.62195122,100.0,1,-5.0304878,0.0
2016,申万宏源证券北京金融大街证券营业部,1,1.57894737,100.0,0,0.0,0.0,0,0.0,0.0,0,0.0,0.0,0,0.0,0.0
2017,广发证券北京广安门内大街证券营业部,1,-2.0,0.0,1,2.0,100.0,1,8.0,100.0,1,20.0,100.0,1,26.0,100.0
2018,东海证券洛阳开元大道证券营业部,1,-3.0830613,0.0,1,-5.76713819,0.0,0,0.0,0.0,0,0.0,0.0,0,0.0,0.0
2019,华林证券广州体育西路证券营业部,1,-4.91803279,0.0,1,-9.50819672,0.0,1,-14.09836066,0.0,1,-22.29508197,0.0,1,-33.7704918,0.0
2020,中泰证券淄博沂源胜利路证券营业部,1,-9.99815191,0.0,1,-9.25891702,0.0,1,-9.55461098,0.0,1,7.94677509,100.0,1,16.6143042,100.0
2021,招商证券南昌世贸路秋水广场证券营业部,1,-4.12371134,0.0,1,0.46391753,100.0,1,10.51546392,100.0,1,4.12371134,100.0,1,-14.43298969,0.0
2022,东吴证券苏州干将东路证券营业部,1,2.89059641,100.0,1,2.89059641,100.0,1,3.11013538,100.0,1,4.15294548,100.0,1,-0.84156604,0.0
2023,方正证券贵阳中华中路证券营业部,1,5.88235294,100.0,1,-4.41176471,0.0,1,-13.23529412,0.0,1,-11.76470588,0.0,1,8.82352941,100.0
2024,中国银河证券湖州适园路证券营业部,1,-4.90654206,0.0,1,-0.29205607,0.0,1,-2.80373832,0.0,1,-4.90654206,0.0,1,-0.93457944,0.0
2025,国信证券上海浦东分公司,1,2.17391304,100.0,1,2.48447205,100.0,1,7.14285714,100.0,1,5.59006211,100.0,1,-10.2484472,0.0
2026,天风证券武汉分公司,1,-0.60606061,0.0,1,-5.57575758,0.0,1,-10.3030303,0.0,1,-12.84848485,0.0,1,-2.91045304,0.0
2027,国投证券厦门湖滨东路证券营业部,1,-0.2292176,0.0,1,-6.63966993,0.0,1,-9.43612469,0.0,0,0.0,0.0,0,0.0,0.0
2028,财通证券海盐秦山路证券营业部,1,-1.67893962,0.0,1,-2.56259205,0.0,1,-7.51104566,0.0,1,-18.88070692,0.0,1,-28.42415317,0.0
2029,国泰海通证券上海青浦区汇金路证券营业部,1,-8.87906106,0.0,1,-14.54328968,0.0,1,-17.04371492,0.0,0,0.0,0.0,0,0.0,0.0
2030,中泰证券宁波北仑恒山路证券营业部,1,-9.78077572,0.0,1,-14.36762226,0.0,1,-20.57335582,0.0,1,-26.03709949,0.0,0,0.0,0.0
2031,浙商证券杭州余之城证券营业部,1,4.85436893,100.0,1,9.70873786,100.0,1,15.53398058,100.0,1,27.18446602,100.0,1,-46.60194175,0.0
2032,中国中金财富证券深圳壹方中心证券营业部,1,5.38252192,100.0,1,3.93105534,100.0,1,10.13002721,100.0,1,15.51254914,100.0,1,3.87057756,100.0
2033,财达证券石家庄总部证券营业部,1,-11.84210526,0.0,1,-13.15789474,0.0,1,-16.72932331,0.0,1,-17.29323308,0.0,0,0.0,0.0
2034,方正证券南昌北京西路证券营业部,1,-0.73529412,0.0,1,-5.14705882,0.0,1,-8.82352941,0.0,1,-10.29411765,0.0,1,-0.73529412,0.0
2035,中国银河证券天津水上公园北道证券营业部,1,-10.02098636,0.0,1,-11.28016789,0.0,1,-18.31059811,0.0,1,-20.51416579,0.0,1,-26.76173036,0.0
2036,国投证券郑州花园路证券营业部,1,4.94821634,100.0,1,0.2301496,100.0,1,-4.83314154,0.0,1,1.84119678,100.0,1,1.84119678,100.0
2037,天风证券新津武阳中路证券营业部,1,-4.98687664,0.0,1,-9.71128609,0.0,1,-14.17322835,0.0,1,-19.42257218,0.0,1,-12.33595801,0.0
2038,中国银河证券成都龙腾路证券营业部,1,-3.7037037,0.0,1,-3.7037037,0.0,1,-7.40740741,0.0,0,0.0,0.0,0,0.0,0.0
2039,民生证券鹤壁淇滨大道证券营业部,1,-5.04201681,0.0,1,-9.87394958,0.0,1,-14.28571429,0.0,1,-92.64705882,0.0,1,-93.69747899,0.0
2040,平安证券北京金融大街证券营业部,1,-3.65659777,0.0,1,1.90779014,100.0,1,0.31796502,100.0,1,7.15421304,100.0,1,-9.3799682,0.0
2041,中泰证券武汉珞狮路证券营业部,1,-1.78746594,0.0,1,-5.38419619,0.0,1,-5.50408719,0.0,1,-3.1280654,0.0,1,2.44141689,100.0
2042,长江证券郑州金水路证券营业部,1,4.06858924,100.0,1,8.57365549,100.0,1,9.15042868,100.0,1,16.75759938,100.0,1,8.33982853,100.0
2043,东北证券广东分公司,1,5.01392758,100.0,1,10.30640669,100.0,1,15.87743733,100.0,1,27.8551532,100.0,1,42.33983287,100.0
2044,五矿证券深圳金田路证券营业部,1,10.81081081,100.0,1,21.62162162,100.0,1,10.81081081,100.0,1,2.7027027,100.0,0,0.0,0.0
2045,上海证券松江区乐都路证券营业部,1,-10.0,0.0,1,-15.0,0.0,1,-15.0,0.0,1,5.0,100.0,1,10.0,100.0
2046,国投证券阳江分公司,1,-4.0,0.0,1,0.0,0.0,1,-6.0,0.0,1,-20.0,0.0,1,-20.0,0.0
2047,申万宏源证券郑州花园路证券营业部,1,-2.30337079,0.0,1,-4.3258427,0.0,1,-0.95505618,0.0,1,4.94382022,100.0,1,6.74157303,100.0
2048,申万宏源西部证券伊宁解放路证券营业部,1,-0.52356021,0.0,1,-10.47120419,0.0,1,-19.37172775,0.0,1,-14.13612565,0.0,1,-10.47120419,0.0
2049,诚通证券上海金桥路证券营业部,1,-2.19603642,0.0,1,-2.24959829,0.0,1,-2.35672201,0.0,1,-1.39260846,0.0,1,-0.16068559,0.0
2050,西南证券重庆红石路证券营业部,1,2.38095238,100.0,0,0.0,0.0,0,0.0,0.0,0,0.0,0.0,0,0.0,0.0
2051,西南证券北京昌平证券营业部,1,2.28577393,100.0,1,22.74292871,100.0,1,47.29151446,100.0,1,41.8432314,100.0,1,40.20457155,100.0
2052,中信证券台州分公司,1,-19.56521739,0.0,0,0.0,0.0,0,0.0,0.0,0,0.0,0.0,0,0.0,0.0
2053,东兴证券福州斗西路证券营业部,1,-0.13119055,0.0,1,-2.26303706,0.0,1,-7.05149229,0.0,1,12.46310266,100.0,1,-1.0167268,0.0
2054,国泰海通证券盐城建军中路证券营业部,1,-19.82758621,0.0,1,-61.20689655,0.0,1,-63.79310345,0.0,1,-62.93103448,0.0,1,-69.82758621,0.0
2055,东北证券深圳科技园分公司,1,-3.24983074,0.0,1,-3.11442112,0.0,1,-3.65605958,0.0,1,-4.67163169,0.0,1,-10.42654028,0.0
2056,湘财证券北京建国门内大街证券营业部,1,-0.83102493,0.0,1,-0.27700831,0.0,1,-0.27700831,0.0,1,-5.81717452,0.0,1,-1.66204986,0.0
2057,广发证券唐山大里路证券营业部,1,-9.97920998,0.0,1,-19.02286902,0.0,1,-26.09147609,0.0,0,0.0,0.0,0,0.0,0.0
2058,国新证券广州珠江东路证券营业部,1,4.97592295,100.0,1,10.19261637,100.0,1,15.73033708,100.0,1,27.60834671,100.0,1,21.18780096,100.0
2059,国投证券揭阳惠来证券营业部,1,1.82370821,100.0,1,0.0,0.0,1,-4.86322188,0.0,1,-5.16717325,0.0,0,0.0,0.0
2060,东莞证券东莞东坑证券营业部,1,-4.91518051,0.0,1,-7.65550239,0.0,1,-10.13484124,0.0,1,-14.22357547,0.0,1,-11.7877338,0.0
2061,东莞证券东莞石碣证券营业部,1,6.72543258,100.0,1,-3.95037545,0.0,1,-7.59059745,0.0,1,5.35422788,100.0,0,0.0,0.0
2062,东吴证券南京国睿大厦证券营业部,1,4.16666667,100.0,1,9.72222222,100.0,1,10.41666667,100.0,1,10.41666667,100.0,1,31.94444444,100.0
2063,东兴证券龙海锦江东路证券营业部,1,-1.68987427,0.0,1,5.96187644,100.0,1,11.89671488,100.0,1,8.70623226,100.0,1,47.83020143,100.0
2064,方正证券醴陵滨河路证券营业部,1,5.04201681,100.0,1,10.08403361,100.0,1,15.96638655,100.0,1,15.96638655,100.0,1,-42.01680672,0.0
2065,方正证券温岭阳光大道证券营业部,1,8.6716792,100.0,1,2.20551378,100.0,1,-7.31829574,0.0,1,-2.58980785,0.0,1,-3.54218881,0.0
2066,光大证券南昌广场南路证券营业部,1,0.19261637,100.0,1,-6.80577849,0.0,1,-8.95666132,0.0,0,0.0,0.0,0,0.0,0.0
2067,华福证券福州湖东路证券营业部,1,-5.6,0.0,1,-6.93333333,0.0,1,-11.2,0.0,1,-11.73333333,0.0,1,-12.0,0.0
2068,华福证券惠安东南街证券营业部,1,5.07518797,100.0,1,0.96670247,100.0,1,3.78625134,100.0,1,6.75157328,100.0,1,27.78087148,100.0
2069,广发证券揭阳揭西证券营业部,1,2.6296018,100.0,1,3.0052592,100.0,1,3.90683696,100.0,1,8.41472577,100.0,0,0.0,0.0
2070,广发证券攀枝花三线大道证券营业部,1,0.0,0.0,1,0.0,0.0,1,0.0,0.0,1,6.66666667,100.0,0,0.0,0.0
2071,中信证券华南广州天河北路证券营业部,1,-0.73800738,0.0,1,-2.95202952,0.0,1,-6.64206642,0.0,1,-10.33210332,0.0,1,-22.50922509,0.0
2072,国海证券贺州建设中路证券营业部,1,-4.9689441,0.0,1,-9.62732919,0.0,1,-14.28571429,0.0,1,-91.30434783,0.0,1,-88.50931677,0.0
2073,国联民生证券无锡洛社镇人民南路证券营业部,1,4.97764891,100.0,1,-2.85127462,0.0,1,-2.62172285,0.0,1,-5.78712094,0.0,1,37.68273529,100.0
2074,国联民生证券无锡新吴区湘江路证券营业部,1,-1.87541862,0.0,1,1.50703282,100.0,1,-3.58338915,0.0,1,-7.9035499,0.0,0,0.0,0.0
2075,国海证券广东分公司,1,-5.26315789,0.0,1,-8.1871345,0.0,1,-9.94152047,0.0,1,-18.71345029,0.0,1,-22.22222222,0.0
2076,中信建投证券上海张杨北路证券营业部,1,4.32793807,100.0,1,2.86183439,100.0,1,18.42599109,100.0,0,0.0,0.0,0,0.0,0.0
2077,东莞证券河源分公司,1,10.05586592,100.0,1,8.37988827,100.0,1,4.18994413,100.0,1,-11.73184358,0.0,1,-30.16759777,0.0
2078,申万宏源证券沈阳建设东路证券营业部,1,-4.92125984,0.0,1,-4.33070866,0.0,1,-6.2992126,0.0,1,1.18110236,100.0,1,0.39370079,100.0
2079,中国中金财富证券成都滨江东路证券营业部,1,1.76928521,100.0,1,4.88322718,100.0,1,2.40622788,100.0,1,-1.13234253,0.0,1,-3.89242746,0.0
2080,中信证券唐山大里北路证券营业部,1,6.25,100.0,0,0.0,0.0,0,0.0,0.0,0,0.0,0.0,0,0.0,0.0
2081,信达证券本溪桓仁证券营业部,1,5.01116348,100.0,1,10.27040437,100.0,1,15.77772265,100.0,1,16.17464649,100.0,1,-1.53807988,0.0
2082,兴业证券北京曙光西里证券营业部,1,-5.01113586,0.0,1,-9.74387528,0.0,1,-6.18040089,0.0,1,-6.40311804,0.0,1,-19.76614699,0.0
2083,兴业证券武夷山中山路证券营业部,1,-0.80563948,0.0,1,-4.02819738,0.0,1,-6.04229607,0.0,0,0.0,0.0,0,0.0,0.0
2084,招商证券太原长治路证券营业部,1,10.0148368,100.0,1,8.30860534,100.0,1,6.89910979,100.0,1,13.57566766,100.0,1,-15.9495549,0.0
2085,中信证券宁波北仑新碶证券营业部,1,0.23628902,100.0,1,-5.80773536,0.0,1,-3.02201219,0.0,1,35.99054844,100.0,1,37.4953364,100.0
2086,中信证券华南惠州分公司,1,-1.48514851,0.0,1,-2.47524752,0.0,1,-2.97029703,0.0,1,8.91089109,100.0,1,27.22772277,100.0
2087,中信证券上海长宁区红宝石路证券营业部,1,-4.88721805,0.0,1,-9.77443609,0.0,1,-14.28571429,0.0,1,-92.85714286,0.0,1,-93.98496241,0.0
2088,财达证券唐山新城道证券营业部,1,-5.05902192,0.0,1,-9.78077572,0.0,1,-14.33389545,0.0,1,-18.04384486,0.0,1,-21.41652614,0.0
2089,华安证券濉溪淮海路证券营业部,1,2.3715415,100.0,1,-0.98814229,0.0,1,-5.13833992,0.0,1,2.17391304,100.0,1,19.76284585,100.0
2090,华西证券成都郫都区东大街证券营业部,1,10.0,100.0,1,11.9047619,100.0,1,10.61904762,100.0,1,14.95238095,100.0,1,7.85714286,100.0
2091,粤开证券惠州金山湖证券营业部,1,-2.88065844,0.0,1,-11.11111111,0.0,1,-13.99176955,0.0,1,-15.63786008,0.0,1,-25.10288066,0.0
2092,中信证券(山东)南阳人民北路证券营业部,1,-7.16510903,0.0,1,-13.70716511,0.0,1,-11.52647975,0.0,1,-15.26479751,0.0,1,-9.03426791,0.0
2093,中信证券衢州新桥街证券营业部,1,-1.09155714,0.0,1,-1.53709067,0.0,1,1.04700379,100.0,1,0.02227668,100.0,1,7.01715304,100.0
2094,中信建投证券瑞金红都大道证券营业部,1,-3.30788804,0.0,1,-10.43256997,0.0,1,-11.95928753,0.0,1,-11.19592875,0.0,0,0.0,0.0
2095,申万宏源证券成都崇州市蜀州北路证券营业部,1,-4.95495495,0.0,1,-9.75975976,0.0,1,-14.26426426,0.0,1,-12.46246246,0.0,1,-10.66066066,0.0
2096,湘财证券浏阳白沙东路证券营业部,1,4.58197983,100.0,1,8.37750043,100.0,1,8.14669174,100.0,1,-7.07813301,0.0,1,-0.03419388,0.0
2097,财达证券石家庄裕华路证券营业部,1,-10.0456621,0.0,1,-10.95890411,0.0,1,-14.30745814,0.0,1,-16.43835616,0.0,1,-21.46118721,0.0
2098,国元证券合肥长江路证券营业部,1,-3.44827586,0.0,1,-4.02298851,0.0,1,-2.87356322,0.0,1,-6.89655172,0.0,1,-13.79310345,0.0
2099,中信证券桐乡振兴东路证券营业部,1,1.12160567,100.0,1,-7.49704841,0.0,1,-5.66706021,0.0,1,-5.31286895,0.0,1,-4.95867769,0.0
2100,国信证券上海张杨路证券营业部,1,-2.44140625,0.0,1,-4.98046875,0.0,1,-3.515625,0.0,1,-1.85546875,0.0,1,-2.5390625,0.0
2101,华泰证券天津东丽开发区二纬路证券营业部,1,-4.78723404,0.0,1,-9.57446809,0.0,1,-4.78723404,0.0,1,-10.10638298,0.0,1,-14.89361702,0.0
2102,国盛证券上饶鄱阳鄱阳湖大道证券营业部,1,4.24886191,100.0,1,-0.91047041,0.0,1,-5.91805766,0.0,1,-7.43550835,0.0,1,-7.13201821,0.0
2103,国泰海通证券郴州国庆北路证券营业部,1,-4.8245614,0.0,1,-91.66666667,0.0,1,-92.54385965,0.0,1,-92.98245614,0.0,1,-93.42105263,0.0
2104,华安证券枞阳金山大道证券营业部,1,-5.12820513,0.0,1,-5.12820513,0.0,1,-10.25641026,0.0,1,-7.69230769,0.0,0,0.0,0.0
2105,国金证券成都新都区马超西路证券营业部,1,0.0,0.0,1,0.0,0.0,1,0.0,0.0,1,-6.25,0.0,1,0.0,0.0
2106,东兴证券福清景观大道证券营业部,1,2.42718447,100.0,1,0.48543689,100.0,1,0.48543689,100.0,1,-2.91262136,0.0,1,-6.7961165,0.0
2107,西南证券重庆春晖路证券营业部,1,-3.7037037,0.0,1,0.0,0.0,1,0.0,0.0,1,0.0,0.0,0,0.0,0.0
2108,华安证券无为北大街证券营业部,1,-0.76255588,0.0,1,12.38495924,100.0,1,9.3873258,100.0,0,0.0,0.0,0,0.0,0.0
2109,国泰海通证券济源济水大街证券营业部,1,3.10077519,100.0,1,0.31007752,100.0,1,-1.08527132,0.0,1,-2.63565891,0.0,1,-5.58139535,0.0
2110,国泰海通证券丽江福慧路证券营业部,1,1.24378109,100.0,1,-2.36318408,0.0,1,-3.60696517,0.0,1,-1.3681592,0.0,1,11.8159204,100.0
2111,国泰海通证券宜春高安瑞州路证券营业部,1,-10.05764262,0.0,1,-11.09620354,0.0,1,-5.88849135,0.0,1,-17.8095806,0.0,1,-23.1216458,0.0
2112,第一创业证券北京西城分公司,1,-5.55555556,0.0,1,-16.66666667,0.0,1,-16.66666667,0.0,1,-16.66666667,0.0,1,-22.22222222,0.0
2113,湘财证券佛山星辰路证券营业部,1,0.0,0.0,1,0.0,0.0,1,0.0,0.0,1,6.66666667,100.0,0,0.0,0.0
2114,国投证券合肥徽州大道证券营业部,1,-9.67741935,0.0,1,-16.12903226,0.0,1,-9.67741935,0.0,1,9.67741935,100.0,1,29.03225806,100.0
2115,诚通证券成都东城根街证券营业部,1,5.28586839,100.0,1,13.05285868,100.0,1,13.91585761,100.0,1,15.96548004,100.0,1,16.93635383,100.0
2116,长江证券重庆红黄路证券营业部,1,1.82370821,100.0,1,0.0,0.0,1,-4.86322188,0.0,1,-5.16717325,0.0,0,0.0,0.0
2117,东兴证券福州五一北路证券营业部,1,4.81927711,100.0,1,15.26104418,100.0,1,8.43373494,100.0,1,14.0562249,100.0,0,0.0,0.0
2118,国泰海通证券义乌宾王路证券营业部,1,0.25806452,100.0,1,2.63225806,100.0,1,16.38709677,100.0,1,12.38709677,100.0,1,7.35483871,100.0
2119,中信证券福州振武路证券营业部,1,-1.97044335,0.0,1,-11.08374384,0.0,1,-13.79310345,0.0,1,-14.03940887,0.0,0,0.0,0.0
2120,中信证券南通海门长江南路证券营业部,1,-1.2567325,0.0,0,0.0,0.0,0,0.0,0.0,0,0.0,0.0,0,0.0,0.0
2121,中信证券安徽分公司,1,-4.28518655,0.0,1,-5.54118951,0.0,1,-4.87624677,0.0,1,-5.09789435,0.0,1,-13.18803103,0.0
2122,国都证券北京东中街证券营业部,1,0.03320053,100.0,1,-8.56573705,0.0,1,-13.41301461,0.0,1,-4.44887118,0.0,1,-5.54448871,0.0
2123,光大证券上海仙霞路证券营业部,1,-5.10396975,0.0,1,-9.82986767,0.0,1,-15.31190926,0.0,1,-15.50094518,0.0,1,-19.84877127,0.0
2124,招商证券北京安外大街证券营业部,1,5.08474576,100.0,1,1.50659134,100.0,1,-2.07156309,0.0,1,-0.37664783,0.0,1,-7.90960452,0.0
2125,东方证券北海北海大道证券营业部,1,0.76368876,100.0,1,2.23342939,100.0,1,0.9221902,100.0,1,-8.0259366,0.0,1,-0.90778098,0.0
2126,东吴证券仪征工农北路证券营业部,1,-20.11494253,0.0,1,-36.20689655,0.0,1,-48.85057471,0.0,1,-56.6091954,0.0,1,-65.51724138,0.0
2127,华福证券厦门吕岭路证券营业部,1,-3.01013025,0.0,1,-4.28364689,0.0,1,-6.16497829,0.0,1,-0.40520984,0.0,1,9.2040521,100.0
2128,国泰海通证券马鞍山雨山西路证券营业部,1,-7.62686114,0.0,1,-3.99574597,0.0,1,-10.55910058,0.0,0,0.0,0.0,0,0.0,0.0
2129,中国银河证券北京双井证券营业部,1,4.71698113,100.0,1,2.20125786,100.0,1,-1.67714885,0.0,1,-3.87840671,0.0,0,0.0,0.0
2130,广发证券佛山禅城石湾证券营业部,1,3.00429185,100.0,1,0.64377682,100.0,1,-0.61312078,0.0,1,-1.90067443,0.0,1,-11.31207848,0.0
2131,东海证券珠海吉大路证券营业部,1,9.97888068,100.0,1,20.96092925,100.0,1,33.05174234,100.0,0,0.0,0.0,0,0.0,0.0
2132,第一创业证券青岛分公司,1,3.04826418,100.0,1,3.00592718,100.0,1,7.07027942,100.0,1,7.71039518,100.0,1,0.626431,100.0
2133,国泰海通证券四平中央西路证券营业部,1,-4.6378322,0.0,1,-2.76185513,0.0,1,-10.89108911,0.0,1,-15.21625847,0.0,1,-17.09223554,0.0
2134,华泰证券深圳龙岗大道证券营业部,1,9.98558039,100.0,1,20.98053353,100.0,1,17.95241528,100.0,1,21.88175919,100.0,1,5.33525595,100.0
2135,中泰证券莒县银杏大道证券营业部,1,-8.3201447,0.0,1,-8.10535835,0.0,1,-8.20709925,0.0,1,-13.11327154,0.0,0,0.0,0.0
2136,国盛证券弋阳志敏大道证券营业部,1,0.03320053,100.0,1,-8.56573705,0.0,1,-13.41301461,0.0,1,-4.44887118,0.0,1,-5.54448871,0.0
2137,国盛证券合肥徽州大道证券营业部,1,3.91236307,100.0,1,1.25195618,100.0,1,-4.53834116,0.0,1,-15.96244131,0.0,1,-22.84820031,0.0
2138,财通证券海宁水月亭西路证券营业部,1,-4.41647597,0.0,1,-6.38443936,0.0,1,1.39588101,100.0,1,1.4416476,100.0,1,-4.11899314,0.0
2139,方正证券广州兴盛路证券营业部,1,-4.99265786,0.0,1,-6.020558,0.0,1,-10.57268722,0.0,1,-23.64170338,0.0,0,0.0,0.0
2140,长城证券南京童卫路证券营业部,1,-4.31372549,0.0,1,0.39215686,100.0,1,5.49019608,100.0,1,4.31372549,100.0,1,2.74509804,100.0
2141,长城证券武汉云林街证券营业部,1,-2.43902439,0.0,1,-2.43902439,0.0,1,2.43902439,100.0,0,0.0,0.0,0,0.0,0.0
2142,西部证券柳州海关路证券营业部,1,-4.60674157,0.0,1,-1.88202247,0.0,1,-16.96629213,0.0,1,-21.93820225,0.0,0,0.0,0.0
2143,财达证券廊坊三河泃阳西大街证券营业部,1,3.02635861,100.0,1,-2.11519688,0.0,1,2.76602668,100.0,1,13.30946957,100.0,1,44.64692483,100.0
2144,中信证券(山东)郑州商鼎路证券营业部,1,2.83286119,100.0,0,0.0,0.0,0,0.0,0.0,0,0.0,0.0,0,0.0,0.0
2145,申万宏源证券济南历山路证券营业部,1,4.45510624,100.0,1,14.87320082,100.0,1,11.30911583,100.0,1,8.97875257,100.0,1,-3.15284441,0.0
2146,申万宏源证券北京丽泽路证券营业部,1,0.0,0.0,1,0.0,0.0,1,0.0,0.0,1,-5.55555556,0.0,0,0.0,0.0
2147,湘财证券岳阳五里牌证券营业部,1,-4.9897471,0.0,1,-5.12645249,0.0,1,-9.84278879,0.0,1,-18.66028708,0.0,1,-15.03759398,0.0
2148,申万宏源证券宁波分公司,1,-0.23980815,0.0,1,-2.39808153,0.0,1,-1.67865707,0.0,1,4.79616307,100.0,1,1.67865707,100.0
2149,长城证券沈阳惠工街证券营业部,1,0.54054054,100.0,1,-3.64864865,0.0,1,-6.62162162,0.0,1,-11.75675676,0.0,1,-12.02702703,0.0
2150,中信证券(山东)泰安长城路证券营业部,1,-5.0,0.0,1,-7.5,0.0,1,-7.5,0.0,1,-7.5,0.0,1,-12.5,0.0
2151,东莞证券河北分公司,1,0.0,0.0,1,0.0,0.0,1,0.0,0.0,1,-6.25,0.0,1,0.0,0.0
2152,东莞证券珠海人民东路证券营业部,1,1.8,100.0,1,-0.66666667,0.0,1,-3.26666667,0.0,1,-2.46666667,0.0,1,6.0,100.0
2153,民生证券青岛分公司,1,-4.61538462,0.0,1,-9.23076923,0.0,1,-6.15384615,0.0,1,3.07692308,100.0,0,0.0,0.0
2154,民生证券深圳深南大道科技园证券营业部,1,-4.94269341,0.0,1,-0.28653295,0.0,1,-5.08595989,0.0,1,-14.32664756,0.0,1,-2.22063037,0.0
2155,平安证券湖南分公司,1,4.92307692,100.0,1,0.30769231,100.0,1,-4.61538462,0.0,1,5.23076923,100.0,1,34.46153846,100.0
2156,万和证券海南分公司,1,9.98942918,100.0,1,20.98308668,100.0,1,22.72727273,100.0,1,29.96828753,100.0,1,27.27272727,100.0
2157,东方财富证券临沂上海路证券营业部,1,4.93421053,100.0,1,3.28947368,100.0,1,8.55263158,100.0,1,12.5,100.0,1,7.89473684,100.0
2158,国海证券湖南分公司,1,-4.84988453,0.0,1,0.0,0.0,1,-5.08083141,0.0,1,-9.69976905,0.0,1,1.15473441,100.0
2159,兴业证券厦门分公司,1,-5.00641849,0.0,1,-9.75609756,0.0,1,-14.24903723,0.0,1,-18.61360719,0.0,1,-16.04621309,0.0
2160,长江证券库尔勒人民东路证券营业部,1,-9.98354361,0.0,1,-14.6461876,0.0,1,-14.04278662,0.0,1,-15.63357104,0.0,1,-21.97483923,0.0
2161,长江证券台州市府大道证券营业部,1,-2.31167796,0.0,1,3.70665604,100.0,1,7.25388601,100.0,1,15.663611,100.0,1,11.00039857,100.0
2162,国盛证券太原高新街证券营业部,1,1.63398693,100.0,1,1.85185185,100.0,1,0.65359477,100.0,1,-11.00217865,0.0,1,-4.5751634,0.0
2163,国泰海通证券深圳海田路证券营业部,1,-7.97737938,0.0,1,-6.05221995,0.0,1,-15.4494044,0.0,1,-26.71158705,0.0,1,-18.78233666,0.0
2164,华泰证券岳阳平江天岳大道证券营业部,1,-20.25811498,0.0,1,-9.67279364,0.0,1,-16.58193195,0.0,1,-17.4292791,0.0,1,-18.74592622,0.0
2165,中泰证券成都新光华街证券营业部,1,-9.9883856,0.0,1,-0.92915215,0.0,1,4.52961672,100.0,1,-0.81300813,0.0,1,-8.1300813,0.0
2166,中国银河证券漳州水仙大街证券营业部,1,-4.80769231,0.0,1,-9.61538462,0.0,1,-13.94230769,0.0,1,-13.94230769,0.0,1,-16.82692308,0.0
2167,湘财证券武汉友谊大道证券营业部,1,-6.09260764,0.0,1,-10.39805037,0.0,1,-14.21608448,0.0,1,-17.7904143,0.0,1,-21.60844842,0.0
2168,中国中金财富证券佛山季华五路证券营业部,1,1.49181906,100.0,1,-2.0692974,0.0,1,3.22425409,100.0,1,5.67853705,100.0,1,-0.21655438,0.0
2169,广发证券北京鲁谷路证券营业部,1,0.6932409,100.0,1,9.44540728,100.0,1,0.25996534,100.0,1,15.51126516,100.0,1,22.87694974,100.0
2170,财通证券江山中山路证券营业部,1,3.74064838,100.0,1,3.74064838,100.0,1,8.97755611,100.0,1,9.97506234,100.0,1,7.98004988,100.0
2171,国泰海通证券重庆忠县证券营业部,1,9.97624703,100.0,1,-0.59382423,0.0,1,-3.80047506,0.0,1,-10.9263658,0.0,1,-26.12826603,0.0
2172,国元证券绍兴金柯桥大道证券营业部,1,0.36057692,100.0,1,-3.78605769,0.0,1,2.94471154,100.0,1,1.68269231,100.0,1,2.76442308,100.0
2173,国元证券台州市府大道证券营业部,1,-2.02931229,0.0,1,-0.15501691,0.0,1,0.83145434,100.0,1,-2.45208568,0.0,0,0.0,0.0
2174,浙商证券福建分公司,1,4.16666667,100.0,1,9.72222222,100.0,1,10.41666667,100.0,1,10.41666667,100.0,1,31.94444444,100.0
2175,中国中金财富证券青岛香港中路证券营业部,1,-5.35851966,0.0,1,23.03392444,100.0,1,21.24132614,100.0,1,24.9614495,100.0,1,7.28604472,100.0
2176,方正证券长沙东方红中路证券营业部,1,0.0,0.0,1,6.35678392,100.0,1,9.24623116,100.0,1,1.10552764,100.0,1,-13.44221106,0.0
2177,东莞证券东莞南城东莞大道证券营业部,1,-19.95412844,0.0,1,-18.80733945,0.0,1,-19.87767584,0.0,1,-21.48318043,0.0,1,-21.63608563,0.0
2178,广发证券广州花城大道证券营业部,1,-20.00687521,0.0,1,-23.51323479,0.0,1,-38.81058783,0.0,0,0.0,0.0,0,0.0,0.0
2179,华泰证券福州五一北路证券营业部,1,-11.76470588,0.0,1,-11.76470588,0.0,1,-11.76470588,0.0,1,-11.76470588,0.0,1,-23.52941176,0.0
2180,中信证券镇江分公司,1,-8.68955851,0.0,1,-12.82410652,0.0,1,-14.50595655,0.0,1,-15.48703574,0.0,1,-12.8941836,0.0
2181,东方证券上海普陀区云岭东路证券营业部,1,3.62923001,100.0,1,3.40853359,100.0,1,-5.67271538,0.0,1,-5.45201896,0.0,1,-2.3459212,0.0
2182,广发证券深圳壹方中心证券营业部,1,3.51657235,100.0,1,0.92966855,100.0,1,-1.69765562,0.0,1,-5.05254648,0.0,1,-0.68714632,0.0
2183,金元证券广州花城大道证券营业部,1,3.90000037,100.0,1,4.76666704,100.0,1,9.33333372,100.0,1,1.96666703,100.0,1,20.33333376,100.0
2184,申万宏源证券佛山分公司,1,-10.0,0.0,1,-17.56818182,0.0,1,-19.97727273,0.0,1,-11.72727273,0.0,0,0.0,0.0
2185,西南证券重庆第一分公司,1,10.0,100.0,1,21.0,100.0,1,33.10909091,100.0,1,60.0,100.0,1,41.8,100.0
2186,东北证券青岛分公司,1,9.99216301,100.0,1,13.1661442,100.0,1,11.55956113,100.0,1,19.39655172,100.0,1,15.79153605,100.0
2187,中国银河证券重庆江南大道证券营业部,1,-10.03236246,0.0,1,-7.87486516,0.0,1,-9.49298813,0.0,1,-7.87486516,0.0,1,-13.48435814,0.0
2188,平安证券佛山季华六路证券营业部,1,19.53125,100.0,1,3.125,100.0,1,-7.8125,0.0,1,-4.6875,0.0,1,-19.53125,0.0
2189,中泰证券临清温泉路证券营业部,1,-7.15008432,0.0,1,-6.47554806,0.0,1,-9.00505902,0.0,1,-13.38954469,0.0,0,0.0,0.0
2190,世纪证券南昌八一大道证券营业部,1,-1.01010101,0.0,1,3.03030303,100.0,1,6.06060606,100.0,1,28.38383838,100.0,1,-3.83838384,0.0
2191,中国中金财富证券嘉兴花园路证券营业部,1,1.82926829,100.0,1,-14.42508711,0.0,1,-11.8466899,0.0,1,-20.57491289,0.0,1,-29.18118467,0.0
2192,南京证券盐城建湖县人民路证券营业部,1,-4.87804878,0.0,1,-9.75609756,0.0,1,-9.75609756,0.0,1,-12.19512195,0.0,1,-9.75609756,0.0
2193,东海证券常州延政中路证券营业部,1,-8.57503153,0.0,1,-6.49432535,0.0,1,-7.56620429,0.0,1,-14.81715006,0.0,1,-13.61916772,0.0
2194,第一创业证券深圳海天分公司,1,-5.19320699,0.0,1,-6.96529658,0.0,1,-14.59512675,0.0,1,-19.91139552,0.0,1,-14.89047502,0.0
2195,天风证券大连普兰店孛兰路证券营业部,1,-4.96453901,0.0,1,-9.92907801,0.0,1,-5.67375887,0.0,1,4.25531915,100.0,1,-2.83687943,0.0
2196,东吴证券南京湖南路证券营业部,1,2.94117647,100.0,1,2.94117647,100.0,1,8.82352941,100.0,0,0.0,0.0,0,0.0,0.0
2197,中信建投证券新疆分公司,1,-2.43902439,0.0,1,3.68448365,100.0,1,5.24130773,100.0,1,5.55267255,100.0,1,1.60871821,100.0
2198,国泰海通证券赣州章江南大道证券营业部,1,-5.18134715,0.0,1,-9.84455959,0.0,1,-14.50777202,0.0,1,-22.79792746,0.0,1,-30.56994819,0.0
2199,华泰证券马鞍山湖东中路证券营业部,1,-1.60583942,0.0,1,-5.03649635,0.0,1,-4.45255474,0.0,1,-1.45985401,0.0,1,2.33576642,100.0
2200,华泰证券海口国兴大道证券营业部,1,1.67682927,100.0,1,-6.40243902,0.0,1,-7.77439024,0.0,1,-1.52439024,0.0,1,-7.77439024,0.0
2201,中国中金财富证券大连港兴路证券营业部,1,1.37825421,100.0,1,-4.74732006,0.0,1,-7.96324655,0.0,1,-4.5941807,0.0,1,-18.98928025,0.0
2202,华泰证券湖北分公司,1,3.63128492,100.0,1,8.93854749,100.0,1,15.92178771,100.0,1,32.12290503,100.0,1,29.88826816,100.0
2203,华泰证券广东分公司,1,10.02331002,100.0,1,8.57808858,100.0,1,13.28671329,100.0,1,6.01398601,100.0,1,-6.06060606,0.0
2204,华泰证券深圳分公司,1,0.48076923,100.0,1,4.56730769,100.0,1,-16.34615385,0.0,1,-46.63461538,0.0,1,-63.94230769,0.0
2205,兴业证券北京分公司,1,3.77297646,100.0,1,2.45082232,100.0,1,0.48371493,100.0,1,-12.05416679,0.0,1,-19.48575196,0.0
2206,中信建投证券河北分公司,1,-1.58924205,0.0,1,3.3007335,100.0,1,5.37897311,100.0,1,6.35696822,100.0,1,19.68215159,100.0
2207,第一创业证券合肥分公司,1,3.25443787,100.0,1,-2.95857988,0.0,1,-6.80473373,0.0,1,-14.49704142,0.0,1,-8.87573964,0.0
2208,中国银河证券桐庐迎春南路证券营业部,1,-16.06217617,0.0,1,-32.9015544,0.0,1,-46.37305699,0.0,0,0.0,0.0,0,0.0,0.0
2209,浙商证券临安城中街证券营业部,1,9.98613037,100.0,1,14.28571429,100.0,1,25.65880721,100.0,1,22.46879334,100.0,1,23.71705964,100.0
2210,招商证券咸阳世纪大道证券营业部,1,-10.00383779,0.0,1,-10.8225662,0.0,1,-14.03351669,0.0,1,-9.2362799,0.0,1,-13.12523986,0.0
2211,国泰海通证券抚州金巢大道证券营业部,1,2.73037543,100.0,1,4.09556314,100.0,1,6.48464164,100.0,1,7.84982935,100.0,0,0.0,0.0
2212,华林证券江门恩平证券营业部,1,-4.99040307,0.0,1,-9.78886756,0.0,1,-14.20345489,0.0,1,-10.94049904,0.0,1,6.71785029,100.0
2213,方正证券北京新华北路证券营业部,1,3.2688459,100.0,1,0.46697799,100.0,0,0.0,0.0,0,0.0,0.0,0,0.0,0.0
2214,中信证券华南海南分公司,1,-19.81981982,0.0,1,-35.58558559,0.0,1,-31.98198198,0.0,1,-32.43243243,0.0,1,-51.8018018,0.0
2215,中信建投证券长沙车站北路证券营业部,1,-0.90973703,0.0,1,-4.47761194,0.0,1,-7.60483298,0.0,1,-2.84292822,0.0,1,-2.26012793,0.0
2216,浙商证券淳安新安东路证券营业部,1,-2.00884956,0.0,1,7.96460177,100.0,1,-5.3539823,0.0,1,-7.59292035,0.0,1,3.18584071,100.0
2217,中信建投证券北京五路居证券营业部,1,-2.47524752,0.0,1,-11.05610561,0.0,1,-18.48184818,0.0,1,-21.28712871,0.0,1,-20.2970297,0.0
2218,中信证券华南江门启超大道证券营业部,1,-3.45238095,0.0,1,-5.15873016,0.0,1,-7.42063492,0.0,1,-7.3015873,0.0,1,-3.25396825,0.0
2219,中泰证券滨州惠民西门大街证券营业部,1,-7.14285714,0.0,1,0.0,0.0,1,-14.28571429,0.0,0,0.0,0.0,0,0.0,0.0
2220,国投证券招远温泉路证券营业部,1,-8.18848976,0.0,1,-15.07660615,0.0,1,-16.57010429,0.0,1,-30.48796189,0.0,1,-34.98133127,0.0
2221,中信证券盐城解放南路证券营业部,1,1.65847666,100.0,1,6.14250614,100.0,1,4.23832924,100.0,1,11.05651106,100.0,1,7.92383292,100.0
2222,中信建投证券南通青年中路证券营业部,1,4.30451128,100.0,1,7.51879699,100.0,1,-1.31578947,0.0,1,3.79699248,100.0,1,8.92857143,100.0
2223,中信建投证券北京回龙观西大街证券营业部,1,9.95670996,100.0,1,20.77922078,100.0,1,26.40692641,100.0,1,45.02164502,100.0,1,42.42424242,100.0
2224,长城证券上海浦东新区金吉路证券营业部,1,-4.9689441,0.0,1,-9.62732919,0.0,1,-14.28571429,0.0,1,-91.30434783,0.0,1,-88.50931677,0.0
2225,长城证券厦门展鸿路证券营业部,1,9.09090909,100.0,1,0.0,0.0,1,-9.09090909,0.0,1,-18.18181818,0.0,1,-18.18181818,0.0
2226,国投证券河源龙川证券营业部,1,10.35211268,100.0,1,7.32394366,100.0,1,2.11267606,100.0,1,-14.92957746,0.0,1,-20.42253521,0.0
2227,东北证券松原分公司,1,7.26065539,100.0,1,4.94752624,100.0,1,11.37288499,100.0,1,12.6793746,100.0,1,12.93638895,100.0
2228,长江证券随州迎宾大道证券营业部,1,-14.42477876,0.0,1,-9.73451327,0.0,1,-10.97345133,0.0,1,2.12389381,100.0,1,1.7699115,100.0
2229,方正证券长沙金星北路证券营业部,1,-5.00270416,0.0,1,-9.76203353,0.0,1,-5.24607896,0.0,1,-2.65008112,0.0,0,0.0,0.0
2230,方正证券宁波潘火路证券营业部,1,-5.10396975,0.0,1,-9.82986767,0.0,1,-15.31190926,0.0,1,-15.50094518,0.0,1,-19.84877127,0.0
2231,国信证券蓬莱南关路证券营业部,1,-5.01113586,0.0,1,-9.74387528,0.0,1,-6.18040089,0.0,1,-6.40311804,0.0,1,-19.76614699,0.0
2232,粤开证券湛江绿华路证券营业部,1,-5.62796209,0.0,1,-5.21327014,0.0,1,-10.36729858,0.0,1,-14.15876777,0.0,1,-18.36492891,0.0
2233,民生证券武汉武大园路证券营业部,1,4.59070796,100.0,1,0.63606195,100.0,1,0.85730088,100.0,1,-0.55309735,0.0,1,-7.96460177,0.0
2234,财通证券青田新大街证券营业部,1,-8.29281469,0.0,1,-9.83252296,0.0,1,-10.64289573,0.0,1,-17.34197731,0.0,1,-40.32955159,0.0
2235,长江证券十堰人民北路证券营业部,1,-1.52928012,0.0,1,-9.54867587,0.0,1,-0.4848937,0.0,1,-2.64826557,0.0,1,2.08877285,100.0
2236,第一创业证券北京和平里证券营业部,1,10.0,100.0,1,4.04907975,100.0,1,1.59509202,100.0,0,0.0,0.0,0,0.0,0.0
2237,第一创业证券武汉分公司,1,-9.64673913,0.0,1,-4.52898551,0.0,1,-7.20108696,0.0,1,-8.69565217,0.0,1,4.30253623,100.0
2238,东莞证券浙江分公司,1,10.09615385,100.0,1,3.36538462,100.0,1,4.56730769,100.0,1,-2.88461538,0.0,1,10.09615385,100.0
2239,方正证券玉环泰安路证券营业部,1,-2.59365994,0.0,1,-6.62824207,0.0,1,-3.0259366,0.0,1,-12.1037464,0.0,0,0.0,0.0
2240,国元证券嘉兴竹园路证券营业部,1,-4.95238095,0.0,1,-8.0,0.0,1,-12.0,0.0,1,-13.71428571,0.0,1,-7.80952381,0.0
2241,国泰海通证券徐州中山北路证券营业部,1,-4.88721805,0.0,1,-9.77443609,0.0,1,-14.28571429,0.0,1,-92.85714286,0.0,1,-93.98496241,0.0
2242,天府证券峨眉山金顶北路证券营业部,1,0.0,0.0,1,0.0,0.0,1,0.0,0.0,1,2.7027027,100.0,1,8.10810811,100.0
2243,招商证券宜昌献福路证券营业部,1,6.00071865,100.0,1,15.25332375,100.0,1,19.94250808,100.0,1,25.79949695,100.0,1,40.62163133,100.0
2244,中国银河证券杭州迎宾路证券营业部,1,-10.01451379,0.0,1,-16.40058055,0.0,1,-16.11030479,0.0,1,-20.89985486,0.0,1,-21.48040639,0.0
2245,中国银河证券柳州友谊路证券营业部,1,-2.7027027,0.0,1,7.02702703,100.0,1,-0.67567568,0.0,1,0.47297297,100.0,0,0.0,0.0
2246,中信建投证券宝鸡经二路证券营业部,1,5.69468268,100.0,0,0.0,0.0,0,0.0,0.0,0,0.0,0.0,0,0.0,0.0
2247,中信证券泉州丰泽街证券营业部,1,-9.53962981,0.0,1,-17.46559089,0.0,1,-15.68580921,0.0,0,0.0,0.0,0,0.0,0.0
2248,中银国际证券唐山新华道证券营业部,1,-3.58422939,0.0,1,-1.43369176,0.0,1,-1.7921147,0.0,1,-6.27240143,0.0,0,0.0,0.0
2249,中原证券新密西大街证券营业部,1,2.94117647,100.0,1,2.94117647,100.0,1,8.82352941,100.0,0,0.0,0.0,0,0.0,0.0
2250,国泰海通证券绥化中兴大街证券营业部,1,-9.98098859,0.0,1,-16.25475285,0.0,1,-7.88973384,0.0,1,-5.51330798,0.0,1,-25.76045627,0.0
2251,国泰海通证券柳州德润路证券营业部,1,-6.66666667,0.0,1,-11.11111111,0.0,1,-4.44444444,0.0,1,-13.33333333,0.0,1,-20.0,0.0
2252,广发证券阳江体育路证券营业部,1,-10.0,0.0,1,-12.59259259,0.0,1,-20.0,0.0,1,-24.81481481,0.0,1,-33.7037037,0.0
2253,国联民生证券深圳壹方中心证券营业部,1,0.44609665,100.0,1,1.85873606,100.0,1,1.41263941,100.0,1,2.67657993,100.0,1,-8.69888476,0.0
2254,方正证券苏州金山东路证券营业部,1,0.0,0.0,1,-8.33333333,0.0,1,-16.66666667,0.0,0,0.0,0.0,0,0.0,0.0
2255,国投证券广州琶洲大道证券营业部,1,4.34782609,100.0,1,7.24637681,100.0,1,10.14492754,100.0,1,18.84057971,100.0,1,13.04347826,100.0
2256,国泰海通证券温州黎明西路证券营业部,1,-2.28537943,0.0,1,-6.00644594,0.0,1,-8.98036918,0.0,1,-17.96073835,0.0,0,0.0,0.0
2257,广发证券莆田东园西路证券营业部,1,-8.98876404,0.0,1,-13.37078652,0.0,1,-15.73033708,0.0,1,-18.31460674,0.0,1,-21.92689397,0.0
2258,开源证券西安高新分公司,1,-4.73372781,0.0,1,-9.46745562,0.0,1,-14.20118343,0.0,1,-22.4852071,0.0,1,-15.97633136,0.0
2259,广发证券昆山前进西路证券营业部,1,-5.79710145,0.0,1,-9.37198068,0.0,1,-10.62801932,0.0,1,-11.98067633,0.0,0,0.0,0.0
2260,招商证券重庆财富大道证券营业部,1,-4.25724638,0.0,1,-6.06884058,0.0,1,-9.7826087,0.0,1,-16.66666667,0.0,1,-14.58333333,0.0
2261,方正证券临海靖江中路证券营业部,1,2.87356322,100.0,1,-2.29885057,0.0,1,-2.87356322,0.0,1,-2.87356322,0.0,1,-16.09195402,0.0
2262,方正证券株洲新华西路证券营业部,1,-2.3255814,0.0,1,-4.65116279,0.0,1,-3.48837209,0.0,1,-2.03488372,0.0,1,-9.88372093,0.0
2263,财通证券义乌江滨西路证券营业部,1,13.91498881,100.0,1,3.79418345,100.0,1,-6.23713647,0.0,1,-4.60850112,0.0,1,-12.1163311,0.0
2264,东方证券沈阳长白三街证券营业部,1,-0.52356021,0.0,1,-10.47120419,0.0,1,-19.37172775,0.0,1,-14.13612565,0.0,1,-10.47120419,0.0
2265,光大证券常州金水岸证券营业部,1,1.05228543,100.0,1,0.72344623,100.0,1,-7.92502466,0.0,1,-13.02203223,0.0,1,7.39888195,100.0
2266,申万宏源证券成都北一环路证券营业部,1,-8.69565217,0.0,1,-82.35294118,0.0,0,0.0,0.0,0,0.0,0.0,0,0.0,0.0
2267,申万宏源证券益阳梓山西路证券营业部,1,0.89928058,100.0,1,2.51798561,100.0,0,0.0,0.0,0,0.0,0.0,0,0.0,0.0
2268,金融街证券通化东昌路证券营业部,1,-8.5106383,0.0,1,-14.89361702,0.0,1,-12.76595745,0.0,1,-12.76595745,0.0,0,0.0,0.0
2269,光大证券余姚南雷南路证券营业部,1,-15.47867581,0.0,1,-12.46644796,0.0,1,-5.81568744,0.0,1,-1.7148822,0.0,1,31.21085595,100.0
2270,国投证券潮州潮安浮洋高铁新城证券营业部,1,5.71428571,100.0,0,0.0,0.0,0,0.0,0.0,0,0.0,0.0,0,0.0,0.0
2271,国投证券嘉兴嘉善施家南路证券营业部,1,-2.20858896,0.0,1,-2.82208589,0.0,1,6.87116564,100.0,1,0.98159509,100.0,1,-6.99386503,0.0
2272,光大证券贵阳长岭北路证券营业部,1,1.27145582,100.0,1,-1.08073744,0.0,1,-4.25937699,0.0,1,-2.60648442,0.0,1,4.51366815,100.0
2273,广发证券荣成石岛证券营业部,1,2.94117647,100.0,1,-7.35294118,0.0,1,-10.38602941,0.0,1,-25.0,0.0,1,-22.97794118,0.0
2274,国金证券天津友谊北路证券营业部,1,-4.98084291,0.0,1,-0.38314176,0.0,1,4.59770115,100.0,1,-0.38314176,0.0,1,-9.96168582,0.0
2275,中泰证券枣庄武夷山路证券营业部,1,-5.14705882,0.0,1,-0.73529412,0.0,1,-5.88235294,0.0,1,-11.76470588,0.0,1,-11.02941176,0.0
2276,首创证券合肥潜山路证券营业部,1,-10.0,0.0,1,-12.94642857,0.0,1,-21.60714286,0.0,1,-30.08928571,0.0,1,-24.91071429,0.0
2277,中原证券济源济源大道证券营业部,1,-3.97553517,0.0,1,-6.11620795,0.0,1,-1.52905199,0.0,1,-7.33944954,0.0,1,3.66972477,100.0
2278,中信证券南昌红谷中大道证券营业部,1,-6.48224608,0.0,1,-9.99174236,0.0,1,-2.02312139,0.0,1,-7.10156895,0.0,0,0.0,0.0
2279,东方证券上海黄浦区中华路证券营业部,1,-4.89354941,0.0,1,-5.97394344,0.0,1,-11.02637432,0.0,1,-16.71433111,0.0,1,-9.18334922,0.0
2280,东吴证券江阴长江路证券营业部,1,-44.56762749,0.0,1,-50.11086475,0.0,1,-54.98891353,0.0,1,-57.64966741,0.0,1,-63.63636364,0.0
2281,中信建投证券福州长乐朝阳中路证券营业部,1,-7.97101449,0.0,1,-14.86956522,0.0,1,-20.08695652,0.0,1,-24.69565217,0.0,0,0.0,0.0
2282,平安证券山东分公司,1,-4.73751601,0.0,1,-7.68245839,0.0,1,-7.81049936,0.0,1,-4.92957746,0.0,1,-5.82586428,0.0
2283,万联证券东莞分公司,1,6.63549721,100.0,1,4.94515375,100.0,1,9.13504765,100.0,1,6.52760295,100.0,1,-4.08199964,0.0
2284,国投证券绵阳涪城路证券营业部,1,-13.55844156,0.0,1,-16.62337662,0.0,1,-15.20779221,0.0,1,-16.68831169,0.0,1,-13.36363636,0.0
2285,中信建投证券广州中山三路证券营业部,1,-12.10191083,0.0,1,-19.10828025,0.0,1,-25.17197452,0.0,1,-31.92356688,0.0,0,0.0,0.0
2286,广发证券盘锦泰山路证券营业部,1,-6.6893424,0.0,1,-5.2154195,0.0,1,-6.80272109,0.0,1,-4.42176871,0.0,1,-0.11337868,0.0
2287,华安证券合肥滨湖云谷路证券营业部,1,-3.57995227,0.0,1,-8.35322196,0.0,1,-12.88782816,0.0,1,-21.24105012,0.0,1,-95.70405728,0.0
2288,光大证券宁波钱湖北路证券营业部,1,-1.45433392,0.0,1,0.0,0.0,1,0.87260035,100.0,1,6.92262944,100.0,1,-2.26876091,0.0
2289,中信证券江阴虹桥南路证券营业部,1,1.57894737,100.0,0,0.0,0.0,0,0.0,0.0,0,0.0,0.0,0,0.0,0.0
2290,国投证券成都交子大道证券营业部,1,7.8490566,100.0,1,2.89308176,100.0,1,0.52830189,100.0,1,-6.46540881,0.0,1,-10.65408805,0.0
2291,五矿证券上海汉口路证券营业部,1,0.13995801,100.0,1,-0.41987404,0.0,1,-0.41987404,0.0,1,-3.56892932,0.0,1,-5.17844647,0.0
2292,信达证券长沙茶子山东路证券营业部,1,-0.13793103,0.0,1,0.09195402,100.0,1,1.51724138,100.0,1,3.17241379,100.0,1,11.81609195,100.0
2293,川财证券射洪沱牌大道证券营业部,1,4.83091787,100.0,1,10.14492754,100.0,1,8.21256039,100.0,1,8.21256039,100.0,0,0.0,0.0
2294,兴业证券宜昌分公司,1,-2.27718885,0.0,1,-2.82685512,0.0,1,-2.94464075,0.0,1,-6.3996859,0.0,1,-20.71063997,0.0
2295,兴业证券云南分公司,1,-8.57503153,0.0,1,-6.49432535,0.0,1,-7.56620429,0.0,1,-14.81715006,0.0,1,-13.61916772,0.0
2296,民生证券河南分公司,1,-1.31355932,0.0,1,3.05084746,100.0,1,2.79661017,100.0,1,-0.6779661,0.0,1,3.47457627,100.0
2297,方正证券舟山环城西路证券营业部,1,2.23880597,100.0,1,-3.34328358,0.0,1,-5.97761194,0.0,1,-13.79104478,0.0,0,0.0,0.0
2298,五矿证券青岛香港东路证券营业部,1,3.70109978,100.0,1,0.24355948,100.0,1,-1.32074524,0.0,1,-9.99849345,0.0,1,-11.06061367,0.0
2299,万联证券青岛深圳路证券营业部,1,10.60606061,100.0,1,15.15151515,100.0,1,15.15151515,100.0,0,0.0,0.0,0,0.0,0.0
2300,国信证券内蒙古分公司,1,-10.40462428,0.0,1,-14.6985962,0.0,1,-21.0569777,0.0,1,-25.43352601,0.0,1,-34.22791082,0.0
2301,华安证券北京西直门证券营业部,1,0.18214936,100.0,1,2.73224044,100.0,1,-1.09289617,0.0,1,-3.46083789,0.0,1,-6.01092896,0.0
2302,申万宏源证券广州汉溪大道东证券营业部,1,5.04807692,100.0,1,10.33653846,100.0,1,15.86538462,100.0,1,27.64423077,100.0,1,12.74038462,100.0
2303,中泰证券青岛西海岸路证券营业部,1,-5.14705882,0.0,1,-9.92647059,0.0,1,-14.33823529,0.0,1,-21.69117647,0.0,1,-31.61764706,0.0
2304,广发证券武汉和平大道证券营业部,1,1.01010101,100.0,1,5.55555556,100.0,1,-2.18855219,0.0,1,6.73400673,100.0,1,-3.36700337,0.0
2305,国泰海通证券上海浦东分公司,1,-10.28045811,0.0,1,-14.04094147,0.0,1,-15.80845883,0.0,1,-9.58607629,0.0,0,0.0,0.0
2306,广发证券宜兴东虹东路证券营业部,1,-1.58924205,0.0,1,3.3007335,100.0,1,5.37897311,100.0,1,6.35696822,100.0,1,19.68215159,100.0
2307,金融街证券深圳分公司,1,-2.85714286,0.0,1,-5.71428571,0.0,1,2.85714286,100.0,1,-14.28571429,0.0,1,-22.85714286,0.0
2308,方正证券郴州国庆南路证券营业部,1,-4.97354497,0.0,1,-9.73544974,0.0,1,-14.23280423,0.0,1,-22.59259259,0.0,1,-37.03703704,0.0
2309,国投证券汕尾陆丰东海大道证券营业部,1,-7.6142132,0.0,1,-11.04060914,0.0,1,-11.04060914,0.0,1,-6.97969543,0.0,1,-10.02538071,0.0
2310,开源证券重庆分公司,1,-2.87769784,0.0,1,-3.77697842,0.0,1,-8.63309353,0.0,1,5.39568345,100.0,1,5.39568345,100.0
2311,国元证券陕西分公司,1,-15.96236099,0.0,1,-13.43028229,0.0,1,-19.45252352,0.0,1,-18.73396065,0.0,0,0.0,0.0
2312,华西证券成都天府二街证券营业部,1,-2.37659963,0.0,1,-5.11882998,0.0,1,-3.01645338,0.0,0,0.0,0.0,0,0.0,0.0
2313,中国银河证券汕头嵩山路证券营业部,1,5.03144654,100.0,1,13.20754717,100.0,1,5.66037736,100.0,1,11.94968553,100.0,0,0.0,0.0
2314,中原证券商丘分公司,1,-7.32356858,0.0,1,-16.91078562,0.0,1,-13.64846871,0.0,1,-17.97603196,0.0,1,-19.64047936,0.0
2315,中国中金财富证券佛山分公司,1,0.0,0.0,1,0.0,0.0,1,0.0,0.0,1,6.66666667,100.0,0,0.0,0.0
2316,天风证券成都市一环路东五段证券营业部,1,0.0,0.0,1,-6.77966102,0.0,1,-5.08474576,0.0,0,0.0,0.0,0,0.0,0.0
2317,方正证券青岛山东路证券营业部,1,11.11111111,100.0,0,0.0,0.0,0,0.0,0.0,0,0.0,0.0,0,0.0,0.0
2318,光大证券深圳龙岗区龙福路证券营业部,1,-4.84988453,0.0,1,0.0,0.0,1,-5.08083141,0.0,1,-9.69976905,0.0,1,1.15473441,100.0
2319,华安证券昆明五一路证券营业部,1,-5.15021459,0.0,1,-8.58369099,0.0,1,-13.30472103,0.0,1,-21.88841202,0.0,1,-29.61373391,0.0
2320,华鑫证券重庆江北嘴证券营业部,1,5.09383378,100.0,1,10.45576408,100.0,1,16.08579088,100.0,1,14.74530831,100.0,1,16.62198391,100.0
2321,中信建投证券广州体育东路证券营业部,1,1.88203663,100.0,1,0.48731306,100.0,1,3.05830953,100.0,1,1.1258612,100.0,1,-5.6461099,0.0
2322,财通证券杭州江东大道证券营业部,1,-4.98474059,0.0,1,-9.73211258,0.0,1,-14.24211597,0.0,1,-22.58392675,0.0,1,-23.36385215,0.0
2323,方正证券成都高升桥路证券营业部,1,-8.58369099,0.0,1,0.57224607,100.0,1,1.00143062,100.0,0,0.0,0.0,0,0.0,0.0
2324,广发证券台州东海大道证券营业部,1,-1.59807055,0.0,1,-2.21769054,0.0,1,3.42163572,100.0,1,-5.75697563,0.0,1,-16.86111492,0.0
2325,广发证券新余中山路证券营业部,1,-4.75984422,0.0,1,-4.52185201,0.0,1,-6.20943315,0.0,1,-9.13024665,0.0,1,-18.02250108,0.0
2326,国信证券杭州分公司,1,-2.33050847,0.0,1,-5.93220339,0.0,1,-9.63983051,0.0,1,-13.34745763,0.0,1,-18.43220339,0.0
2327,南京证券九江长虹大道证券营业部,1,-0.71174377,0.0,1,-0.35587189,0.0,1,0.44483986,100.0,1,2.71352313,100.0,1,-1.37900356,0.0
2328,南京证券长沙湘府西路证券营业部,1,-3.80165289,0.0,1,-4.29752066,0.0,1,-5.2892562,0.0,1,-8.26446281,0.0,1,-12.23140496,0.0
2329,天风证券京山人民大道证券营业部,1,-5.15873016,0.0,1,-5.95238095,0.0,1,-1.19047619,0.0,1,2.38095238,100.0,1,-5.55555556,0.0
2330,浙商证券保定复兴中路证券营业部,1,7.04225352,100.0,1,11.6498994,100.0,1,15.09054326,100.0,1,19.3360161,100.0,1,10.56338028,100.0
2331,中信建投证券北京远大路证券营业部,1,-19.81981982,0.0,1,-35.58558559,0.0,1,-31.98198198,0.0,1,-32.43243243,0.0,1,-51.8018018,0.0
2332,中信建投证券杭州萧山市心中路证券营业部,1,9.9796334,100.0,1,20.97759674,100.0,1,33.09572301,100.0,1,42.36252546,100.0,1,11.91446029,100.0
2333,中信建投证券西安科技路证券营业部,1,-0.7106599,0.0,1,2.79187817,100.0,1,-1.52284264,0.0,1,-6.39593909,0.0,1,0.22335025,100.0
2334,中信建投证券榆林肤施路证券营业部,1,0.18959913,100.0,1,2.00433369,100.0,1,5.28169014,100.0,1,9.12784399,100.0,1,-0.62296858,0.0
2335,中信建投证券长沙星沙证券营业部,1,3.72864652,100.0,1,3.28515112,100.0,1,-2.5131406,0.0,1,5.12483574,100.0,1,-2.10249671,0.0
2336,东方财富证券福建分公司,1,-6.23598026,0.0,1,-6.95379094,0.0,1,-10.00448632,0.0,1,-9.0623598,0.0,1,-15.92642441,0.0
2337,中国银河证券深圳龙华证券营业部,1,4.95780591,100.0,1,6.54008439,100.0,1,3.58649789,100.0,1,9.38818565,100.0,1,-6.43459916,0.0
2338,中信证券(山东)东营北一路证券营业部,1,1.69781931,100.0,1,-2.3364486,0.0,1,-0.07788162,0.0,1,-11.21495327,0.0,1,4.36137072,100.0
2339,华泰证券淮安淮海东路证券营业部,1,-9.72045743,0.0,1,-18.74205845,0.0,1,-16.32782719,0.0,1,-22.87166455,0.0,1,-28.9707751,0.0
2340,广发证券沧州解放路证券营业部,1,-5.0,0.0,1,-9.70588235,0.0,1,-14.11764706,0.0,1,-5.29411765,0.0,1,21.17647059,100.0
2341,华泰证券嘉兴纺工路证券营业部,1,1.8404908,100.0,1,2.45398773,100.0,1,12.67893661,100.0,1,24.74437628,100.0,1,20.65439673,100.0
2342,广发证券泉州温陵路证券营业部,1,-4.87804878,0.0,1,-9.75609756,0.0,1,-14.28571429,0.0,1,-22.64808362,0.0,1,-40.06968641,0.0
2343,国泰海通证券舟山海山路证券营业部,1,-2.48756219,0.0,1,-4.47761194,0.0,1,-6.96517413,0.0,1,-13.10116086,0.0,1,-16.41791045,0.0
2344,长江证券邯郸东柳北大街证券营业部,1,9.99356292,100.0,1,18.45831992,100.0,1,24.09076279,100.0,1,12.53620856,100.0,1,5.06919858,100.0
2345,长江证券上海东门路证券营业部,1,-2.85019117,0.0,1,-0.13903372,0.0,1,-3.85818561,0.0,1,-2.98922489,0.0,1,-13.1039277,0.0
2346,长江证券石家庄红旗大街证券营业部,1,6.34547591,100.0,1,-0.11750881,0.0,0,0.0,0.0,0,0.0,0.0,0,0.0,0.0
2347,中银国际证券山西分公司,1,-4.34782609,0.0,1,-10.14492754,0.0,1,-13.4057971,0.0,1,-14.85507246,0.0,1,-19.20289855,0.0
2348,中银国际证券济南泺源大街证券营业部,1,-10.09771987,0.0,1,-14.00651466,0.0,1,-19.21824104,0.0,1,-23.77850163,0.0,1,-30.94462541,0.0
2349,第一创业证券廊坊建设北路证券营业部,1,0.30090271,100.0,1,1.80541625,100.0,1,3.00902708,100.0,1,0.50150451,100.0,1,-6.11835507,0.0
2350,中信证券重庆分公司,1,0.71996969,100.0,1,8.71542251,100.0,1,-1.17468738,0.0,1,-7.54073513,0.0,1,-15.99090565,0.0
2351,东方证券呼和浩特乌兰察布东街证券营业部,1,-2.98818624,0.0,1,-3.89159138,0.0,1,-14.40815381,0.0,1,-23.65068334,0.0,0,0.0,0.0
2352,中信证券德阳庐山南路证券营业部,1,6.66666667,100.0,1,6.66666667,100.0,0,0.0,0.0,0,0.0,0.0,0,0.0,0.0
2353,中信证券鞍山胜利路证券营业部,1,0.59171598,100.0,1,5.24091293,100.0,1,4.48013525,100.0,1,-2.53592561,0.0,0,0.0,0.0
2354,国泰海通证券宁波大闸南路证券营业部,1,-2.24985198,0.0,1,-3.01953819,0.0,1,-4.32208407,0.0,1,-3.78922439,0.0,1,-1.12492599,0.0
2355,中信证券上饶广信大道证券营业部,1,-4.95495495,0.0,1,-9.75975976,0.0,1,-14.26426426,0.0,1,-12.46246246,0.0,1,-10.66066066,0.0
2356,中信证券杭州火炬大道证券营业部,1,3.26661106,100.0,1,9.99443981,100.0,1,18.08451487,100.0,1,57.07534056,100.0,1,45.14873506,100.0
2357,中信证券杭州古墩路证券营业部,1,-0.76157001,0.0,1,0.35149385,100.0,1,-8.20152314,0.0,1,2.95840656,100.0,1,-0.76157001,0.0
2358,中信证券慈溪新城大道证券营业部,1,3.87491502,100.0,1,-4.55472468,0.0,1,-10.46906866,0.0,1,-15.56764106,0.0,1,-17.13120326,0.0
2359,中国银河证券营口金牛山大街证券营业部,1,-8.33333333,0.0,1,-16.66666667,0.0,1,-25.0,0.0,1,-27.77777778,0.0,1,-33.33333333,0.0
2360,中国银河证券许昌文峰路证券营业部,1,0.08171604,100.0,1,-8.53932584,0.0,1,-15.62819203,0.0,1,-15.21961185,0.0,1,-17.22165475,0.0
2361,中国银河证券深圳华侨城证券营业部,1,8.8592233,100.0,1,5.83009709,100.0,1,-6.69902913,0.0,1,-10.59223301,0.0,1,-7.2815534,0.0
2362,中国银河证券上海青浦区徐民路证券营业部,1,3.45247766,100.0,1,-0.528026,0.0,1,4.95532088,100.0,1,-0.528026,0.0,0,0.0,0.0
2363,中国银河证券广州海明路证券营业部,1,-5.55081127,0.0,1,-15.08682038,0.0,1,-20.60916596,0.0,1,-25.78992314,0.0,1,-20.63763165,0.0
2364,中国银河证券广州机场路证券营业部,1,5.01392758,100.0,1,10.30640669,100.0,1,15.87743733,100.0,1,27.8551532,100.0,1,42.33983287,100.0
2365,东方证券陕西分公司,1,-10.03236246,0.0,1,-7.87486516,0.0,1,-9.49298813,0.0,1,-7.87486516,0.0,1,-13.48435814,0.0
2366,中国银河证券广州长堤证券营业部,1,-4.36861833,0.0,1,-6.60462712,0.0,1,-5.64818405,0.0,1,-11.85213907,0.0,1,-20.78324932,0.0
2367,中国银河证券常熟珠江东路证券营业部,1,2.83018868,100.0,1,-1.88679245,0.0,1,-10.37735849,0.0,1,-16.03773585,0.0,1,-2.83018868,0.0
2368,中国中金财富证券北京科学院南路证券营业部,1,-2.50463822,0.0,1,-3.24675325,0.0,1,-4.96289425,0.0,1,-8.16326531,0.0,1,-11.03896104,0.0
2369,浙商证券平阳解放北路证券营业部,1,-8.02292264,0.0,1,-10.6017192,0.0,1,-12.03438395,0.0,1,-9.88538682,0.0,1,-15.61604585,0.0
2370,招商证券临沂北京路证券营业部,1,-0.08833922,0.0,1,-1.41342756,0.0,1,-0.88339223,0.0,1,-1.50176678,0.0,1,-5.12367491,0.0
2371,招商证券海口招商局大厦证券营业部,1,-5.07614213,0.0,1,-9.64467005,0.0,1,-14.21319797,0.0,1,-22.33502538,0.0,1,-33.50253807,0.0
2372,兴业证券广州天河路证券营业部,1,-7.26643599,0.0,1,-3.46020761,0.0,1,-9.68858131,0.0,1,-3.69088812,0.0,1,4.95963091,100.0
2373,国信证券北京海淀苏州街证券营业部,1,-0.87655223,0.0,1,-0.87655223,0.0,1,-3.43316289,0.0,1,-1.31482834,0.0,1,1.89919649,100.0
2374,国信证券北京丰台科技园证券营业部,1,-9.99240122,0.0,1,-12.99392097,0.0,1,-21.69452888,0.0,1,-24.20212766,0.0,1,-22.68237082,0.0
2375,国信证券北京望京证券营业部,1,-6.52962515,0.0,1,-6.9528416,0.0,1,-11.24546554,0.0,1,-4.89721886,0.0,1,1.93470375,100.0
2376,国信证券汕头金砂路证券营业部,1,-4.95495495,0.0,1,-9.75975976,0.0,1,-14.26426426,0.0,1,-12.46246246,0.0,1,-10.66066066,0.0
2377,国信证券台州分公司,1,-2.56410256,0.0,1,-5.12820513,0.0,1,-7.69230769,0.0,1,-7.69230769,0.0,0,0.0,0.0
2378,国信证券铜陵义安大道证券营业部,1,6.35678392,100.0,1,9.24623116,100.0,1,0.75376884,100.0,1,-2.36180905,0.0,1,-10.87939698,0.0
2379,金融街证券潮州熙泰大道证券营业部,1,0.0,0.0,1,0.0,0.0,1,0.0,0.0,1,0.0,0.0,1,-5.55555556,0.0
2380,国新证券北京朝外大街证券营业部,1,-10.0,0.0,1,-18.8,0.0,1,-24.0,0.0,1,-24.0,0.0,1,-28.0,0.0
2381,国新证券岳阳大道证券营业部,1,-5.55555556,0.0,1,-2.77777778,0.0,1,-2.77777778,0.0,0,0.0,0.0,0,0.0,0.0
2382,中泰证券北京学院南路证券营业部,1,0.30090271,100.0,1,1.80541625,100.0,1,3.00902708,100.0,1,0.50150451,100.0,1,-6.11835507,0.0
2383,天风证券合肥潜山路证券营业部,1,-2.5862069,0.0,1,7.47126437,100.0,1,15.18883415,100.0,1,21.1001642,100.0,1,3.85878489,100.0
2384,东方财富证券山东分公司,1,-5.14705882,0.0,1,-0.73529412,0.0,1,-5.88235294,0.0,1,-11.76470588,0.0,1,-11.02941176,0.0
2385,东方财富证券青岛仙霞岭路证券营业部,1,6.3485645,100.0,1,-5.33764658,0.0,1,-6.8338051,0.0,1,-7.84472301,0.0,1,-21.50850231,0.0
2386,中信建投证券张家港人民中路证券营业部,1,5.83241048,100.0,1,4.72499077,100.0,1,7.05057217,100.0,1,25.72905131,100.0,1,29.47938428,100.0
2387,中信建投证券青岛分公司,1,2.23463687,100.0,1,12.45810056,100.0,1,22.06703911,100.0,1,13.18435754,100.0,1,13.12849162,100.0
2388,中泰证券泉州宝洲路证券营业部,1,-10.02098636,0.0,1,-11.28016789,0.0,1,-18.31059811,0.0,1,-20.51416579,0.0,1,-26.76173036,0.0
2389,太平洋证券内蒙古分公司,1,0.0,0.0,1,0.0,0.0,1,0.0,0.0,1,-6.25,0.0,1,0.0,0.0
2390,广发证券广州增城广汇新世界证券营业部,1,-7.44985673,0.0,1,-12.03438395,0.0,1,-16.18911175,0.0,0,0.0,0.0,0,0.0,0.0
2391,广发证券深圳华润前海大厦证券营业部,1,9.16573139,100.0,1,9.09090909,100.0,1,13.05649083,100.0,1,2.4691358,100.0,1,11.78451178,100.0
2392,中信建投证券东营东三路证券营业部,1,-2.63157895,0.0,0,0.0,0.0,0,0.0,0.0,0,0.0,0.0,0,0.0,0.0
2393,中泰证券北京安贞桥证券营业部,1,-5.48387097,0.0,1,-8.51612903,0.0,1,-11.12903226,0.0,1,-6.67741935,0.0,1,0.67741935,100.0
2394,招商证券广州番禺南华路证券营业部,1,-4.97118156,0.0,1,-9.72622478,0.0,1,-14.26512968,0.0,1,-22.62247839,0.0,1,-24.42363112,0.0
2395,中泰证券诸城人民东路证券营业部,1,-5.06756757,0.0,1,-9.7972973,0.0,1,-14.18918919,0.0,1,-22.63513514,0.0,1,-34.45945946,0.0
2396,中泰证券江阴环城北路证券营业部,1,-10.0074129,0.0,0,0.0,0.0,0,0.0,0.0,0,0.0,0.0,0,0.0,0.0
2397,长城证券厦门湖滨南路证券营业部,1,1.99026979,100.0,1,2.60946484,100.0,1,3.62671384,100.0,1,4.46704998,100.0,1,0.92879257,100.0
2398,长城证券杭州钱江路证券营业部,1,4.92250043,100.0,1,-1.22636689,0.0,1,-1.20933401,0.0,1,-0.15329586,0.0,0,0.0,0.0
2399,财通证券嘉兴嘉善罗星街道证券营业部,1,-7.39030023,0.0,1,-6.12009238,0.0,0,0.0,0.0,0,0.0,0.0,0,0.0,0.0
2400,财通证券绍兴上虞博文路证券营业部,1,19.89795918,100.0,1,-4.08163265,0.0,1,-23.46938776,0.0,1,-40.81632653,0.0,1,-78.06122449,0.0
2401,财通证券平湖城南东路证券营业部,1,-6.52122918,0.0,1,-10.15716631,0.0,1,-11.65845649,0.0,1,-12.7375088,0.0,1,-23.05887872,0.0
2402,西南证券无锡青山西路证券营业部,1,-2.17391304,0.0,1,-1.08695652,0.0,1,-1.08695652,0.0,1,3.87228261,100.0,1,-20.44836957,0.0
2403,西南证券贵州分公司,1,7.48502994,100.0,1,4.10179641,100.0,1,3.89221557,100.0,1,-11.85628743,0.0,1,-7.78443114,0.0
2404,西南证券德阳泰山南路证券营业部,1,-8.97959184,0.0,1,-12.71137026,0.0,1,-16.53061224,0.0,0,0.0,0.0,0,0.0,0.0
2405,西南证券龙岩西陂路证券营业部,1,-19.9830652,0.0,1,-35.98645216,0.0,1,-48.77222693,0.0,1,-50.80440305,0.0,1,-57.57832345,0.0
2406,西南证券重庆城口证券营业部,1,-4.83870968,0.0,1,-9.67741935,0.0,1,-5.37634409,0.0,1,-5.91397849,0.0,0,0.0,0.0
2407,西南证券重庆武隆证券营业部,1,3.96611475,100.0,1,4.15864459,100.0,1,1.42472083,100.0,1,-0.77011937,0.0,1,7.16211013,100.0
2408,国泰海通证券深圳南山智谷证券营业部,1,3.42316096,100.0,1,-6.84632192,0.0,1,-8.23015295,0.0,1,-9.61398398,0.0,1,-10.48798252,0.0
2409,国泰海通证券台州市府大道第一证券营业部,1,5.0,100.0,1,10.20833333,100.0,1,13.125,100.0,1,7.91666667,100.0,1,7.91666667,100.0
2410,国泰海通证券自贡南湖路证券营业部,1,-4.35351882,0.0,1,-1.35842881,0.0,1,1.3980226,100.0,1,9.22437482,100.0,1,13.17856956,100.0
2411,国泰海通证券扬州宝应白田路证券营业部,1,-4.25724638,0.0,1,-6.06884058,0.0,1,-9.7826087,0.0,1,-16.66666667,0.0,1,-14.58333333,0.0
2412,国泰海通证券营口蝴蝶泉路证券营业部,1,-4.84848485,0.0,1,-9.6969697,0.0,1,-13.93939394,0.0,1,-22.42424242,0.0,1,-6.06060606,0.0
2413,国泰海通证券宜春袁山东路证券营业部,1,-5.0,0.0,1,-3.0,0.0,1,0.0,0.0,1,-9.0,0.0,1,-6.0,0.0
2414,国泰海通证券丽水解放街证券营业部,1,-2.02020202,0.0,1,-4.04040404,0.0,1,-5.55555556,0.0,1,-9.5959596,0.0,1,-8.08080808,0.0
2415,浙商证券合肥庐州大道证券营业部,1,0.16806723,100.0,1,-2.5210084,0.0,1,-0.33613445,0.0,1,0.67226891,100.0,1,-9.91596639,0.0
2416,浙商证券上虞市民大道证券营业部,1,-1.64356436,0.0,1,-9.39273927,0.0,1,-18.08580858,0.0,1,-15.44554455,0.0,1,-9.5709571,0.0
2417,方正证券许昌七一路证券营业部,1,0.0,0.0,1,5.0,100.0,1,7.5,100.0,0,0.0,0.0,0,0.0,0.0
2418,招商证券北京北苑路证券营业部,1,-5.00490677,0.0,1,-9.71540726,0.0,1,-14.2296369,0.0,1,-96.56526006,0.0,1,-96.46712463,0.0
2419,招商证券北京上地农大南路证券营业部,1,-1.4205484,0.0,1,-1.09018831,0.0,1,8.78757846,100.0,1,6.04558969,100.0,1,-2.77502478,0.0
2420,招商证券广州南沙进港大道证券营业部,1,-5.00490677,0.0,1,-9.71540726,0.0,1,-14.2296369,0.0,1,-96.56526006,0.0,1,-96.46712463,0.0
2421,招商证券义乌城北路证券营业部,1,-2.30010953,0.0,1,-2.6286966,0.0,1,-2.95728368,0.0,1,-3.61445783,0.0,1,-5.03833516,0.0
2422,金融街证券上海浦东新区成山路证券营业部,1,1.09272557,100.0,1,-3.41867,0.0,1,-6.24414611,0.0,1,-4.80799251,0.0,1,-3.20012488,0.0
2423,广发证券上海龙华路证券营业部,1,-5.02379693,0.0,1,-9.7831835,0.0,1,-14.2781597,0.0,1,-22.63352723,0.0,1,-18.50872554,0.0
2424,广发证券上海高科东路证券营业部,1,-4.93066256,0.0,1,-9.70724191,0.0,1,-14.17565485,0.0,1,-22.49614792,0.0,1,-94.29892142,0.0
2425,申万宏源证券广州中山大道中证券营业部,1,-85.56962025,0.0,1,-87.08860759,0.0,1,-87.34177215,0.0,1,-87.34177215,0.0,1,-89.62025316,0.0
2426,国投证券泉州丰泽街证券营业部,1,17.24565757,100.0,1,12.53101737,100.0,1,3.41191067,100.0,1,-7.86600496,0.0,1,-7.82878412,0.0
2427,国盛证券青岛分公司,1,-4.17981073,0.0,1,-0.07886435,0.0,1,-4.10094637,0.0,1,0.86750789,100.0,0,0.0,0.0
2428,国盛证券宜春奉新回兰路证券营业部,1,5.07614213,100.0,1,-89.84771574,0.0,1,-90.86294416,0.0,1,-91.37055838,0.0,1,-90.86294416,0.0
2429,国盛证券长春景阳大路证券营业部,1,0.0,0.0,1,6.66666667,100.0,1,6.66666667,100.0,0,0.0,0.0,0,0.0,0.0
2430,国泰海通证券扬州文汇西路证券营业部,1,-9.97067449,0.0,1,-19.06158358,0.0,1,-22.58064516,0.0,1,-29.91202346,0.0,1,-40.76246334,0.0
2431,国泰海通证券淄博鲁泰大道证券营业部,1,4.86322188,100.0,1,20.51671733,100.0,1,27.81155015,100.0,1,30.39513678,100.0,1,25.83586626,100.0
2432,国元证券江阴滨江东路证券营业部,1,-6.31341601,0.0,1,-10.37204059,0.0,1,-9.47012401,0.0,1,-23.56257046,0.0,1,-18.94024803,0.0
2433,国信证券广州分公司,1,-10.01371742,0.0,1,-8.5048011,0.0,1,-15.77503429,0.0,1,-19.478738,0.0,1,-15.9122085,0.0
2434,国信证券深圳深南中路证券营业部,1,2.29645094,100.0,1,7.93319415,100.0,1,8.6986778,100.0,1,14.96172582,100.0,1,18.23242867,100.0
2435,华鑫证券河南分公司,1,3.39506173,100.0,1,2.93209877,100.0,1,-5.40123457,0.0,1,-5.86419753,0.0,0,0.0,0.0
2436,华鑫证券苏州总官堂路证券营业部,1,-0.55555556,0.0,1,-1.25925926,0.0,1,-6.62962963,0.0,1,-6.55555556,0.0,1,-16.2962963,0.0
2437,华福证券永安永乐路证券营业部,1,-2.38055182,0.0,1,-6.48553163,0.0,1,-7.61271871,0.0,1,-5.02187079,0.0,1,-16.21803499,0.0
2438,华创证券绵竹飞凫路证券营业部,1,-4.93150685,0.0,1,-9.5890411,0.0,1,-13.97260274,0.0,1,-19.17808219,0.0,1,-20.2739726,0.0
2439,信达证券锦州科技路证券营业部,1,-1.01010101,0.0,1,3.03030303,100.0,1,6.06060606,100.0,1,28.38383838,100.0,1,-3.83838384,0.0
2440,信达证券凌源凌河街证券营业部,1,-3.84615385,0.0,1,-3.84615385,0.0,0,0.0,0.0,0,0.0,0.0,0,0.0,0.0
2441,中银国际证券无锡金融一街证券营业部,1,-12.62264151,0.0,1,-18.41509434,0.0,1,-16.24528302,0.0,1,-18.86792453,0.0,1,-24.58490566,0.0
2442,中银国际证券鞍山二一九路证券营业部,1,-3.53535354,0.0,1,1.34680135,100.0,1,6.3973064,100.0,1,9.93265993,100.0,1,22.39057239,100.0
2443,中银国际证券石家庄中华南大街证券营业部,1,-5.40752351,0.0,1,-7.44514107,0.0,1,-7.9153605,0.0,1,-7.99373041,0.0,1,-4.78056426,0.0
2444,中航证券樟树楼门前路证券营业部,1,-4.98402556,0.0,1,-9.71246006,0.0,1,-5.17571885,0.0,1,-9.6485623,0.0,1,-8.75399361,0.0
2445,中信建投证券吉林解放东路证券营业部,1,-2.18579235,0.0,1,-5.10018215,0.0,1,-8.19672131,0.0,1,-7.10382514,0.0,1,-11.83970856,0.0
2446,中信建投证券嘉兴洪兴路证券营业部,1,-3.69532428,0.0,1,2.760181,100.0,1,-1.80995475,0.0,1,1.01055807,100.0,1,2.21719457,100.0
2447,中信建投证券北京宣武门外大街证券营业部,1,-20.0,0.0,1,-29.47368421,0.0,1,-30.52631579,0.0,1,-36.84210526,0.0,0,0.0,0.0
2448,中信建投证券揭阳黄岐山大道证券营业部,1,4.85436893,100.0,1,9.70873786,100.0,1,15.53398058,100.0,1,27.18446602,100.0,1,-46.60194175,0.0
2449,中信建投证券无锡分公司,1,-20.04889976,0.0,1,-20.04889976,0.0,1,-19.07090465,0.0,1,-22.00488998,0.0,1,-27.62836186,0.0
2450,中信建投证券慈溪三北西大街证券营业部,1,2.82755219,100.0,1,14.84464902,100.0,1,14.99260233,100.0,1,5.78661844,100.0,1,2.00558935,100.0
2451,世纪证券宁波分公司,1,-9.99768035,0.0,1,-12.66527488,0.0,1,-15.86638831,0.0,1,-19.3690559,0.0,1,-19.39225238,0.0
2452,世纪证券天津分公司,1,8.44250364,100.0,1,11.44468705,100.0,1,7.47452693,100.0,1,-10.90247453,0.0,0,0.0,0.0
2453,万联证券广州增城荔乡路证券营业部,1,5.22273425,100.0,1,0.46082949,100.0,1,-0.30721966,0.0,1,-3.84024578,0.0,1,5.22273425,100.0
2454,中泰证券潍坊通亭街证券营业部,1,4.03225806,100.0,1,0.1344086,100.0,1,2.55376344,100.0,1,4.30107527,100.0,1,7.25806452,100.0
2455,申万宏源证券上海金山区临仓街证券营业部,1,-10.1010101,0.0,1,-19.19191919,0.0,1,-19.6969697,0.0,1,-24.24242424,0.0,1,-24.49494949,0.0
2456,中信证券盘锦石油大街证券营业部,1,-4.87804878,0.0,1,-9.75609756,0.0,1,-14.28571429,0.0,1,-22.64808362,0.0,1,-40.06968641,0.0
2457,东吴证券吴江震泽证券营业部,1,-10.0591716,0.0,1,-10.84812623,0.0,1,-1.97238659,0.0,1,7.10059172,100.0,1,4.33925049,100.0
2458,中信证券华南广州琶洲宸悦路证券营业部,1,2.89059641,100.0,1,2.89059641,100.0,1,3.11013538,100.0,1,4.15294548,100.0,1,-0.84156604,0.0
2459,华林证券厦门分公司,1,9.95490808,100.0,1,-1.04058273,0.0,1,-10.92611863,0.0,1,0.69372182,100.0,0,0.0,0.0
2460,东吴证券济南海右路证券营业部,1,-2.84775465,0.0,1,-4.27163198,0.0,1,-3.50492881,0.0,1,-1.97152245,0.0,1,-9.63855422,0.0
2461,国泰海通证券北京建国路证券营业部,1,0.11750881,100.0,1,-1.29259694,0.0,1,-1.88014101,0.0,1,1.05757932,100.0,1,-2.7027027,0.0
2462,中泰证券宁波首南西路证券营业部,1,4.99213836,100.0,1,-0.55031447,0.0,1,6.13207547,100.0,1,3.34119497,100.0,1,-7.46855346,0.0
2463,太平洋证券深圳景田东路证券营业部,1,0.25806452,100.0,1,2.63225806,100.0,1,16.38709677,100.0,1,12.38709677,100.0,1,7.35483871,100.0
2464,中国中金财富证券宜兴阳羡东路证券营业部,1,20.0,100.0,1,43.96039604,100.0,1,32.07920792,100.0,1,46.53465347,100.0,1,50.89108911,100.0
2465,中泰证券绍兴洋江西路证券营业部,1,-4.97737557,0.0,1,-9.72850679,0.0,1,-11.65158371,0.0,1,-7.91855204,0.0,1,1.35746606,100.0
2466,国泰海通证券合肥潜山路证券营业部,1,-5.48665408,0.0,1,3.96333243,100.0,0,0.0,0.0,0,0.0,0.0,0,0.0,0.0
2467,华创证券上海第二分公司,1,10.08064516,100.0,1,14.70430108,100.0,1,-0.80645161,0.0,1,4.05913978,100.0,0,0.0,0.0
2468,华金证券西安曲江路证券营业部,1,0.23228804,100.0,1,4.9941928,100.0,1,0.81300813,100.0,1,-1.62601626,0.0,1,-8.36236934,0.0
2469,华金证券广东省横琴粤澳深度合作区分公司,1,-15.37360435,0.0,1,-21.27111366,0.0,1,-20.44088176,0.0,0,0.0,0.0,0,0.0,0.0
2470,华林证券东莞莞太路证券营业部,1,-5.05561173,0.0,1,-9.20121335,0.0,1,-14.66127401,0.0,1,-13.95348837,0.0,1,-5.46006067,0.0
2471,华林证券青岛分公司,1,-5.67484663,0.0,1,-6.44171779,0.0,1,-8.35889571,0.0,1,-14.68558282,0.0,1,-3.52760736,0.0
2472,国信证券海南分公司,1,-1.11856823,0.0,1,3.80313199,100.0,1,8.94854586,100.0,1,20.13422819,100.0,1,22.14765101,100.0
2473,国泰海通证券宁波民安东路证券营业部,1,-2.05061082,0.0,1,-5.4973822,0.0,1,2.96684119,100.0,1,18.01919721,100.0,1,13.13263525,100.0
2474,中泰证券菏泽曹县青菏路证券营业部,1,-5.01373626,0.0,1,-2.09478022,0.0,1,-5.90659341,0.0,1,3.74313187,100.0,1,26.16758242,100.0
2475,中国中金财富证券金华光南路证券营业部,1,0.0,0.0,1,6.66666667,100.0,1,6.66666667,100.0,0,0.0,0.0,0,0.0,0.0
2476,兴业证券四川分公司,1,-4.98442368,0.0,1,-4.36137072,0.0,1,-1.97300104,0.0,1,-4.56905504,0.0,1,-3.53063344,0.0
2477,东方财富证券湖北分公司,1,-4.94505495,0.0,1,0.0,0.0,1,4.94505495,100.0,1,6.04395604,100.0,1,3.84615385,100.0
2478,英大证券上海陆家嘴证券营业部,1,-1.67451596,0.0,1,-4.55259027,0.0,1,-1.51753009,0.0,1,1.04657248,100.0,1,12.34955521,100.0
2479,国金证券合肥科学大道证券营业部,1,-1.27614321,0.0,1,-4.78553704,0.0,1,-6.52250975,0.0,1,-8.15313719,0.0,1,-7.97589507,0.0
2480,国信证券杭州向往街证券营业部,1,-4.39475713,0.0,1,-7.34001542,0.0,1,-11.64996145,0.0,1,-14.41788743,0.0,1,17.30917502,100.0
2481,国信证券柳州潭中东路证券营业部,1,-4.7767564,0.0,0,0.0,0.0,0,0.0,0.0,0,0.0,0.0,0,0.0,0.0
2482,华宝证券上海浦东新区浦电路证券营业部,1,-5.0155521,0.0,1,-9.75894246,0.0,1,-14.26905132,0.0,1,-22.62830482,0.0,1,-40.1244168,0.0
2483,中国中金财富证券成都温江光华大道证券营业部,1,4.93421053,100.0,1,3.28947368,100.0,1,8.55263158,100.0,1,12.5,100.0,1,7.89473684,100.0
2484,德邦证券上海福山路证券营业部,1,-1.37931034,0.0,1,0.38793103,100.0,1,-0.12931034,0.0,1,-2.62931034,0.0,1,-8.62068966,0.0
2485,中信证券(山东)青岛西海岸新区长江中路证券营业部,1,-7.08777687,0.0,1,-3.26497129,0.0,1,-13.24036095,0.0,1,-15.42247744,0.0,1,-12.05906481,0.0
2486,爱建证券深圳分公司,1,10.52631579,100.0,0,0.0,0.0,0,0.0,0.0,0,0.0,0.0,0,0.0,0.0
2487,国投证券云南分公司,1,1.65847666,100.0,1,6.14250614,100.0,1,4.23832924,100.0,1,11.05651106,100.0,1,7.92383292,100.0
2488,大同证券太原分公司,1,-4.28518655,0.0,1,-5.54118951,0.0,1,-4.87624677,0.0,1,-5.09789435,0.0,1,-13.18803103,0.0
2489,华福证券湖北分公司,1,-1.05680317,0.0,1,4.55746367,100.0,1,3.4346103,100.0,1,7.59577279,100.0,1,9.51122853,100.0
2490,中信建投证券黄石广场路证券营业部,1,5.30612245,100.0,1,13.46938776,100.0,1,10.6122449,100.0,1,6.12244898,100.0,1,0.0,0.0
2491,华金证券珠海市分公司,1,4.94296578,100.0,1,10.2661597,100.0,1,15.96958175,100.0,1,27.75665399,100.0,1,19.77186312,100.0
2492,国信证券襄阳汉江路证券营业部,1,-16.36240703,0.0,1,-22.51521298,0.0,1,-22.04192022,0.0,1,-25.08451657,0.0,1,-28.66801893,0.0
2493,华福证券上海黄浦区马当路证券营业部,1,0.31152648,100.0,1,1.24610592,100.0,1,0.93457944,100.0,1,-1.45379024,0.0,1,-3.6344756,0.0
2494,华林证券福建分公司,1,-5.07462687,0.0,1,-6.26865672,0.0,1,-1.49253731,0.0,1,8.65671642,100.0,1,-8.65671642,0.0
2495,浙商证券上海浦东杨高南路证券营业部,1,2.68650089,100.0,1,-1.62078153,0.0,1,5.86145648,100.0,1,-0.37744227,0.0,1,6.74955595,100.0
2496,中信证券(山东)临沂上海路证券营业部,1,-5.15222482,0.0,1,-4.44964871,0.0,1,-3.51288056,0.0,0,0.0,0.0,0,0.0,0.0
2497,中信证券(山东)烟台长江路证券营业部,1,3.85248149,100.0,1,2.14559912,100.0,1,-5.90211132,0.0,1,-12.94899918,0.0,1,15.64984919,100.0
2498,中信证券北京万柳证券营业部,1,3.04054054,100.0,1,3.04054054,100.0,1,-3.04054054,0.0,1,-4.05405405,0.0,0,0.0,0.0
2499,中信证券天津滨海证券营业部,1,-4.99219969,0.0,1,-8.11232449,0.0,1,-12.63650546,0.0,1,-15.28861154,0.0,1,-25.42901716,0.0
2500,华源证券北京分公司,1,4.9806784,100.0,1,10.2189781,100.0,1,15.7148991,100.0,1,19.36453413,100.0,1,1.28810648,100.0
2501,中信证券(山东)龙口南山路证券营业部,1,-0.9596929,0.0,1,-4.89443378,0.0,1,-3.55086372,0.0,1,-6.23800384,0.0,1,-12.38592152,0.0
2502,信达证券上海分公司,1,-6.00369896,0.0,1,-7.55441741,0.0,1,-11.97894437,0.0,1,-12.0785318,0.0,1,-8.4080239,0.0
2503,浙商证券台州分公司,1,-0.33783784,0.0,1,6.75675676,100.0,1,5.74324324,100.0,1,3.5472973,100.0,0,0.0,0.0
2504,中原证券平顶山分公司,1,-0.1607717,0.0,1,-0.80385852,0.0,1,1.60771704,100.0,1,0.32154341,100.0,1,-2.25080386,0.0
2505,华鑫证券西安分公司,1,3.2688459,100.0,1,0.46697799,100.0,0,0.0,0.0,0,0.0,0.0,0,0.0,0.0
2506,金元证券上海分公司,1,3.58649789,100.0,1,13.92405063,100.0,1,15.18987342,100.0,1,-0.63291139,0.0,1,-9.28270042,0.0
2507,中泰证券滨州分公司,1,3.42316096,100.0,1,-6.84632192,0.0,1,-8.23015295,0.0,1,-9.61398398,0.0,1,-10.48798252,0.0
2508,东兴证券上海分公司,1,-1.77725118,0.0,1,-3.55450237,0.0,1,-4.68009479,0.0,1,6.81279621,100.0,1,10.30805687,100.0
2509,东莞证券东莞常平分公司,1,-0.729464,0.0,1,3.07643514,100.0,1,3.53631462,100.0,1,14.31969553,100.0,1,15.54075484,100.0
2510,东莞证券东莞厚街分公司,1,-1.6025641,0.0,1,1.28205128,100.0,1,0.80128205,100.0,1,-2.88461538,0.0,1,-5.28846154,0.0
2511,东莞证券东莞虎门分公司,1,7.67980496,100.0,1,16.1316538,100.0,1,10.79506975,100.0,1,4.5374509,100.0,1,-0.20316944,0.0
2512,东莞证券佛山分公司,1,-5.65749235,0.0,1,-9.25076453,0.0,1,-10.70336391,0.0,1,-13.14984709,0.0,1,-12.3088685,0.0
2513,东莞证券中山分公司,1,-4.80769231,0.0,1,-9.61538462,0.0,1,-13.94230769,0.0,1,-13.94230769,0.0,1,-16.82692308,0.0
2514,方正证券河南分公司,1,-2.85714286,0.0,1,-5.71428571,0.0,1,2.85714286,100.0,1,-14.28571429,0.0,1,-22.85714286,0.0
2515,方正证券陕西分公司,1,0.31484621,100.0,1,-4.43206588,0.0,1,-10.68055219,0.0,1,-6.27270526,0.0,1,-15.2579317,0.0
2516,国盛证券北京分公司,1,10.0,100.0,1,6.55870445,100.0,1,3.44129555,100.0,1,-11.57894737,0.0,1,-17.47047283,0.0
2517,华福证券泉州分公司,1,5.06756757,100.0,1,10.30405405,100.0,1,4.89864865,100.0,1,3.5472973,100.0,1,3.71621622,100.0
2518,华泰证券南通分公司,1,5.03552672,100.0,1,5.65338276,100.0,1,16.21872104,100.0,1,28.82298424,100.0,1,85.07877665,100.0
2519,华泰证券苏州分公司,1,-20.0,0.0,1,-3.96694215,0.0,1,10.08264463,100.0,1,-16.36363636,0.0,1,-14.54545455,0.0
2520,华泰证券无锡分公司,1,-1.16612502,0.0,1,-11.04951252,0.0,1,-7.34085261,0.0,1,-8.44962722,0.0,1,-15.27432613,0.0
2521,华泰证券扬州分公司,1,0.11587486,100.0,1,10.0811124,100.0,1,6.7207416,100.0,1,3.70799537,100.0,1,1.0428737,100.0
2522,华鑫证券贵州分公司,1,-5.11811024,0.0,1,-9.84251969,0.0,1,-6.2992126,0.0,1,-15.35433071,0.0,1,-18.8976378,0.0
2523,国投证券安徽分公司,1,4.99621499,100.0,1,10.21953066,100.0,1,15.74564724,100.0,1,18.54655564,100.0,1,7.79712339,100.0
2524,国投证券大连分公司,1,1.42095915,100.0,1,-1.42095915,0.0,1,-0.53285968,0.0,1,-4.44049734,0.0,1,-9.23623446,0.0
2525,广发证券焦作人民路证券营业部,1,-1.44927536,0.0,1,4.34782609,100.0,1,-5.79710145,0.0,1,-14.49275362,0.0,1,10.14492754,100.0
2526,民生证券永城百花路证券营业部,1,-4.18118467,0.0,1,-1.04529617,0.0,1,3.83275261,100.0,1,13.58885017,100.0,1,15.67944251,100.0
2527,浙商证券北京月坛北街证券营业部,1,5.07246377,100.0,1,0.0,0.0,1,-5.07246377,0.0,1,-55.79710145,0.0,1,-52.89855072,0.0
2528,中信证券成都天府大道证券营业部,1,-5.0,0.0,1,-9.70588235,0.0,1,-14.11764706,0.0,1,-5.29411765,0.0,1,21.17647059,100.0
2529,中信证券上海徐汇区凯滨路证券营业部,1,-2.75229358,0.0,1,0.91743119,100.0,1,-1.83486239,0.0,1,-9.40366972,0.0,1,-15.13761468,0.0
2530,中信证券上海五角场证券营业部,1,-5.18731988,0.0,1,-9.79827089,0.0,0,0.0,0.0,0,0.0,0.0,0,0.0,0.0
2531,财通证券余姚南雷路证券营业部,1,8.89487871,100.0,1,-1.23989218,0.0,1,-11.10512129,0.0,1,-7.33153639,0.0,1,13.58490566,100.0
2532,中信证券(山东)淄博分公司,1,-7.03933747,0.0,1,-4.55486542,0.0,1,-7.66045549,0.0,1,-11.5942029,0.0,1,-12.21532091,0.0
2533,东方财富证券上海分公司,1,1.98119543,100.0,1,6.21222297,100.0,1,11.24916051,100.0,1,24.00940228,100.0,1,8.3948959,100.0
2534,财通证券上海浦东新区张杨路证券营业部,1,0.87194392,100.0,1,10.04445204,100.0,1,15.23337323,100.0,1,11.46349803,100.0,1,2.58163789,100.0
2535,长江证券绵阳临园路证券营业部,1,-4.92753623,0.0,1,-9.71014493,0.0,1,-5.2173913,0.0,1,-7.39130435,0.0,1,-3.04347826,0.0
2536,西部证券上海世纪大道证券营业部,1,-1.07430618,0.0,1,-2.68576544,0.0,1,-3.49149508,0.0,1,-5.19247986,0.0,1,-12.26499552,0.0
2537,红塔证券深圳学府路证券营业部,1,-8.03059273,0.0,1,-10.7456979,0.0,1,-15.64053537,0.0,1,-13.95793499,0.0,1,-15.44933078,0.0
2538,国信证券深圳深盐路证券营业部,1,2.80130293,100.0,1,-0.39087948,0.0,1,0.45602606,100.0,1,11.20521173,100.0,1,-13.09446254,0.0
2539,广发证券茂名高州桂圆路证券营业部,1,-4.86891386,0.0,1,-6.42946317,0.0,1,-7.92759051,0.0,1,-3.8701623,0.0,1,1.74781523,100.0
2540,招商证券西安未央证券营业部,1,-3.30788804,0.0,1,-10.43256997,0.0,1,-11.95928753,0.0,1,-11.19592875,0.0,0,0.0,0.0
2541,招商证券西安曲江新区证券营业部,1,-9.75267004,0.0,1,-12.08544126,0.0,1,-14.24957841,0.0,1,-28.04946599,0.0,1,-27.41334769,0.0
2542,东方证券哈尔滨赣水路证券营业部,1,-0.08833922,0.0,1,-1.41342756,0.0,1,-0.88339223,0.0,1,-1.50176678,0.0,1,-5.12367491,0.0
2543,金融街证券杭州婺江路证券营业部,1,6.48711944,100.0,0,0.0,0.0,0,0.0,0.0,0,0.0,0.0,0,0.0,0.0
2544,国新证券西安分公司,1,-10.03236246,0.0,1,-7.87486516,0.0,1,-9.49298813,0.0,1,-7.87486516,0.0,1,-13.48435814,0.0
2545,招商证券杭州富春路证券营业部,1,-4.94186047,0.0,1,-9.73837209,0.0,1,-13.51744186,0.0,1,-15.69767442,0.0,1,-17.15116279,0.0
2546,国元证券凤阳东华路证券营业部,1,-4.98442368,0.0,1,-4.36137072,0.0,1,-1.97300104,0.0,1,-4.56905504,0.0,1,-3.53063344,0.0
2547,方正证券广州体育东路证券营业部,1,-0.23980815,0.0,1,-2.39808153,0.0,1,-1.67865707,0.0,1,4.79616307,100.0,1,1.67865707,100.0
2548,东方证券宁波宝华街证券营业部,1,-4.85564304,0.0,1,-11.35170604,0.0,1,-20.73490814,0.0,1,-32.70997375,0.0,1,-34.77690289,0.0
2549,财通证券宁波奉化大成路证券营业部,1,-5.07614213,0.0,1,-9.64467005,0.0,1,-14.21319797,0.0,1,-22.33502538,0.0,1,-33.50253807,0.0
2550,金融街证券南宁民族大道证券营业部,1,-10.00335683,0.0,1,-11.3796576,0.0,1,-18.59684458,0.0,1,-2.65189661,0.0,1,-15.1728768,0.0
2551,东方证券海口金龙路证券营业部,1,3.125,100.0,1,8.23863636,100.0,1,13.63636364,100.0,1,25.28409091,100.0,1,11.36363636,100.0
2552,麦高证券苏州干将东路证券营业部,1,10.03278689,100.0,1,21.04918033,100.0,1,17.04918033,100.0,1,20.85245902,100.0,1,10.09836066,100.0
2553,国金证券南昌世贸路证券营业部,1,9.93150685,100.0,1,-1.02739726,0.0,1,-9.24657534,0.0,1,-11.30136986,0.0,1,-20.20547945,0.0
2554,开源证券上海北京西路证券营业部,1,-0.77319588,0.0,1,-6.44329897,0.0,1,-5.28350515,0.0,1,1.03092784,100.0,1,-15.20618557,0.0
2555,中泰证券河南分公司,1,0.39177277,100.0,1,-2.7424094,0.0,1,-9.01077375,0.0,1,-11.55729677,0.0,1,-18.1194907,0.0
2556,中信证券宁海气象北路证券营业部,1,0.0,0.0,1,-5.40540541,0.0,1,-2.7027027,0.0,1,-8.10810811,0.0,0,0.0,0.0
2557,中国银河证券日照济南路证券营业部,1,-9.9883856,0.0,1,-0.92915215,0.0,1,4.52961672,100.0,1,-0.81300813,0.0,1,-8.1300813,0.0
2558,财信证券合肥金寨路证券营业部,1,0.0,0.0,1,-3.7037037,0.0,1,0.0,0.0,0,0.0,0.0,0,0.0,0.0
2559,华福证券北京海淀南路证券营业部,1,-10.00383779,0.0,1,-10.8225662,0.0,1,-14.03351669,0.0,1,-9.2362799,0.0,1,-13.12523986,0.0
2560,东莞证券河源龙川龙川大道证券营业部,1,-5.03432494,0.0,1,-95.99542334,0.0,1,-96.33867277,0.0,1,-95.99542334,0.0,1,-96.10983982,0.0
2561,天风证券宜昌隆康路证券营业部,1,-0.48959608,0.0,1,2.12158303,100.0,1,6.89514484,100.0,1,13.50469196,100.0,1,27.29498164,100.0
2562,招商证券南通工农路证券营业部,1,-10.0,0.0,1,-19.09090909,0.0,1,-27.27272727,0.0,1,-29.31818182,0.0,1,-31.59090909,0.0
2563,中原证券淇县淇河路证券营业部,1,-12.44067309,0.0,1,-9.1758953,0.0,1,-9.56421688,0.0,1,-12.25370344,0.0,1,-18.58190709,0.0
2564,东北证券苏州分公司,1,-1.9389239,0.0,0,0.0,0.0,0,0.0,0.0,0,0.0,0.0,0,0.0,0.0
2565,中国中金财富证券连云港朝阳东路证券营业部,1,-2.04421563,0.0,1,0.84797093,100.0,1,-9.23682617,0.0,1,-20.42701393,0.0,1,-9.69109631,0.0
2566,华泰证券江阴周庄镇西大街证券营业部,1,-5.26315789,0.0,1,-9.94152047,0.0,1,-7.60233918,0.0,1,-12.28070175,0.0,1,-3.50877193,0.0
2567,长城国瑞证券厦门莲前东路证券营业部,1,5.07614213,100.0,1,-89.84771574,0.0,1,-90.86294416,0.0,1,-91.37055838,0.0,1,-90.86294416,0.0
2568,国盛证券德清曲园南路证券营业部,1,-3.46070656,0.0,1,-6.41672675,0.0,1,-7.4260995,0.0,1,-3.17231435,0.0,1,2.23503965,100.0
2569,中国中金财富证券湘潭双拥中路证券营业部,1,-4.15335463,0.0,1,-7.41227051,0.0,1,-8.46979936,0.0,1,-9.26834155,0.0,1,-21.2680566,0.0
2570,长江证券鹰潭交通路证券营业部,1,-0.7518797,0.0,1,-6.01503759,0.0,1,-6.55209452,0.0,0,0.0,0.0,0,0.0,0.0
2571,华金证券安徽分公司,1,6.31578947,100.0,1,1.47368421,100.0,1,6.52631579,100.0,1,17.47368421,100.0,1,6.52631579,100.0
2572,申万宏源证券宁波泰康中路证券营业部,1,0.86741016,100.0,1,-0.86741016,0.0,1,-1.48698885,0.0,0,0.0,0.0,0,0.0,0.0
2573,长江证券黄石颐阳路证券营业部,1,-5.06756757,0.0,1,-9.7972973,0.0,1,-14.18918919,0.0,1,-22.63513514,0.0,1,-34.45945946,0.0
2574,兴业证券江西分公司,1,-4.98402556,0.0,1,-9.71246006,0.0,1,-5.17571885,0.0,1,-9.6485623,0.0,1,-8.75399361,0.0
2575,东方证券乌鲁木齐南湖路证券营业部,1,-10.05764262,0.0,1,-11.09620354,0.0,1,-5.88849135,0.0,1,-17.8095806,0.0,1,-23.1216458,0.0
2576,渤海证券杭州平澜路证券营业部,1,11.91159587,100.0,0,0.0,0.0,0,0.0,0.0,0,0.0,0.0,0,0.0,0.0
2577,中信建投证券北京广渠门内大街证券营业部,1,-5.95611285,0.0,1,-10.03134796,0.0,1,-8.69905956,0.0,1,-12.38244514,0.0,1,-16.84952978,0.0
2578,南京证券苏州时代广场证券营业部,1,1.55159038,100.0,1,6.67183863,100.0,1,9.3871218,100.0,1,8.68890613,100.0,1,-2.24980605,0.0
2579,华安证券长沙芙蓉中路证券营业部,1,-9.71128609,0.0,1,-11.81102362,0.0,1,-13.91076115,0.0,1,-14.17322835,0.0,1,-18.8976378,0.0
2580,东方财富证券昆明南屏街证券营业部,1,10.00211015,100.0,0,0.0,0.0,0,0.0,0.0,0,0.0,0.0,0,0.0,0.0
2581,中邮证券广东分公司,1,4.93325595,100.0,1,-1.24621216,0.0,1,-4.45365044,0.0,1,-8.22018347,0.0,0,0.0,0.0
2582,华源证券苏州分公司,1,0.0,0.0,1,7.10859137,100.0,1,6.84692543,100.0,1,2.35499346,100.0,1,7.93720017,100.0
2583,东北证券泉州丰泽街证券营业部,1,-10.0,0.0,1,-11.03571429,0.0,1,-10.21428571,0.0,1,-11.78571429,0.0,1,-9.92857143,0.0
2584,中航证券南昌九洲大街证券营业部,1,10.01821494,100.0,1,11.83970856,100.0,1,17.12204007,100.0,1,-5.10018215,0.0,0,0.0,0.0
2585,联储证券莆田东园西路证券营业部,1,-3.7037037,0.0,1,-3.7037037,0.0,1,-7.40740741,0.0,0,0.0,0.0,0,0.0,0.0
2586,长江证券福州光明南路证券营业部,1,5.81625909,100.0,1,1.45406477,100.0,1,-2.2075347,0.0,1,2.72306675,100.0,1,-2.37937872,0.0
2587,浙商证券宁波河清北路证券营业部,1,-3.8533483,0.0,0,0.0,0.0,0,0.0,0.0,0,0.0,0.0,0,0.0,0.0
2588,爱建证券南昌红谷中大道证券营业部,1,-5.28211285,0.0,1,-6.96278511,0.0,1,-7.32292917,0.0,1,-7.80312125,0.0,1,-10.68427371,0.0
2589,中信建投证券福州燎原路外滩壹号证券营业部,1,-5.07462687,0.0,1,-6.26865672,0.0,1,-1.49253731,0.0,1,8.65671642,100.0,1,-8.65671642,0.0
2590,国泰海通证券深圳雅宝路证券营业部,1,-6.19047619,0.0,1,-9.04761905,0.0,1,-9.52380952,0.0,1,-5.71428571,0.0,1,-16.19047619,0.0
2591,金融街证券广州天润路证券营业部,1,-0.33333333,0.0,1,-10.83333333,0.0,1,-11.05555556,0.0,1,-5.61111111,0.0,1,-18.86111111,0.0
2592,金融街证券福州湖东路证券营业部,1,1.8,100.0,1,-0.66666667,0.0,1,-3.26666667,0.0,1,-2.46666667,0.0,1,6.0,100.0
2593,开源证券杭州婺江路证券营业部,1,-6.25,0.0,1,-6.25,0.0,1,-6.25,0.0,1,-6.25,0.0,0,0.0,0.0
2594,长江证券武汉分公司,1,6.33484163,100.0,1,10.40723982,100.0,1,13.57466063,100.0,1,0.90497738,100.0,1,9.95475113,100.0
2595,华金证券厦门环岛东路证券营业部,1,-1.08695652,0.0,1,0.9057971,100.0,1,1.63043478,100.0,1,-1.44927536,0.0,1,-4.71014493,0.0
2596,粤开证券大连星海广场证券营业部,1,4.93421053,100.0,1,3.28947368,100.0,1,8.55263158,100.0,1,12.5,100.0,1,7.89473684,100.0
2597,国泰海通证券南安成功街证券营业部,1,5.00939261,100.0,1,10.26925485,100.0,1,15.77958673,100.0,1,4.47714465,100.0,1,0.7827176,100.0
2598,爱建证券上海长宁区金钟路证券营业部,1,4.76190476,100.0,1,1.9047619,100.0,1,12.10884354,100.0,1,4.96598639,100.0,1,-3.06122449,0.0
2599,东海证券苏州分公司,1,-4.125,0.0,1,-6.925,0.0,1,-6.175,0.0,1,-16.225,0.0,1,-14.175,0.0
2600,国泰海通证券南昌丰和中大道证券营业部,1,-6.06746931,0.0,1,-9.79854571,0.0,1,-3.55227083,0.0,1,6.46084158,100.0,1,13.19585171,100.0
2601,西南证券陕西分公司,1,-4.89443378,0.0,1,-2.39923225,0.0,1,-4.60652591,0.0,1,-6.42994242,0.0,1,1.63147793,100.0
2602,西南证券成都红星路证券营业部,1,5.08474576,100.0,1,1.50659134,100.0,1,-2.07156309,0.0,1,-0.37664783,0.0,1,-7.90960452,0.0
2603,申万宏源证券广东分公司,1,0.74551682,100.0,1,5.3999597,100.0,1,-1.32984082,0.0,1,6.08502922,100.0,1,-17.22748338,0.0
2604,国投证券广州沙太南路证券营业部,1,-5.14036662,0.0,1,-7.67850276,0.0,1,-3.89693629,0.0,1,-9.88334829,0.0,1,-23.27906679,0.0
2605,财信证券哈尔滨爱建路证券营业部,1,-14.42477876,0.0,1,-9.73451327,0.0,1,-10.97345133,0.0,1,2.12389381,100.0,1,1.7699115,100.0
2606,长江证券昌吉北京南路证券营业部,1,-11.76470588,0.0,1,-5.88235294,0.0,1,-5.88235294,0.0,1,-5.88235294,0.0,1,-11.76470588,0.0
2607,国投证券深圳益田路证券营业部,1,-0.35714286,0.0,1,-3.03571429,0.0,1,-7.5,0.0,1,-7.67857143,0.0,1,-17.67857143,0.0
2608,国投证券西安朱雀大街证券营业部,1,-10.09771987,0.0,1,-14.00651466,0.0,1,-19.21824104,0.0,1,-23.77850163,0.0,1,-30.94462541,0.0
2609,国海证券深圳中心路证券营业部,1,-1.31147541,0.0,1,0.42622951,100.0,1,7.18032787,100.0,1,-7.19672131,0.0,0,0.0,0.0
2610,国元证券珠海九洲大道富华里证券营业部,1,-9.97255261,0.0,1,-5.30649588,0.0,1,-10.33851784,0.0,1,-2.01280878,0.0,1,-20.03659652,0.0
2611,国投证券上海建国西路证券营业部,1,-4.84848485,0.0,1,-9.6969697,0.0,1,-13.93939394,0.0,1,-22.42424242,0.0,1,-6.06060606,0.0
2612,首创证券烟台南大街证券营业部,1,4.93421053,100.0,1,3.28947368,100.0,1,8.55263158,100.0,1,12.5,100.0,1,7.89473684,100.0
2613,国泰海通证券青岛松岭路证券营业部,1,-4.96183206,0.0,1,-9.54198473,0.0,1,-14.1221374,0.0,1,-22.51908397,0.0,1,-40.07633588,0.0
2614,国泰海通证券吉安吉州大道证券营业部,1,4.86322188,100.0,1,20.51671733,100.0,1,27.81155015,100.0,1,30.39513678,100.0,1,25.83586626,100.0
2615,长江证券天津分公司,1,-3.33048676,0.0,1,-2.22032451,0.0,1,-5.55081127,0.0,1,-1.45175064,0.0,1,5.12382579,100.0
2616,中航证券江西分公司,1,14.03841294,100.0,1,6.58958807,100.0,1,-13.44452868,0.0,0,0.0,0.0,0,0.0,0.0
2617,兴业证券新乡分公司,1,-4.84114977,0.0,1,-2.72314675,0.0,1,1.21028744,100.0,1,-8.16944024,0.0,1,2.64513736,100.0
2618,南京证券溧阳罗湾路证券营业部,1,-4.92753623,0.0,1,-9.71014493,0.0,1,-5.2173913,0.0,1,-7.39130435,0.0,1,-3.04347826,0.0
2619,华福证券台州广场南路证券营业部,1,4.92957746,100.0,1,10.09389671,100.0,1,5.63380282,100.0,1,16.66666667,100.0,1,8.92018779,100.0
2620,华福证券北京西单证券营业部,1,-7.61047463,0.0,1,-11.6202946,0.0,1,-9.24713584,0.0,1,-17.59410802,0.0,1,-28.47790507,0.0
2621,中信证券深圳后海证券营业部,1,-2.57352941,0.0,1,-5.26960784,0.0,1,-7.0874183,0.0,1,-12.60212418,0.0,1,-5.94362745,0.0
2622,中信证券吉林市吉林大街证券营业部,1,-9.97255261,0.0,1,-5.30649588,0.0,1,-10.33851784,0.0,1,-2.01280878,0.0,1,-20.03659652,0.0
2623,浙商证券宁波中山东路证券营业部,1,3.57142857,100.0,1,-3.57142857,0.0,1,-7.14285714,0.0,1,-10.71428571,0.0,0,0.0,0.0
2624,东莞证券苏州聚茂街证券营业部,1,2.53718285,100.0,1,7.17410324,100.0,0,0.0,0.0,0,0.0,0.0,0,0.0,0.0
2625,中国中金财富证券辽宁分公司,1,-1.07430618,0.0,1,-2.68576544,0.0,1,-3.49149508,0.0,1,-5.19247986,0.0,1,-12.26499552,0.0
2626,中信证券宁波和义路证券营业部,1,-4.87012987,0.0,1,-9.74025974,0.0,1,-6.16883117,0.0,1,-15.25974026,0.0,1,-14.61038961,0.0
2627,中信证券路桥银座北街证券营业部,1,1.74927114,100.0,1,3.79008746,100.0,1,-0.87463557,0.0,1,2.04081633,100.0,1,11.37026239,100.0
2628,中信证券石家庄槐安东路证券营业部,1,-2.55591054,0.0,1,1.68872661,100.0,1,-8.4892743,0.0,1,-10.77133729,0.0,0,0.0,0.0
2629,光大证券湖州劳动路证券营业部,1,-1.94375517,0.0,1,-0.66170389,0.0,1,10.87675765,100.0,1,8.8502895,100.0,1,-10.75268817,0.0
2630,中信证券宝鸡公园路证券营业部,1,5.30612245,100.0,1,13.46938776,100.0,1,10.6122449,100.0,1,6.12244898,100.0,1,0.0,0.0
2631,兴业证券长汀卧龙路证券营业部,1,10.00507872,100.0,1,21.02590147,100.0,1,33.11325546,100.0,1,60.99542915,100.0,1,45.14982224,100.0
2632,兴业证券漳平景弘路证券营业部,1,-4.18118467,0.0,1,-1.04529617,0.0,1,3.83275261,100.0,1,13.58885017,100.0,1,15.67944251,100.0
2633,华福证券上海浦东新区东方路证券营业部,1,-9.98354361,0.0,1,-14.6461876,0.0,1,-14.04278662,0.0,1,-15.63357104,0.0,1,-21.97483923,0.0
2634,招商证券深圳红荔西路证券营业部,1,3.45247766,100.0,1,-0.528026,0.0,1,4.95532088,100.0,1,-0.528026,0.0,0,0.0,0.0
2635,招商证券深圳福中一路证券营业部,1,4.46428571,100.0,1,12.76785714,100.0,1,6.16071429,100.0,1,-7.09821429,0.0,1,-17.23214286,0.0
2636,光大证券石狮南环路证券营业部,1,5.81625909,100.0,1,1.45406477,100.0,1,-2.2075347,0.0,1,2.72306675,100.0,1,-2.37937872,0.0
2637,浙商证券宁海气象北路证券营业部,1,1.44927536,100.0,1,0.0,0.0,1,-6.73211781,0.0,1,-3.22580645,0.0,1,-9.25666199,0.0
2638,国元证券杭州金鸡路证券营业部,1,-7.49606299,0.0,1,-13.16535433,0.0,1,-15.84251969,0.0,0,0.0,0.0,0,0.0,0.0
2639,东北证券通辽霍林河大街证券营业部,1,-4.07407407,0.0,1,-2.96296296,0.0,1,-4.81481481,0.0,1,-10.18518519,0.0,1,-4.62962963,0.0
2640,信达证券漳州新华东路证券营业部,1,-3.41463415,0.0,1,0.0,0.0,1,-2.56097561,0.0,1,-5.61267981,0.0,0,0.0,0.0
2641,兴业证券上海陆家嘴证券营业部,1,-1.40410959,0.0,1,-5.58219178,0.0,1,-11.18150685,0.0,1,-12.56849315,0.0,1,-9.62328767,0.0
2642,信达证券温州瓯江路证券营业部,1,4.92307692,100.0,1,0.30769231,100.0,1,-4.61538462,0.0,1,5.23076923,100.0,1,34.46153846,100.0
2643,招商证券成都天府三街证券营业部,1,3.93374741,100.0,1,-1.24223602,0.0,1,3.72670807,100.0,1,2.07039337,100.0,1,11.18012422,100.0
2644,申港证券上海闵行区古北路证券营业部,1,9.96441345,100.0,1,20.99644198,100.0,1,19.21708254,100.0,1,31.7615666,100.0,1,79.09252772,100.0
2645,华林证券深圳泰然路证券营业部,1,2.15641173,100.0,1,10.86831512,100.0,0,0.0,0.0,0,0.0,0.0,0,0.0,0.0
2646,国海证券武汉三眼桥路证券营业部,1,5.07880911,100.0,1,2.10157618,100.0,1,7.18038529,100.0,1,14.36077058,100.0,1,2.45183888,100.0
2647,华安证券南京胜太西路证券营业部,1,-0.28089888,0.0,1,-1.12359551,0.0,1,-2.80898876,0.0,1,-5.33707865,0.0,1,-12.35955056,0.0
2648,国海证券青岛福州南路证券营业部,1,5.03819275,100.0,1,7.2647489,100.0,1,-3.46172599,0.0,1,1.44644889,100.0,1,17.14610759,100.0
2649,信达证券青岛珠江路证券营业部,1,-4.37735156,0.0,1,-7.60759842,0.0,1,-12.62732862,0.0,1,-14.80223915,0.0,1,-6.1393044,0.0
2650,东北证券南通世纪大道证券营业部,1,-5.03703704,0.0,1,-9.77777778,0.0,1,-14.22222222,0.0,1,-14.37037037,0.0,1,-33.18518519,0.0
2651,财信证券东莞南城证券营业部,1,10.52631579,100.0,1,21.05263158,100.0,1,31.57894737,100.0,1,26.31578947,100.0,0,0.0,0.0
2652,华鑫证券泉州杏秀路证券营业部,1,-3.44603381,0.0,1,-6.95708713,0.0,1,-11.44343303,0.0,1,-22.43172952,0.0,1,-22.10663199,0.0
2653,兴业证券宁波分公司,1,-2.33236152,0.0,1,-3.41524365,0.0,1,-7.8300708,0.0,1,0.49979175,100.0,1,-2.2907122,0.0
2654,华林证券枣庄光明中路证券营业部,1,-7.3964497,0.0,1,-10.35502959,0.0,1,-5.62130178,0.0,1,-12.72189349,0.0,0,0.0,0.0
2655,华林证券淮安淮海东路证券营业部,1,-4.9382716,0.0,1,-9.87654321,0.0,1,-9.05349794,0.0,1,-13.58024691,0.0,1,-21.39917695,0.0
2656,华金证券上海嘉定区南安路证券营业部,1,-1.48553557,0.0,1,-1.25097733,0.0,1,-2.97107115,0.0,1,-4.14386239,0.0,1,5.9421423,100.0
2657,国投证券徐州民主北路证券营业部,1,0.0,0.0,1,0.21337127,100.0,1,0.26671408,100.0,1,-0.42674253,0.0,1,-4.17852063,0.0
2658,国盛证券宁波天童南路证券营业部,1,-5.0,0.0,1,-1.16161616,0.0,1,-6.11111111,0.0,1,-11.56565657,0.0,1,2.17171717,100.0
2659,兴业证券常州分公司,1,-0.85995086,0.0,1,0.92137592,100.0,1,0.49140049,100.0,1,-2.88697789,0.0,1,-5.65110565,0.0
2660,兴业证券贵州分公司,1,4.00649702,100.0,1,7.42420141,100.0,1,4.84569572,100.0,1,-11.90443963,0.0,1,-8.22279372,0.0
2661,开源证券深圳第一分公司,1,0.31484621,100.0,1,-4.43206588,0.0,1,-10.68055219,0.0,1,-6.27270526,0.0,1,-15.2579317,0.0
2662,中国银河证券泰安长城路证券营业部,1,4.44587629,100.0,1,-2.06185567,0.0,1,-3.15721649,0.0,1,-6.8943299,0.0,0,0.0,0.0
2663,国投证券淮安淮海东路证券营业部,1,1.76928521,100.0,1,4.88322718,100.0,1,2.40622788,100.0,1,-1.13234253,0.0,1,-3.89242746,0.0
2664,国投证券北京北苑路证券营业部,1,0.0,0.0,1,-4.96414782,0.0,1,-4.57804744,0.0,1,-7.44622173,0.0,1,-6.72917816,0.0
2665,华福证券常州惠国路证券营业部,1,0.06896552,100.0,1,4.03448276,100.0,1,1.20689655,100.0,1,-6.89655172,0.0,0,0.0,0.0
2666,中银国际证券徐州西安北路证券营业部,1,-9.99060068,0.0,1,-0.99368922,0.0,1,-3.74647556,0.0,1,-8.08379258,0.0,1,-5.08929817,0.0
2667,东方证券扬州文汇东路证券营业部,1,-16.35572139,0.0,1,-17.13308458,0.0,1,-13.77487562,0.0,1,-16.54228856,0.0,1,-21.95273632,0.0
2668,东方财富证券大连长江路证券营业部,1,-4.99040307,0.0,1,-9.78886756,0.0,1,-14.20345489,0.0,1,-10.94049904,0.0,1,6.71785029,100.0
2669,华安证券重庆分公司,1,-4.88322718,0.0,1,-2.97239915,0.0,1,-3.29087049,0.0,1,-10.61571125,0.0,1,-15.92356688,0.0
2670,国投证券广州珠江东路证券营业部,1,-4.98241501,0.0,1,-9.73036342,0.0,1,-14.24384525,0.0,1,-18.64009379,0.0,1,-37.04572098,0.0
2671,天风证券绍兴杨绍线证券营业部,1,0.0,0.0,1,4.97237569,100.0,1,1.28913444,100.0,1,4.23572744,100.0,1,1.4732965,100.0
2672,开源证券上海浦东南路证券营业部,1,-1.00406554,0.0,1,-10.903043,0.0,1,-14.19243563,0.0,1,3.09843538,100.0,1,24.38708883,100.0
2673,国融证券南通世纪大道证券营业部,1,-20.07722008,0.0,1,-35.71428571,0.0,0,0.0,0.0,0,0.0,0.0,0,0.0,0.0
2674,国元证券淄博人民西路证券营业部,1,-2.7027027,0.0,1,-5.40540541,0.0,1,-2.7027027,0.0,0,0.0,0.0,0,0.0,0.0
2675,华创证券成都天府大道证券营业部,1,20.0,100.0,1,43.96039604,100.0,1,32.07920792,100.0,1,46.53465347,100.0,1,50.89108911,100.0
2676,东莞证券西安唐延路证券营业部,1,9.94318182,100.0,1,13.35227273,100.0,1,1.98863636,100.0,1,6.25,100.0,1,-12.21590909,0.0
2677,东莞证券湖北分公司,1,-13.7299126,0.0,1,-13.09557372,0.0,1,-14.54750493,0.0,1,9.48689033,100.0,1,-23.89343107,0.0
2678,国元证券杭州体育馆路证券营业部,1,-5.09164969,0.0,1,-4.27698574,0.0,1,-8.96130346,0.0,1,-6.31364562,0.0,1,-1.01832994,0.0
2679,华福证券广州花城大道证券营业部,1,-7.14285714,0.0,1,0.0,0.0,1,10.71428571,100.0,1,32.14285714,100.0,1,35.71428571,100.0
2680,东方财富证券日喀则山东路证券营业部,1,3.44827586,100.0,1,-3.44827586,0.0,1,0.0,0.0,1,-10.34482759,0.0,0,0.0,0.0
2681,开源证券吉林分公司,1,-2.19560878,0.0,1,3.19361277,100.0,1,6.38722555,100.0,1,0.5988024,100.0,1,-2.79441118,0.0
2682,天风证券乌鲁木齐卫星路证券营业部,1,5.17241379,100.0,1,10.34482759,100.0,1,15.86206897,100.0,1,18.27586207,100.0,0,0.0,0.0
2683,中信建投证券金华宾虹路证券营业部,1,-5.0,0.0,1,-1.94029851,0.0,1,-1.56716418,0.0,1,-3.13432836,0.0,0,0.0,0.0
2684,中信建投证券临沂金雀山路证券营业部,1,-5.01113586,0.0,1,-9.74387528,0.0,1,-6.18040089,0.0,1,-6.40311804,0.0,1,-19.76614699,0.0
2685,中信建投证券上海闵行区顾戴路证券营业部,1,1.65008292,100.0,1,6.13598673,100.0,1,5.69651741,100.0,1,9.6185738,100.0,1,21.22719735,100.0
2686,中信建投证券惠州惠沙堤二路证券营业部,1,2.80096747,100.0,1,5.82819693,100.0,1,9.71366154,100.0,1,10.06475774,100.0,1,15.70109252,100.0
2687,太平洋证券青海分公司,1,2.78551532,100.0,1,1.39275766,100.0,1,3.06406685,100.0,1,13.64902507,100.0,1,6.40668524,100.0
2688,东方证券合肥梅山路证券营业部,1,1.31826742,100.0,1,-3.76647834,0.0,1,-8.66290019,0.0,1,-11.67608286,0.0,1,7.34463277,100.0
2689,湘财证券上海浦明路证券营业部,1,-2.75229358,0.0,1,0.91743119,100.0,1,-1.83486239,0.0,1,-9.40366972,0.0,1,-15.13761468,0.0
2690,招商证券北京平安大街证券营业部,1,20.00179388,100.0,1,34.37079559,100.0,1,48.89227733,100.0,1,58.20252937,100.0,1,96.4212037,100.0
2691,第一创业证券深圳金田路证券营业部,1,-0.46413502,0.0,1,-4.05063291,0.0,1,-2.76371308,0.0,1,-6.79324895,0.0,1,-16.4978903,0.0
2692,招商证券保定东风中路证券营业部,1,-8.52305896,0.0,1,-6.71336836,0.0,1,2.59778167,100.0,1,-10.0992411,0.0,1,5.07880911,100.0
2693,粤开证券汕头金砂东路证券营业部,1,-88.76811594,0.0,1,-89.85507246,0.0,1,-90.57971014,0.0,1,-88.76811594,0.0,1,-85.14492754,0.0
2694,金元证券徐州康宁路证券营业部,1,5.48523207,100.0,1,11.60337553,100.0,1,8.43881857,100.0,1,-2.53164557,0.0,1,1.47679325,100.0
2695,中泰证券嘉兴城南路证券营业部,1,-1.39771283,0.0,1,0.55061415,100.0,1,-1.05887336,0.0,1,0.50825921,100.0,1,16.94197374,100.0
2696,华福证券苏州总官堂路证券营业部,1,-10.00595593,0.0,1,-15.66408577,0.0,1,-20.72662299,0.0,1,-20.54794521,0.0,1,-17.33174509,0.0
2697,国泰海通证券北京安贞门证券营业部,1,-10.02405774,0.0,1,-14.27425822,0.0,1,-13.4723336,0.0,1,-13.07137129,0.0,1,-9.38251804,0.0
2698,国金证券无锡解放西路证券营业部,1,6.76086296,100.0,1,23.56426618,100.0,1,14.28137344,100.0,1,3.3120632,100.0,1,-6.85202066,0.0
2699,中山证券广州琶洲大道东证券营业部,1,0.07782101,100.0,1,5.05836576,100.0,1,-4.04669261,0.0,1,-3.9688716,0.0,0,0.0,0.0
2700,国金证券眉山大雅街证券营业部,1,-12.11353269,0.0,1,-12.06284845,0.0,1,-9.83274202,0.0,1,-15.56006082,0.0,1,-12.01216422,0.0
2701,东方财富证券浙江分公司,1,-4.98154982,0.0,1,-6.27306273,0.0,1,-9.45571956,0.0,1,-10.88560886,0.0,1,-11.900369,0.0
2702,华福证券慈溪新城大道北路证券营业部,1,4.92250043,100.0,1,-1.22636689,0.0,1,-1.20933401,0.0,1,-0.15329586,0.0,0,0.0,0.0
2703,国投证券深圳深南中路证券营业部,1,19.89795918,100.0,1,-4.08163265,0.0,1,-23.46938776,0.0,1,-40.81632653,0.0,1,-78.06122449,0.0
2704,东海证券杭州江南大道证券营业部,1,9.97888068,100.0,1,20.96092925,100.0,1,33.05174234,100.0,0,0.0,0.0,0,0.0,0.0
2705,国元证券揭阳黄岐山大道证券营业部,1,10.90909091,100.0,1,14.54545455,100.0,1,25.45454545,100.0,1,30.90909091,100.0,1,20.0,100.0
2706,金元证券临海鹿城路证券营业部,1,-4.31372549,0.0,1,0.39215686,100.0,1,5.49019608,100.0,1,4.31372549,100.0,1,2.74509804,100.0
2707,长城证券杭州民心路证券营业部,1,4.21511628,100.0,1,-2.90697674,0.0,1,1.30813953,100.0,0,0.0,0.0,0,0.0,0.0
2708,长江证券成都雅和北二路证券营业部,1,-4.08921933,0.0,1,-5.28894897,0.0,1,-4.66373775,0.0,1,-8.83744508,0.0,1,-9.83440351,0.0
2709,中国银河证券北京丽泽证券营业部,1,5.01333333,100.0,1,10.24,100.0,1,15.73333333,100.0,1,15.46666667,100.0,1,0.69333333,100.0
2710,东方财富证券北京朝内大街证券营业部,1,-10.0,0.0,1,-12.94642857,0.0,1,-21.60714286,0.0,1,-30.08928571,0.0,1,-24.91071429,0.0
2711,中国银河证券深圳光明证券营业部,1,-10.40462428,0.0,1,-14.6985962,0.0,1,-21.0569777,0.0,1,-25.43352601,0.0,1,-34.22791082,0.0
2712,天风证券武汉天地证券营业部,1,-0.9311667,0.0,1,-6.84681395,0.0,1,-12.48858864,0.0,1,-14.57002008,0.0,1,-21.01515428,0.0
2713,中国银河证券北京上地证券营业部,1,-2.04678363,0.0,1,-1.75438596,0.0,1,-4.87329435,0.0,1,-6.92007797,0.0,1,-14.32748538,0.0
2714,中国银河证券杭州登云路证券营业部,1,-10.00585138,0.0,1,-2.8476692,0.0,1,-5.40276965,0.0,1,-9.79130096,0.0,1,-15.37601529,0.0
2715,东北证券北京东城分公司,1,-0.81967213,0.0,1,-6.245121,0.0,1,-1.2490242,0.0,1,12.13895394,100.0,1,33.7236534,100.0
2716,国投证券赤峰临潢大街证券营业部,1,3.04054054,100.0,1,3.04054054,100.0,1,-3.04054054,0.0,1,-4.05405405,0.0,0,0.0,0.0
2717,财通证券龙港中环大厦证券营业部,1,7.48502994,100.0,1,4.10179641,100.0,1,3.89221557,100.0,1,-11.85628743,0.0,1,-7.78443114,0.0
2718,财通证券杭州环城北路证券营业部,1,-4.98241501,0.0,1,-9.73036342,0.0,1,-14.24384525,0.0,1,-18.64009379,0.0,1,-37.04572098,0.0
2719,国泰海通证券苏州南园北路证券营业部,1,5.79372197,100.0,1,20.27204783,100.0,1,23.16890882,100.0,1,19.50672646,100.0,1,2.89968595,100.0
2720,中信建投证券北京常惠路证券营业部,1,1.33440757,100.0,1,-8.85744499,0.0,1,-9.90986455,0.0,1,-13.69152525,0.0,1,-20.47937963,0.0
2721,国融证券绍兴中兴南路证券营业部,1,0.0,0.0,1,-10.01371742,0.0,1,-8.5048011,0.0,1,-17.00960219,0.0,1,-13.4430727,0.0
2722,中泰证券巨野县麒麟大道证券营业部,1,4.50797141,100.0,1,0.10995052,100.0,1,6.26717977,100.0,1,9.84057174,100.0,0,0.0,0.0
2723,国元证券深圳益田路证券营业部,1,5.00963391,100.0,1,2.31213873,100.0,1,-3.08285164,0.0,1,-1.15606936,0.0,0,0.0,0.0
2724,广发证券广州广州大道南证券营业部,1,4.8,100.0,1,10.4,100.0,1,12.0,100.0,1,11.2,100.0,0,0.0,0.0
2725,申港证券深圳分公司,1,10.0,100.0,1,-0.98484848,0.0,1,4.6969697,100.0,1,-11.36363636,0.0,1,-30.90909091,0.0
2726,平安证券厦门国际金融中心证券营业部,1,-8.98876404,0.0,1,-13.37078652,0.0,1,-15.73033708,0.0,1,-18.31460674,0.0,1,-21.92689397,0.0
2727,中信建投证券深圳宝安海秀路证券营业部,1,-2.31092437,0.0,1,-2.62605042,0.0,1,-4.93697479,0.0,1,1.8907563,100.0,0,0.0,0.0
2728,信达证券四川分公司,1,3.7127703,100.0,1,3.75356997,100.0,1,10.48551612,100.0,1,11.09864383,100.0,1,5.90750043,100.0
2729,中邮证券新疆分公司,1,5.00863558,100.0,1,-0.17271157,0.0,1,-5.18134715,0.0,1,-13.64421416,0.0,1,-64.93955095,0.0
2730,国投证券内蒙古分公司,1,-3.673938,0.0,1,-4.82204363,0.0,1,-5.62571757,0.0,1,-5.62571757,0.0,1,-11.94029851,0.0
2731,民生证券西安分公司,1,-9.97255261,0.0,1,-5.30649588,0.0,1,-10.33851784,0.0,1,-2.01280878,0.0,1,-20.03659652,0.0
2732,民生证券海口分公司,1,-6.92671734,0.0,1,-1.54883121,0.0,1,8.29628567,100.0,1,18.09837946,100.0,1,27.6351642,100.0
2733,东方财富证券信阳东方红大道证券营业部,1,-19.90740741,0.0,1,-35.87962963,0.0,1,-95.37037037,0.0,1,-96.06481481,0.0,1,-96.52777778,0.0
2734,东方财富证券北京望京北路证券营业部,1,-4.94296578,0.0,1,-9.69581749,0.0,1,-14.25855513,0.0,1,-57.2243346,0.0,1,-67.4904943,0.0
2735,华福证券重庆分公司,1,-1.9172553,0.0,1,-5.24722503,0.0,1,-3.8345106,0.0,1,4.23814329,100.0,1,-3.63269425,0.0
2736,天风证券襄阳分公司,1,-0.15384615,0.0,1,-3.46153846,0.0,1,-3.76923077,0.0,1,1.84615385,100.0,1,4.53846154,100.0
2737,东方证券徐州和平路证券营业部,1,-8.22922325,0.0,1,-9.2884302,0.0,1,-15.20912548,0.0,1,-21.29277567,0.0,1,-20.96686583,0.0
2738,东方证券洛阳开元大道证券营业部,1,-6.85618729,0.0,1,-2.84280936,0.0,1,11.53846154,100.0,1,6.02006689,100.0,1,-1.00334448,0.0
2739,东方证券广州广州大道中路证券营业部,1,1.57894737,100.0,0,0.0,0.0,0,0.0,0.0,0,0.0,0.0,0,0.0,0.0
2740,华鑫证券山东分公司,1,-8.09605489,0.0,1,-11.86963979,0.0,1,-14.95711835,0.0,1,-23.97941681,0.0,1,-20.19044351,0.0
2741,华西证券台州东海大道证券营业部,1,-10.52631579,0.0,1,-21.05263158,0.0,1,-15.78947368,0.0,1,-15.78947368,0.0,1,-21.05263158,0.0
2742,中泰证券武汉欢乐大道证券营业部,1,3.87536004,100.0,1,5.1060487,100.0,1,2.98507463,100.0,1,1.54490704,100.0,1,8.69337523,100.0
2743,招商证券重庆金沙门路证券营业部,1,6.31578947,100.0,1,1.47368421,100.0,1,6.52631579,100.0,1,17.47368421,100.0,1,6.52631579,100.0
2744,中泰证券深圳科苑南路证券营业部,1,9.99842544,100.0,1,15.68256967,100.0,1,14.06077783,100.0,1,17.05243269,100.0,1,7.44764604,100.0
2745,湘财证券厦门七星西路证券营业部,1,10.0082713,100.0,1,6.94789082,100.0,1,4.1356493,100.0,1,5.21091811,100.0,1,-7.89909016,0.0
2746,财通证券深圳凤凰大道证券营业部,1,1.67032967,100.0,1,2.10989011,100.0,1,-14.81318681,0.0,1,-15.78021978,0.0,1,-2.41758242,0.0
2747,国盛证券河南分公司,1,29.97455471,100.0,1,26.25954198,100.0,1,31.043257,100.0,1,-5.24173028,0.0,1,0.50890585,100.0
2748,东方财富证券青岛香港中路证券营业部,1,-5.6,0.0,1,-6.93333333,0.0,1,-11.2,0.0,1,-11.73333333,0.0,1,-12.0,0.0
2749,长江证券聊城东昌西路证券营业部,1,-5.07614213,0.0,1,-9.64467005,0.0,1,-14.21319797,0.0,1,-22.33502538,0.0,1,-33.50253807,0.0
2750,申港证券浙江分公司,1,10.0,100.0,1,-0.98484848,0.0,1,4.6969697,100.0,1,-11.36363636,0.0,1,-30.90909091,0.0
2751,东北证券台州中心大道证券营业部,1,6.86098655,100.0,1,-9.10313901,0.0,1,-19.7309417,0.0,1,-29.12556054,0.0,1,-30.98654709,0.0
2752,东兴证券奎屯团结南街证券营业部,1,-1.30434783,0.0,1,3.13043478,100.0,1,3.47826087,100.0,1,-2.60869565,0.0,1,19.30434783,100.0
2753,国投证券湖州仁皇山路证券营业部,1,-1.05527638,0.0,1,28.61809045,100.0,1,50.75376884,100.0,1,78.3919598,100.0,1,23.41708543,100.0
2754,中邮证券上海分公司,1,10.01494768,100.0,1,7.62331839,100.0,1,8.81913303,100.0,1,5.45590433,100.0,1,-2.76532138,0.0
2755,国投证券上海虹口区杨树浦路证券营业部,1,-1.31147541,0.0,1,0.42622951,100.0,1,7.18032787,100.0,1,-7.19672131,0.0,0,0.0,0.0
2756,华西证券成都聚龙路证券营业部,1,0.90909091,100.0,1,2.38636364,100.0,1,1.93181818,100.0,1,3.97727273,100.0,0,0.0,0.0
2757,中邮证券成都高新区证券营业部,1,2.77268561,100.0,1,0.25206233,100.0,1,4.49129239,100.0,1,3.91842346,100.0,1,-2.61228231,0.0
2758,中邮证券无锡县前东街证券营业部,1,-5.00807754,0.0,1,-9.69305331,0.0,1,-14.21647819,0.0,1,-12.92407108,0.0,1,-21.97092084,0.0
2759,华安证券武汉中北路证券营业部,1,-1.5625,0.0,1,-0.78125,0.0,1,-4.6875,0.0,1,-3.125,0.0,1,3.90625,100.0
2760,华宝证券广州花城大道证券营业部,1,-4.73372781,0.0,1,-9.46745562,0.0,1,-14.20118343,0.0,1,-22.4852071,0.0,1,-15.97633136,0.0
2761,江海证券山西分公司,1,5.77326802,100.0,1,0.62981106,100.0,1,-5.94821554,0.0,1,-4.82855143,0.0,0,0.0,0.0
2762,中国银河证券天台赤城路证券营业部,1,-10.52631579,0.0,1,-12.28070175,0.0,1,-15.78947368,0.0,1,-17.54385965,0.0,1,-28.07017544,0.0
2763,中国银河证券浦江人民东路证券营业部,1,-16.30309989,0.0,1,-21.81400689,0.0,1,-21.58438576,0.0,1,-34.21354765,0.0,1,-34.6727899,0.0
2764,招商证券北京亦庄证券营业部,1,-4.98402556,0.0,1,-9.71246006,0.0,1,-5.17571885,0.0,1,-9.6485623,0.0,1,-8.75399361,0.0
2765,招商证券深圳湾科技生态园证券营业部,1,-8.95622896,0.0,1,-13.4006734,0.0,1,-14.54545455,0.0,1,-16.9023569,0.0,1,-17.64309764,0.0
2766,招商证券北京朝阳公园路证券营业部,1,10.00751315,100.0,1,21.00676183,100.0,1,32.23140496,100.0,1,7.10743802,100.0,1,12.081142,100.0
2767,招商证券上海虹口区东大名路证券营业部,1,-1.44046095,0.0,1,-4.16133163,0.0,1,-1.6709347,0.0,1,1.79257362,100.0,0,0.0,0.0
2768,国泰海通证券阳江金园路证券营业部,1,-5.03211991,0.0,1,-9.74304069,0.0,1,-14.23982869,0.0,1,-20.23554604,0.0,1,-25.37473233,0.0
2769,财信证券深圳龙华和平路证券营业部,1,-3.54998695,0.0,1,9.60584704,100.0,1,4.67240929,100.0,1,17.98486035,100.0,1,9.57974419,100.0
