序号,营业部名称,上榜后1天-买入次数,上榜后1天-平均涨幅,上榜后1天-上涨概率,上榜后2天-买入次数,上榜后2天-平均涨幅,上榜后2天-上涨概率,上榜后3天-买入次数,上榜后3天-平均涨幅,上榜后3天-上涨概率,上榜后5天-买入次数,上榜后5天-平均涨幅,上榜后5天-上涨概率,上榜后10天-买入次数,上榜后10天-平均涨幅,上榜后10天-上涨概率
1,国泰海通,539,-0.339467971336,45.083487940631,515,-0.981210710252,40.194174757282,495,-1.31107681295,40.0,428,-0.427833594463,40.420560747664,267,0.945032273296,47.565543071161
2,深股通专用,504,0.164043013591,48.611111111111,482,-0.214335689212,45.435684647303,462,-0.80942568368,40.692640692641,405,0.211664027605,49.382716049383,289,-1.569109146678,39.446366782007
3,沪股通专用,458,0.020239892249,47.379912663756,435,-0.117866776276,43.908045977012,417,-0.686203753597,42.685851318945,362,-0.047642114475,42.265193370166,258,0.236521981279,44.186046511628
4,高盛(中国)证券上海浦东新区世纪大道证券营业部,431,-0.125579462807,47.099767981439,412,-0.457644964053,43.203883495146,396,-0.641536951465,42.424242424242,348,0.343872539339,41.666666666667,234,1.956694326752,47.863247863248
5,中信证券上海分公司,378,-0.097250430317,47.089947089947,365,-0.351669225918,42.739726027397,357,-0.50761320493,40.616246498599,311,0.668161434534,43.729903536978,191,3.709471044398,50.261780104712
6,瑞银证券上海花园石桥路证券营业部,217,-0.370286728341,42.396313364055,208,-0.438108083269,41.826923076923,195,-0.621096475949,41.538461538462,166,0.593049063434,44.578313253012,109,1.513097928807,46.788990825688
7,东方财富证券拉萨东环路第二证券营业部,173,-1.74415748,36.416184971098,162,-2.709394604568,32.716049382716,152,-3.097305862697,30.921052631579,129,-2.17992559938,38.759689922481,82,-7.04450708,25.609756097561
8,东方财富证券拉萨金融城南环路证券营业部,173,-2.392729637168,31.791907514451,159,-4.358605704654,23.899371069182,149,-5.47726783557,26.174496644295,132,-6.06686565553,28.030303030303,93,-8.912708578925,27.956989247312
9,开源证券西安太华路证券营业部,170,0.191872996118,50.0,164,-0.171942384573,46.341463414634,159,-1.433975791321,39.622641509434,135,-1.604861347852,43.703703703704,86,-1.909489114535,38.372093023256
10,华泰证券营业总部(非营业场所),147,-0.040180620816,46.938775510204,144,-0.754747308819,39.583333333333,138,-1.314275412899,39.130434782609,116,-1.901924296552,37.931034482759,69,2.187873367536,49.275362318841
11,摩根大通证券(中国)上海银城中路证券营业部,138,-0.31422803029,44.927536231884,134,0.021652759254,42.537313432836,132,0.686676350455,47.727272727273,121,1.887778283636,42.148760330579,74,6.011927050946,52.702702702703
12,东方财富证券拉萨团结路第一证券营业部,120,-1.932720904167,38.333333333333,111,-3.955256359009,24.324324324324,105,-4.500273361238,25.714285714286,97,-4.106627946289,37.113402061856,67,-8.78278164209,23.880597014925
13,中信证券深圳深南中路中信大厦证券营业部,116,-0.6897812075,50.0,111,-0.224030945856,53.153153153153,104,-0.737397270673,48.076923076923,91,2.606477784505,50.549450549451,58,-0.071861008448,44.827586206897
14,中国国际金融上海分公司,113,-0.523878627345,42.477876106195,107,-1.819487568505,36.448598130841,103,-1.629416222524,41.747572815534,85,-1.655762953647,44.705882352941,47,3.671403967021,40.425531914894
15,中信建投证券上海营口路证券营业部,107,0.808893283551,57.009345794393,101,-1.558620725347,33.663366336634,100,-2.7860769509,24.0,80,-2.397997154625,31.25,35,-3.154529698286,31.428571428571
16,东方财富证券山南香曲东路证券营业部,89,-1.50200456236,34.831460674157,81,-3.681318603951,25.925925925926,75,-4.868679364933,28.0,70,-6.211745292286,31.428571428571,48,-6.575879990625,33.333333333333
17,国金证券深圳分公司,88,-2.963007829091,29.545454545455,86,-4.099463057093,32.558139534884,83,-4.334238696024,30.120481927711,73,-5.085557342329,34.246575342466,56,-14.060298012143,14.285714285714
18,东方财富证券拉萨团结路第二证券营业部,81,-1.791338085802,40.740740740741,76,-3.8031522575,30.263157894737,73,-4.961848664932,27.397260273973,67,-4.636649034179,32.835820895522,49,-5.317712056327,38.775510204082
19,国信证券浙江互联网分公司,80,-4.295946429125,20.0,73,-7.723434307671,10.958904109589,68,-7.974718286029,23.529411764706,62,-8.594245953065,24.193548387097,48,-13.313934376667,18.75
20,国信证券深圳互联网分公司,74,-2.590431289324,32.432432432432,68,-3.605421568382,33.823529411765,64,-4.00322423,32.8125,56,-6.368387045179,19.642857142857,26,-10.703963751539,23.076923076923
21,华鑫证券绍兴胜利东路证券营业部,64,0.822390770313,56.25,62,0.31184476371,45.161290322581,62,-1.060795901613,46.774193548387,54,-1.683757050185,35.185185185185,36,-5.506015633611,33.333333333333
22,东方财富证券拉萨东环路第一证券营业部,56,-2.418206536786,37.5,53,-4.748737998491,24.528301886793,50,-3.3822439822,40.0,46,-4.401553381957,39.130434782609,28,-8.181874735714,32.142857142857
23,国新证券北京分公司,48,-0.113892909167,47.916666666667,46,-0.606857157174,47.826086956522,45,-1.342687560444,51.111111111111,38,-0.673491293684,47.368421052632,25,0.4769866756,44.0
24,国泰海通证券武汉紫阳东路证券营业部,46,2.105215197609,56.521739130435,45,3.869178523556,66.666666666667,44,4.861700526591,65.909090909091,40,7.23764395625,70.0,37,6.526066434865,51.351351351351
25,东方财富证券昌都两江大道证券营业部,43,-1.566949872791,44.186046511628,40,-3.276738549,37.5,39,-5.753612908718,30.769230769231,33,-7.486983254848,30.30303030303,22,-7.972050709545,31.818181818182
26,国泰海通证券上海松江区中山东路证券营业部,40,0.8999321565,52.5,39,0.991352498205,56.410256410256,38,-0.819959665263,44.736842105263,35,-2.414638172286,42.857142857143,20,-3.37036969,35.0
27,国泰海通证券上海长宁区江苏路证券营业部,39,3.153974865641,71.794871794872,32,3.118880064375,65.625,29,2.080192682759,58.620689655172,29,1.187469489655,51.724137931035,22,2.406981546364,50.0
28,国泰海通证券南京太平南路证券营业部,36,-1.152717405833,36.111111111111,36,-1.663223546111,36.111111111111,35,-1.420928059429,37.142857142857,31,-1.808129000645,41.935483870968,20,-1.5147790535,45.0
29,国信证券深圳红岭中路证券营业部,36,-3.163436770278,19.444444444444,35,-4.623932200571,20.0,33,-4.212504409091,24.242424242424,28,-6.343546029643,25.0,20,-14.698631224,20.0
30,国泰海通证券北京知春路证券营业部,31,0.782668507742,51.612903225806,30,2.085782591667,63.333333333333,28,0.040892709643,46.428571428571,27,-0.659952158519,48.148148148148,19,-1.070564572105,36.842105263158
31,平安证券杭州曙光路证券营业部,26,0.32745205,46.153846153846,25,2.266219352,48.0,22,2.478425377727,50.0,18,4.342123030556,55.555555555556,15,3.357907720667,40.0
32,中泰证券常州惠国路证券营业部,26,-1.632030078846,30.769230769231,24,-1.401596747083,33.333333333333,21,-2.772266497143,28.571428571429,15,-0.130726784667,33.333333333333,9,-2.436778654444,33.333333333333
33,华泰证券宁波柳汀街证券营业部,22,-1.560662419545,22.727272727273,22,-2.285891353636,13.636363636364,19,-3.131474195789,26.315789473684,13,3.762502977692,38.461538461539,5,-1.464052288,40.0
34,国泰海通证券上海自贸试验区第二分公司,22,0.499795799091,50.0,21,1.083481770952,47.619047619048,21,-0.501678818095,47.619047619048,21,-2.89989729381,42.857142857143,14,-3.45252236,35.714285714286
35,国泰海通证券成都北一环路证券营业部,21,2.976357291429,57.142857142857,21,4.269664087143,66.666666666667,20,5.2115731215,75.0,20,5.5137862335,60.0,18,3.450635111667,38.888888888889
36,中信证券杭州延安路证券营业部,21,0.40013938619,52.380952380952,21,-0.623336569048,42.857142857143,21,-2.114695641905,28.571428571429,19,2.705471585789,57.894736842105,15,-2.669435493333,40.0
37,招商证券深圳益田路免税商务大厦证券营业部,21,1.695936738571,61.904761904762,19,0.231843938947,47.368421052632,19,-0.504308323684,42.105263157895,16,-0.961825569375,50.0,10,1.761032432,40.0
38,国信证券北京分公司,21,-1.046125783333,47.619047619048,19,-2.495553037368,31.578947368421,19,-2.292651340526,42.105263157895,17,-1.342105298235,35.294117647059,11,-4.796739614545,27.272727272727
39,东方财富证券拉萨东城区江苏大道证券营业部,21,0.044463830952,42.857142857143,18,-1.12258215,33.333333333333,18,-0.393600068333,44.444444444444,14,-3.296463658571,50.0,8,-4.2874395725,37.5
40,华鑫证券上海陆家嘴证券营业部,20,-0.74803664,55.0,20,-1.0577439955,30.0,19,-1.029931086316,31.578947368421,17,0.610958555882,47.058823529412,12,-2.1034427325,41.666666666667
41,国泰海通证券上海分公司,19,1.315920653684,42.105263157895,19,0.400319102632,57.894736842105,19,-0.344690486316,52.631578947368,19,1.151402454737,47.368421052632,17,0.968515397647,52.941176470588
42,国新证券北京中关村大街证券营业部,18,-1.355959051111,38.888888888889,17,0.362521315882,52.941176470588,17,1.945787427647,58.823529411765,16,1.969429066875,56.25,6,-0.954439051667,50.0
43,平安证券浙江分公司,17,-3.113007047059,23.529411764706,17,-2.924124532353,35.294117647059,16,-3.876838544375,37.5,14,-2.734329703571,42.857142857143,12,-10.306351573333,25.0
44,中信建投证券北京东城分公司,17,-1.508404477059,23.529411764706,17,-4.288251092353,23.529411764706,17,-2.795871233529,17.647058823529,15,-5.844424448,20.0,13,-14.484147299231,23.076923076923
45,华泰证券深圳益田路荣超商务中心证券营业部,17,-1.729647687059,35.294117647059,17,-3.103408814706,23.529411764706,14,-2.220257543571,35.714285714286,13,0.818897155385,46.153846153846,9,7.012180786667,66.666666666667
46,东莞证券南京分公司,17,-0.281088668824,35.294117647059,15,-1.171577342667,26.666666666667,15,-0.427087833333,46.666666666667,11,-2.100873996364,27.272727272727,6,-0.583184628333,50.0
47,联储证券陕西分公司,16,-0.29552444125,56.25,13,-4.887173238462,15.384615384615,13,-7.965356755385,7.692307692308,10,-6.324645262,20.0,8,-5.13694287,25.0
48,中信证券浙江分公司,15,-2.07050933,40.0,14,-3.162087532143,28.571428571429,14,-4.954326155,21.428571428571,14,-6.265492037857,21.428571428571,8,-9.90850148375,25.0
49,中信证券北京分公司,14,0.047544371429,50.0,14,-3.179269307143,28.571428571429,11,-5.32813902,18.181818181818,10,-8.086995863,10.0,5,-17.40571399,0.0
50,中国中金财富证券广州番禺东兴路证券营业部,14,0.592459480714,57.142857142857,14,2.082776625,57.142857142857,13,4.460447083846,53.846153846154,10,4.754082918,50.0,4,8.2096372575,25.0
51,中泰证券宁波分公司,14,0.425881325,42.857142857143,14,-2.943852586429,28.571428571429,14,-2.654917456429,21.428571428571,6,1.486824045,66.666666666667,1,-15.89274035,0.0
52,华鑫证券上海徐汇区瑞平路证券营业部,14,2.451955085,57.142857142857,14,3.04686621,50.0,13,5.153034993077,53.846153846154,10,3.756899097,40.0,6,-2.11029052,33.333333333333
53,华泰证券上海浦东新区世纪大道证券营业部,13,1.425979193846,46.153846153846,13,-0.331448746923,46.153846153846,13,-0.238291416154,46.153846153846,11,3.490395768182,54.545454545455,7,5.678389917143,71.428571428571
54,国泰海通证券湛江万豪世家证券营业部,13,1.086863121538,53.846153846154,13,0.331077116154,38.461538461539,13,0.330481856154,38.461538461539,11,0.80693761,36.363636363636,7,7.516013117143,85.714285714286
55,招商证券上海世纪大道证券营业部,12,0.487279690833,50.0,11,-0.978986597273,36.363636363636,11,-0.033889127273,36.363636363636,8,1.33436968125,25.0,4,-23.907050485,0.0
56,华泰证券上海武定路证券营业部,12,-2.921596304167,16.666666666667,12,-4.911361919167,8.333333333333,12,-4.327235325,25.0,12,-0.89254497,41.666666666667,8,-2.4944584,25.0
57,中信证券北京天通苑证券营业部,12,-1.531959364167,41.666666666667,11,-1.054374559091,45.454545454546,9,0.692483912222,44.444444444444,6,2.603136366667,66.666666666667,2,-17.26346233,0.0
58,国金证券深圳湾一号证券营业部,12,0.550934115833,50.0,12,-1.486261933333,33.333333333333,11,-3.823157084545,18.181818181818,9,-11.021397532222,22.222222222222,7,-19.75720044,0.0
59,开源证券西安高新成章路证券营业部,12,1.06570935,41.666666666667,12,0.112347546667,50.0,12,-1.812977468333,58.333333333333,11,-1.996038942727,45.454545454546,8,5.06850523625,37.5
60,东亚前海证券上海分公司,12,0.426571604167,41.666666666667,12,-1.265078495833,41.666666666667,12,-5.048697113333,16.666666666667,12,-2.9281639625,33.333333333333,9,1.558916111111,55.555555555556
61,开源证券西安西大街证券营业部,11,-3.571977105455,27.272727272727,11,-3.637316882727,36.363636363636,11,-2.067653402727,36.363636363636,11,-3.649625362727,27.272727272727,7,-5.906193944286,42.857142857143
62,东吴证券上海西藏南路证券营业部,11,-0.352103750909,27.272727272727,11,-1.736389519091,18.181818181818,10,-2.355102082,30.0,9,-1.032753174444,33.333333333333,4,-11.5834756475,25.0
63,国泰海通证券上海静安区新闸路证券营业部,11,-3.246530754545,27.272727272727,11,-2.091525301818,36.363636363636,10,-8.854941202,30.0,5,-11.12965044,40.0,2,-14.67622626,0.0
64,东莞证券四川分公司,11,-0.360536463636,63.636363636364,10,-4.659087132,40.0,10,-3.422566315,50.0,8,3.364764265,50.0,4,0.97610906,50.0
65,东亚前海证券浙江分公司,10,5.874751455,80.0,10,9.427893112,70.0,9,9.888169196667,44.444444444444,9,8.998287978889,44.444444444444,7,11.771943002857,42.857142857143
66,国信证券深圳泰然九路证券营业部,10,-0.573180699,50.0,10,-3.42140601,40.0,10,-4.363182542,30.0,7,-3.401123627143,42.857142857143,3,-6.69279802,33.333333333333
67,华泰证券北京东三环北路证券营业部,10,0.508984729,50.0,10,-0.778421278,40.0,9,-5.94779624,22.222222222222,8,-9.00466108125,25.0,3,-4.20785954,33.333333333333
68,华泰证券上海普陀区江宁路证券营业部,10,1.851539422,40.0,10,-0.468867913,40.0,9,0.687812972222,44.444444444444,8,1.4131030225,50.0,3,7.93088406,66.666666666667
69,兴业证券湖北分公司,10,0.405398232,30.0,9,-1.816046997778,33.333333333333,9,0.011874323333,33.333333333333,7,0.340664171429,28.571428571429,2,-4.631578945,0.0
70,华源证券江苏分公司,10,3.988758899,90.0,10,2.847737677,50.0,10,-2.580697584,20.0,8,2.13677574,50.0,2,39.54626386,50.0
71,国泰海通证券三亚迎宾路证券营业部,10,1.42372572,60.0,10,2.18718933,60.0,9,2.628046811111,66.666666666667,8,10.71241998875,100.0,6,-4.026583231667,50.0
72,东亚前海证券苏州分公司,9,2.09939348,55.555555555556,9,1.287397206667,55.555555555556,9,0.533785556667,33.333333333333,9,1.931153388889,44.444444444444,7,5.685527481429,42.857142857143
73,中国银河证券北京学院南路证券营业部,9,0.221533207778,44.444444444444,9,-2.824017801111,33.333333333333,9,-0.971337447778,44.444444444444,9,2.463411025556,44.444444444444,8,-1.11719278,50.0
74,中国银河证券宜昌新世纪证券营业部,9,-3.309715882222,33.333333333333,9,-4.192130893333,22.222222222222,8,-4.5039596875,37.5,7,-1.889369962857,42.857142857143,5,-0.752844366,40.0
75,东方财富证券上海东方路证券营业部,9,4.408185136667,66.666666666667,9,3.440124847778,33.333333333333,8,4.43355164125,37.5,7,9.001256974286,57.142857142857,5,-4.930136426,40.0
76,东吴证券苏州西北街证券营业部,9,-5.257205857778,22.222222222222,9,-5.975960011111,22.222222222222,9,-7.592147892222,33.333333333333,9,-11.669600293333,11.111111111111,7,-10.586306481429,28.571428571429
77,中信建投证券杭州庆春路证券营业部,9,1.143298992222,44.444444444444,9,1.714020046667,66.666666666667,9,-1.913374222222,66.666666666667,9,-3.205111407778,33.333333333333,7,-2.981867211429,28.571428571429
78,平安证券上海分公司,9,-3.895134897778,22.222222222222,8,-7.73262103875,12.5,6,-6.068259965,33.333333333333,4,-3.0779882625,50.0,2,-5.521049,50.0
79,长江证券上海东明路证券营业部,9,-4.315807616667,33.333333333333,9,-5.1973573,33.333333333333,9,-6.464142697778,33.333333333333,7,-1.985089044286,42.857142857143,6,-5.031082118333,33.333333333333
80,中国中金财富证券上海徐汇区淮海中路证券营业部,9,-0.229528465556,33.333333333333,8,2.37606750125,50.0,7,8.898405401429,71.428571428571,4,21.8954674425,100.0,0,0.0,0.0
81,东亚前海证券深圳分公司,9,1.992536168889,55.555555555556,8,3.91833830375,62.5,8,2.60877353125,37.5,8,-1.85061755,37.5,5,-10.454609406,0.0
82,浙商证券杭州五星路证券营业部,9,0.021124734444,44.444444444444,9,-0.496499248889,44.444444444444,9,-0.920147327778,44.444444444444,9,-1.976510055556,44.444444444444,6,-2.227179483333,50.0
83,华泰证券上海黄浦区来福士广场证券营业部,8,3.65550360375,75.0,8,8.34244672875,87.5,8,8.4030452075,75.0,7,11.662005035714,71.428571428571,7,0.292792744286,42.857142857143
84,广发证券广西分公司,8,-1.40926641,25.0,6,0.149177666667,33.333333333333,5,-1.473496452,20.0,5,-1.152080962,40.0,1,-5.88235294,0.0
85,平安证券江苏分公司,8,-3.24826619,37.5,7,-4.611326335714,42.857142857143,7,-7.529598828571,28.571428571429,6,-8.93410531,50.0,2,3.72457044,50.0
86,国盛证券杭州建设三路证券营业部,8,1.5547749575,50.0,8,2.61066475125,62.5,8,3.7785060325,62.5,8,1.55938618625,62.5,4,17.765323925,50.0
87,广发证券武汉纺织路证券营业部,8,-1.67177287625,25.0,7,-2.610877685714,14.285714285714,7,0.061858077143,28.571428571429,5,11.20751634,40.0,1,11.11111111,100.0
88,中国银河证券北京陶然桥证券营业部,8,-4.6246970775,25.0,7,-6.940850622857,0.0,6,-10.804767975,0.0,6,-5.50855431,33.333333333333,3,1.377621656667,66.666666666667
89,国金证券上海静安区南京西路证券营业部,8,-2.41026838,12.5,8,-1.9957268375,50.0,8,-2.5126360275,25.0,7,-3.456066272857,42.857142857143,7,-13.413818224286,14.285714285714
90,广发证券佛山顺德诚德路证券营业部,8,-4.2425136775,12.5,6,-4.593756925,33.333333333333,6,-4.39997888,33.333333333333,5,-7.096068986,20.0,2,-7.58407629,0.0
91,国盛证券宁波桑田路证券营业部,8,2.77298318625,62.5,7,-0.411007334286,28.571428571429,6,-2.325618928333,66.666666666667,4,1.2130639875,50.0,4,-3.214860815,25.0
92,国信证券北京朝阳门证券营业部,8,-2.974213635,25.0,6,-5.563674091667,16.666666666667,6,-5.64912048,33.333333333333,5,5.809886366,80.0,4,3.4497229175,50.0
93,东海证券福州长乐北路证券营业部,8,7.47498375,87.5,7,9.768820391429,85.714285714286,6,8.322996501667,66.666666666667,5,5.213016072,60.0,5,3.281773022,40.0
94,天风证券深圳分公司,8,-3.19582255,25.0,7,-6.830927354286,28.571428571429,6,-7.117955536667,50.0,5,-0.739468644,60.0,4,-2.3250447825,25.0
95,华泰证券上海徐汇区龙启路证券营业部,7,-2.84011123,14.285714285714,7,-5.924703577143,0.0,6,-7.661665761667,0.0,4,-4.3337267475,50.0,4,-9.9927640075,25.0
96,金融街证券沈阳奉天街证券营业部,7,4.605392034286,100.0,7,0.355846762857,57.142857142857,7,-2.094479324286,14.285714285714,5,-2.348465584,0.0,0,0.0,0.0
97,万联证券内江兰桂大道证券营业部,7,2.073470827143,57.142857142857,7,3.973365454286,71.428571428571,6,7.659917635,83.333333333333,5,6.407257992,60.0,2,2.02294686,50.0
98,华泰证券深圳深南大道证券营业部,7,-4.476316468571,14.285714285714,6,-6.50292163,16.666666666667,6,-10.04524371,0.0,5,-11.701395058,20.0,3,-18.86880316,0.0
99,方正证券温岭安平东路证券营业部,7,-1.822499024286,28.571428571429,7,-0.926378951429,42.857142857143,7,-1.777287658571,28.571428571429,6,-2.863104518333,33.333333333333,5,-14.453026784,20.0
100,东吴证券苏州相城大道证券营业部,7,-0.905685347143,28.571428571429,6,2.246059381667,50.0,6,1.551077843333,50.0,6,-3.286716146667,50.0,2,11.352592765,50.0
101,长城证券前海分公司,7,-2.039709881429,14.285714285714,7,-3.86373275,14.285714285714,7,-1.462532708571,28.571428571429,7,3.449671392857,57.142857142857,4,-7.710641155,25.0
102,浙商证券宁波分公司,7,0.992019827143,42.857142857143,6,7.879049768333,83.333333333333,5,14.374101728,80.0,4,17.38163395,75.0,3,38.097871013333,100.0
103,方正证券杭州萧山金城路证券营业部,7,0.021498405714,28.571428571429,7,1.675037014286,42.857142857143,6,1.43696328,50.0,4,-0.711237555,25.0,0,0.0,0.0
104,华创证券北京西直门证券营业部,7,2.378910052857,57.142857142857,6,8.000714378333,83.333333333333,5,7.822928132,60.0,5,14.142889256,60.0,2,-16.98019617,0.0
105,东方证券泉州津淮街证券营业部,7,2.112332514286,71.428571428571,7,2.967528222857,57.142857142857,7,3.294232462857,28.571428571429,7,7.097361161429,57.142857142857,1,16.4893617,100.0
106,东方证券无锡梁清路证券营业部,7,1.155464895714,57.142857142857,7,3.184273061429,57.142857142857,7,3.046788964286,57.142857142857,6,5.828597488333,50.0,5,8.778529458,40.0
107,东北证券佛山分公司,7,-0.021846881429,57.142857142857,7,4.561072717143,57.142857142857,7,3.399327752857,42.857142857143,5,9.54607046,60.0,4,24.29226261,50.0
108,长江证券安徽分公司,7,3.143579912857,57.142857142857,7,3.152723981429,57.142857142857,7,-0.027040964286,42.857142857143,7,0.436965285714,57.142857142857,3,3.981693363333,33.333333333333
109,国泰海通证券广州珠江新城证券营业部,6,5.915665196667,83.333333333333,6,2.257557781667,50.0,6,-3.823839231667,33.333333333333,6,-6.267519115,33.333333333333,5,-21.46874181,20.0
110,国联民生证券宁波财神殿南路证券营业部,6,1.163171498333,50.0,5,2.38702335,60.0,4,-2.3752235125,50.0,3,-9.04152263,33.333333333333,1,-23.61111111,0.0
111,华泰证券深圳彩田路证券营业部,6,-0.839424103333,16.666666666667,4,-0.3938937575,25.0,4,1.8874713475,50.0,4,4.5265343325,75.0,4,3.2297514375,25.0
112,中国银河证券北京珠市口大街证券营业部,6,2.368213843333,50.0,6,0.852194865,33.333333333333,6,-1.259404361667,33.333333333333,5,2.292213888,40.0,1,-5.7591623,0.0
113,招商证券北京建国路证券营业部,6,2.953695468333,66.666666666667,6,2.101458086667,66.666666666667,6,1.56294773,66.666666666667,6,0.803209,33.333333333333,4,-6.8529495525,25.0
114,国泰海通证券广州东风中路证券营业部,6,1.08234848,66.666666666667,6,0.332083276667,66.666666666667,6,-3.030985126667,33.333333333333,5,0.089828188,60.0,3,-11.63786213,33.333333333333
115,国泰海通证券哈尔滨兴江路证券营业部,6,-1.15635998,33.333333333333,5,1.270320094,60.0,5,2.352941176,40.0,5,0.073738898,40.0,3,-5.664488016667,0.0
116,华鑫证券上海宛平南路证券营业部,6,0.13003447,50.0,5,-3.851048344,20.0,5,-2.482993082,20.0,1,-3.30500472,0.0,1,-3.90934844,0.0
117,中国银河证券南京王府大街证券营业部,6,-0.13933121,16.666666666667,6,-2.614118896667,0.0,6,-6.586901391667,0.0,6,-10.457065345,16.666666666667,3,-16.67374381,0.0
118,国信证券福州五一中路证券营业部,6,-4.365830496667,33.333333333333,6,-5.453367518333,50.0,6,-8.171149405,33.333333333333,5,1.715120896,60.0,3,-1.418071623333,33.333333333333
119,国信证券佛山分公司,6,1.479246208333,50.0,6,1.848284491667,66.666666666667,5,-0.854780354,60.0,5,-0.636378684,20.0,0,0.0,0.0
120,国盛证券上海徐汇区虹桥路证券营业部,6,1.616984998333,33.333333333333,6,-0.083409413333,33.333333333333,6,-1.86623401,33.333333333333,6,-8.537834381667,0.0,1,-5.55555556,0.0
121,申万宏源证券深圳彩田路证券营业部,6,0.602532776667,50.0,6,2.612773105,66.666666666667,6,2.777042686667,50.0,6,7.323198485,66.666666666667,4,16.97949342,75.0
122,国信证券厦门湖滨北路证券营业部,6,-0.130351206667,50.0,6,-2.861815991667,16.666666666667,6,-3.767740111667,16.666666666667,5,-1.37052717,20.0,4,0.207358805,25.0
123,国投证券上海虹桥路证券营业部,6,-0.317460318333,33.333333333333,5,2.523809524,60.0,4,2.8273809525,25.0,3,17.43386243,33.333333333333,0,0.0,0.0
124,东方财富证券林芝广州大道证券营业部,6,-2.055466885,33.333333333333,6,-5.84048721,0.0,6,-4.790622001667,16.666666666667,6,-6.242011516667,33.333333333333,5,-8.567225472,40.0
125,中国银河证券三亚迎宾路证券营业部,6,0.750451935,33.333333333333,6,3.105954055,66.666666666667,6,4.443524948333,66.666666666667,6,-3.149700746667,50.0,4,-4.0512422125,50.0
126,中国中金财富证券北京望京启阳路证券营业部,6,-4.642903701667,16.666666666667,6,-7.716936366667,16.666666666667,6,-6.698958471667,33.333333333333,5,-4.374600284,60.0,3,-6.063321386667,33.333333333333
127,平安证券深圳金田路证券营业部,6,-1.771943781667,16.666666666667,6,-4.243244465,16.666666666667,6,-1.861672533333,33.333333333333,5,-1.762512896,40.0,3,-7.335257033333,0.0
128,中国中金财富证券南通如东青园北路证券营业部,6,-3.734562123333,33.333333333333,5,-8.407534846,20.0,5,-10.05174783,20.0,3,-9.304307836667,33.333333333333,2,-7.72193499,0.0
129,中国银河证券南京大明路证券营业部,6,1.051056153333,66.666666666667,5,4.049241126,40.0,4,1.4596402275,50.0,3,3.31994456,100.0,0,0.0,0.0
130,国泰海通证券上海浦东新区锦康路证券营业部,6,2.807631116667,50.0,4,0.90100391,50.0,3,-2.39186598,33.333333333333,3,-6.862845603333,0.0,1,-22.50922509,0.0
131,华宝证券上海东大名路证券营业部,6,2.112850641667,50.0,6,1.846200621667,50.0,4,-3.23788221,25.0,4,-6.7297634175,25.0,0,0.0,0.0
132,国金证券上海奉贤区金碧路证券营业部,6,-4.041063741667,33.333333333333,5,2.482245806,40.0,4,11.47307708,50.0,3,29.415413483333,100.0,2,28.952883645,50.0
133,长江证券上海分公司,6,9.983132593333,100.0,6,10.475372836667,83.333333333333,6,5.846403793333,66.666666666667,6,1.287290375,83.333333333333,4,-4.6675432925,25.0
134,东方证券厦门仙岳路证券营业部,6,-3.977932308333,16.666666666667,6,-7.628109095,16.666666666667,6,-10.49926112,16.666666666667,6,-15.261811506667,0.0,5,-14.889950468,0.0
135,国新证券海南分公司,6,1.289572333333,66.666666666667,5,0.12841882,40.0,5,-0.656869056,20.0,5,-0.043630952,40.0,5,-4.31190789,40.0
136,华福证券上海浦东新区浦明路证券营业部,6,0.853749836667,50.0,6,3.227130873333,50.0,6,1.20709004,50.0,6,2.140647376667,50.0,3,15.161013313333,66.666666666667
137,中信建投证券厦门环城西路证券营业部,6,-0.916801065,33.333333333333,6,-1.633138103333,50.0,5,1.960784312,40.0,3,21.487706193333,66.666666666667,1,11.76470588,100.0
138,广发证券深圳东滨路证券营业部,5,-12.418292848,0.0,5,-16.14212125,0.0,5,-23.569184286,0.0,3,-13.39668073,0.0,3,-11.56866305,0.0
139,华鑫证券佛山南海海五路证券营业部,5,-0.500047004,40.0,5,0.091295182,60.0,5,-2.148548974,60.0,5,-2.92975093,40.0,3,-8.860173673333,33.333333333333
140,东吴证券嘉兴中山西路证券营业部,5,0.580452938,80.0,4,-1.6277131875,50.0,4,-6.02539019,25.0,4,-11.5388788225,25.0,2,23.630243515,100.0
141,广发证券九江长虹大道证券营业部,5,-1.092645282,40.0,4,-4.7215210225,25.0,4,-4.328223055,25.0,4,-9.2942155925,0.0,4,-5.57521755,25.0
142,国金证券上海浦东新区云鹃北路证券营业部,5,4.50592848,80.0,5,6.93173886,100.0,5,8.46963675,60.0,5,7.093484196,40.0,1,-21.19714443,0.0
143,国泰海通证券上海浦东新区福山路证券营业部,5,0.452643054,60.0,4,-0.835884995,50.0,4,-0.0010544325,25.0,3,4.341824596667,100.0,3,2.78021212,66.666666666667
144,申万宏源证券南通分公司,5,2.5,40.0,4,-2.7777777775,0.0,4,0.17361111,25.0,3,-1.712962963333,33.333333333333,1,0.0,0.0
145,国元证券上海虹桥路证券营业部,5,0.307035814,40.0,5,-3.885471192,20.0,5,-4.478194188,20.0,5,-9.16629186,40.0,4,-17.9260994625,0.0
146,广发证券郑州农业路证券营业部,5,0.851134464,60.0,4,4.3568318075,75.0,4,2.9867427775,50.0,3,4.974799883333,66.666666666667,3,13.976424426667,66.666666666667
147,国信证券上海分公司,5,0.654543772,20.0,5,1.022244748,20.0,5,0.71358577,20.0,4,-0.0743607175,50.0,2,-12.87958115,0.0
148,上海证券徐汇区高安路证券营业部,5,-3.803691896,40.0,5,-4.09952402,40.0,5,-2.469799346,40.0,4,-9.1363047275,25.0,3,-14.008506656667,33.333333333333
149,国泰海通证券上海长宁区天山路证券营业部,5,-1.062420368,20.0,5,3.500638958,60.0,4,-4.0627839675,0.0,4,-1.778072985,25.0,2,-9.23783066,0.0
150,兴业证券武汉新华路证券营业部,5,-5.070562512,20.0,4,-1.590141125,25.0,4,-3.940568475,0.0,3,-3.98878306,33.333333333333,1,8.10810811,100.0
151,华泰证券北京月坛南街证券营业部,5,3.03093497,80.0,5,-1.425043104,20.0,5,-5.296408546,20.0,5,-1.965378344,40.0,5,-0.922374712,60.0
152,中国中金财富证券中山博爱五路证券营业部,5,-3.40696324,20.0,4,-5.522546795,0.0,4,-7.4127906975,25.0,3,-9.8459066,33.333333333333,1,-25.0,0.0
153,招商证券上海长宁区娄山关路证券营业部,5,2.895777628,60.0,5,6.443753944,60.0,4,13.08874992,50.0,3,26.933456306667,100.0,0,0.0,0.0
154,光大证券上海淮海中路证券营业部,5,-1.781525402,20.0,5,-2.332484712,60.0,5,-5.076827626,20.0,4,-10.938615065,0.0,4,-11.9166877375,25.0
155,国泰海通证券深圳海岸城海德三道证券营业部,5,3.23262845,60.0,5,6.221455352,80.0,4,5.2379380275,75.0,4,4.80082423,50.0,2,25.412056245,100.0
156,东北证券宁波甬江大道证券营业部,5,-5.661092228,20.0,5,-10.296226382,0.0,5,-13.144051354,0.0,4,-16.9964037275,0.0,2,-20.19303894,0.0
157,广发证券广州马场路广发证券大厦证券营业部,5,-2.740441166,40.0,5,-8.494637054,20.0,5,-12.745185182,20.0,4,-9.0675406175,25.0,3,-11.814399813333,33.333333333333
158,中信建投证券北京望京证券营业部,5,-0.985144072,60.0,5,-2.399789084,40.0,4,-5.2738021,25.0,2,0.392156865,50.0,2,-5.88235294,0.0
159,中信建投证券安徽分公司,5,0.692353826,60.0,5,3.77838057,60.0,5,5.286123924,60.0,5,2.140760042,80.0,5,-7.04215145,20.0
160,华鑫证券上海分公司,5,1.54145878,80.0,5,5.004595142,80.0,5,12.271486458,100.0,4,18.0999148725,100.0,4,13.38668555,50.0
161,中信证券深圳滨海大道证券营业部,5,2.001267214,100.0,5,3.35708484,80.0,5,2.085968078,60.0,5,9.699930238,80.0,5,-2.096772368,40.0
162,华泰证券苏州吴中大道证券营业部,5,-1.986209836,20.0,5,-3.077245592,40.0,5,-1.797615296,40.0,4,-9.3096030875,25.0,2,-19.59142743,0.0
163,中航证券广州天河北路证券营业部,5,-0.863321806,40.0,4,-3.2196202475,25.0,4,2.886010085,25.0,4,2.6410352875,25.0,4,-16.4630738125,25.0
164,平安证券四川分公司,5,-3.450062926,20.0,4,-8.0435108125,0.0,4,-8.880169,0.0,4,-9.681019085,0.0,3,-10.156999683333,0.0
165,东莞证券北京分公司,5,1.015305182,40.0,5,0.460077448,20.0,5,2.001828632,40.0,4,-4.388092385,25.0,3,-5.73175979,0.0
166,爱建证券上海浦东新区前滩大道证券营业部,5,2.47461279,60.0,5,3.328360998,80.0,4,5.821796335,50.0,4,1.900661355,50.0,4,-4.283674055,25.0
167,中信证券深圳分公司,5,1.321538156,40.0,5,3.822390958,60.0,5,6.918267786,80.0,4,11.51698564,75.0,2,12.21038295,50.0
168,招商证券南充滨江中路证券营业部,5,3.249235694,80.0,5,-0.869628434,20.0,4,-0.49618759,50.0,3,3.57899625,100.0,1,11.18012422,100.0
169,国金证券北京崇文门外大街证券营业部,5,9.836858348,100.0,5,13.235919712,80.0,5,11.469676802,40.0,5,5.068779368,60.0,5,-14.515334294,0.0
170,中信证券北京建国门证券营业部,5,-1.410307856,40.0,5,-2.956966226,20.0,5,0.126163046,40.0,3,2.290237973333,33.333333333333,3,11.493952403333,33.333333333333
171,东方证券常熟李闸路证券营业部,5,-2.569097298,20.0,4,-1.5026606125,50.0,4,-7.48561549,0.0,3,-7.001938473333,33.333333333333,3,-8.569712283333,0.0
172,中信建投证券北京中关村东路证券营业部,5,-1.359954876,60.0,5,1.704908248,60.0,4,-4.2038889425,50.0,2,5.903271515,100.0,1,-15.00284414,0.0
173,东方证券张家港东环路证券营业部,5,-6.13510943,20.0,5,-5.69035531,40.0,5,-3.161633604,40.0,5,-4.113309474,20.0,5,-5.57563707,40.0
174,财通证券上海分公司,4,-0.3010275775,50.0,4,-1.833109535,50.0,4,-3.1499638075,25.0,3,-0.206126716667,33.333333333333,0,0.0,0.0
175,甬兴证券苏州分公司,4,0.161482985,50.0,4,-4.25249062,25.0,4,-3.404566555,50.0,4,-7.1749467175,25.0,1,-2.75035261,0.0
176,东亚前海证券四川分公司,4,2.4966844175,75.0,4,4.3417548425,50.0,4,0.757069415,50.0,4,0.7626859025,50.0,2,-10.947216615,0.0
177,东海证券南京分公司,4,2.28767114,75.0,4,5.4690446525,75.0,4,8.1921490425,100.0,3,3.853298656667,33.333333333333,2,-1.231181465,50.0
178,广发证券深圳后海证券营业部,4,-1.018247975,25.0,3,-11.10179907,0.0,3,-14.872425736667,0.0,3,-16.388282206667,0.0,2,-13.59803824,0.0
179,中泰证券北京中关村大街证券营业部,4,-0.0322911175,25.0,4,-1.2278080525,25.0,4,0.012532615,50.0,4,0.09380953,50.0,2,1.93762506,50.0
180,中信证券北京复外大街证券营业部,4,-6.9114701,50.0,3,-8.17328018,66.666666666667,1,11.39784946,100.0,0,0.0,0.0,0,0.0,0.0
181,中国银河证券杭州建国北路证券营业部,4,1.02635748,75.0,4,4.9487079075,75.0,4,10.723340205,75.0,4,11.1400345875,75.0,3,10.141769463333,100.0
182,东北证券长春卫星路证券营业部,4,0.7010570275,50.0,4,-1.465615485,50.0,4,-2.40760617,50.0,4,-2.6644912425,50.0,3,3.457611656667,33.333333333333
183,华鑫证券上海茅台路证券营业部,4,1.2339324625,25.0,4,-3.0925734475,50.0,4,-8.8578697575,0.0,4,-12.7419316925,0.0,2,-24.62012969,0.0
184,东吴证券吴江体育路证券营业部,4,4.179343865,75.0,4,5.956006595,75.0,4,5.87623185,75.0,4,16.761501535,100.0,4,20.402619525,75.0
185,中信建投证券北京海淀分公司,4,-0.90301197,50.0,4,-1.0720483775,50.0,3,2.3646714,66.666666666667,3,-3.000348043333,33.333333333333,2,6.84148483,50.0
186,中国中金财富证券青岛上实中心证券营业部,4,0.102960105,25.0,4,0.3349988625,25.0,3,4.668534076667,33.333333333333,2,20.19607843,50.0,1,11.76470588,100.0
187,华鑫证券深圳分公司,4,-5.7118936525,0.0,4,-7.54990186,0.0,4,-6.7010043075,0.0,3,-7.661146953333,0.0,3,-9.16204869,0.0
188,国盛证券南昌桃花路证券营业部,4,-1.31122076,25.0,4,-0.0878805475,50.0,4,4.2173832225,50.0,3,13.046863483333,66.666666666667,1,11.76470588,100.0
189,中信证券上海浦东新区东方路证券营业部,4,-5.2795941875,0.0,4,-5.426126535,25.0,4,-5.69604646,25.0,4,-8.74187406,25.0,2,-13.71751909,0.0
190,中信证券上海溧阳路证券营业部,4,0.36335085,50.0,4,4.36344242,50.0,4,8.023174625,50.0,3,25.46700913,100.0,3,19.082433836667,100.0
191,国信证券成都二环路证券营业部,4,-5.849052145,0.0,4,-4.932127255,0.0,4,-7.2105401,25.0,4,-10.267957125,25.0,3,-12.978043166667,0.0
192,招商证券深圳南山南油大道证券营业部,4,-0.7874171225,50.0,4,-0.024195445,50.0,4,-0.035686615,50.0,3,1.631468666667,66.666666666667,3,-7.29098844,66.666666666667
193,招商证券深圳前海大道证券营业部,4,0.71383845,75.0,4,1.55734534,75.0,4,0.716051545,50.0,3,3.096216496667,33.333333333333,1,21.73659674,100.0
194,国泰海通证券深圳分公司,4,2.8928129225,75.0,3,3.49042616,66.666666666667,3,0.268384326667,33.333333333333,3,3.440819056667,66.666666666667,1,-16.66666667,0.0
195,广发证券南京汉中路证券营业部,4,4.7114522275,75.0,4,4.159624315,25.0,3,9.713236793333,33.333333333333,2,16.75454945,50.0,2,3.960274205,50.0
196,平安证券深圳分公司,4,1.23022866,25.0,4,1.31116924,50.0,4,4.118275605,75.0,3,4.663451143333,33.333333333333,3,-8.720498746667,33.333333333333
197,招商证券合肥北一环证券营业部,4,-4.3678757575,25.0,4,-7.821879315,0.0,3,-10.096447343333,0.0,3,-15.71419235,0.0,1,-28.22461474,0.0
198,金元证券宁波分公司,4,-2.6858660125,25.0,4,-1.38888889,0.0,3,-1.62037037,33.333333333333,1,-6.25,0.0,1,0.0,0.0
199,华泰证券天津白堤路证券营业部,4,1.3666666675,25.0,3,0.48888889,33.333333333333,2,1.133333335,50.0,0,0.0,0.0,0,0.0,0.0
200,国投证券深圳红荔西路证券营业部,4,-2.772289265,25.0,4,-1.89380373,50.0,4,-3.0017797225,25.0,4,-3.4202697725,25.0,2,11.21913647,50.0
201,中信证券北京紫竹院路证券营业部,4,0.0825113925,50.0,4,-1.27099257,50.0,4,-2.89793417,25.0,3,5.970136946667,66.666666666667,2,-7.035887775,50.0
202,招商证券深圳科技园高新南一道证券营业部,4,-4.111223325,25.0,4,-4.01462166,25.0,4,-5.851817285,25.0,4,-4.592922025,25.0,3,-2.442317453333,33.333333333333
203,国元证券福州五一南路证券营业部,4,1.41200828,50.0,4,4.848861285,50.0,4,1.658385095,50.0,4,-7.35610766,50.0,0,0.0,0.0
204,中国银河证券青田临江东路证券营业部,4,3.164973505,75.0,4,8.2421493925,100.0,4,7.701981615,75.0,4,4.43212665,50.0,2,0.82180197,50.0
205,万联证券上海浦东新区世纪大道证券营业部,4,4.00273224,50.0,3,2.645502646667,33.333333333333,3,2.91005291,33.333333333333,3,1.957671956667,66.666666666667,0,0.0,0.0
206,华泰证券江阴福泰路证券营业部,4,0.3581679725,50.0,4,-0.51644763,50.0,4,1.135332375,75.0,3,-5.507072243333,0.0,3,-8.896485656667,0.0
207,中信证券宁波天童北路证券营业部,4,3.1199695,100.0,4,1.8345887225,50.0,4,4.8389788375,50.0,4,0.2150452675,50.0,2,-14.36574139,0.0
208,光大证券重庆财富大道证券营业部,4,5.5510838175,75.0,3,3.503503503333,33.333333333333,3,-2.394589713333,33.333333333333,2,2.570863545,100.0,0,0.0,0.0
209,第一创业证券杭州分公司,4,3.2381701675,50.0,4,9.6165842425,75.0,3,22.279982016667,100.0,2,46.486175115,100.0,0,0.0,0.0
210,东海证券浙江分公司,4,3.9160397575,75.0,4,9.7362850375,75.0,4,15.55304153,100.0,3,31.71361502,100.0,3,27.58279963,100.0
211,申万宏源证券上海第二分公司,4,3.545329725,50.0,4,4.2765486,75.0,4,-0.0013308875,25.0,4,-15.27982656,0.0,2,-29.47408676,0.0
212,湘财证券上海陆家嘴证券营业部,4,-7.037410395,0.0,4,-14.657258065,0.0,4,-12.9401881725,0.0,3,-10.66308244,33.333333333333,2,3.40501792,50.0
213,中国银河证券威海统一路证券营业部,4,0.1481767875,50.0,4,-1.5686697975,50.0,4,-4.1848423775,50.0,2,-14.949638235,0.0,2,-13.52977722,0.0
214,国金证券重庆江北嘴证券营业部,4,-3.1306802375,25.0,4,-6.33965899,0.0,3,-5.860457306667,0.0,2,-8.014354065,50.0,2,-10.150375935,0.0
215,中泰证券北京总部证券营业部,4,6.2885873725,100.0,3,12.18741037,100.0,3,19.15053925,100.0,2,23.23030907,100.0,0,0.0,0.0
216,华泰证券深圳前海证券营业部,4,-0.1832582825,50.0,4,-0.4667580075,50.0,4,1.433733175,25.0,4,-5.9084605725,25.0,3,-4.44362167,33.333333333333
217,国泰海通证券深圳高新园证券营业部,4,0.6457755425,50.0,4,3.675372085,50.0,3,-3.371837276667,33.333333333333,2,3.233988585,100.0,0,0.0,0.0
218,方正证券汨罗建设西路证券营业部,4,3.434684685,50.0,3,2.702702703333,66.666666666667,3,4.604604603333,66.666666666667,2,-4.054054055,0.0,0,0.0,0.0
219,广发证券广州寺右新马路证券营业部,4,-8.569090915,0.0,4,-11.429575215,0.0,3,-9.310449456667,33.333333333333,3,-6.039837186667,33.333333333333,0,0.0,0.0
220,平安证券福州长乐北路证券营业部,4,-4.358011155,0.0,4,-4.0550730775,50.0,4,-2.2798151475,50.0,4,-8.6975329725,0.0,3,0.505501263333,33.333333333333
221,华源证券深圳分公司,4,3.5891598525,75.0,3,-2.809576716667,0.0,3,-9.379072343333,0.0,2,-3.30728614,50.0,2,-6.738450485,50.0
222,麦高证券北京分公司,4,-2.0365298125,25.0,3,-10.954485313333,0.0,3,-14.229137276667,0.0,2,-24.151203975,0.0,0,0.0,0.0
223,国投证券连云港郁州北路证券营业部,4,-4.6995883575,25.0,4,-5.3664237575,25.0,4,-8.7599849375,0.0,4,-12.156667065,0.0,2,-17.987114055,0.0
224,东方财富证券拉萨江苏东路证券营业部,4,-3.8189548525,25.0,4,-2.78324057,50.0,2,0.0,50.0,1,-5.71428571,0.0,0,0.0,0.0
225,国泰海通证券重庆观音桥步行街证券营业部,4,-3.58264991,25.0,4,-10.3699176825,25.0,4,-16.06522029,25.0,3,-29.601864526667,0.0,0,0.0,0.0
226,国投证券北京宏福路证券营业部,4,1.1984271525,75.0,4,-6.74451613,25.0,4,-12.961251875,0.0,4,-22.45381054,0.0,4,-30.1382908,0.0
227,中国银河证券北京广安门证券营业部,4,-1.2702406125,50.0,4,-4.48242157,25.0,4,-3.37715516,25.0,4,0.8190649,25.0,3,-2.880466626667,33.333333333333
228,华鑫证券南京清凉门大街证券营业部,4,-0.5898784975,50.0,4,-3.4703714175,25.0,4,-9.8880250075,0.0,3,-19.032910406667,0.0,1,-19.45288754,0.0
229,国联民生证券宁波战船街证券营业部,3,6.276472856667,100.0,3,8.914517593333,100.0,3,9.681935076667,66.666666666667,3,12.587260123333,66.666666666667,2,17.452849885,100.0
230,德邦证券宜昌沿江大道证券营业部,3,5.444685136667,66.666666666667,3,11.748649823333,66.666666666667,3,19.717796756667,66.666666666667,2,0.816962565,50.0,2,13.65956265,100.0
231,东海证券青岛南京路证券营业部,3,9.983941426667,100.0,3,20.979750763333,100.0,3,28.44625557,100.0,3,26.979827233333,100.0,3,60.169952036667,100.0
232,国泰海通证券上海闵行区号文路证券营业部,3,1.023217413333,66.666666666667,3,0.96348242,66.666666666667,3,1.65189463,66.666666666667,2,2.754396105,50.0,1,18.65384615,100.0
233,东莞证券常熟东南大道证券营业部,3,-2.02904793,66.666666666667,3,4.74197922,66.666666666667,3,-5.458197423333,66.666666666667,2,2.766978015,50.0,1,-8.26895559,0.0
234,广发证券南京泰山路证券营业部,3,1.940056976667,33.333333333333,3,3.03169663,33.333333333333,3,9.189496423333,66.666666666667,2,9.726463945,100.0,1,2.14446953,100.0
235,联储证券杭州环城北路证券营业部,3,1.09997127,66.666666666667,3,4.689777823333,66.666666666667,3,6.786328743333,33.333333333333,3,0.118737923333,66.666666666667,2,-7.200146685,0.0
236,华泰证券扬州文昌中路证券营业部,3,3.884235966667,66.666666666667,3,11.3346425,100.0,3,13.85076843,66.666666666667,3,13.685347086667,66.666666666667,3,2.26756442,66.666666666667
237,华泰证券张家港杨舍东街证券营业部,3,2.465517053333,66.666666666667,3,2.936997726667,33.333333333333,3,10.156599203333,66.666666666667,3,14.81547624,100.0,2,13.66252605,50.0
238,广发证券锦州山西街证券营业部,3,1.74291939,33.333333333333,2,2.94117647,50.0,1,5.88235294,100.0,1,5.88235294,100.0,1,0.0,0.0
239,中信建投证券天津解放南路证券营业部,3,-8.14841342,0.0,3,-2.846876633333,33.333333333333,3,-7.383561453333,33.333333333333,3,-11.995661133333,0.0,2,-18.97877653,0.0
240,国元证券安庆分公司,3,-2.412773506667,0.0,3,0.717688416667,33.333333333333,3,-6.532623693333,0.0,3,-10.879985543333,33.333333333333,1,-5.26315789,0.0
241,平安证券上海巨鹿路证券营业部,3,-4.959228263333,33.333333333333,2,-5.92108423,50.0,2,-10.388777555,0.0,1,-10.17045455,0.0,0,0.0,0.0
242,平安证券北京市分公司,3,-5.472977496667,33.333333333333,3,-9.4983319,33.333333333333,3,-15.66096305,33.333333333333,1,-2.36180905,0.0,1,-10.87939698,0.0
243,中国银河证券北京安贞门证券营业部,3,-0.58547161,33.333333333333,3,-1.299573216667,33.333333333333,3,-4.59107033,0.0,2,-2.457753975,0.0,1,11.30434783,100.0
244,中国银河证券厦门嘉禾路证券营业部,3,4.803312626667,66.666666666667,3,0.73498965,66.666666666667,3,-1.88405797,33.333333333333,3,-5.577984816667,0.0,1,28.33333333,100.0
245,中国银河证券金华八一南街证券营业部,3,5.580844003333,66.666666666667,3,6.20673305,33.333333333333,3,8.003793266667,33.333333333333,3,6.32823613,33.333333333333,1,0.0,0.0
246,国泰海通证券重庆中山三路证券营业部,3,-0.496770703333,33.333333333333,3,1.613945173333,33.333333333333,3,-2.473717626667,33.333333333333,3,1.221066093333,33.333333333333,2,23.402035055,100.0
247,东方证券上海浦东新区源深路证券营业部,3,-0.715463093333,33.333333333333,3,0.464592806667,33.333333333333,3,-1.33153478,33.333333333333,3,-3.551419043333,0.0,2,1.01167844,50.0
248,国联民生证券无锡梁清路证券营业部,3,-5.903063133333,0.0,3,-0.701213616667,66.666666666667,3,-2.93520379,33.333333333333,3,-9.57385755,0.0,1,-10.22222222,0.0
249,国泰海通证券长沙五一大道第一证券营业部,3,-0.977710606667,66.666666666667,3,-6.195772,33.333333333333,3,-11.374282863333,0.0,2,1.92769091,50.0,0,0.0,0.0
250,中国银河证券总部,3,-7.756696813333,0.0,3,-8.824151553333,0.0,3,-10.21132497,0.0,3,-4.88906511,0.0,3,-11.64308173,33.333333333333
251,华鑫证券上海东大名路证券营业部,3,-3.83567057,33.333333333333,3,-6.751245513333,0.0,2,-9.02262856,0.0,2,-10.47406692,0.0,0,0.0,0.0
252,华泰证券南通湖东路证券营业部,3,-0.48991816,66.666666666667,3,0.006495523333,66.666666666667,3,-0.641442643333,66.666666666667,3,-0.921661183333,66.666666666667,1,-11.21064756,0.0
253,广发证券海口和平大道证券营业部,3,-0.40476476,66.666666666667,3,-7.750988276667,0.0,3,-11.096273626667,0.0,3,-12.200126566667,33.333333333333,2,-26.12206472,0.0
254,国泰海通证券青岛福州南路证券营业部,3,6.607205876667,66.666666666667,3,5.98326708,66.666666666667,2,13.9781966,100.0,1,4.26829268,100.0,0,0.0,0.0
255,中信证券温岭万昌中路证券营业部,3,-1.664219286667,0.0,2,-6.135279,0.0,2,-8.41134361,0.0,2,-14.94585169,0.0,0,0.0,0.0
256,东吴证券苏州石路证券营业部,3,2.989362156667,33.333333333333,3,1.194875663333,33.333333333333,3,0.613214206667,33.333333333333,2,12.715127765,100.0,2,24.044334995,100.0
257,中国银河证券温州三友路证券营业部,3,4.27791659,66.666666666667,3,10.582590706667,66.666666666667,3,5.982197803333,66.666666666667,3,4.750513743333,66.666666666667,3,2.083855316667,66.666666666667
258,中国银河证券广州中山二路证券营业部,3,0.1296738,33.333333333333,3,2.858096793333,66.666666666667,3,-3.557453356667,33.333333333333,3,-2.898884816667,33.333333333333,0,0.0,0.0
259,中国中金财富证券上海静安区灵石路证券营业部,3,-1.391602066667,33.333333333333,3,-0.00976415,66.666666666667,3,1.201086606667,66.666666666667,3,-2.534233823333,33.333333333333,3,-13.194706283333,33.333333333333
260,国信证券杭州市心中路证券营业部,3,-3.101202176667,33.333333333333,3,1.143248646667,33.333333333333,3,0.964432256667,33.333333333333,3,2.50629196,66.666666666667,2,9.527613355,100.0
261,中信证券南京洪武北路证券营业部,3,-3.174764346667,33.333333333333,2,2.248087795,100.0,2,3.44321583,50.0,2,1.255404055,50.0,1,-14.43298969,0.0
262,中信证券苏州分公司,3,3.038523053333,100.0,3,1.803322513333,33.333333333333,3,-4.03448026,33.333333333333,2,-6.36374973,50.0,1,0.0,0.0
263,东兴证券上海肇嘉浜路证券营业部,3,0.977554066667,66.666666666667,3,3.872438353333,33.333333333333,3,5.507519513333,33.333333333333,3,17.151312253333,100.0,3,7.52568314,66.666666666667
264,中信证券华南广州增城云曦街证券营业部,3,-6.712268313333,33.333333333333,3,-9.665982673333,0.0,3,-8.98126844,0.0,3,-12.48853155,0.0,3,-13.749818376667,0.0
265,国信证券绵阳临园路证券营业部,3,-1.45324641,66.666666666667,3,-6.26077145,0.0,3,-7.9822817,0.0,3,-13.724719743333,0.0,3,-2.854788106667,66.666666666667
266,国泰海通证券深圳红荔西路证券营业部,3,-0.02160456,33.333333333333,3,-1.14760298,33.333333333333,3,-1.709872753333,66.666666666667,3,0.710663763333,33.333333333333,2,-0.96358531,50.0
267,国海证券柳州高新三路证券营业部,3,-3.28185328,0.0,2,-2.702702705,0.0,2,-0.04826255,50.0,2,12.017374515,50.0,1,35.71428571,100.0
268,中国国际金融北京建国门外大街证券营业部,3,3.235422806667,100.0,3,2.1879564,33.333333333333,3,1.673496846667,33.333333333333,2,7.572337155,100.0,1,1.26103405,100.0
269,兴业证券福州工业路证券营业部,3,0.52165437,66.666666666667,3,1.647281903333,66.666666666667,2,-0.27598628,50.0,1,12.47426218,100.0,1,15.13383665,100.0
270,华福证券上海徐汇区宛平南路证券营业部,3,-5.808080806667,0.0,3,-12.87878788,0.0,2,-18.75,0.0,0,0.0,0.0,0,0.0,0.0
271,中信证券上海黄浦区淮海中路证券营业部,3,1.68415638,33.333333333333,3,-3.650830116667,33.333333333333,3,-3.110278063333,33.333333333333,2,-11.950810935,0.0,0,0.0,0.0
272,国泰海通证券杭州市心北路证券营业部,3,-6.765929956667,0.0,3,-10.423410673333,0.0,3,-12.360106986667,0.0,3,-10.82988911,0.0,3,-21.983045216667,0.0
273,国金证券上海互联网证券分公司,3,-3.158251766667,33.333333333333,3,-4.181290446667,33.333333333333,3,-4.997005253333,0.0,3,-12.28272281,0.0,2,-10.934436275,0.0
274,东方证券深圳深南大道证券营业部,3,-1.190363696667,33.333333333333,3,-1.895094693333,33.333333333333,3,-5.0944985,33.333333333333,3,-8.540043623333,33.333333333333,2,-13.88340356,50.0
275,东方证券深圳金田路证券营业部,3,5.36977258,100.0,3,3.5956782,66.666666666667,3,4.851737756667,66.666666666667,3,-3.293376153333,66.666666666667,2,-9.164641495,0.0
276,东北证券武汉香港路证券营业部,3,-2.497646603333,33.333333333333,3,-2.628654823333,66.666666666667,3,-5.320301673333,33.333333333333,1,-13.2137031,0.0,1,-20.88091354,0.0
277,申万宏源证券深圳金田路证券营业部,3,-3.43079184,33.333333333333,3,-4.6185411,33.333333333333,3,-5.129425186667,33.333333333333,1,32.25806452,100.0,0,0.0,0.0
278,国泰海通证券余姚舜水南路证券营业部,3,3.63107283,66.666666666667,3,6.20297537,100.0,3,-1.028657746667,33.333333333333,3,9.06766783,100.0,3,8.109283423333,66.666666666667
279,中泰证券厦门厦禾路证券营业部,3,-3.546282526667,33.333333333333,3,-4.2289428,0.0,3,-5.406541856667,0.0,3,-10.2026896,33.333333333333,3,-13.998300513333,0.0
280,国投证券揭阳分公司,3,5.816135083333,66.666666666667,3,0.89118199,33.333333333333,2,9.73577236,100.0,2,-1.199186995,50.0,0,0.0,0.0
281,国投证券北京复兴门外大街证券营业部,3,2.6085156,66.666666666667,3,-1.836008216667,33.333333333333,3,-2.13827407,33.333333333333,1,-9.88517224,0.0,1,-1.39790315,0.0
282,平安证券广州体育东路证券营业部,3,-2.75563921,33.333333333333,3,-1.222758503333,33.333333333333,3,-5.059527616667,33.333333333333,3,-6.16619109,0.0,1,-22.04545455,0.0
283,广发证券南京水佑岗证券营业部,3,-2.395672223333,0.0,3,-8.401749053333,0.0,2,-1.471766975,0.0,2,-3.00748674,0.0,2,1.680679435,50.0
284,国泰海通证券新余劳动南路证券营业部,3,2.960390946667,66.666666666667,3,1.902701286667,33.333333333333,3,-0.73624775,33.333333333333,3,-5.981871176667,0.0,1,-17.13120326,0.0
285,中信证券东阳吴宁西路证券营业部,3,-3.297377483333,0.0,3,-4.93728771,33.333333333333,3,-1.829453613333,33.333333333333,3,-5.110595353333,0.0,2,-18.77382118,0.0
286,中信证券杭州环城北路证券营业部,3,-0.43706828,33.333333333333,3,-4.53912759,0.0,3,-3.569762523333,33.333333333333,1,-7.89473684,0.0,1,5.26315789,100.0
287,广发证券上海浦东新区东方路证券营业部,3,-1.1279393,33.333333333333,3,-2.688320313333,33.333333333333,3,-4.251775883333,0.0,3,6.098277403333,100.0,2,-1.88482922,50.0
288,招商证券沈阳兴工街证券营业部,3,-2.053129326667,33.333333333333,3,-2.65778923,33.333333333333,3,-3.750777173333,33.333333333333,3,-2.752995883333,33.333333333333,2,8.16166674,100.0
289,中国银河证券广州粤海金融中心证券营业部,3,-0.268509836667,33.333333333333,3,-0.866615553333,33.333333333333,3,-3.605171973333,33.333333333333,3,-9.447643953333,0.0,2,-7.28738388,50.0
290,中国中金财富证券厦门分公司,3,-1.37452046,66.666666666667,3,-2.787365023333,0.0,3,-3.526361226667,33.333333333333,3,-10.172846506667,0.0,1,-17.13120326,0.0
291,平安证券深圳深南东路罗湖商务中心证券营业部,3,-6.54403816,0.0,3,-11.397797186667,0.0,3,-9.853952133333,0.0,3,-10.671536163333,33.333333333333,1,-4.85506024,0.0
292,华泰证券姜堰东大街证券营业部,3,-0.65891473,33.333333333333,3,2.61627907,66.666666666667,2,1.424418605,50.0,1,-6.97674419,0.0,0,0.0,0.0
293,浙商证券宁波四明中路证券营业部,3,-1.874303233333,33.333333333333,2,3.365384615,50.0,2,6.009615385,50.0,2,16.346153845,50.0,1,61.53846154,100.0
294,华安证券北京东三环中路证券营业部,3,-1.216333933333,33.333333333333,3,-1.661388993333,66.666666666667,3,-0.31027859,33.333333333333,2,-3.979341875,50.0,2,-5.28179918,50.0
295,中信建投证券厦门杏东路证券营业部,3,-7.05100467,0.0,3,-8.894078446667,0.0,2,-6.8359074,0.0,2,-12.162051715,0.0,0,0.0,0.0
296,东吴证券张家港金港镇证券营业部,3,5.268168096667,100.0,3,12.546887496667,100.0,3,17.255114413333,100.0,2,26.073446325,100.0,0,0.0,0.0
297,国泰海通证券南宁民族大道证券营业部,3,9.78824877,100.0,3,8.155579573333,33.333333333333,2,8.131918615,50.0,2,-4.596060405,50.0,1,-5.08152604,0.0
298,华西证券成都东大路证券营业部,3,-4.726990293333,0.0,2,-7.803448015,0.0,2,-4.26954371,50.0,2,1.990409235,50.0,2,-2.07520393,50.0
299,平安证券银川凤凰北街证券营业部,3,1.9455072,66.666666666667,3,-1.050534036667,0.0,3,1.441362453333,33.333333333333,3,-2.191800843333,33.333333333333,1,-15.14227642,0.0
300,东方证券上海松江区沪亭北路证券营业部,3,5.52143397,100.0,3,3.50560781,66.666666666667,3,6.577821783333,66.666666666667,3,1.568024156667,33.333333333333,2,5.057972875,100.0
301,国海证券上海世纪大道证券营业部,3,3.569735956667,100.0,3,2.823378006667,100.0,3,2.862835703333,66.666666666667,3,5.22159929,66.666666666667,2,-14.411744715,0.0
302,招商证券深圳福华三路证券营业部,3,0.492223473333,66.666666666667,3,-0.7084243,33.333333333333,3,-4.408328343333,0.0,3,0.568630386667,33.333333333333,2,4.63081678,50.0
303,华安证券上海分公司,3,-2.049469256667,33.333333333333,3,-7.51372039,0.0,3,-6.958290786667,0.0,3,-12.71205053,0.0,2,-16.15867446,0.0
304,华泰证券上海分公司,3,-5.462900353333,33.333333333333,2,-6.523416525,0.0,2,-5.05711029,0.0,2,-0.90195033,50.0,2,-3.951287025,50.0
305,招商证券福州六一中路证券营业部,3,-6.817924156667,0.0,3,-10.98454667,0.0,2,-15.589923655,0.0,2,-17.44377445,50.0,0,0.0,0.0
306,申万宏源证券嘉善体育南路证券营业部,3,0.665483583333,33.333333333333,3,-1.811594203333,0.0,3,-3.867199053333,0.0,3,-9.190246146667,0.0,1,-28.30523514,0.0
307,光大证券南通工农路证券营业部,3,-1.391602066667,33.333333333333,3,-0.00976415,66.666666666667,3,1.201086606667,66.666666666667,3,-2.534233823333,33.333333333333,3,-13.194706283333,33.333333333333
308,华泰证券福建分公司,3,-0.20433542,33.333333333333,3,1.247643483333,66.666666666667,3,-1.12489023,33.333333333333,3,-0.01752753,66.666666666667,3,4.189588603333,100.0
309,华泰证券江西分公司,3,-2.080604996667,33.333333333333,3,-7.890947403333,0.0,3,-10.422936066667,0.0,2,-5.529158695,50.0,1,-1.89785096,0.0
310,中国银河证券庄河世纪大街证券营业部,3,5.059687076667,100.0,3,8.802657956667,100.0,3,2.52289367,33.333333333333,2,9.65486282,100.0,2,12.571144225,100.0
311,东方证券重庆金州大道证券营业部,3,-3.376756813333,33.333333333333,3,-2.041759933333,33.333333333333,2,-10.904187,0.0,2,-13.436938095,0.0,2,-17.878243,0.0
312,中信证券西安朱雀大街证券营业部,3,-3.644857236667,33.333333333333,3,-8.457312026667,0.0,3,-3.80908557,33.333333333333,3,2.38601371,66.666666666667,3,5.29082175,66.666666666667
313,开源证券江苏分公司,3,-1.187084516667,33.333333333333,3,-2.564102563333,0.0,2,-5.555555555,0.0,1,0.0,0.0,0,0.0,0.0
314,广发证券上海浦东新区海阳西路证券营业部,3,0.280126363333,33.333333333333,3,3.51866949,66.666666666667,3,5.012721703333,66.666666666667,3,-0.312150536667,33.333333333333,2,-3.59575782,50.0
315,国信证券福建分公司,3,-7.03206825,0.0,3,-6.799896763333,33.333333333333,3,-8.945043923333,33.333333333333,3,-9.04723676,33.333333333333,1,-11.21064756,0.0
316,财信证券杭州庆春路证券营业部,3,0.511492466667,66.666666666667,3,3.059244946667,66.666666666667,3,3.140932693333,66.666666666667,3,5.125215266667,66.666666666667,1,-14.05071967,0.0
317,东吴证券苏州相城区珍珠湖路证券营业部,3,-3.45708042,33.333333333333,3,-3.703156133333,0.0,3,-8.47032882,0.0,3,5.415011826667,66.666666666667,3,5.07509357,66.666666666667
318,华林证券广西分公司,3,-4.62962963,0.0,2,-6.944444445,0.0,2,-8.333333335,0.0,0,0.0,0.0,0,0.0,0.0
319,国信证券浙江分公司,3,5.796366496667,66.666666666667,3,6.791755343333,66.666666666667,3,10.256218406667,66.666666666667,2,35.044642855,100.0,0,0.0,0.0
320,中信建投证券厦门分公司,3,1.316732716667,100.0,3,-4.00026103,33.333333333333,3,-3.427622623333,33.333333333333,3,-7.53692453,0.0,3,-2.177783066667,33.333333333333
321,华泰证券安徽分公司,3,9.98077297,100.0,3,7.929175546667,66.666666666667,3,8.13572389,66.666666666667,2,4.22852268,100.0,1,22.32480067,100.0
322,华泰证券北京分公司,3,-4.838296026667,0.0,3,-10.71009871,0.0,3,-14.478675836667,0.0,3,-19.124870396667,0.0,2,-8.815409425,0.0
323,华泰证券常州分公司,3,2.266708673333,66.666666666667,3,2.399174,66.666666666667,2,0.53272387,50.0,2,-6.459016755,0.0,1,6.52173913,100.0
324,国投证券柳州晨华路证券营业部,3,-2.618453786667,33.333333333333,3,1.71912908,66.666666666667,3,-4.84615147,33.333333333333,3,-9.986424676667,33.333333333333,2,-14.22969955,0.0
325,天风证券浙江分公司,3,-1.334398143333,33.333333333333,3,0.025417906667,33.333333333333,3,2.810483023333,33.333333333333,2,-1.299335455,50.0,1,-16.17647059,0.0
326,国投证券西安曲江池南路证券营业部,3,-2.16726857,66.666666666667,3,0.95812861,66.666666666667,3,1.81373195,66.666666666667,3,0.31948175,33.333333333333,3,-7.33462721,33.333333333333
327,银泰证券淄博华光路证券营业部,3,10.244777626667,66.666666666667,3,17.60902724,66.666666666667,3,15.82932856,66.666666666667,3,3.159567546667,33.333333333333,3,-14.737974193333,0.0
328,浙商证券哈尔滨分公司,3,-0.609031603333,66.666666666667,3,-4.189774226667,33.333333333333,3,-4.582520816667,33.333333333333,3,0.239788893333,66.666666666667,3,-11.023590546667,0.0
329,财通证券丽水缙云仙都路证券营业部,3,6.267806266667,66.666666666667,2,9.615384615,50.0,2,18.08731809,100.0,2,28.846153845,50.0,1,61.53846154,100.0
330,信达证券无锡金融一街证券营业部,3,2.81356938,66.666666666667,2,5.760386565,100.0,1,7.29550479,100.0,1,3.90567428,100.0,0,0.0,0.0
331,中国银河证券青岛即墨区墨城路证券营业部,3,6.63231821,100.0,2,10.292200095,100.0,1,-3.04054054,0.0,1,-4.05405405,0.0,0,0.0,0.0
332,国金证券乌鲁木齐南湖路证券营业部,3,-5.201279616667,33.333333333333,3,-4.59001259,33.333333333333,3,-11.417676003333,33.333333333333,3,-13.420838,33.333333333333,3,-22.855666233333,0.0
333,山西证券浙江分公司,3,0.471593916667,66.666666666667,3,-1.316475616667,33.333333333333,3,-5.598470046667,33.333333333333,3,-4.614218893333,33.333333333333,2,2.07524631,50.0
334,国泰海通证券上海普陀区大渡河路证券营业部,3,2.24808088,66.666666666667,2,2.07873447,50.0,2,7.016675305,100.0,1,-2.4911032,0.0,1,-6.65206679,0.0
335,联储证券宁波分公司,3,0.956474053333,66.666666666667,2,6.083224485,100.0,2,0.86303415,100.0,1,1.44927536,100.0,0,0.0,0.0
336,平安证券苏州苏绣路证券营业部,2,-2.939087885,50.0,2,0.73584647,50.0,2,4.658499015,50.0,2,12.64010522,50.0,2,0.764758985,50.0
337,平安证券宁波海晏北路证券营业部,2,-1.516172815,0.0,2,-6.24487052,0.0,2,-8.54921834,0.0,2,-11.00460932,0.0,2,-17.00871891,0.0
338,平安证券上海锦康路证券营业部,2,4.121027735,100.0,2,3.19592245,100.0,2,6.191130355,100.0,2,0.19620667,50.0,2,-5.726744005,50.0
339,中国中金财富证券北京亚运村证券营业部,2,-3.558287615,50.0,2,-0.079777675,50.0,2,1.36344052,50.0,2,17.542092845,100.0,2,9.68768495,50.0
340,东亚前海证券广东分公司,2,0.81098916,50.0,2,3.90183616,100.0,2,4.992416875,50.0,2,-2.199395665,50.0,1,-5.73770492,0.0
341,中信建投证券北京鸿翼分公司,2,-8.387894565,0.0,2,-13.41002278,0.0,2,-12.90432802,0.0,2,-15.70647576,0.0,2,-20.66970387,0.0
342,浙商证券湖南分公司,2,-10.00963391,0.0,2,-14.67886962,0.0,2,-13.54440086,0.0,2,-13.327958575,0.0,1,-19.54247742,0.0
343,国金证券宁波江澄南路证券营业部,2,1.79790174,50.0,2,6.615253175,50.0,2,2.728829295,100.0,2,-6.24000619,0.0,0,0.0,0.0
344,平安证券嘉兴中环南路证券营业部,2,-6.85104366,0.0,2,-5.848334875,0.0,2,-10.095579695,0.0,1,-14.09147095,0.0,1,-16.44004944,0.0
345,中邮证券云南分公司,2,-0.318382355,50.0,2,0.393627455,50.0,2,-4.40514706,50.0,2,1.48627451,50.0,1,-12.0,0.0
346,华鑫证券无锡人民中路证券营业部,2,8.522038435,100.0,2,17.25708375,100.0,2,22.637297915,100.0,2,37.467406455,100.0,0,0.0,0.0
347,天风证券上海世纪大道证券营业部,2,7.28420046,100.0,2,12.114452275,100.0,1,-1.20805369,0.0,1,-7.65100671,0.0,0,0.0,0.0
348,甬兴证券宁波和源路证券营业部,2,-2.631929815,50.0,2,-11.773121255,0.0,2,-17.21305218,0.0,1,-12.82261368,0.0,1,-9.25850061,0.0
349,平安证券扬州新城河南路证券营业部,2,1.94805195,50.0,2,4.09421087,100.0,2,14.37376183,100.0,2,24.471714725,100.0,0,0.0,0.0
350,东莞证券成都高升桥路证券营业部,2,-4.333132865,0.0,2,-10.71952133,0.0,2,-13.872178685,0.0,2,-13.046548995,50.0,0,0.0,0.0
351,申港证券上海浦东新区东方路证券营业部,2,9.998181165,100.0,2,21.0094031,100.0,2,26.158062035,100.0,2,46.39196541,100.0,1,79.09252772,100.0
352,华林证券深圳分公司,2,-0.833126295,50.0,2,-4.087784675,0.0,2,-3.736645965,50.0,2,-4.83146998,50.0,2,-0.40993789,50.0
353,财通证券普陀山证券营业部,2,4.94061869,100.0,2,7.60221565,100.0,2,6.95598429,50.0,2,12.643759095,50.0,1,19.77186312,100.0
354,华福证券绍兴分公司,2,-2.409638555,0.0,2,-5.440774505,0.0,2,-7.78398766,50.0,2,0.33976209,50.0,0,0.0,0.0
355,广发证券杭州博奥路证券营业部,2,-3.373162985,50.0,2,-1.440633395,50.0,2,-8.12570851,0.0,2,-11.4332547,0.0,1,-11.81102362,0.0
356,国金证券西安朱雀大街证券营业部,2,-7.46418669,50.0,2,-11.484188365,50.0,2,-14.860093215,0.0,2,-16.53361492,0.0,1,-25.75092421,0.0
357,东亚前海证券上海临港新片区分公司,2,0.62899789,50.0,2,1.565302975,50.0,2,-4.186387605,50.0,2,5.184648325,50.0,1,26.73754209,100.0
358,国泰海通证券深圳前海分公司,2,-8.185706345,0.0,2,-11.96613334,0.0,2,-17.810146765,0.0,2,-16.550582605,0.0,2,-20.67381855,0.0
359,国泰海通证券东莞总部一路证券营业部,2,3.491350355,100.0,2,-2.813678555,0.0,2,-5.00061355,0.0,2,0.041955505,50.0,1,-18.98928025,0.0
360,国联民生证券慈溪影清路证券营业部,2,7.13934445,100.0,2,2.518344245,50.0,2,2.324740195,50.0,2,-2.705210035,50.0,1,-11.11793612,0.0
361,国信证券,2,-1.440940875,50.0,2,-6.181523745,0.0,2,-5.89821864,50.0,2,-10.221785825,0.0,0,0.0,0.0
362,申万宏源证券上海松江区人民北路证券营业部,2,-1.140065145,0.0,2,-0.3257329,0.0,2,3.170466885,50.0,2,-3.984799135,0.0,1,9.12052117,100.0
363,华泰证券南京长江路证券营业部,2,-3.590189365,0.0,2,-7.52122401,0.0,2,-5.39596559,50.0,2,-4.09103101,50.0,2,-4.30724882,0.0
364,华泰证券南京大光路证券营业部,2,-3.529492525,0.0,2,-5.630489185,0.0,2,-1.26868687,50.0,1,-11.29992025,0.0,0,0.0,0.0
365,华泰证券苏州人民路证券营业部,2,2.504613245,100.0,1,11.03388358,100.0,1,28.0625543,100.0,1,29.97393571,100.0,1,11.55516942,100.0
366,中信建投证券长沙芙蓉中路证券营业部,2,-5.254306145,0.0,2,-6.459198015,50.0,1,-9.07689343,0.0,1,-8.96126421,0.0,1,1.54172288,100.0
367,财信证券长沙五一大道证券营业部,2,-3.491817015,50.0,2,-2.531345325,50.0,2,-4.588170485,50.0,2,-2.200008195,50.0,2,0.55020184,50.0
368,财通证券温岭中华路证券营业部,2,-2.78035218,0.0,2,-6.90454124,0.0,2,-11.21408712,0.0,2,-19.71443466,0.0,1,0.0,0.0
369,国泰海通证券上海徐汇区宛平南路证券营业部,2,-3.935384435,50.0,2,-7.443806465,50.0,2,-8.26659039,0.0,1,0.91743119,100.0,1,-3.66972477,0.0
370,湘财证券长沙新民路证券营业部,2,0.071225075,50.0,2,-3.846153845,0.0,1,-11.11111111,0.0,0,0.0,0.0,0,0.0,0.0
371,国泰海通证券汕头长平路证券营业部,2,2.06576003,50.0,2,0.714408675,50.0,2,0.0,0.0,2,-2.06576003,50.0,1,-2.5477707,0.0
372,国泰海通证券北京方庄路证券营业部,2,2.56386897,50.0,2,-2.111013,50.0,2,-4.251969975,50.0,2,-4.45084353,50.0,2,-8.211463465,0.0
373,长城证券长沙五一中路证券营业部,2,-1.68216325,50.0,2,-7.5445762,0.0,2,-13.891461195,0.0,2,-15.09097183,0.0,2,-14.68197503,0.0
374,华泰证券上海黄浦区黄陂南路证券营业部,2,6.497817545,100.0,1,-3.33333333,0.0,1,-9.33333333,0.0,0,0.0,0.0,0,0.0,0.0
375,国泰海通证券深圳金田路证券营业部,2,-7.373606835,0.0,2,-6.36856202,0.0,2,-8.265784835,0.0,0,0.0,0.0,0,0.0,0.0
376,国泰海通证券深圳益田路证券营业部,2,-8.364446645,0.0,2,-14.19579929,0.0,2,-12.7116448,0.0,2,-14.450771645,0.0,1,-4.0,0.0
377,长江证券武汉新华路证券营业部,2,-2.39520958,0.0,2,-6.22595114,0.0,2,-9.78119806,0.0,2,0.522529085,50.0,0,0.0,0.0
378,长江证券上海浦东新区锦绣路证券营业部,2,-7.77777778,0.0,2,-15.833333335,0.0,2,-20.833333335,0.0,2,-20.833333335,0.0,2,-23.61111111,0.0
379,国泰海通证券宜昌沿江大道证券营业部,2,0.06506651,50.0,2,0.483351235,50.0,2,4.365653145,100.0,2,6.39776466,100.0,2,15.813512665,100.0
380,申万宏源证券上海杨浦区平凉路证券营业部,2,8.232727385,50.0,2,5.879876795,50.0,2,15.20181401,100.0,2,29.98624669,100.0,2,26.125382955,100.0
381,国元证券深圳深南大道中国凤凰大厦证券营业部,2,-6.814772455,0.0,2,-5.348963545,0.0,2,-6.29096974,0.0,2,-13.026542765,0.0,2,-5.690254945,50.0
382,国元证券滁州分公司,2,-8.410138245,0.0,2,-8.06451613,0.0,2,0.51843318,50.0,2,20.910138245,100.0,2,32.373271885,100.0
383,国泰海通证券深圳福田中心区华融大厦证券营业部,2,-4.932438075,0.0,2,-2.64755692,50.0,2,0.112106285,50.0,1,13.08900524,100.0,1,49.0052356,100.0
384,广发证券杭州延安路证券营业部,2,-5.13834641,0.0,2,-9.38511601,0.0,2,-14.083409425,0.0,2,-15.40095181,0.0,2,-30.179209175,0.0
385,华安证券上海浦东南路证券营业部,2,4.48908126,50.0,2,5.13196782,100.0,2,8.614891025,100.0,2,6.02257547,50.0,2,-3.329000845,50.0
386,光大证券福州五一北路证券营业部,2,-8.376629485,0.0,2,-12.394810895,0.0,2,-19.925624225,0.0,1,-30.66871637,0.0,0,0.0,0.0
387,华泰证券上海虹口区飞虹路证券营业部,2,-2.371882125,0.0,2,-2.981566715,0.0,2,-0.959341225,0.0,2,10.280671195,100.0,1,11.26126126,100.0
388,中国中金财富证券南昌红谷中大道证券营业部,2,-1.35135135,0.0,2,-7.709561415,0.0,2,-5.6037519,0.0,1,-17.00960219,0.0,1,-13.4430727,0.0
389,中国中金财富证券深圳桃园路证券营业部,2,-5.0226356,50.0,2,-11.72295755,50.0,1,9.58466454,100.0,1,-3.06709265,0.0,1,-2.04472843,0.0
390,华西证券成都西玉龙街证券营业部,2,-2.937484295,50.0,2,-13.482035115,0.0,2,-14.770135235,0.0,2,-15.770576705,0.0,2,-24.91687837,0.0
391,招商证券北京海淀大街证券营业部,2,-8.93515107,50.0,1,11.86440678,100.0,1,23.72881356,100.0,1,28.81355932,100.0,0,0.0,0.0
392,中信建投证券海南分公司,2,0.5735459,50.0,2,-6.05492589,0.0,2,-10.92664093,0.0,2,-11.83086312,0.0,1,-23.04147465,0.0
393,广发证券上海玉兰路证券营业部,2,-1.190367085,50.0,2,0.88495096,50.0,2,0.55916308,50.0,2,-0.556090875,50.0,1,-12.65624981,0.0
394,东海证券常州延陵中路证券营业部,2,3.333333335,50.0,1,6.66666667,100.0,0,0.0,0.0,0,0.0,0.0,0,0.0,0.0
395,民生证券郑州桐柏路证券营业部,2,-5.3538414,0.0,2,8.94808266,50.0,2,18.224478005,50.0,2,29.115765995,50.0,2,-1.526751405,50.0
396,华宝证券上海大连路证券营业部,2,3.17066548,50.0,1,5.98958333,100.0,0,0.0,0.0,0,0.0,0.0,0,0.0,0.0
397,广发证券北京阜成门南大街证券营业部,2,3.35678808,100.0,2,-1.9205298,0.0,2,-1.51076159,50.0,1,1.85430464,100.0,1,0.72847682,100.0
398,广发证券厦门湖滨南路证券营业部,2,-0.80710994,50.0,2,1.43680053,50.0,2,2.41386877,50.0,2,-0.951887205,50.0,0,0.0,0.0
399,国泰海通证券杭州富春路证券营业部,2,-1.83957372,50.0,2,2.89424865,100.0,1,8.57740586,100.0,1,-0.9623431,0.0,0,0.0,0.0
400,国泰海通证券济南泉城路证券营业部,2,-3.353181575,0.0,2,-2.420341235,50.0,2,1.934606555,100.0,2,-2.20212287,0.0,0,0.0,0.0
401,东吴证券张家港杨舍证券营业部,2,-8.010078035,0.0,2,-14.514867175,0.0,2,-11.082509845,0.0,0,0.0,0.0,0,0.0,0.0
402,中国中金财富证券绵阳市证券营业部,2,-1.85185185,0.0,2,-1.85185185,0.0,2,-5.555555555,0.0,0,0.0,0.0,0,0.0,0.0
403,中国中金财富证券深圳益田路证券营业部,2,-2.35800285,50.0,2,2.623385875,50.0,2,11.168489495,100.0,2,9.72565599,100.0,1,16.4893617,100.0
404,中国银河证券马鞍山湖东中路证券营业部,2,-1.219512195,0.0,2,-2.43902439,0.0,2,0.0,50.0,1,4.87804878,100.0,0,0.0,0.0
405,中国银河证券大连黄河路证券营业部,2,-0.522808335,50.0,2,-1.736178985,50.0,2,-5.30283867,0.0,1,-13.02203223,0.0,1,7.39888195,100.0
406,中国中金财富证券深圳中金大厦证券营业部,2,0.650624765,50.0,2,-3.02817595,50.0,2,-7.587885655,0.0,2,-10.71868381,0.0,1,-22.13930348,0.0
407,金融街证券上海第一分公司,2,5.414344785,100.0,2,11.19204338,100.0,2,14.07309064,50.0,2,6.181157005,100.0,2,23.977879865,100.0
408,广发证券广州汉溪大道东证券营业部,2,-2.50109218,50.0,2,1.22324159,50.0,2,5.357142855,50.0,2,16.530144165,100.0,2,16.02228047,50.0
409,中信证券北京安外大街证券营业部,2,-4.099899735,0.0,2,-5.095306455,0.0,1,-11.45283019,0.0,1,-7.12264151,0.0,0,0.0,0.0
410,中信证券上海万源路证券营业部,2,-6.19602828,0.0,2,-16.86579312,0.0,2,-21.92222767,0.0,2,-23.33998804,0.0,0,0.0,0.0
411,招商证券深圳红岭路证券营业部,2,-4.27707647,0.0,2,-5.89640916,0.0,2,-9.12916821,0.0,2,-9.334988435,0.0,2,-10.60424654,0.0
412,招商证券深圳福民路证券营业部,2,2.10740724,100.0,2,6.015414635,100.0,2,7.76164505,100.0,2,0.608152625,50.0,2,-20.462444955,0.0
413,招商证券深圳建安路证券营业部,2,-0.112217565,50.0,0,0.0,0.0,0,0.0,0.0,0,0.0,0.0,0,0.0,0.0
414,兴业证券福州温泉路证券营业部,2,6.37463207,100.0,2,10.29964266,50.0,2,8.75740136,50.0,1,8.7773441,100.0,0,0.0,0.0
415,渤海证券深圳分公司,2,-7.43634174,0.0,2,-10.68892091,0.0,2,-9.13444822,0.0,2,-10.190721835,0.0,2,-12.723680365,0.0
416,华泰证券北京西三环国际财经中心证券营业部,2,3.26602919,100.0,2,-4.60901862,50.0,2,9.431474585,100.0,2,2.17359839,100.0,2,-0.080513335,50.0
417,民生证券驻马店交通路证券营业部,2,-3.57142857,0.0,2,0.0,0.0,2,-12.6984127,0.0,1,-11.11111111,0.0,0,0.0,0.0
418,华鑫证券上海自贸试验区分公司,2,1.95955187,100.0,2,-1.209012565,50.0,2,-4.383434075,0.0,2,-8.62306721,0.0,2,10.72299255,100.0
419,华安证券合肥金石广场证券营业部,2,-1.658509075,0.0,2,-0.35317423,50.0,2,-0.5107832,0.0,2,1.772016455,100.0,1,-2.5477707,0.0
420,光大证券上海中兴路证券营业部,2,2.57037362,50.0,2,5.728229875,50.0,2,13.265701545,50.0,2,2.604372305,50.0,1,-6.80851064,0.0
421,申万宏源证券上海宝山区同泰路证券营业部,2,-2.597840755,0.0,2,-5.19568151,0.0,2,-7.793522265,0.0,2,-1.2145749,50.0,0,0.0,0.0
422,中银国际证券郑州花园路证券营业部,2,3.51834249,100.0,2,-0.39021945,50.0,2,3.009153775,50.0,2,-6.388871195,50.0,2,-8.645927645,0.0
423,湘财证券济南马鞍山路证券营业部,2,0.0,0.0,2,0.0,0.0,2,3.333333335,50.0,2,-3.333333335,0.0,0,0.0,0.0
424,广发证券西安南广济街证券营业部,2,-2.1375368,0.0,2,-1.40057668,0.0,2,-2.69709613,0.0,2,-8.68809284,0.0,1,-18.73980118,0.0
425,财通证券温州分公司,2,-0.504992425,50.0,1,-8.35062241,0.0,1,-11.06500692,0.0,1,-13.60650069,0.0,1,-16.14799447,0.0
426,天府证券上海浦东新区崂山路证券营业部,2,5.22186904,50.0,2,4.08086394,50.0,2,3.45223602,50.0,2,-3.58143812,50.0,2,-15.750074625,0.0
427,中信证券(山东)青岛南京路证券营业部,2,6.917627235,100.0,2,8.399712515,50.0,2,11.439188115,50.0,2,6.277491645,50.0,2,-3.957922345,50.0
428,长城证券郑州文化路证券营业部,2,3.125,50.0,0,0.0,0.0,0,0.0,0.0,0,0.0,0.0,0,0.0,0.0
429,财信证券温州车站大道证券营业部,2,-0.882300925,50.0,2,1.891442275,50.0,2,5.60170447,100.0,2,-6.622231065,0.0,0,0.0,0.0
430,华泰证券广州天河城证券营业部,2,-0.29153065,50.0,2,-1.633569095,50.0,1,2.5,100.0,1,0.0,0.0,0,0.0,0.0
431,广发证券上海民生路证券营业部,2,-9.714570895,0.0,2,-11.06856646,0.0,2,-10.082324425,0.0,2,-11.373322335,0.0,1,-20.86531752,0.0
432,招商证券北京西直门北大街证券营业部,2,-4.351902385,0.0,2,-3.648833595,50.0,2,-5.304749975,50.0,2,-9.98075285,0.0,2,-11.462907375,0.0
433,财通证券杭州文二西路证券营业部,2,7.01920647,50.0,2,3.294794035,50.0,2,-6.72226434,0.0,1,-6.25,0.0,1,0.0,0.0
434,财通证券杭州东湖南路证券营业部,2,-0.540339835,50.0,1,6.61971831,100.0,1,6.47887324,100.0,1,11.69014085,100.0,1,-10.28169014,0.0
435,国泰海通证券上海金山区卫清西路证券营业部,2,2.94117647,50.0,2,2.94117647,50.0,2,2.94117647,50.0,2,2.94117647,50.0,2,-5.71895425,0.0
436,广发证券宁波分公司,2,0.0,0.0,2,0.0,0.0,2,-5.555555555,0.0,2,-11.11111111,0.0,0,0.0,0.0
437,粤开证券南通分公司,2,5.602735335,100.0,2,3.25649769,100.0,2,-2.381759095,0.0,1,8.49673203,100.0,0,0.0,0.0
438,国投证券,2,-1.440940875,50.0,2,-6.181523745,0.0,2,-5.89821864,50.0,2,-10.221785825,0.0,0,0.0,0.0
439,国泰海通证券芜湖黄山中路证券营业部,2,5.064643475,100.0,2,9.02634578,100.0,2,3.593376925,100.0,2,6.245930105,50.0,1,-6.27306273,0.0
440,中泰证券烟台南大街证券营业部,2,-5.12746249,0.0,2,-7.33750815,50.0,0,0.0,0.0,0,0.0,0.0,0,0.0,0.0
441,华泰证券南京宁双路证券营业部,2,-7.390536395,0.0,2,-8.44101515,0.0,2,-5.714108645,0.0,2,-3.245173685,0.0,1,-1.58501441,0.0
442,华泰证券杭州解放东路证券营业部,2,-0.00081624,50.0,2,-5.668421155,0.0,2,-12.8220715,0.0,2,-12.30547689,0.0,1,-23.36385215,0.0
443,华泰证券岳阳岳阳大道证券营业部,2,-1.32087149,0.0,2,-1.40657231,0.0,2,2.400726665,100.0,2,-1.93384206,50.0,1,-4.82374768,0.0
444,国泰海通证券杭州延安路证券营业部,2,8.66775273,100.0,2,6.648315145,50.0,2,-1.056650985,50.0,2,5.07973358,50.0,2,0.981087515,50.0
445,国金证券北京长椿街证券营业部,2,-3.719750155,0.0,2,-2.51411554,50.0,2,-2.58316612,50.0,2,-11.399608845,0.0,2,-12.856377685,0.0
446,东吴证券苏州工业园区扬富路证券营业部,2,9.905630155,100.0,1,4.19589338,100.0,1,-4.47646984,0.0,1,-11.14653743,0.0,1,-16.6432853,0.0
447,广发证券安徽分公司,2,0.989796235,50.0,2,-0.889474835,50.0,2,5.08197335,50.0,2,2.65360252,50.0,2,-6.231347705,0.0
448,中信证券上海嘉定区双单路证券营业部,2,1.42388227,50.0,2,7.654637825,100.0,2,7.69102482,100.0,2,0.73302044,50.0,1,4.91214058,100.0
449,国泰海通证券无锡湖滨路证券营业部,2,3.95513874,50.0,2,9.271107485,100.0,2,3.426993365,50.0,2,10.69956712,100.0,2,15.151631225,100.0
450,国投证券北京东直门内大街证券营业部,2,2.367342085,100.0,2,-5.590521705,0.0,2,-6.223320925,0.0,1,-16.02244389,0.0,1,-26.93266833,0.0
451,国投证券佛山南海罗村证券营业部,2,3.6828309,50.0,2,-0.602337995,50.0,1,-7.85043417,0.0,1,-16.06415027,0.0,0,0.0,0.0
452,财达证券邯郸人民路证券营业部,2,0.433604335,50.0,2,-5.555555555,0.0,2,-8.997289975,0.0,1,2.43902439,100.0,0,0.0,0.0
453,广发证券重庆江北嘴证券营业部,2,7.357824825,100.0,2,9.630552095,100.0,2,8.26068908,100.0,0,0.0,0.0,0,0.0,0.0
454,国投证券上海浦东新区樱花路证券营业部,2,1.693343865,50.0,2,4.078795435,100.0,2,8.272706025,100.0,2,-2.457951975,0.0,1,4.91214058,100.0
455,国金证券成都武成大街证券营业部,2,4.35824504,100.0,2,5.459570855,50.0,2,4.908833655,50.0,2,11.601341165,50.0,1,43.50915085,100.0
456,国泰海通证券上海浦东新区浦东南路证券营业部,2,-2.16075846,50.0,2,-4.520346115,0.0,2,-10.23600804,0.0,2,-20.62957652,0.0,0,0.0,0.0
457,信达证券北京分公司,2,-1.3094572,50.0,2,-2.84818851,0.0,2,-2.69321057,50.0,0,0.0,0.0,0,0.0,0.0
458,申万宏源证券上海长宁区天山路证券营业部,2,-5.381022165,50.0,2,-9.19582341,0.0,2,-11.499358855,0.0,1,-16.03773585,0.0,1,-2.83018868,0.0
459,国联民生证券江阴大桥北路证券营业部,2,2.368421055,50.0,2,2.96027425,50.0,2,-0.163238555,50.0,2,3.51482154,50.0,2,5.693889895,50.0
460,国投证券杭州湖墅南路证券营业部,2,0.77175698,50.0,2,5.977011495,50.0,2,8.620689655,50.0,2,8.8998358,100.0,1,-14.02298851,0.0
461,方正证券上海长宁区延安西路证券营业部,2,-9.889973155,50.0,2,-11.870081845,0.0,1,-38.81058783,0.0,0,0.0,0.0,0,0.0,0.0
462,华泰证券宜昌西陵一路证券营业部,2,-7.17918972,0.0,2,-2.90023202,0.0,1,4.94505495,100.0,1,6.04395604,100.0,1,3.84615385,100.0
463,长江证券长沙晚报大道证券营业部,2,3.88235294,50.0,2,9.76470588,50.0,2,11.647058825,50.0,2,8.588235295,50.0,0,0.0,0.0
464,信达证券广州番禺富华东路证券营业部,2,-2.323283315,0.0,2,-1.36206915,0.0,2,-3.153457,0.0,2,-0.532784395,50.0,2,-7.479234315,0.0
465,上海证券瑞安罗阳大道证券营业部,2,-1.315789475,0.0,2,-1.315789475,0.0,2,-1.315789475,0.0,2,2.667140825,100.0,2,1.42247511,50.0
466,国信证券深圳科技园分公司,2,-7.493557235,0.0,2,-10.323441835,0.0,2,-10.88350879,0.0,2,-14.19240623,0.0,1,-15.44933078,0.0
467,光大证券成都红星路证券营业部,2,0.341659475,50.0,2,-3.418458305,0.0,2,-3.082700225,0.0,0,0.0,0.0,0,0.0,0.0
468,中国中金财富证券东莞分公司,2,-1.78411979,0.0,2,-5.505185795,0.0,2,-9.371719015,0.0,2,-10.95640399,0.0,2,-10.579366715,0.0
469,长江证券深圳福华路证券营业部,2,5.51440329,100.0,2,7.217001415,100.0,2,9.491585285,100.0,1,22.98507463,100.0,1,1.64179104,100.0
470,华泰证券牡丹江西一条路证券营业部,2,6.90554079,100.0,1,8.95522388,100.0,1,8.95522388,100.0,0,0.0,0.0,0,0.0,0.0
471,上海证券松江区沪亭北路证券营业部,2,2.702702705,50.0,2,1.35135135,50.0,2,0.0,0.0,2,-1.351351355,50.0,1,8.10810811,100.0
472,中信证券上海静安区山西北路证券营业部,2,2.486804715,50.0,2,-3.40976092,50.0,2,-3.363744775,50.0,2,-4.34293998,0.0,1,-17.25490196,0.0
473,中信证券湖州劳动路证券营业部,2,-3.263648975,50.0,2,-1.940738875,50.0,2,-1.34964065,50.0,1,3.16883117,100.0,0,0.0,0.0
474,华泰证券上海静安区广中西路证券营业部,2,-1.38368029,0.0,2,-5.252450165,0.0,2,-2.694520165,0.0,1,-11.34020619,0.0,0,0.0,0.0
475,国泰海通证券成都蓉都大道证券营业部,2,1.15085235,50.0,2,0.918392505,50.0,2,-6.591645535,0.0,2,-8.67233728,0.0,0,0.0,0.0
476,国投证券长春人民大街证券营业部,2,-8.943647095,0.0,2,-12.82835331,0.0,1,-17.60763376,0.0,0,0.0,0.0,0,0.0,0.0
477,平安证券安徽分公司,2,-6.545454545,0.0,2,-8.81818182,0.0,1,-12.0,0.0,1,-24.0,0.0,0,0.0,0.0
478,上海证券温州乐清伯乐东路证券营业部,2,2.880853735,100.0,2,3.76736163,50.0,2,4.164487335,50.0,2,-0.69087853,50.0,2,-14.36574139,0.0
479,国新证券衡阳临江路证券营业部,2,3.333333335,50.0,2,6.274509805,100.0,2,6.274509805,100.0,2,6.274509805,100.0,2,0.0,0.0
480,东莞证券厦门分公司,2,0.35833779,50.0,2,5.60728745,100.0,2,1.96417386,100.0,2,1.247269115,50.0,2,-1.38144136,50.0
481,中山证券南通黄海路证券营业部,2,2.0183391,50.0,2,-2.10541469,50.0,2,-5.697809885,50.0,2,-4.281333485,50.0,2,-4.65769017,0.0
482,中信证券宁波天童南路证券营业部,2,-5.20884015,0.0,2,-9.33698866,0.0,2,-6.29046746,0.0,1,-15.25974026,0.0,1,-14.61038961,0.0
483,华泰证券深圳深南大道基金大厦证券营业部,2,-4.495067765,50.0,2,0.31823894,50.0,2,3.43448026,50.0,2,14.142445725,50.0,0,0.0,0.0
484,东北证券德惠德惠路证券营业部,2,-3.20762792,50.0,2,-3.782654115,50.0,2,-3.71087805,50.0,2,5.95781467,50.0,1,75.88214538,100.0
485,华泰证券广州兴民路证券营业部,2,-6.07142857,0.0,1,0.0,0.0,1,10.71428571,100.0,1,32.14285714,100.0,1,35.71428571,100.0
486,东海证券厦门嘉禾路证券营业部,2,2.743512115,50.0,2,-1.279535065,50.0,2,-0.994672395,50.0,2,-4.82609002,0.0,1,17.12643678,100.0
487,中国银河证券邢台守敬北路证券营业部,2,9.600614435,100.0,2,19.20122888,100.0,2,23.271889405,100.0,2,18.50998464,100.0,0,0.0,0.0
488,国信证券湖北分公司,2,-19.821218735,0.0,1,-35.71428571,0.0,0,0.0,0.0,0,0.0,0.0,0,0.0,0.0
489,华泰证券永嘉阳光大道证券营业部,2,2.52956616,50.0,2,-4.587000155,50.0,2,1.628840515,50.0,1,-5.88235294,0.0,1,-17.25490196,0.0
490,中国银河证券格尔木昆仑南路证券营业部,2,3.69047619,100.0,1,7.5,100.0,0,0.0,0.0,0,0.0,0.0,0,0.0,0.0
491,中信证券华南广州临江大道证券营业部,2,-5.197206995,0.0,2,-9.95622847,0.0,2,-11.21793856,0.0,2,-15.061249135,0.0,0,0.0,0.0
492,中信证券(山东)邹城凫山南路证券营业部,2,-4.536083995,50.0,2,-5.92221236,50.0,1,-6.33540373,0.0,1,10.43478261,100.0,1,-2.15320911,0.0
493,平安证券广西分公司,2,-6.458333335,0.0,2,-12.916666665,0.0,2,-12.708333335,0.0,1,-25.0,0.0,0,0.0,0.0
494,华泰证券成都蜀金路证券营业部,2,-6.556233045,0.0,2,-17.72252174,0.0,0,0.0,0.0,0,0.0,0.0,0,0.0,0.0
495,国都证券北京金沙西街证券营业部,2,-3.815789475,0.0,2,-5.065789475,0.0,2,-5.065789475,0.0,2,-2.434210525,50.0,2,-8.881578945,0.0
496,万联证券广州寺右新马路证券营业部,2,-8.83116883,0.0,2,-6.81818182,0.0,2,-7.954545455,0.0,2,-6.525974025,50.0,1,-18.18181818,0.0
497,招商证券上海牡丹江路证券营业部,2,-0.26491859,50.0,2,3.089105465,100.0,1,8.49673203,100.0,1,20.26143791,100.0,0,0.0,0.0
498,中信建投证券客户资产管理部,2,0.84480948,100.0,2,-0.603892005,50.0,1,-9.44639719,0.0,0,0.0,0.0,0,0.0,0.0
499,民生证券辽宁分公司,2,-6.175128595,0.0,2,-12.411327295,0.0,2,-15.227331425,0.0,2,-19.263230955,0.0,0,0.0,0.0
500,平安证券金华李渔路证券营业部,2,-0.13641891,50.0,2,-2.43521052,50.0,2,2.69474844,50.0,2,1.28875969,50.0,1,-12.5,0.0
501,中信建投证券佛山顺德东乐路证券营业部,2,-5.88235294,0.0,2,-4.79302832,0.0,2,-2.94117647,0.0,2,-4.79302832,0.0,1,-11.76470588,0.0
502,中国中金财富证券信阳新六大街证券营业部,2,-1.34199134,50.0,2,0.086580085,50.0,1,-2.85714286,0.0,0,0.0,0.0,0,0.0,0.0
503,华泰证券厦门厦禾路证券营业部,2,-6.46145805,0.0,2,-10.043541495,0.0,2,-14.186331545,0.0,2,-13.959003725,0.0,1,-26.94300518,0.0
504,东方证券上海分公司,2,10.80031242,100.0,2,12.990582035,100.0,2,10.395910305,100.0,2,18.535748895,100.0,0,0.0,0.0
505,华泰证券淮安富誉路证券营业部,2,-6.85185185,0.0,2,-5.0,0.0,2,-12.22222222,0.0,1,-10.0,0.0,0,0.0,0.0
506,华泰证券佛山灯湖东路证券营业部,2,-0.3125,50.0,2,-2.8125,50.0,2,0.3125,50.0,2,7.1875,100.0,1,10.0,100.0
507,华泰证券广州东风中路证券营业部,2,2.3269764,50.0,2,-5.28240072,50.0,2,-16.10672448,0.0,0,0.0,0.0,0,0.0,0.0
508,华福证券福州上三路证券营业部,2,-1.650575285,50.0,2,2.910918315,50.0,2,1.72510607,50.0,1,5.78661844,100.0,1,2.00558935,100.0
509,国海证券深圳第二分公司,2,-5.32179701,0.0,2,-10.031336375,0.0,2,-7.014094995,0.0,1,-13.57586513,0.0,1,-21.49268699,0.0
510,华泰证券上海长宁区凯旋路证券营业部,2,-3.53875367,0.0,2,-4.971454345,0.0,1,-8.75912409,0.0,1,-9.48905109,0.0,1,1.45985401,100.0
511,平安证券北京望京证券营业部,2,-2.32482921,50.0,2,-7.03222296,0.0,2,-4.60915301,0.0,2,-0.650807085,50.0,1,-0.30832477,0.0
512,东海证券扬州文汇东路证券营业部,2,-2.77665576,50.0,2,-3.052127835,50.0,2,1.990806005,50.0,2,5.31403228,50.0,1,47.87430684,100.0
513,中国银河证券蚌埠东海大道证券营业部,2,5.22186904,50.0,2,4.08086394,50.0,2,3.45223602,50.0,2,-3.58143812,50.0,2,-15.750074625,0.0
514,中国银河证券晋中定阳路证券营业部,2,-5.010637165,0.0,2,-9.726270255,0.0,2,-5.136687585,0.0,2,1.172038435,50.0,1,-18.56540084,0.0
515,华西证券广安建安中路证券营业部,2,-1.357963035,50.0,2,5.985989105,50.0,2,11.7354316,100.0,2,8.80945829,100.0,2,4.290838155,100.0
516,国信证券揭阳建阳路证券营业部,2,-3.734618135,50.0,2,-5.378779205,50.0,2,-7.529382125,50.0,2,-11.79269056,0.0,2,-19.270836505,0.0
517,华泰证券杭州学院路证券营业部,2,5.953575425,100.0,2,-0.599244715,50.0,2,3.033655605,50.0,1,-4.64135021,0.0,0,0.0,0.0
518,中信证券北京总部证券营业部,2,6.35107254,100.0,2,0.30091781,50.0,2,-4.86986828,0.0,1,5.35422788,100.0,0,0.0,0.0
519,国泰海通证券南宁双拥路第一证券营业部,2,4.55768335,100.0,2,13.589159295,50.0,2,12.49369263,100.0,2,11.707510945,100.0,2,-17.68390844,0.0
520,光大证券宁波湾头路证券营业部,2,8.127047505,100.0,2,9.247798935,50.0,2,5.401822275,50.0,2,12.101504915,50.0,1,14.47094957,100.0
521,申万宏源证券深圳深南大道证券营业部,2,10.283454185,100.0,2,10.81081081,50.0,2,4.18589321,50.0,2,2.570863545,100.0,0,0.0,0.0
522,国融证券杭州市心北路证券营业部,2,0.170957495,50.0,2,-3.08952588,50.0,2,-9.82134452,0.0,1,-20.16042781,0.0,1,-26.47058824,0.0
523,华泰证券镇江黄山南路证券营业部,2,9.137240475,100.0,2,6.055051495,100.0,1,7.40559098,100.0,1,13.02926271,100.0,1,19.8463299,100.0
524,中信证券深圳前海分公司,2,-4.820261525,0.0,2,-8.27362422,0.0,2,-7.14957654,0.0,2,1.199429205,50.0,2,13.28085612,100.0
525,国投证券上海黄浦区中山南路证券营业部,2,4.12457532,50.0,2,5.139834135,50.0,2,7.64304987,50.0,2,21.39715433,100.0,2,9.79007503,50.0
526,华泰证券深圳益田路证券营业部,2,3.213563395,50.0,2,11.657172265,50.0,2,12.33649474,50.0,2,25.47416962,50.0,2,51.82098016,50.0
527,中信证券北京京城大厦证券营业部,2,13.303793645,100.0,2,7.25312765,50.0,2,-7.308301505,50.0,2,-6.50499288,50.0,1,-30.98654709,0.0
528,中国银河证券重庆沙坪坝证券营业部,2,-3.49120326,0.0,2,-5.99905987,0.0,2,-9.374349845,0.0,2,3.50223145,50.0,2,5.30111643,100.0
529,中国银河证券宁波宁南北路证券营业部,2,0.427154845,50.0,2,-5.003813885,0.0,2,-8.05491991,0.0,1,-13.04347826,0.0,1,-3.62318841,0.0
530,国信证券漳州水仙大街证券营业部,2,-4.63830137,50.0,2,-5.74854367,50.0,2,-7.59979948,0.0,2,-11.011629405,0.0,2,-16.734097405,0.0
531,五矿证券深圳海秀路证券营业部,2,-2.315119875,0.0,2,-14.592836645,0.0,1,-7.90123457,0.0,1,-8.88888889,0.0,0,0.0,0.0
532,中航证券萍乡建设中路证券营业部,2,3.125,50.0,1,0.0,0.0,1,6.66666667,100.0,0,0.0,0.0,0,0.0,0.0
533,中泰证券上海分公司,2,2.333205535,50.0,2,3.05984329,50.0,2,0.763621985,50.0,2,-2.65912685,50.0,0,0.0,0.0
534,长城证券深圳华为稼先路证券营业部,2,1.37973467,50.0,2,8.522984135,100.0,1,-3.20890635,0.0,1,15.60248854,100.0,1,18.50032744,100.0
535,国盛证券南昌金融大街证券营业部,2,4.44265761,50.0,2,10.870641625,100.0,2,4.37043065,50.0,2,2.1178322,50.0,2,-14.6289192,0.0
536,华金证券上海分公司,2,9.99324221,100.0,2,8.854508785,100.0,2,3.11084246,50.0,1,19.39655172,100.0,1,15.79153605,100.0
537,中银国际证券苏州分公司,2,-0.34325728,50.0,2,-3.46568087,0.0,2,-4.94426726,0.0,2,-11.61891622,0.0,2,-24.092420625,0.0
538,中信建投证券安阳永明路证券营业部,2,-15.92105263,0.0,2,-21.315789475,0.0,2,-23.62781955,0.0,2,-27.06766917,0.0,0,0.0,0.0
539,华创证券深圳香梅路证券营业部,2,-1.1647394,0.0,2,-4.82602229,0.0,2,-7.13874225,0.0,2,-6.62759762,0.0,1,-14.91766341,0.0
540,东方证券上海浦东新区北门大街证券营业部,2,-5.64668348,0.0,2,-2.93970469,50.0,1,-3.26197757,0.0,1,2.95616718,100.0,1,-4.28134557,0.0
541,华福证券江苏分公司,2,2.526593325,50.0,2,5.683357065,50.0,2,9.839567485,50.0,2,4.38830354,50.0,1,34.61784423,100.0
542,中泰证券电子商务分公司,2,-5.54113888,50.0,2,-12.87177584,0.0,2,-18.660410645,0.0,2,-24.572087,0.0,2,-34.17032227,0.0
543,兴业证券深圳分公司,2,11.07443076,100.0,2,18.777303355,100.0,2,12.28961247,100.0,2,23.198290915,100.0,2,20.9888784,100.0
544,浙商证券杭州分公司,2,10.09632526,100.0,2,13.637493615,100.0,2,20.20805898,100.0,1,32.48407643,100.0,0,0.0,0.0
545,中国国际金融深圳分公司,2,3.52960273,50.0,2,8.757433315,100.0,2,15.34466509,100.0,2,10.979429475,100.0,2,1.838924265,50.0
546,中泰证券辽宁分公司,2,-0.38481375,50.0,2,-1.39822186,50.0,2,-4.82351995,0.0,1,4.44320386,100.0,0,0.0,0.0
547,中泰证券深圳分公司,2,-0.616767535,50.0,2,-7.21727206,0.0,2,-3.156256875,50.0,2,9.549700285,50.0,2,9.135337195,100.0
548,世纪证券江西分公司,2,-2.595990025,0.0,2,-0.079611375,50.0,2,0.71371344,50.0,2,7.0747637,100.0,2,15.713358485,100.0
549,东莞证券东莞东城分公司,2,1.470251935,50.0,2,-0.4591282,50.0,2,-2.554368215,50.0,1,-2.36180905,0.0,1,-10.87939698,0.0
550,华泰证券辽宁分公司,2,-7.273443,0.0,2,-9.035099225,0.0,2,-13.185843555,0.0,2,-19.63569854,0.0,2,-17.08660595,0.0
551,中信证券杭州玉皇山南基金小镇证券营业部,2,-4.533120925,0.0,2,-7.793346175,0.0,2,-8.357957915,0.0,2,-14.395302315,0.0,0,0.0,0.0
552,申万宏源证券温州分公司,2,-6.296949855,0.0,2,-7.903831395,0.0,2,-11.446080315,0.0,2,-13.340783935,0.0,2,-15.587509675,0.0
553,国投证券梅州分公司,2,-6.22020731,0.0,2,-8.71705476,0.0,2,-8.501966055,0.0,2,-9.78847375,0.0,1,-9.38251804,0.0
554,国投证券宁波分公司,2,7.16921644,100.0,2,9.23291892,50.0,2,14.22378274,50.0,2,13.225968255,100.0,1,-11.84479238,0.0
555,华鑫证券深圳益田路证券营业部,2,-1.392075415,50.0,2,-4.979764585,0.0,2,-8.71609599,0.0,1,5.97948895,100.0,1,-10.78730454,0.0
556,中国中金财富证券佛山南海桂城灯湖东路证券营业部,2,-9.35417495,0.0,2,-15.48062578,0.0,1,-26.09147609,0.0,0,0.0,0.0,0,0.0,0.0
557,中信证券北京中关村证券营业部,2,5.6585593,50.0,2,7.65250626,50.0,2,8.171282975,50.0,2,-5.123809275,50.0,1,-21.42259414,0.0
558,广发证券福州儒江西路证券营业部,2,-8.51386167,0.0,2,-10.945134485,0.0,2,-17.100384095,0.0,1,-26.03709949,0.0,0,0.0,0.0
559,方正证券上海浦东新区成山路证券营业部,2,0.00975998,50.0,1,-18.97543126,0.0,1,-14.89806587,0.0,1,-9.14793518,0.0,1,-10.29796132,0.0
560,中国银河证券德阳凯江路证券营业部,2,-1.12448418,50.0,2,-5.652367035,0.0,2,-6.46764672,0.0,2,-8.45684319,0.0,1,-10.10416667,0.0
561,国联民生证券苏州分公司,2,-4.054762955,50.0,2,-8.338983195,0.0,2,-14.711996785,0.0,2,-9.69622577,0.0,2,-8.85641636,0.0
562,招商证券上海浦东新区长柳路证券营业部,2,-3.09868434,50.0,2,-8.65257294,0.0,2,-8.51167918,0.0,2,-10.05140013,0.0,1,-10.97992916,0.0
563,华源证券湖北分公司,2,4.26470588,50.0,2,5.048076925,100.0,2,5.602375565,100.0,1,26.32352941,100.0,1,44.63235294,100.0
564,中国中金财富证券北京石景山证券营业部,2,9.600614435,100.0,2,19.20122888,100.0,2,23.271889405,100.0,2,18.50998464,100.0,0,0.0,0.0
565,爱建证券杭州富春路证券营业部,2,-2.33168049,0.0,2,1.217348295,50.0,2,5.29908561,50.0,2,-0.34348255,50.0,2,1.161062135,50.0
566,平安证券深圳香蜜湖证券营业部,2,10.00775194,100.0,2,21.34496124,100.0,2,23.829457365,100.0,2,16.782945735,100.0,0,0.0,0.0
567,长江证券合肥徽州大道证券营业部,2,-8.83038812,0.0,2,-5.232792705,0.0,2,-9.946340675,0.0,2,-16.11191802,0.0,2,-21.58355523,0.0
568,中国中金财富证券株洲珠江北路证券营业部,2,-2.730888605,50.0,1,-15.43704892,0.0,1,-12.34963913,0.0,1,-26.54370489,0.0,0,0.0,0.0
569,华金证券青岛分公司,2,7.43937008,100.0,2,5.51496063,100.0,2,11.35433071,100.0,1,11.2,100.0,0,0.0,0.0
570,中信证券杭州庆春东路证券营业部,2,2.94117647,50.0,2,2.94117647,50.0,2,2.94117647,50.0,2,-0.18382353,50.0,2,-2.94117647,0.0
571,中银国际证券深圳分公司,2,-5.990786945,50.0,2,-13.856185855,0.0,2,-20.407888585,0.0,2,-25.19764385,0.0,0,0.0,0.0
572,华安证券上海浦东新区源深路证券营业部,2,-2.060163475,50.0,2,-9.08649337,0.0,2,-8.097342725,0.0,2,-14.77790433,0.0,2,-16.15867446,0.0
573,川财证券北京分公司,2,0.08035123,50.0,2,-3.911282305,0.0,2,-0.599983435,50.0,1,14.125,100.0,0,0.0,0.0
574,国投证券深圳深南大道华侨城大厦证券营业部,2,6.328151165,100.0,2,12.84483367,100.0,2,12.600591345,100.0,2,-2.3439905,50.0,0,0.0,0.0
575,中信建投证券北京北四环东路证券营业部,2,4.82305987,50.0,2,9.416407985,50.0,2,7.188470065,50.0,2,10.73791574,50.0,0,0.0,0.0
576,国泰海通证券成都龙腾东路证券营业部,2,-3.847064395,0.0,2,-6.107954545,0.0,2,-5.18465909,0.0,2,-11.99100379,0.0,1,-6.66666667,0.0
577,天风证券成都聚龙路证券营业部,2,-4.474043715,0.0,2,-9.8597209,0.0,2,-8.220806735,0.0,1,-13.55918155,0.0,1,-18.4455654,0.0
578,东北证券揭阳临江南路证券营业部,2,0.08150543,50.0,2,-2.42478646,0.0,2,-1.530154255,0.0,1,-5.81717452,0.0,1,-1.66204986,0.0
579,华福证券潍坊东风东街证券营业部,2,-9.96980184,0.0,2,-12.126065075,0.0,2,-12.54158182,0.0,2,-6.607722345,0.0,2,-20.02653549,0.0
580,江海证券哈尔滨世茂大道证券营业部,2,10.01597444,100.0,2,20.991609505,100.0,2,33.097563855,100.0,2,51.21847789,100.0,1,79.09252772,100.0
581,中国银河证券成都日月大道证券营业部,2,0.0114465,50.0,2,-4.988193695,0.0,2,-9.73174501,0.0,2,-18.51333742,0.0,2,-25.08650623,0.0
582,国都证券苏州苏州大道西证券营业部,2,-10.00963391,0.0,2,-14.67886962,0.0,2,-13.54440086,0.0,2,-13.327958575,0.0,1,-19.54247742,0.0
583,国盛证券慈溪慈甬路证券营业部,2,13.188042755,100.0,2,8.64061456,50.0,2,10.17054108,50.0,2,-0.663660655,50.0,2,-20.500317305,0.0
584,山西证券湖南分公司,2,0.22177231,50.0,2,-5.70419197,50.0,2,-9.132865345,0.0,1,7.29108245,100.0,1,25.12619181,100.0
585,东方财富证券拉萨达孜区虎峰大道证券营业部,2,-5.0,0.0,2,-6.85185185,0.0,2,-6.666666665,0.0,2,-6.85185185,0.0,0,0.0,0.0
586,中国银河证券兰溪三江路证券营业部,2,-3.7767451,0.0,2,-5.957880585,0.0,2,-6.903217855,0.0,2,-8.36080914,0.0,2,-18.053528615,0.0
587,上海证券上海分公司,2,6.13180754,100.0,2,9.942534735,100.0,2,9.038117805,100.0,2,10.386340235,50.0,2,-10.73931743,0.0
588,华金证券北京分公司,2,-2.39481289,50.0,2,-2.856499975,0.0,2,-0.392836155,50.0,2,2.601319185,50.0,2,-17.58943647,0.0
589,长城证券深圳分公司,2,-8.4984985,0.0,2,-10.177568875,0.0,2,-13.809896855,0.0,1,-22.3266745,0.0,1,-24.83352918,0.0
590,长城证券四川分公司,2,-4.632830045,0.0,2,-7.335144145,0.0,2,-7.42126928,0.0,2,-17.39207644,0.0,2,-16.36194187,0.0
591,国元证券浙江分公司,2,-2.533027005,50.0,2,-6.356018445,0.0,2,-3.62253325,0.0,1,-7.21649485,0.0,1,-12.31386025,0.0
592,东方证券成都万象南路证券营业部,2,-9.784011445,0.0,2,-8.94800061,0.0,2,-7.916434785,0.0,2,1.891699795,50.0,2,13.339018265,50.0
593,国盛证券江西分公司,2,-6.8649563,0.0,2,-8.2341275,0.0,2,-7.99887894,0.0,2,3.912817215,50.0,2,-18.64375822,0.0
594,天风证券上海浦东分公司,2,-6.748835715,0.0,2,-7.15135013,50.0,2,-8.863337395,50.0,2,-13.508916935,50.0,1,-17.04689099,0.0
595,东北证券杭州教工路证券营业部,2,4.62406015,50.0,2,-0.1566416,50.0,2,2.030970285,50.0,1,5.57748538,100.0,1,-10.52631579,0.0
596,中国银河证券北京苏州街证券营业部,2,5.722663905,100.0,2,6.673655405,100.0,2,9.583460525,100.0,2,-1.43594903,50.0,2,-4.94001086,50.0
597,华福证券上海浦东新区银城路证券营业部,1,5.08982036,100.0,1,2.69461078,100.0,1,-2.99401198,0.0,1,-0.5988024,0.0,0,0.0,0.0
598,平安证券贵阳诚信北路证券营业部,1,-7.10579743,0.0,1,-10.28648771,0.0,1,-13.87322355,0.0,1,-19.33228062,0.0,1,-18.4976314,0.0
599,平安证券济南解放路证券营业部,1,5.6641604,100.0,1,2.70676692,100.0,1,3.35839599,100.0,1,8.62155388,100.0,1,8.52130326,100.0
600,中信建投证券宁德蕉城南路证券营业部,1,5.18292683,100.0,1,-0.40650407,0.0,1,9.55284553,100.0,1,7.21544715,100.0,1,-15.14227642,0.0
601,国泰海通证券杭州金华南路证券营业部,1,3.81211709,100.0,1,-2.58679374,0.0,1,-3.13138189,0.0,1,0.13614704,100.0,1,-11.84479238,0.0
602,广发证券北京善缘街证券营业部,1,-5.74935401,0.0,1,-11.64944014,0.0,1,-8.19336779,0.0,0,0.0,0.0,0,0.0,0.0
603,广发证券北京宣武门外大街证券营业部,1,0.90909091,100.0,1,2.38636364,100.0,1,1.93181818,100.0,1,3.97727273,100.0,0,0.0,0.0
604,广发证券厦门环岛东路证券营业部,1,5.69468268,100.0,0,0.0,0.0,0,0.0,0.0,0,0.0,0.0,0,0.0,0.0
605,广发证券上海秀沿路证券营业部,1,5.93936662,100.0,1,10.41361434,100.0,1,20.59055562,100.0,1,18.65209061,100.0,1,3.68533754,100.0
606,国泰海通证券成都东大街证券营业部,1,-3.37405468,0.0,1,-6.92262944,0.0,1,-8.72600349,0.0,1,-10.64572426,0.0,1,-16.7539267,0.0
607,川财证券重庆江北嘴证券营业部,1,-8.14272644,0.0,1,-8.11222934,0.0,1,-16.01097896,0.0,1,-14.94358036,0.0,1,-12.16834401,0.0
608,方正证券上海浦东新区浦东大道证券营业部,1,-1.40410959,0.0,1,-5.58219178,0.0,1,-11.18150685,0.0,1,-12.56849315,0.0,1,-9.62328767,0.0
609,长城证券无锡人民中路证券营业部,1,13.37667455,100.0,1,17.61229314,100.0,1,25.88652482,100.0,1,38.88888889,100.0,1,31.40267928,100.0
610,中信建投证券总部,1,-2.7027027,0.0,1,7.02702703,100.0,1,-0.67567568,0.0,1,0.47297297,100.0,0,0.0,0.0
611,东北证券杭州市心北路证券营业部,1,1.82542317,100.0,0,0.0,0.0,0,0.0,0.0,0,0.0,0.0,0,0.0,0.0
612,国信证券广州丰乐南路证券营业部,1,-10.03584229,0.0,1,-13.85902031,0.0,1,-17.32377539,0.0,1,-23.53643967,0.0,0,0.0,0.0
613,国信证券福州曙光路证券营业部,1,-9.97171146,0.0,1,-18.9533239,0.0,1,-27.08628006,0.0,1,-40.73550212,0.0,0,0.0,0.0
614,华西证券深圳粤兴四道证券营业部,1,-7.82122905,0.0,1,-11.70391061,0.0,1,-6.98324022,0.0,1,-10.83798883,0.0,1,-15.07780069,0.0
615,第一创业证券四川分公司,1,-9.9916388,0.0,1,-10.63963211,0.0,1,-15.86538462,0.0,1,-18.81270903,0.0,0,0.0,0.0
616,广发证券深圳福华一路证券营业部,1,4.60829493,100.0,1,-0.37442396,0.0,1,6.27880184,100.0,1,-1.58410138,0.0,1,-11.29032258,0.0
617,东方证券杭州市心北路证券营业部,1,-10.05518386,0.0,1,-13.0243688,0.0,1,-16.22307955,0.0,1,-8.17990917,0.0,1,-12.62880305,0.0
618,甬兴证券青岛分公司,1,10.0,100.0,1,3.84615385,100.0,1,2.30769231,100.0,0,0.0,0.0,0,0.0,0.0
619,东方证券青岛延吉路证券营业部,1,4.92250043,100.0,1,-1.22636689,0.0,1,-1.20933401,0.0,1,-0.15329586,0.0,0,0.0,0.0
620,方正证券汉中西新街证券营业部,1,-4.875,0.0,1,-9.625,0.0,0,0.0,0.0,0,0.0,0.0,0,0.0,0.0
621,甬兴证券北京分公司,1,-2.61076751,0.0,1,-4.69431208,0.0,1,-9.13515158,0.0,1,-4.24820034,0.0,1,-19.2994018,0.0
622,中航证券福建分公司,1,-11.80498494,0.0,1,-16.69405642,0.0,1,-14.33853739,0.0,1,-4.20432758,0.0,1,2.0336894,100.0
623,国信证券深圳金田路证券营业部,1,-3.30788804,0.0,1,-10.43256997,0.0,1,-11.95928753,0.0,1,-11.19592875,0.0,0,0.0,0.0
624,华泰证券上海浦东新区东方路证券营业部,1,4.96338487,100.0,1,4.06834825,100.0,1,9.27583401,100.0,1,5.1261188,100.0,0,0.0,0.0
625,华鑫证券上海西藏中路证券营业部,1,9.9690881,100.0,1,20.94281298,100.0,1,33.07573416,100.0,1,60.97372488,100.0,0,0.0,0.0
626,东兴证券北京金宝街证券营业部,1,-8.63811015,0.0,1,-13.32005123,0.0,1,-5.2227124,0.0,1,-0.14230824,0.0,1,-7.75579906,0.0
627,中国中金财富证券北京建国门外大街证券营业部,1,-9.4972067,0.0,1,-8.56610801,0.0,1,-5.2141527,0.0,0,0.0,0.0,0,0.0,0.0
628,广发证券海口国兴大道证券营业部,1,-7.95606751,0.0,1,-13.04580766,0.0,1,-12.00107152,0.0,1,-11.4653094,0.0,1,-14.08278381,0.0
629,广发证券石家庄自强路证券营业部,1,3.80658436,100.0,1,0.61728395,100.0,1,-9.46502058,0.0,1,-7.30452675,0.0,1,-11.31687243,0.0
630,广发证券珠海横琴证券营业部,1,0.03320053,100.0,1,-8.56573705,0.0,1,-13.41301461,0.0,1,-4.44887118,0.0,1,-5.54448871,0.0
631,国联民生证券深圳粤海街道科技园证券营业部,1,0.59031877,100.0,1,-6.96576151,0.0,1,-8.97284534,0.0,1,-8.50059032,0.0,1,-10.97992916,0.0
632,信达证券上海浦东新区源深路证券营业部,1,3.19573901,100.0,1,3.26231691,100.0,1,-2.563249,0.0,1,4.40079893,100.0,1,-17.45006658,0.0
633,平安证券上海静安分公司,1,-5.0,0.0,1,-9.79166667,0.0,1,-7.70833333,0.0,1,-13.75,0.0,1,-10.10416667,0.0
634,东北证券长沙晴岚路证券营业部,1,3.96149574,100.0,1,-7.44168826,0.0,1,-11.45501666,0.0,1,-14.54276194,0.0,0,0.0,0.0
635,平安证券深圳金融科技证券分公司,1,-8.12903226,0.0,1,-12.36129032,0.0,1,-9.85806452,0.0,1,-29.03225806,0.0,0,0.0,0.0
636,广发证券湖州高富路证券营业部,1,-0.48076923,0.0,1,-5.76923077,0.0,1,-6.25,0.0,0,0.0,0.0,0,0.0,0.0
637,开源证券浙江分公司,1,5.40958269,100.0,1,-1.08191654,0.0,0,0.0,0.0,0,0.0,0.0,0,0.0,0.0
638,广发证券镇江长江路证券营业部,1,-2.87769784,0.0,1,-3.77697842,0.0,1,-8.63309353,0.0,1,5.39568345,100.0,1,5.39568345,100.0
639,开源证券徐州分公司,1,-8.68833355,0.0,1,-13.10371617,0.0,1,-20.01812767,0.0,0,0.0,0.0,0,0.0,0.0
640,兴业证券咸阳分公司,1,-8.29326923,0.0,1,-13.94230769,0.0,1,-11.95913462,0.0,1,-16.22596154,0.0,0,0.0,0.0
641,粤开证券广东分公司,1,1.65662651,100.0,0,0.0,0.0,0,0.0,0.0,0,0.0,0.0,0,0.0,0.0
642,国泰海通证券合肥创新大道证券营业部,1,-0.56433409,0.0,1,-4.17607223,0.0,1,-7.2234763,0.0,1,1.80586907,100.0,1,2.14446953,100.0
643,申万宏源证券深圳光明创投路证券营业部,1,-3.24324324,0.0,1,1.03419599,100.0,0,0.0,0.0,0,0.0,0.0,0,0.0,0.0
644,财信证券长沙芙蓉路证券营业部,1,-5.00270416,0.0,1,-9.76203353,0.0,1,-5.24607896,0.0,1,-2.65008112,0.0,0,0.0,0.0
645,华创证券龙岩龙岩大道证券营业部,1,-5.11945392,0.0,1,-10.03412969,0.0,1,-11.26279863,0.0,0,0.0,0.0,0,0.0,0.0
646,财通证券河南分公司,1,-2.94275013,0.0,1,-7.78491172,0.0,1,-12.38630284,0.0,1,-12.60032103,0.0,1,-32.3434992,0.0
647,东莞证券武汉硚口路证券营业部,1,16.05363985,100.0,1,7.85440613,100.0,1,1.91570881,100.0,1,-5.74712644,0.0,1,17.12643678,100.0
648,东吴证券上海浦东新区银城中路证券营业部,1,-2.28888889,0.0,1,-9.93888889,0.0,1,-12.06666667,0.0,1,-15.94444444,0.0,0,0.0,0.0
649,华创证券台州东海大道证券营业部,1,-5.40752351,0.0,1,-7.44514107,0.0,1,-7.9153605,0.0,1,-7.99373041,0.0,1,-4.78056426,0.0
650,广发证券青岛武夷山路证券营业部,1,20.00401687,100.0,1,24.603334,100.0,1,14.96284394,100.0,1,9.09821249,100.0,1,-4.25788311,0.0
651,华泰证券宁波中山东路证券营业部,1,-6.97020798,0.0,1,-12.0292299,0.0,1,-13.54693648,0.0,1,-12.98482293,0.0,1,-25.08964032,0.0
652,广发证券成都天府大道北段证券营业部,1,3.58126722,100.0,1,2.20385675,100.0,1,8.815427,100.0,1,-0.97796143,0.0,1,-13.48484848,0.0
653,浙商证券余杭向往街证券营业部,1,-9.9923136,0.0,1,-15.14219831,0.0,1,-23.52036895,0.0,1,-30.66871637,0.0,0,0.0,0.0
654,华源证券慈溪浒山路证券营业部,1,9.97888068,100.0,1,20.96092925,100.0,1,33.05174234,100.0,0,0.0,0.0,0,0.0,0.0
655,中银国际证券秦皇岛建设大街证券营业部,1,-10.01371742,0.0,1,-8.5048011,0.0,1,-15.77503429,0.0,1,-19.478738,0.0,1,-15.9122085,0.0
656,联储证券杭州西湖桃源岭证券营业部,1,5.75938567,100.0,1,4.5221843,100.0,1,-1.02389078,0.0,1,12.20136519,100.0,1,-7.29522184,0.0
657,国泰海通证券南京胜利路证券营业部,1,-2.81030445,0.0,1,0.46838407,100.0,1,3.7470726,100.0,1,-0.70257611,0.0,1,-13.58313817,0.0
658,万联证券福建分公司,1,-9.81502454,0.0,1,-14.798037,0.0,1,-9.70177425,0.0,0,0.0,0.0,0,0.0,0.0
659,华泰证券上海浦东新区滨江大道证券营业部,1,5.9151009,100.0,1,12.31732777,100.0,1,6.98677801,100.0,1,5.6506611,100.0,1,27.87752262,100.0
660,世纪证券深圳罗湖分公司,1,-5.56070436,0.0,1,-13.80908248,0.0,1,-22.42817424,0.0,1,-33.17886932,0.0,0,0.0,0.0
661,第一创业证券天津自贸区证券营业部,1,5.23255814,100.0,1,5.23255814,100.0,1,5.81395349,100.0,1,-1.74418605,0.0,1,-16.27906977,0.0
662,开源证券福州分公司,1,-4.99432463,0.0,1,-14.49110859,0.0,1,-23.04199773,0.0,1,-16.38289822,0.0,0,0.0,0.0
663,华泰证券深圳红树湾证券营业部,1,-11.76470588,0.0,1,-11.76470588,0.0,1,-11.76470588,0.0,1,-11.76470588,0.0,1,-23.52941176,0.0
664,华福证券,1,-6.34408602,0.0,1,-11.61290323,0.0,1,-12.25806452,0.0,1,-17.09677419,0.0,0,0.0,0.0
665,华泰证券,1,-6.34408602,0.0,1,-11.61290323,0.0,1,-12.25806452,0.0,1,-17.09677419,0.0,0,0.0,0.0
666,东方证券,1,3.7037037,100.0,0,0.0,0.0,0,0.0,0.0,0,0.0,0.0,0,0.0,0.0
667,中泰证券,1,3.7037037,100.0,0,0.0,0.0,0,0.0,0.0,0,0.0,0.0,0,0.0,0.0
668,中银证券,1,0.34912718,100.0,1,-3.09226933,0.0,1,-5.23690773,0.0,1,-11.82044888,0.0,1,-4.98753117,0.0
669,浙商证券,1,3.46220427,100.0,1,-0.75014426,0.0,1,0.46162724,100.0,1,-3.34679746,0.0,0,0.0,0.0
670,广发证券,1,3.46220427,100.0,1,-0.75014426,0.0,1,0.46162724,100.0,1,-3.34679746,0.0,0,0.0,0.0
671,华泰证券广州云城东路证券营业部,1,-2.43902439,0.0,1,-1.55210643,0.0,1,-3.99113082,0.0,1,-10.19955654,0.0,1,-16.62971175,0.0
672,光大证券海口国贸大道证券营业部,1,-2.22672065,0.0,1,1.2145749,100.0,1,2.8340081,100.0,1,8.94736842,100.0,1,5.50607287,100.0
673,光大证券上海张杨路证券营业部,1,-4.4409199,0.0,1,-6.89928628,0.0,1,-8.16812054,0.0,1,-13.63996828,0.0,1,-5.86835845,0.0
674,华泰证券南通姚港路证券营业部,1,4.8,100.0,1,5.6,100.0,1,-3.2,0.0,1,10.4,100.0,0,0.0,0.0
675,华泰证券南通工农路证券营业部,1,4.99621499,100.0,1,10.21953066,100.0,1,15.74564724,100.0,1,18.54655564,100.0,1,7.79712339,100.0
676,中信建投证券郴州解放路证券营业部,1,-1.7699115,0.0,1,-5.60471976,0.0,1,-6.19469027,0.0,1,-3.53982301,0.0,1,-7.37463127,0.0
677,中信建投证券上海宝山区华灵路证券营业部,1,19.99212133,100.0,1,14.26038999,100.0,0,0.0,0.0,0,0.0,0.0,0,0.0,0.0
678,中信建投证券上海杨浦区控江路证券营业部,1,9.94152047,100.0,1,17.54385965,100.0,0,0.0,0.0,0,0.0,0.0,0,0.0,0.0
679,中信建投证券北京朝阳分公司,1,-2.80112045,0.0,1,-6.44257703,0.0,1,-12.88515406,0.0,1,-10.92436975,0.0,1,-14.84593838,0.0
680,中信建投证券武汉中北路证券营业部,1,-0.76255588,0.0,1,12.38495924,100.0,1,9.3873258,100.0,0,0.0,0.0,0,0.0,0.0
681,中信建投证券南昌井冈山大道证券营业部,1,9.9871959,100.0,1,14.59667093,100.0,1,17.1574904,100.0,1,39.88476312,100.0,1,20.35851472,100.0
682,中原证券郑州黄河路证券营业部,1,-2.37659963,0.0,1,-5.11882998,0.0,1,-3.01645338,0.0,0,0.0,0.0,0,0.0,0.0
683,国泰海通证券济南经十路证券营业部,1,10.0,100.0,1,6.4344755,100.0,1,4.84137216,100.0,1,12.04826822,100.0,1,6.13102725,100.0
684,浙商证券台州环城东路证券营业部,1,2.83286119,100.0,0,0.0,0.0,0,0.0,0.0,0,0.0,0.0,0,0.0,0.0
685,中航证券南昌广场南路证券营业部,1,-13.59223301,0.0,1,-16.50485437,0.0,1,-12.62135922,0.0,0,0.0,0.0,0,0.0,0.0
686,财信证券长沙湘江中路证券营业部,1,-9.09090909,0.0,1,-13.63636364,0.0,1,-15.90909091,0.0,1,-15.90909091,0.0,1,-18.18181818,0.0
687,世纪证券深圳深南分公司,1,-9.09090909,0.0,1,-13.63636364,0.0,0,0.0,0.0,0,0.0,0.0,0,0.0,0.0
688,五矿证券杭州中山北路证券营业部,1,10.81081081,100.0,1,21.62162162,100.0,1,10.81081081,100.0,1,2.7027027,100.0,0,0.0,0.0
689,山西证券太原坞城路证券营业部,1,-5.06912442,0.0,1,-9.67741935,0.0,1,-14.28571429,0.0,1,-22.58064516,0.0,1,-23.04147465,0.0
690,广发证券上海石泉路证券营业部,1,-2.63157895,0.0,0,0.0,0.0,0,0.0,0.0,0,0.0,0.0,0,0.0,0.0
691,广发证券深圳深南东路证券营业部,1,-2.47323736,0.0,1,-6.75526024,0.0,1,-1.62421558,0.0,1,-5.57401255,0.0,1,-29.38353636,0.0
692,平安证券珠海园林路证券营业部,1,4.28858611,100.0,1,11.86062095,100.0,1,9.44829127,100.0,1,27.76412776,100.0,1,14.56332365,100.0
693,国泰海通证券烟台解放路证券营业部,1,0.55555556,100.0,1,2.77777778,100.0,1,2.22222222,100.0,0,0.0,0.0,0,0.0,0.0
694,国泰海通证券上海黄浦区合肥路证券营业部,1,-0.09029345,0.0,1,2.16704289,100.0,1,-0.22573363,0.0,1,-10.49094892,0.0,1,-12.12250631,0.0
695,国泰海通证券上海杨浦区黄兴路证券营业部,1,-2.0431328,0.0,1,0.56753689,100.0,1,-1.0215664,0.0,1,2.27014756,100.0,0,0.0,0.0
696,国泰海通证券北京德外大街证券营业部,1,-4.45502942,0.0,1,-2.97001961,0.0,1,-2.52171477,0.0,1,8.01344915,100.0,1,18.85682264,100.0
697,江海证券沈阳朝阳街证券营业部,1,1.82370821,100.0,1,0.0,0.0,1,-4.86322188,0.0,1,-5.16717325,0.0,0,0.0,0.0
698,国信证券上海漕溪北路证券营业部,1,-10.02109705,0.0,1,-12.5,0.0,1,-8.91350211,0.0,1,-1.68776371,0.0,1,-5.5907173,0.0
699,长城证券北京知春路证券营业部,1,-5.52968568,0.0,1,-4.39464494,0.0,1,-11.26309662,0.0,1,-7.45052386,0.0,1,-5.92384351,0.0
700,长城证券上海长宁区延安西路证券营业部,1,-3.41463415,0.0,1,0.0,0.0,1,-2.56097561,0.0,1,-5.61267981,0.0,0,0.0,0.0
701,山西证券深圳华富路证券营业部,1,-3.6858006,0.0,1,-10.33232628,0.0,1,-11.17824773,0.0,1,-12.68882175,0.0,1,-15.28700906,0.0
702,中国银河证券郑州山河证券营业部,1,-2.37113402,0.0,1,-5.82474227,0.0,1,-9.53608247,0.0,1,-11.80412371,0.0,0,0.0,0.0
703,中国银河证券长沙芙蓉中路证券营业部,1,-10.28045811,0.0,1,-14.04094147,0.0,1,-15.80845883,0.0,1,-9.58607629,0.0,0,0.0,0.0
704,中国银河证券广州天河北路证券营业部,1,3.62318841,100.0,1,1.44927536,100.0,1,0.72463768,100.0,1,1.44927536,100.0,0,0.0,0.0
705,中国银河证券绍兴鲁迅中路证券营业部,1,-11.76470588,0.0,1,-11.76470588,0.0,1,-11.76470588,0.0,1,-11.76470588,0.0,1,-23.52941176,0.0
706,中国银河证券上海静安区安业路证券营业部,1,4.98027613,100.0,1,-0.24654832,0.0,1,-10.20710059,0.0,1,-11.09467456,0.0,0,0.0,0.0
707,中国银河证券广州东风中路证券营业部,1,2.86951814,100.0,1,-3.57336221,0.0,1,-11.20736329,0.0,1,-8.44612886,0.0,0,0.0,0.0
708,中国银河证券汕头金砂路证券营业部,1,0.9009009,100.0,1,-0.9009009,0.0,1,-0.45045045,0.0,1,3.6036036,100.0,1,1.35135135,100.0
709,中国银河证券上海杨浦区靖宇东路证券营业部,1,0.47860769,100.0,1,3.71283539,100.0,1,2.11747643,100.0,1,-0.92820885,0.0,1,-6.7440174,0.0
710,东北证券上海北艾路证券营业部,1,3.7127703,100.0,1,3.75356997,100.0,1,10.48551612,100.0,1,11.09864383,100.0,1,5.90750043,100.0
711,中国中金财富证券广州天河路证券营业部,1,9.98741083,100.0,1,20.98195552,100.0,1,33.02559799,100.0,1,7.76332354,100.0,1,22.32480067,100.0
712,东北证券上海第二分公司,1,5.64373898,100.0,1,2.99823633,100.0,1,3.88007055,100.0,1,-5.29100529,0.0,1,7.05467372,100.0
713,广发证券肇庆信安三路敏捷广场证券营业部,1,0.0,0.0,1,5.0,100.0,1,7.5,100.0,0,0.0,0.0,0,0.0,0.0
714,中信建投证券重庆南坪西路证券营业部,1,-1.65662651,0.0,1,-1.5060241,0.0,1,-4.96987952,0.0,1,4.21686747,100.0,1,9.03614458,100.0
715,光大证券东莞石龙裕兴路证券营业部,1,9.375,100.0,1,9.375,100.0,1,15.625,100.0,1,9.375,100.0,0,0.0,0.0
716,广发证券广州天河北路证券营业部,1,-5.92459605,0.0,1,-8.43806104,0.0,1,-6.91202873,0.0,1,-6.82226212,0.0,1,-7.00179533,0.0
717,国泰海通证券常州延陵中路证券营业部,1,-2.63157895,0.0,0,0.0,0.0,0,0.0,0.0,0,0.0,0.0,0,0.0,0.0
718,国泰海通证券衡阳三江路证券营业部,1,-6.25,0.0,1,-6.25,0.0,1,-6.25,0.0,1,-6.25,0.0,0,0.0,0.0
719,国泰海通证券广州黄埔大道证券营业部,1,13.21656051,100.0,1,21.11464968,100.0,1,20.1910828,100.0,1,32.48407643,100.0,0,0.0,0.0
720,国泰海通证券北京中关村南大街证券营业部,1,2.26604462,100.0,1,8.28400047,100.0,1,6.64523464,100.0,1,-8.01740699,0.0,1,-17.83431999,0.0
721,中国中金财富证券北京北三环东路证券营业部,1,-5.0,0.0,1,5.0,100.0,0,0.0,0.0,0,0.0,0.0,0,0.0,0.0
722,中国中金财富证券北京宋庄路证券营业部,1,-10.04672897,0.0,1,-2.86214953,0.0,1,-5.72429907,0.0,1,-0.99299065,0.0,1,-4.55607477,0.0
723,国泰海通证券深圳宝安怀德国际大厦证券营业部,1,11.62255466,100.0,1,11.50747986,100.0,1,11.91024166,100.0,1,35.09781358,100.0,0,0.0,0.0
724,长江证券上海福州路证券营业部,1,0.0,0.0,1,0.0,0.0,1,0.0,0.0,1,-11.11111111,0.0,0,0.0,0.0
725,申万宏源证券重庆中山一路证券营业部,1,-3.52112676,0.0,1,-6.84104628,0.0,1,-8.65191147,0.0,1,-15.04024145,0.0,1,-6.18712274,0.0
726,申万宏源证券苏州龙西路证券营业部,1,-1.7292983,0.0,1,-4.62254739,0.0,1,-1.92883272,0.0,1,-11.34020619,0.0,0,0.0,0.0
727,申万宏源证券上海虹口区大连路证券营业部,1,9.94854202,100.0,1,8.06174957,100.0,1,5.83190395,100.0,1,6.3464837,100.0,0,0.0,0.0
728,申万宏源证券上海静安区洛川东路证券营业部,1,-10.0,0.0,1,-10.0,0.0,1,-13.33333333,0.0,1,-10.0,0.0,0,0.0,0.0
729,申万宏源证券上海徐汇区上中西路证券营业部,1,10.0,100.0,1,4.04907975,100.0,1,1.59509202,100.0,0,0.0,0.0,0,0.0,0.0
730,国泰海通证券西安唐延路证券营业部,1,2.04490778,100.0,1,5.13231756,100.0,1,-1.60384924,0.0,1,2.2052927,100.0,1,-6.65597434,0.0
731,国泰海通证券昆明人民中路证券营业部,1,4.18604651,100.0,1,0.46511628,100.0,1,-2.3255814,0.0,1,-11.03614023,0.0,1,-22.48582447,0.0
732,国信证券佛山南海大道证券营业部,1,-7.16723549,0.0,1,-6.48464164,0.0,1,-8.19112628,0.0,1,-6.48464164,0.0,1,-4.09556314,0.0
733,长城证券大连五惠路证券营业部,1,-7.53648443,0.0,1,1.50294054,100.0,1,-3.24548029,0.0,1,-2.35242866,0.0,1,-11.97996079,0.0
734,国金证券成都双楠路证券营业部,1,-7.87866586,0.0,1,-16.71699886,0.0,1,-14.77753171,0.0,1,-18.28736326,0.0,1,-8.05986175,0.0
735,金元证券深圳深南大道证券营业部,1,-5.09259259,0.0,1,-6.71296296,0.0,1,-3.47222222,0.0,1,-3.24074074,0.0,1,-12.73148148,0.0
736,申万宏源证券广州珠江西路证券营业部,1,-8.03059273,0.0,1,-10.7456979,0.0,1,-15.64053537,0.0,1,-13.95793499,0.0,1,-15.44933078,0.0
737,国泰海通证券重庆朝天门证券营业部,1,-5.48387097,0.0,1,-8.51612903,0.0,1,-11.12903226,0.0,1,-6.67741935,0.0,1,0.67741935,100.0
738,湘财证券上海江宁路证券营业部,1,9.94854202,100.0,1,8.06174957,100.0,1,5.83190395,100.0,1,6.3464837,100.0,0,0.0,0.0
739,湘财证券广州滨江东路证券营业部,1,-10.04672897,0.0,1,-2.86214953,0.0,1,-5.72429907,0.0,1,-0.99299065,0.0,1,-4.55607477,0.0
740,申万宏源证券嘉兴分公司,1,-0.73529412,0.0,1,1.57563025,100.0,1,3.57142857,100.0,1,1.10294118,100.0,1,-10.08403361,0.0
741,申万宏源证券北京安定路证券营业部,1,-1.89498618,0.0,1,-3.55309909,0.0,1,6.07974734,100.0,1,-0.51322542,0.0,1,-5.7639163,0.0
742,西部证券深圳中心路证券营业部,1,-4.99265786,0.0,1,-6.020558,0.0,1,-10.57268722,0.0,1,-23.64170338,0.0,0,0.0,0.0
743,国泰海通证券郑州黄河路证券营业部,1,-9.4633347,0.0,1,-17.24702991,0.0,1,-21.30274478,0.0,1,-12.82261368,0.0,1,-9.25850061,0.0
744,国泰海通证券福州华林路证券营业部,1,-16.36240703,0.0,1,-22.51521298,0.0,1,-22.04192022,0.0,1,-25.08451657,0.0,1,-28.66801893,0.0
745,国泰海通证券广州临江大道证券营业部,1,9.99563509,100.0,0,0.0,0.0,0,0.0,0.0,0,0.0,0.0,0,0.0,0.0
746,中国中金财富证券南京中央路证券营业部,1,2.5,100.0,1,2.5,100.0,1,2.5,100.0,1,0.0,0.0,0,0.0,0.0
747,华泰证券苏州新市路证券营业部,1,11.76470588,100.0,1,23.52941176,100.0,1,35.29411765,100.0,1,41.17647059,100.0,0,0.0,0.0
748,国元证券上海斜土路证券营业部,1,-2.0431328,0.0,1,0.56753689,100.0,1,-1.0215664,0.0,1,2.27014756,100.0,0,0.0,0.0
749,申万宏源西部证券西安二环南路证券营业部,1,2.7027027,100.0,1,1.35135135,100.0,1,-2.7027027,0.0,1,-2.7027027,0.0,0,0.0,0.0
750,大通证券大连民意街证券营业部,1,-2.28013029,0.0,1,-0.6514658,0.0,1,-0.3257329,0.0,1,-1.3029316,0.0,1,9.12052117,100.0
751,国泰海通证券宁波解放北路证券营业部,1,13.37667455,100.0,1,17.61229314,100.0,1,25.88652482,100.0,1,38.88888889,100.0,1,31.40267928,100.0
752,西部证券西安金花南路证券营业部,1,3.3151905,100.0,1,0.84116774,100.0,1,-4.15635824,0.0,1,-12.51855517,0.0,0,0.0,0.0
753,中信证券常州分公司,1,-10.94488189,0.0,1,5.94488189,100.0,1,5.0,100.0,1,-1.92913386,0.0,0,0.0,0.0
754,国元证券上海中山北路证券营业部,1,1.69361047,100.0,1,0.15396459,100.0,1,7.39030023,100.0,1,-2.46343341,0.0,1,-13.77983064,0.0
755,国元证券广州江南大道中路证券营业部,1,13.24854266,100.0,1,10.22787493,100.0,0,0.0,0.0,0,0.0,0.0,0,0.0,0.0
756,国元证券合肥宿州路证券营业部,1,1.63551402,100.0,1,5.0623053,100.0,1,5.37383178,100.0,1,10.20249221,100.0,0,0.0,0.0
757,申万宏源证券深圳市深圳湾一号证券营业部,1,3.73194222,100.0,1,6.17977528,100.0,1,7.38362761,100.0,1,0.64205457,100.0,1,-0.96308186,0.0
758,财通证券绍兴人民中路证券营业部,1,1.57595993,100.0,1,-6.84140234,0.0,1,7.06510851,100.0,1,18.15692821,100.0,1,31.60639767,100.0
759,东海证券常州劳动西路证券营业部,1,-11.11111111,0.0,0,0.0,0.0,0,0.0,0.0,0,0.0,0.0,0,0.0,0.0
760,兴业证券上海天钥桥路证券营业部,1,-10.04672897,0.0,1,-2.86214953,0.0,1,-5.72429907,0.0,1,-0.99299065,0.0,1,-4.55607477,0.0
761,华安证券黄山分公司,1,5.83554377,100.0,1,-2.3872679,0.0,1,-2.65251989,0.0,0,0.0,0.0,0,0.0,0.0
762,中信证券(山东)滨州黄河六路证券营业部,1,-3.36700337,0.0,1,-3.36700337,0.0,0,0.0,0.0,0,0.0,0.0,0,0.0,0.0
763,国海证券贵港中山路证券营业部,1,-7.06521739,0.0,0,0.0,0.0,0,0.0,0.0,0,0.0,0.0,0,0.0,0.0
764,中信证券(山东)青岛连云港路证券营业部,1,-3.94736842,0.0,1,-5.42763158,0.0,1,-9.21052632,0.0,1,-6.90789474,0.0,0,0.0,0.0
765,大通证券葫芦岛新华大街证券营业部,1,-1.2987013,0.0,1,-0.81168831,0.0,1,-4.22077922,0.0,1,-6.16883117,0.0,1,-4.38311688,0.0
766,长江证券上海徐汇区天钥桥路证券营业部,1,-0.83518931,0.0,1,-2.19005197,0.0,1,7.59094284,100.0,1,21.03285078,100.0,1,9.45155902,100.0
767,申万宏源证券上海黄浦区中山南一路证券营业部,1,-1.7383704,0.0,1,-4.78780227,0.0,1,-8.98319899,0.0,1,-9.80868214,0.0,1,-15.3831213,0.0
768,申万宏源证券上海金山区蒙山路证券营业部,1,-6.52122918,0.0,1,-10.15716631,0.0,1,-11.65845649,0.0,1,-12.7375088,0.0,1,-23.05887872,0.0
769,国泰海通证券上海虹口区新建路证券营业部,1,-7.10579743,0.0,1,-10.28648771,0.0,1,-13.87322355,0.0,1,-19.33228062,0.0,1,-18.4976314,0.0
770,上海证券临平路证券营业部,1,-3.21428571,0.0,1,-2.14285714,0.0,1,-0.35714286,0.0,1,1.42857143,100.0,1,-15.84821674,0.0
771,上海证券奉贤区南奉公路证券营业部,1,-0.83333333,0.0,1,-3.25,0.0,1,1.58333333,100.0,1,14.125,100.0,0,0.0,0.0
772,渤海证券上海黄浦区徐家汇路证券营业部,1,10.52631579,100.0,0,0.0,0.0,0,0.0,0.0,0,0.0,0.0,0,0.0,0.0
773,中信证券义乌城中中路证券营业部,1,4.44587629,100.0,1,-2.06185567,0.0,1,-3.15721649,0.0,1,-6.8943299,0.0,0,0.0,0.0
774,国联民生证券上海虹口区飞虹路证券营业部,1,0.0,0.0,1,0.0,0.0,1,0.0,0.0,1,-5.55555556,0.0,0,0.0,0.0
775,东吴证券苏州狮山路证券营业部,1,3.13757039,100.0,1,0.40225261,100.0,0,0.0,0.0,0,0.0,0.0,0,0.0,0.0
776,中国中金财富证券山东分公司,1,0.06451613,100.0,1,-5.58064516,0.0,1,9.03225806,100.0,1,-5.21290323,0.0,1,-16.63870968,0.0
777,中国中金财富证券哈尔滨紫园路证券营业部,1,-1.24481328,0.0,1,-0.62240664,0.0,1,-1.0373444,0.0,1,-3.1120332,0.0,0,0.0,0.0
778,东北证券重庆铜梁证券营业部,1,-10.02405774,0.0,1,-14.27425822,0.0,1,-13.4723336,0.0,1,-13.07137129,0.0,1,-9.38251804,0.0
779,华西证券成都南一环路证券营业部,1,3.84615385,100.0,1,-7.69230769,0.0,0,0.0,0.0,0,0.0,0.0,0,0.0,0.0
780,华西证券成都高升桥路证券营业部,1,2.20264317,100.0,1,2.64317181,100.0,1,4.11160059,100.0,1,-2.49632893,0.0,1,-6.90161527,0.0
781,华鑫证券西安解放路证券营业部,1,1.98170732,100.0,1,-3.04878049,0.0,1,-7.92682927,0.0,1,-14.63414634,0.0,1,-7.01219512,0.0
782,招商证券天津友谊北路证券营业部,1,0.86741016,100.0,1,-0.86741016,0.0,1,-1.48698885,0.0,0,0.0,0.0,0,0.0,0.0
783,金融街证券呼和浩特新城北街证券营业部,1,5.23560209,100.0,1,4.71204188,100.0,1,3.66492147,100.0,1,2.09424084,100.0,0,0.0,0.0
784,金融街证券东胜鄂尔多斯大街证券营业部,1,3.58649789,100.0,1,13.92405063,100.0,1,15.18987342,100.0,1,-0.63291139,0.0,1,-9.28270042,0.0
785,中信建投证券上海浦东新区福山路证券营业部,1,0.86741016,100.0,1,-0.86741016,0.0,1,-1.48698885,0.0,0,0.0,0.0,0,0.0,0.0
786,中信建设证劵宜昌云集路证券营业部,1,2.38095238,100.0,0,0.0,0.0,0,0.0,0.0,0,0.0,0.0,0,0.0,0.0
787,中信建投证券上饶中山西路证券营业部,1,-5.0,0.0,1,-7.5,0.0,1,-7.5,0.0,1,-7.5,0.0,1,-12.5,0.0
788,中信建投证券济南经四路证券营业部,1,-2.56410256,0.0,1,-5.12820513,0.0,1,-7.69230769,0.0,1,-7.69230769,0.0,0,0.0,0.0
789,东海证券深圳深南大道证券营业部,1,0.0,0.0,1,-3.7037037,0.0,1,0.0,0.0,0,0.0,0.0,0,0.0,0.0
790,中原证券新乡分公司,1,-6.76094537,0.0,1,-9.64742348,0.0,1,-16.3308795,0.0,0,0.0,0.0,0,0.0,0.0
791,方正证券杭州文二路证券营业部,1,5.98290598,100.0,1,2.35042735,100.0,1,-2.56410256,0.0,1,-8.54700855,0.0,1,2.35042735,100.0
792,兴业证券龙岩人民西路证券营业部,1,2.5,100.0,1,12.5,100.0,1,13.125,100.0,1,15.0,100.0,0,0.0,0.0
793,广发证券北京朝阳门证券营业部,1,1.98170732,100.0,1,-3.04878049,0.0,1,-7.92682927,0.0,1,-14.63414634,0.0,1,-7.01219512,0.0
794,华林证券江门聚德街证券营业部,1,-9.4972067,0.0,1,-8.56610801,0.0,1,-5.2141527,0.0,0,0.0,0.0,0,0.0,0.0
795,英大证券深圳华侨城证券营业部,1,-4.98241501,0.0,1,-9.73036342,0.0,1,-14.24384525,0.0,1,-18.64009379,0.0,1,-37.04572098,0.0
796,平安证券天津分公司,1,7.26065539,100.0,1,4.94752624,100.0,1,11.37288499,100.0,1,12.6793746,100.0,1,12.93638895,100.0
797,平安证券乌鲁木齐人民路证券营业部,1,-3.44603381,0.0,1,-6.95708713,0.0,1,-11.44343303,0.0,1,-22.43172952,0.0,1,-22.10663199,0.0
798,国泰海通证券淄博通济街证券营业部,1,0.0,0.0,1,11.76470588,100.0,1,23.52941176,100.0,1,47.05882353,100.0,1,11.76470588,100.0
799,国泰海通证券广州琶洲证券营业部,1,4.89913545,100.0,1,0.57636888,100.0,1,-6.34005764,0.0,1,13.54466859,100.0,1,-15.27377522,0.0
800,国泰海通证券绍兴劳动路证券营业部,1,2.14067278,100.0,1,2.44648318,100.0,1,0.0,0.0,1,0.91743119,100.0,1,-3.66972477,0.0
801,国泰海通证券海口国兴大道证券营业部,1,4.81927711,100.0,1,15.26104418,100.0,1,8.43373494,100.0,1,14.0562249,100.0,0,0.0,0.0
802,国泰海通证券福州五一北路证券营业部,1,-3.2,0.0,1,-6.26666667,0.0,1,3.06666667,100.0,1,8.13333333,100.0,1,24.0,100.0
803,国泰海通证券成都人民西路证券营业部,1,-2.28013029,0.0,1,-0.6514658,0.0,1,-0.3257329,0.0,1,-1.3029316,0.0,1,9.12052117,100.0
804,国泰海通证券石家庄师范街证券营业部,1,-9.97255261,0.0,1,-5.30649588,0.0,1,-10.33851784,0.0,1,-2.01280878,0.0,1,-20.03659652,0.0
805,国泰海通证券扬州汶河南路证券营业部,1,-8.29326923,0.0,1,-13.94230769,0.0,1,-11.95913462,0.0,1,-16.22596154,0.0,0,0.0,0.0
806,国泰海通证券深圳分公司华富路证券营业部,1,-1.04760154,0.0,1,2.5179195,100.0,1,8.47270722,100.0,1,21.30123139,100.0,1,43.90736997,100.0
807,中信证券嘉兴分公司,1,-2.43128964,0.0,1,7.29386892,100.0,1,3.17124736,100.0,1,3.06553911,100.0,1,-2.43128964,0.0
808,华泰证券连云港通灌南路证券营业部,1,-5.4887218,0.0,1,-4.13533835,0.0,1,-8.83458647,0.0,1,-7.14285714,0.0,0,0.0,0.0
809,中国中金财富证券合肥黄山路证券营业部,1,-2.77777778,0.0,1,-8.33333333,0.0,1,-5.55555556,0.0,0,0.0,0.0,0,0.0,0.0
810,华鑫证券航空基地证券营业部,1,9.9690881,100.0,1,20.94281298,100.0,1,33.07573416,100.0,1,60.97372488,100.0,0,0.0,0.0
811,中国中金财富证券扬州文昌西路证券营业部,1,-8.59728507,0.0,1,-13.07692308,0.0,1,-7.14932127,0.0,1,-0.67873303,0.0,1,-4.9321267,0.0
812,华鑫证券西安科技路证券营业部,1,-2.734375,0.0,1,-4.6875,0.0,1,4.81770833,100.0,1,14.71354167,100.0,1,7.68229167,100.0
813,招商证券成都人民南路证券营业部,1,-4.61538462,0.0,1,-9.23076923,0.0,1,-6.15384615,0.0,1,3.07692308,100.0,0,0.0,0.0
814,金融街证券上海虹口区飞虹路证券营业部,1,0.0,0.0,1,6.66666667,100.0,1,0.0,0.0,1,-13.33333333,0.0,0,0.0,0.0
815,中国银河证券厦门湖滨中路证券营业部,1,-3.07486631,0.0,1,-4.84625668,0.0,1,2.49554367,100.0,0,0.0,0.0,0,0.0,0.0
816,中国银河证券嘉兴环城南路证券营业部,1,1.98119543,100.0,1,6.21222297,100.0,1,11.24916051,100.0,1,24.00940228,100.0,1,8.3948959,100.0
817,中国银河证券北京金融街证券营业部,1,1.67682927,100.0,1,-6.40243902,0.0,1,-7.77439024,0.0,1,-1.52439024,0.0,1,-7.77439024,0.0
818,中国银河证券成都益州大道证券营业部,1,-10.0,0.0,1,-8.63636364,0.0,1,-15.22727273,0.0,1,-6.36363636,0.0,0,0.0,0.0
819,中国银河证券合肥徽州大道证券营业部,1,10.00685401,100.0,1,3.90678547,100.0,1,-0.27416038,0.0,1,-6.10006854,0.0,0,0.0,0.0
820,中国银河证券福州证券营业部,1,-3.78486056,0.0,1,-5.17928287,0.0,1,-11.75298805,0.0,1,-14.74103586,0.0,1,-19.52191235,0.0
821,中国银河证券烟台证券营业部,1,-1.27388535,0.0,1,-1.27388535,0.0,1,0.0,0.0,1,1.27388535,100.0,1,-2.5477707,0.0
822,中国银河证券深圳深南大道证券营业部,1,-7.6142132,0.0,1,-11.04060914,0.0,1,-11.04060914,0.0,1,-6.97969543,0.0,1,-10.02538071,0.0
823,中国银河证券南昌红谷滩新区证券营业部,1,-10.0,0.0,1,-12.94642857,0.0,1,-21.60714286,0.0,1,-30.08928571,0.0,1,-24.91071429,0.0
824,西南证券重庆第四分公司,1,-4.97481108,0.0,1,-9.697733,0.0,1,-14.23173804,0.0,1,-19.39546599,0.0,1,-34.44584383,0.0
825,中国中金财富证券广州分公司,1,2.73037543,100.0,1,4.09556314,100.0,1,6.48464164,100.0,1,7.84982935,100.0,0,0.0,0.0
826,信达证券沈阳北陵大街证券营业部,1,2.38095238,100.0,0,0.0,0.0,0,0.0,0.0,0,0.0,0.0,0,0.0,0.0
827,东方证券北京安立路证券营业部,1,-7.28291317,0.0,1,-6.72268908,0.0,0,0.0,0.0,0,0.0,0.0,0,0.0,0.0
828,东方证券上海长宁区长宁路证券营业部,1,-1.44927536,0.0,1,-8.2815735,0.0,1,-8.07453416,0.0,1,-9.73084886,0.0,1,-30.02070393,0.0
829,东方证券上海杨浦区安波路证券营业部,1,-8.33333333,0.0,1,-16.66666667,0.0,1,-20.83333333,0.0,0,0.0,0.0,0,0.0,0.0
830,方正证券杭州平澜路证券营业部,1,-19.3416547,0.0,1,-28.86336021,0.0,1,-32.80680437,0.0,1,-22.83221032,0.0,1,-16.32607975,0.0
831,金融街证券上海第二分公司,1,10.0,100.0,1,-0.31914894,0.0,1,-10.31914894,0.0,1,-14.68085106,0.0,0,0.0,0.0
832,广发证券广州海珠广场星寰国际证券营业部,1,2.5,100.0,1,12.5,100.0,1,13.125,100.0,1,15.0,100.0,0,0.0,0.0
833,华泰证券绍兴府山证券营业部,1,2.83018868,100.0,1,-1.88679245,0.0,1,-10.37735849,0.0,1,-16.03773585,0.0,1,-2.83018868,0.0
834,国泰海通证券汕头中山中路证券营业部,1,3.45247766,100.0,1,-0.528026,0.0,1,4.95532088,100.0,1,-0.528026,0.0,0,0.0,0.0
835,中国银河证券北京阜成路证券营业部,1,2.5,100.0,1,12.5,100.0,1,13.125,100.0,1,15.0,100.0,0,0.0,0.0
836,国泰海通证券宁波和济街证券营业部,1,-9.23076923,0.0,1,-9.23076923,0.0,1,-7.69230769,0.0,1,12.30769231,100.0,0,0.0,0.0
837,中信建投证券宁波分公司,1,-1.05527638,0.0,1,28.61809045,100.0,1,50.75376884,100.0,1,78.3919598,100.0,1,23.41708543,100.0
838,招商证券上海杨浦区翔殷路证券营业部,1,3.62318841,100.0,1,1.44927536,100.0,1,0.72463768,100.0,1,1.44927536,100.0,0,0.0,0.0
839,中信证券天津分公司,1,11.91159587,100.0,0,0.0,0.0,0,0.0,0.0,0,0.0,0.0,0,0.0,0.0
840,中信证券上海金山区龙展路证券营业部,1,0.18416206,100.0,1,-4.60405157,0.0,1,-9.39226519,0.0,1,-6.07734807,0.0,1,-13.07550645,0.0
841,中信证券陕西分公司,1,0.0,0.0,1,0.0,0.0,1,0.0,0.0,1,0.0,0.0,1,-5.55555556,0.0
842,中信证券四川分公司,1,6.97609001,100.0,1,6.16033755,100.0,1,20.22503516,100.0,0,0.0,0.0,0,0.0,0.0
843,方正证券天津五经路证券营业部,1,-9.98431783,0.0,1,-18.97543126,0.0,1,-14.89806587,0.0,1,-9.14793518,0.0,1,-10.29796132,0.0
844,中山证券中山分公司,1,0.0,0.0,1,-3.7037037,0.0,1,0.0,0.0,0,0.0,0.0,0,0.0,0.0
845,中山证券上海徐汇分公司,1,-3.73514431,0.0,1,-3.56536503,0.0,1,-1.01867572,0.0,1,15.44991511,100.0,1,2.5466893,100.0
846,国信证券北京国贸证券营业部,1,0.0,0.0,1,-3.7037037,0.0,1,0.0,0.0,1,-3.7037037,0.0,0,0.0,0.0
847,国信证券天津友谊路证券营业部,1,1.85758514,100.0,1,-8.05572755,0.0,1,-5.26315789,0.0,1,7.27708978,100.0,1,13.02786378,100.0
848,华泰证券无锡和风路证券营业部,1,-2.37659963,0.0,1,-5.11882998,0.0,1,-3.01645338,0.0,0,0.0,0.0,0,0.0,0.0
849,华泰证券上海宝山区牡丹江路证券营业部,1,1.21676431,100.0,1,1.12663362,100.0,1,1.26182965,100.0,1,4.05588103,100.0,0,0.0,0.0
850,招商证券深圳文锦渡深润大厦证券营业部,1,2.7027027,100.0,1,1.35135135,100.0,1,-2.7027027,0.0,1,-2.7027027,0.0,0,0.0,0.0
851,招商证券北京北三环东路证券营业部,1,-4.79041916,0.0,1,-5.98802395,0.0,1,-3.59281437,0.0,1,5.98802395,100.0,0,0.0,0.0
852,招商证券东莞鸿福路证券营业部,1,0.67114094,100.0,1,-3.02013423,0.0,1,-9.89932886,0.0,1,-17.61744966,0.0,0,0.0,0.0
853,招商证券珠海人民西路证券营业部,1,-2.75498242,0.0,1,1.23094959,100.0,1,7.73739742,100.0,1,3.75146542,100.0,0,0.0,0.0
854,华龙证券上海普陀区中江路证券营业部,1,-7.11395819,0.0,1,0.13486177,100.0,0,0.0,0.0,0,0.0,0.0,0,0.0,0.0
855,国泰海通证券太原长治路证券营业部,1,-7.6142132,0.0,1,-11.04060914,0.0,1,-11.04060914,0.0,1,-6.97969543,0.0,1,-10.02538071,0.0
856,中信证券杭州凤起路证券营业部,1,2.67857143,100.0,1,-2.38095238,0.0,1,-8.33333333,0.0,1,2.67857143,100.0,0,0.0,0.0
857,中山证券深南分公司,1,4.18951524,100.0,1,10.24347445,100.0,1,-5.02303137,0.0,1,-10.83570959,0.0,0,0.0,0.0
858,招商证券扬州汶河北路证券营业部,1,-2.02290076,0.0,1,2.67175573,100.0,1,2.48091603,100.0,1,-7.02290076,0.0,0,0.0,0.0
859,万联证券上海分公司,1,0.89928058,100.0,1,2.51798561,100.0,0,0.0,0.0,0,0.0,0.0,0,0.0,0.0
860,中信证券华南广州中山八路证券营业部,1,-9.98948475,0.0,1,-0.98142306,0.0,1,1.75254118,100.0,1,-7.11531721,0.0,0,0.0,0.0
861,中国中金财富证券广州海珠广场证券营业部,1,-9.07190635,0.0,1,-7.16973244,0.0,1,0.08361204,100.0,1,-4.89130435,0.0,1,-10.11705686,0.0
862,东吴证券常熟阜湖路证券营业部,1,2.49134948,100.0,1,8.09688581,100.0,1,18.89273356,100.0,1,26.64359862,100.0,1,32.80276817,100.0
863,国联民生证券无锡县前东街证券营业部,1,-9.4972067,0.0,1,-8.56610801,0.0,1,-5.2141527,0.0,0,0.0,0.0,0,0.0,0.0
864,渤海证券天津中山路分公司,1,0.0,0.0,1,0.0,0.0,1,0.0,0.0,1,-11.11111111,0.0,0,0.0,0.0
865,开源证券西安纺织城正街证券营业部,1,-2.10114476,0.0,1,-5.97014925,0.0,1,-10.4767425,0.0,1,-13.89653673,0.0,0,0.0,0.0
866,浙商证券义乌江滨北路证券营业部,1,-9.33633296,0.0,1,-12.71091114,0.0,1,-13.04836895,0.0,0,0.0,0.0,0,0.0,0.0
867,浙商证券开化长兴路证券营业部,1,-2.63736264,0.0,1,-1.20879121,0.0,1,-3.18681319,0.0,1,-4.83516484,0.0,1,-9.01098901,0.0
868,浙商证券龙游荣昌大道证券营业部,1,0.0,0.0,1,-2.63157895,0.0,0,0.0,0.0,0,0.0,0.0,0,0.0,0.0
869,中航证券上海漕溪北路证券营业部,1,2.2125642,100.0,1,-0.6321612,0.0,1,-4.78071908,0.0,1,-9.71947847,0.0,1,-15.72500988,0.0
870,华安证券北京慧忠北里证券营业部,1,5.07162662,100.0,1,3.58133087,100.0,1,-3.07301294,0.0,1,-10.14325323,0.0,1,-25.75092421,0.0
871,东吴证券苏州工业园区苏州大道东证券营业部,1,0.30832477,100.0,1,-4.31654676,0.0,1,-4.00822199,0.0,1,-5.75539568,0.0,1,-0.30832477,0.0
872,中银国际证券上海虹口区东长治路证券营业部,1,-8.72913992,0.0,1,-11.93838254,0.0,0,0.0,0.0,0,0.0,0.0,0,0.0,0.0
873,中信建投证券佛山季华西路证券营业部,1,4.16666667,100.0,1,9.72222222,100.0,1,10.41666667,100.0,1,10.41666667,100.0,1,31.94444444,100.0
874,中信证券如皋福寿路证券营业部,1,5.89569161,100.0,1,1.81405896,100.0,1,-2.72108844,0.0,0,0.0,0.0,0,0.0,0.0
875,国投证券汕头峡山证券营业部,1,-6.34408602,0.0,1,-11.61290323,0.0,1,-12.25806452,0.0,1,-17.09677419,0.0,0,0.0,0.0
876,中国中金财富证券北京万寿路证券营业部,1,1.98170732,100.0,1,-3.04878049,0.0,1,-7.92682927,0.0,1,-14.63414634,0.0,1,-7.01219512,0.0
877,渤海证券北京西外大街证券营业部,1,6.66666667,100.0,1,6.66666667,100.0,1,6.66666667,100.0,1,6.66666667,100.0,1,0.0,0.0
878,中信证券北京三里河东路证券营业部,1,10.03717472,100.0,1,7.06319703,100.0,1,17.76951673,100.0,1,17.84386617,100.0,0,0.0,0.0
879,中信证券华南广州番禺清河东路证券营业部,1,-11.76470588,0.0,1,-11.76470588,0.0,1,-11.76470588,0.0,1,-11.76470588,0.0,1,-23.52941176,0.0
880,招商证券上海肇嘉浜路证券营业部,1,10.81081081,100.0,1,21.62162162,100.0,1,10.81081081,100.0,1,2.7027027,100.0,0,0.0,0.0
881,华鑫证券上海金山证券营业部,1,-8.59728507,0.0,1,-13.07692308,0.0,1,-7.14932127,0.0,1,-0.67873303,0.0,1,-4.9321267,0.0
882,中信证券(山东)青岛西海岸新区庐山路证券营业部,1,0.0,0.0,1,0.0,0.0,1,-11.11111111,0.0,1,-11.11111111,0.0,0,0.0,0.0
883,中信证券(山东)胶州湖州路证券营业部,1,-5.09259259,0.0,1,-6.71296296,0.0,1,-3.47222222,0.0,1,-3.24074074,0.0,1,-12.73148148,0.0
884,华安证券安庆分公司,1,2.85714286,100.0,1,14.28571429,100.0,0,0.0,0.0,0,0.0,0.0,0,0.0,0.0
885,中泰证券潍坊四平路证券营业部,1,-1.22270742,0.0,1,-8.64628821,0.0,1,-10.04366812,0.0,1,-15.10917031,0.0,1,-12.22707424,0.0
886,国泰海通证券南京广州路证券营业部,1,2.53699789,100.0,1,-1.69133192,0.0,1,3.01268499,100.0,1,8.77378436,100.0,1,-10.78224101,0.0
887,华创证券上海肇嘉浜路证券营业部,1,-19.56521739,0.0,0,0.0,0.0,0,0.0,0.0,0,0.0,0.0,0,0.0,0.0
888,华鑫证券上海莲花路证券营业部,1,-9.97245179,0.0,1,-18.95316804,0.0,1,-15.81267218,0.0,1,-27.43801653,0.0,1,-31.184573,0.0
889,上海证券长宁区定西路证券营业部,1,3.62318841,100.0,1,1.44927536,100.0,1,0.72463768,100.0,1,1.44927536,100.0,0,0.0,0.0
890,中国中金财富证券深圳分公司,1,2.16948165,100.0,1,2.60629004,100.0,1,-1.71811299,0.0,1,-4.32440303,0.0,1,-2.88293535,0.0
891,国泰海通证券上海静安区北京西路证券营业部,1,-2.28013029,0.0,1,-0.6514658,0.0,1,-0.3257329,0.0,1,-1.3029316,0.0,1,9.12052117,100.0
892,上海证券虹口区新市路证券营业部,1,-10.03584229,0.0,1,-13.85902031,0.0,1,-17.32377539,0.0,1,-23.53643967,0.0,0,0.0,0.0
893,上海证券普陀区延长西路证券营业部,1,-1.66284404,0.0,1,-10.49311927,0.0,1,-14.16284404,0.0,1,-19.0940367,0.0,0,0.0,0.0
894,上海证券静安区北苏州路证券营业部,1,-10.04672897,0.0,1,-2.86214953,0.0,1,-5.72429907,0.0,1,-0.99299065,0.0,1,-4.55607477,0.0
895,中信建投证券上海徐汇区天钥桥路证券营业部,1,19.99486653,100.0,1,15.75975359,100.0,1,15.19507187,100.0,1,42.96714579,100.0,1,38.34702259,100.0
896,广发证券肇庆星湖大道证券营业部,1,0.0,0.0,1,5.0,100.0,1,7.5,100.0,0,0.0,0.0,0,0.0,0.0
897,申万宏源证券上海徐汇区龙漕路证券营业部,1,-4.60251046,0.0,1,-8.0334728,0.0,1,-9.62343096,0.0,1,-10.71129707,0.0,1,-21.42259414,0.0
898,华安证券广东分公司,1,-3.3649698,0.0,1,-6.3848145,0.0,0,0.0,0.0,0,0.0,0.0,0,0.0,0.0
899,第一创业证券廊坊分公司,1,-4.75984422,0.0,1,-4.52185201,0.0,1,-6.20943315,0.0,1,-9.13024665,0.0,1,-18.02250108,0.0
900,中信建投证券潮州潮州大道证券营业部,1,5.0,100.0,1,7.5,100.0,0,0.0,0.0,0,0.0,0.0,0,0.0,0.0
901,方正证券成都抚琴西路证券营业部,1,-3.98254228,0.0,1,-7.2558647,0.0,1,-10.96563011,0.0,1,-13.91162029,0.0,1,-12.71140207,0.0
902,国信证券南京江东中路证券营业部,1,2.83018868,100.0,1,-1.88679245,0.0,1,-10.37735849,0.0,1,-16.03773585,0.0,1,-2.83018868,0.0
903,中信建投证券广州黄埔东路证券营业部,1,7.69230769,100.0,1,19.23076923,100.0,1,30.76923077,100.0,1,57.69230769,100.0,1,61.53846154,100.0
904,中国银河证券天津翔纬路证券营业部,1,-4.07407407,0.0,1,-2.96296296,0.0,1,-4.81481481,0.0,1,-10.18518519,0.0,1,-4.62962963,0.0
905,广发证券成都新光路证券营业部,1,5.64373898,100.0,1,2.99823633,100.0,1,3.88007055,100.0,1,-5.29100529,0.0,1,7.05467372,100.0
906,兴业证券厦门建业路证券营业部,1,2.75103164,100.0,1,-1.5130674,0.0,1,-5.22696011,0.0,1,-3.16368638,0.0,0,0.0,0.0
907,广发证券广州番禺广场番发大厦证券营业部,1,-5.00270416,0.0,1,-9.76203353,0.0,1,-5.24607896,0.0,1,-2.65008112,0.0,0,0.0,0.0
908,中信证券(山东)烟威分公司,1,-2.31092437,0.0,1,-2.62605042,0.0,1,-4.93697479,0.0,1,1.8907563,100.0,0,0.0,0.0
909,兴业证券深圳东海国际证券营业部,1,7.98701299,100.0,1,4.80519481,100.0,1,6.2987013,100.0,1,8.18181818,100.0,0,0.0,0.0
910,江海证券哈尔滨松花江街证券营业部,1,-4.72370766,0.0,1,-3.83244207,0.0,1,-3.11942959,0.0,1,-1.69340463,0.0,1,4.72370766,100.0
911,财通证券玉环广陵路证券营业部,1,0.42674253,100.0,0,0.0,0.0,0,0.0,0.0,0,0.0,0.0,0,0.0,0.0
912,华福证券泉州丰海路证券营业部,1,-7.50245407,0.0,1,-9.1291544,0.0,1,-17.9918665,0.0,1,-30.45856121,0.0,1,-29.68728089,0.0
913,长城证券苏州东吴北路证券营业部,1,-1.68539326,0.0,1,-3.37078652,0.0,1,-5.50561798,0.0,1,-10.56179775,0.0,0,0.0,0.0
914,中银国际证券海南分公司,1,5.00625782,100.0,1,10.26282854,100.0,1,8.26032541,100.0,1,-2.37797247,0.0,0,0.0,0.0
915,中国中金财富证券湖南分公司,1,-2.55591054,0.0,1,1.68872661,100.0,1,-8.4892743,0.0,1,-10.77133729,0.0,0,0.0,0.0
916,浙商证券重庆分公司,1,-8.12215724,0.0,1,-13.12540611,0.0,1,-14.48992853,0.0,0,0.0,0.0,0,0.0,0.0
917,中原证券石家庄中山西路证券营业部,1,3.96149574,100.0,1,-7.44168826,0.0,1,-11.45501666,0.0,1,-14.54276194,0.0,0,0.0,0.0
918,中信建投证券武汉建设八路证券营业部,1,-1.2987013,0.0,1,-0.81168831,0.0,1,-4.22077922,0.0,1,-6.16883117,0.0,1,-4.38311688,0.0
919,长城证券杭州文一西路证券营业部,1,5.06024096,100.0,1,11.08433735,100.0,1,0.48192771,100.0,1,1.20481928,100.0,0,0.0,0.0
920,中国银河证券济南泺源大街证券营业部,1,3.18447334,100.0,1,8.30977954,100.0,1,4.46579989,100.0,1,11.55078199,100.0,1,41.28509516,100.0
921,国联民生证券广州华夏路证券营业部,1,4.81927711,100.0,1,15.26104418,100.0,1,8.43373494,100.0,1,14.0562249,100.0,0,0.0,0.0
922,东方证券浙江分公司,1,-0.64724919,0.0,1,-4.85436893,0.0,1,-9.06148867,0.0,1,-8.73786408,0.0,0,0.0,0.0
923,申万宏源证券盐城解放南路证券营业部,1,-6.78768745,0.0,1,-10.33938437,0.0,1,-8.05051302,0.0,1,-11.60220994,0.0,0,0.0,0.0
924,中信建投证券济南和平路证券营业部,1,0.0,0.0,1,1.69491525,100.0,1,11.86440678,100.0,1,28.81355932,100.0,0,0.0,0.0
925,世纪证券江苏分公司,1,4.94296578,100.0,1,10.2661597,100.0,1,15.96958175,100.0,1,27.75665399,100.0,1,19.77186312,100.0
926,国泰海通证券顺德大良证券营业部,1,-9.99030068,0.0,1,-18.71968962,0.0,1,-26.8671193,0.0,0,0.0,0.0,0,0.0,0.0
927,诚通证券青岛福州南路证券营业部,1,-3.94736842,0.0,1,-5.42763158,0.0,1,-9.21052632,0.0,1,-6.90789474,0.0,0,0.0,0.0
928,国泰海通证券泉州云鹿路证券营业部,1,-4.61538462,0.0,1,-9.23076923,0.0,1,-6.15384615,0.0,1,3.07692308,100.0,0,0.0,0.0
929,广发证券天津西康路证券营业部,1,6.21621622,100.0,1,-2.43243243,0.0,1,-7.56756757,0.0,1,-1.08108108,0.0,0,0.0,0.0
930,东方财富证券杭州城星路证券营业部,1,-1.8128655,0.0,1,-22.57309942,0.0,1,-25.57504873,0.0,1,-25.32163743,0.0,1,-11.89083821,0.0
931,光大证券丹阳丹金路证券营业部,1,0.54054054,100.0,1,-3.64864865,0.0,1,-6.62162162,0.0,1,-11.75675676,0.0,1,-12.02702703,0.0
932,东方证券苏州南环东路证券营业部,1,-7.26643599,0.0,1,-3.46020761,0.0,1,-9.68858131,0.0,1,-3.69088812,0.0,1,4.95963091,100.0
933,华龙证券杭州玉古路证券营业部,1,2.23880597,100.0,1,-3.34328358,0.0,1,-5.97761194,0.0,1,-13.79104478,0.0,0,0.0,0.0
934,中信证券(山东)淄博柳泉路证券营业部,1,-2.0431328,0.0,1,0.56753689,100.0,1,-1.0215664,0.0,1,2.27014756,100.0,0,0.0,0.0
935,中信证券大连分公司,1,-0.35688794,0.0,1,2.48589273,100.0,1,-0.79423897,0.0,1,13.71123233,100.0,0,0.0,0.0
936,国泰海通证券天津水上公园东路证券营业部,1,-9.01554404,0.0,1,-6.21761658,0.0,1,-15.54404145,0.0,1,16.16580311,100.0,1,13.36787565,100.0
937,中银国际证券北京宣外大街证券营业部,1,-4.97354497,0.0,1,-9.73544974,0.0,1,-14.23280423,0.0,1,-22.59259259,0.0,1,-37.03703704,0.0
938,东方证券长春同志街证券营业部,1,-0.53191489,0.0,1,-5.85106383,0.0,1,-2.65957447,0.0,1,-3.19148936,0.0,0,0.0,0.0
939,英大证券北京西城证券营业部,1,-0.03690037,0.0,0,0.0,0.0,0,0.0,0.0,0,0.0,0.0,0,0.0,0.0
940,兴业证券南京中央路证券营业部,1,-2.85300806,0.0,1,-12.56977465,0.0,1,-12.13562125,0.0,1,-7.52532562,0.0,1,-5.70601613,0.0
941,国泰海通证券襄阳檀溪路证券营业部,1,2.76106195,100.0,1,1.16814159,100.0,1,-6.19469027,0.0,1,9.0619469,100.0,0,0.0,0.0
942,东海证券洛阳九都东路证券营业部,1,-5.67615658,0.0,1,-8.46975089,0.0,1,-10.3024911,0.0,1,-5.74733096,0.0,1,-5.07117438,0.0
943,方正证券上海南丹东路证券营业部,1,-4.875,0.0,1,-9.625,0.0,0,0.0,0.0,0,0.0,0.0,0,0.0,0.0
944,国信证券北京亚运村证券营业部,1,-2.07325501,0.0,1,-2.21147201,0.0,1,-4.35383552,0.0,1,-8.08569454,0.0,0,0.0,0.0
945,国信证券武汉中北路证券营业部,1,-7.06521739,0.0,0,0.0,0.0,0,0.0,0.0,0,0.0,0.0,0,0.0,0.0
946,国泰海通证券遵义北海路证券营业部,1,-0.72463768,0.0,1,-5.79710145,0.0,1,-10.14492754,0.0,1,-13.04347826,0.0,1,-3.62318841,0.0
947,申万宏源证券宁波海晏北路证券营业部,1,-9.99771742,0.0,1,-10.24880164,0.0,1,-17.66719927,0.0,1,-19.05957544,0.0,1,-32.43551701,0.0
948,国泰海通证券大连成义街证券营业部,1,4.45805683,100.0,1,15.53513697,100.0,1,23.29419772,100.0,1,22.81776417,100.0,0,0.0,0.0
949,方正证券漳州南昌中路证券营业部,1,-8.03059273,0.0,1,-10.7456979,0.0,1,-15.64053537,0.0,1,-13.95793499,0.0,1,-15.44933078,0.0
950,华泰证券郑州经三路证券营业部,1,5.00939261,100.0,1,10.26925485,100.0,1,15.77958673,100.0,1,4.47714465,100.0,1,0.7827176,100.0
951,广发证券海口龙昆北路证券营业部,1,-6.92671734,0.0,1,-1.54883121,0.0,1,8.29628567,100.0,1,18.09837946,100.0,1,27.6351642,100.0
952,招商证券北京金融大街证券营业部,1,-6.71976108,0.0,1,-11.05027377,0.0,1,-12.24489796,0.0,1,-11.2493778,0.0,1,-14.83325037,0.0
953,国海证券深圳深圳湾证券营业部,1,-1.73333333,0.0,1,-0.8,0.0,1,-1.46666667,0.0,1,5.2,100.0,1,2.93333333,100.0
954,兴业证券上海锦康路证券营业部,1,-3.44603381,0.0,1,-6.95708713,0.0,1,-11.44343303,0.0,1,-22.43172952,0.0,1,-22.10663199,0.0
955,金元证券天津分公司,1,-2.56410256,0.0,1,-5.12820513,0.0,1,-7.69230769,0.0,1,-7.69230769,0.0,0,0.0,0.0
956,广发证券北京太阳宫证券营业部,1,-2.43902439,0.0,1,-1.55210643,0.0,1,-3.99113082,0.0,1,-10.19955654,0.0,1,-16.62971175,0.0
957,申万宏源证券南昌南京东路证券营业部,1,3.03030303,100.0,1,3.03030303,100.0,0,0.0,0.0,0,0.0,0.0,0,0.0,0.0
958,南京证券杭州新塘路证券营业部,1,-0.26408451,0.0,1,-2.20070423,0.0,1,7.57042254,100.0,1,13.29225352,100.0,0,0.0,0.0
959,国泰海通证券呼和浩特乌兰察布西街证券营业部,1,-20.07722008,0.0,1,-35.71428571,0.0,0,0.0,0.0,0,0.0,0.0,0,0.0,0.0
960,光大证券绍兴胜利东路证券营业部,1,5.06024096,100.0,1,11.08433735,100.0,1,0.48192771,100.0,1,1.20481928,100.0,0,0.0,0.0
961,国新证券股份,1,3.7037037,100.0,0,0.0,0.0,0,0.0,0.0,0,0.0,0.0,0,0.0,0.0
962,平安证券湖北分公司,1,-1.87541862,0.0,1,1.50703282,100.0,1,-3.58338915,0.0,1,-7.9035499,0.0,0,0.0,0.0
963,中信建投证券烟台南大街证券营业部,1,-4.17981073,0.0,1,-0.07886435,0.0,1,-4.10094637,0.0,1,0.86750789,100.0,0,0.0,0.0
964,东北证券长春西安大路证券营业部,1,-8.12215724,0.0,1,-13.12540611,0.0,1,-14.48992853,0.0,0,0.0,0.0,0,0.0,0.0
965,招商证券济南经十路证券营业部,1,-4.89443378,0.0,1,-2.39923225,0.0,1,-4.60652591,0.0,1,-6.42994242,0.0,1,1.63147793,100.0
966,华泰证券重庆江北嘴证券营业部,1,-5.28470413,0.0,1,-5.84294753,0.0,1,5.73129885,100.0,1,9.45292147,100.0,1,12.80238184,100.0
967,国泰海通证券贵阳中华中路证券营业部,1,-1.14219114,0.0,1,-2.004662,0.0,1,-2.004662,0.0,1,-7.22610723,0.0,0,0.0,0.0
968,南京证券深圳深南中路证券营业部,1,10.01109878,100.0,1,13.85127636,100.0,1,17.04772475,100.0,1,20.97669256,100.0,0,0.0,0.0
969,申万宏源证券上海浦东新区陆家嘴环路证券营业部,1,-3.98254228,0.0,1,-7.2558647,0.0,1,-10.96563011,0.0,1,-13.91162029,0.0,1,-12.71140207,0.0
970,中原证券北京分公司,1,5.18292683,100.0,1,-0.40650407,0.0,1,9.55284553,100.0,1,7.21544715,100.0,1,-15.14227642,0.0
971,东方证券广西分公司,1,-1.92644483,0.0,1,-5.4290718,0.0,1,-10.24518389,0.0,1,-10.85814361,0.0,0,0.0,0.0
972,华泰证券天津勤俭道证券营业部,1,-9.97105644,0.0,1,-15.05065123,0.0,1,-11.36034732,0.0,1,-10.99855282,0.0,0,0.0,0.0
973,中信证券(山东)潍坊分公司,1,2.7027027,100.0,1,1.35135135,100.0,1,-2.7027027,0.0,1,-2.7027027,0.0,0,0.0,0.0
974,招商证券北京安立路证券营业部,1,0.0,0.0,1,-2.35294118,0.0,1,-4.31372549,0.0,0,0.0,0.0,0,0.0,0.0
975,申万宏源证券柳州东环大道证券营业部,1,-11.84210526,0.0,1,-13.15789474,0.0,1,-16.72932331,0.0,1,-17.29323308,0.0,0,0.0,0.0
976,渤海证券山东分公司,1,-5.81589958,0.0,1,3.59832636,100.0,1,8.57740586,100.0,1,-0.9623431,0.0,0,0.0,0.0
977,国泰海通证券东莞体育路证券营业部,1,-7.06503797,0.0,1,-12.18223836,0.0,1,-19.5113899,0.0,1,-17.03532519,0.0,1,-2.93826345,0.0
978,申万宏源证券吉林分公司,1,-1.17056856,0.0,1,3.76254181,100.0,1,8.94648829,100.0,1,14.13043478,100.0,1,-6.93979933,0.0
979,国泰海通证券长沙五一大道第二证券营业部,1,-7.26643599,0.0,1,-3.46020761,0.0,1,-9.68858131,0.0,1,-3.69088812,0.0,1,4.95963091,100.0
980,金融街证券浙江分公司,1,-10.0,0.0,1,-19.01734104,0.0,1,-19.30635838,0.0,1,-19.66053688,0.0,1,-19.54247742,0.0
981,华泰证券苏州总官堂路证券营业部,1,-9.4972067,0.0,1,-8.56610801,0.0,1,-5.2141527,0.0,0,0.0,0.0,0,0.0,0.0
982,金融街证券吉林通潭大路证券营业部,1,6.25,100.0,1,0.0,0.0,1,6.25,100.0,0,0.0,0.0,0,0.0,0.0
983,国泰海通证券辽源人民大街证券营业部,1,-0.73529412,0.0,1,-5.14705882,0.0,1,-8.82352941,0.0,1,-10.29411765,0.0,1,-0.73529412,0.0
984,华泰证券上海静安区威海路证券营业部,1,-10.0,0.0,1,-8.82037534,0.0,1,-2.68096515,0.0,1,-2.97587131,0.0,1,-9.97319035,0.0
985,国投证券青岛东海西路证券营业部,1,3.2034632,100.0,1,-7.11954712,0.0,1,-13.55311355,0.0,1,0.58608059,100.0,1,11.46853147,100.0
986,中泰证券青岛香港中路证券营业部,1,-4.45544554,0.0,1,-8.29207921,0.0,1,-11.38613861,0.0,1,-23.01980198,0.0,1,-26.36138614,0.0
987,招商证券深圳蛇口工业三路证券营业部,1,-2.31092437,0.0,1,-2.62605042,0.0,1,-4.93697479,0.0,1,1.8907563,100.0,0,0.0,0.0
988,华泰证券溧阳南大街证券营业部,1,-2.01183432,0.0,1,-2.95857988,0.0,1,-3.43195266,0.0,1,2.4852071,100.0,0,0.0,0.0
989,浙商证券杭州萧山永久路证券营业部,1,-8.63811015,0.0,1,-13.32005123,0.0,1,-5.2227124,0.0,1,-0.14230824,0.0,1,-7.75579906,0.0
990,国元证券杭州密渡桥路证券营业部,1,-4.89361702,0.0,1,-9.57446809,0.0,1,-6.59574468,0.0,1,-9.36170213,0.0,1,-6.80851064,0.0
991,申万宏源证券扬州分公司,1,0.67114094,100.0,1,-3.02013423,0.0,1,-9.89932886,0.0,1,-17.61744966,0.0,0,0.0,0.0
992,国投证券佛山北滘证券营业部,1,-6.71976108,0.0,1,-11.05027377,0.0,1,-12.24489796,0.0,1,-11.2493778,0.0,1,-14.83325037,0.0
993,中泰证券福州湖东路证券营业部,1,2.20994475,100.0,1,1.65745856,100.0,1,-5.52486188,0.0,0,0.0,0.0,0,0.0,0.0
994,国投证券上海黄浦区中山东二路证券营业部,1,9.95490808,100.0,1,-1.04058273,0.0,1,-10.92611863,0.0,1,0.69372182,100.0,0,0.0,0.0
995,中泰证券深圳吉祥路证券营业部,1,-1.44046095,0.0,1,-4.16133163,0.0,1,-1.6709347,0.0,1,1.79257362,100.0,0,0.0,0.0
996,国投证券佛山顺德政通路证券营业部,1,-4.83870968,0.0,1,-9.67741935,0.0,1,-5.37634409,0.0,1,-5.91397849,0.0,0,0.0,0.0
997,光大证券宁波悦盛路证券营业部,1,0.99403579,100.0,1,-4.57256461,0.0,1,-2.7833002,0.0,0,0.0,0.0,0,0.0,0.0
998,广发证券武汉建设大道广发银行大厦证券营业部,1,3.2244898,100.0,1,12.55102041,100.0,1,10.20408163,100.0,1,4.01020408,100.0,0,0.0,0.0
999,方正证券哈尔滨赣水路证券营业部,1,-10.05518386,0.0,1,-13.0243688,0.0,1,-16.22307955,0.0,1,-8.17990917,0.0,1,-12.62880305,0.0
1000,中泰证券新泰府前街证券营业部,1,4.44587629,100.0,1,-2.06185567,0.0,1,-3.15721649,0.0,1,-6.8943299,0.0,0,0.0,0.0
1001,国投证券佛山乐从证券营业部,1,2.90858726,100.0,1,-0.69252078,0.0,1,-3.60110803,0.0,1,-0.83102493,0.0,1,16.55124654,100.0
1002,财达证券唐山新华西道证券营业部,1,-8.72913992,0.0,1,-11.93838254,0.0,0,0.0,0.0,0,0.0,0.0,0,0.0,0.0
1003,华宝证券深圳福华一路证券营业部,1,-3.73514431,0.0,1,-3.56536503,0.0,1,-1.01867572,0.0,1,15.44991511,100.0,1,2.5466893,100.0
1004,国泰海通证券济南舜华路证券营业部,1,19.99366788,100.0,1,32.99034352,100.0,1,27.71885389,100.0,1,5.35064113,100.0,1,-5.08152604,0.0
1005,国泰海通证券嵊州高杨路证券营业部,1,-0.89258233,0.0,1,-5.60172361,0.0,1,-8.27947061,0.0,1,-23.94582949,0.0,1,-27.0236996,0.0
1006,国泰海通证券肥城新城路证券营业部,1,0.0,0.0,1,-6.77966102,0.0,1,-5.08474576,0.0,0,0.0,0.0,0,0.0,0.0
1007,东北证券重庆沙南街证券营业部,1,-20.0,0.0,1,-29.47368421,0.0,1,-30.52631579,0.0,1,-36.84210526,0.0,0,0.0,0.0
1008,民生证券济南千佛山路证券营业部,1,-9.95670996,0.0,1,-14.28571429,0.0,1,-17.17171717,0.0,0,0.0,0.0,0,0.0,0.0
1009,国投证券东北分公司,1,-9.9378882,0.0,1,-18.88198758,0.0,1,-22.23602484,0.0,1,-29.56521739,0.0,0,0.0,0.0
1010,广发证券绍兴云东路证券营业部,1,-10.02405774,0.0,1,-14.27425822,0.0,1,-13.4723336,0.0,1,-13.07137129,0.0,1,-9.38251804,0.0
1011,财信证券深圳福华路证券营业部,1,-3.80479735,0.0,1,-8.60215054,0.0,1,-9.67741935,0.0,1,-10.91811414,0.0,1,-4.21836228,0.0
1012,国投证券东莞樟木头证券营业部,1,4.96323529,100.0,1,7.72058824,100.0,1,2.38970588,100.0,1,14.70588235,100.0,0,0.0,0.0
1013,国新证券上海黄浦区黄陂南路证券营业部,1,-6.65584416,0.0,1,-8.29951299,0.0,1,-2.15097403,0.0,1,2.79028004,100.0,1,11.0867062,100.0
1014,申万宏源西部证券乌鲁木齐解放南路证券营业部,1,10.07874016,100.0,1,0.62992126,100.0,1,10.70866142,100.0,0,0.0,0.0,0,0.0,0.0
1015,华泰证券郑州农业路证券营业部,1,-9.23076923,0.0,1,-9.23076923,0.0,1,-7.69230769,0.0,1,12.30769231,100.0,0,0.0,0.0
1016,长江证券武汉胜利街证券营业部,1,-3.3649698,0.0,1,-6.3848145,0.0,0,0.0,0.0,0,0.0,0.0,0,0.0,0.0
1017,国投证券深圳宝安海秀路证券营业部,1,3.96611475,100.0,1,4.15864459,100.0,1,1.42472083,100.0,1,-0.77011937,0.0,1,7.16211013,100.0
1018,中国银河证券北京中关村大街证券营业部,1,-2.47863248,0.0,1,-10.25641026,0.0,1,-4.18803419,0.0,1,6.58119658,100.0,1,-21.70940171,0.0
1019,国投证券上海普陀区江宁路证券营业部,1,-4.88888889,0.0,1,-9.55555556,0.0,1,-10.22222222,0.0,1,-18.88888889,0.0,1,-10.22222222,0.0
1020,华泰证券天津河东金茂广场证券营业部,1,8.44250364,100.0,1,11.44468705,100.0,1,7.47452693,100.0,1,-10.90247453,0.0,0,0.0,0.0
1021,光大证券内江公园街证券营业部,1,-7.87401575,0.0,1,-2.36220472,0.0,1,-5.70866142,0.0,1,-10.62992126,0.0,1,-6.2992126,0.0
1022,国金证券厦门湖滨南路证券营业部,1,0.71996969,100.0,1,8.71542251,100.0,1,-1.17468738,0.0,1,-7.54073513,0.0,1,-15.99090565,0.0
1023,长江证券襄阳建华路证券营业部,1,-10.041841,0.0,1,-16.45746165,0.0,1,-18.54951185,0.0,1,-25.66248257,0.0,0,0.0,0.0
1024,广发证券深圳高新南一道证券营业部,1,-1.96560197,0.0,1,-5.65110565,0.0,1,-5.8968059,0.0,1,-12.28501229,0.0,1,-23.0958231,0.0
1025,东兴证券北京北四环中路证券营业部,1,-8.1871345,0.0,1,-8.30896686,0.0,1,-12.08576998,0.0,0,0.0,0.0,0,0.0,0.0
1026,信达证券南京汉中门大街证券营业部,1,-0.46975925,0.0,1,10.21726365,100.0,1,10.51086318,100.0,1,9.45390487,100.0,1,6.45918967,100.0
1027,中邮证券北京宣武门东大街证券营业部,1,-2.5033527,0.0,0,0.0,0.0,0,0.0,0.0,0,0.0,0.0,0,0.0,0.0
1028,东兴证券福州杨桥中路证券营业部,1,-3.23809524,0.0,1,-9.84126984,0.0,1,-10.92063492,0.0,1,-18.03174603,0.0,1,-16.88888889,0.0
1029,湘财证券义乌篁园路证券营业部,1,0.0,0.0,1,0.0,0.0,1,0.0,0.0,1,6.66666667,100.0,0,0.0,0.0
1030,信达证券辽阳武圣路证券营业部,1,-2.0431328,0.0,1,0.56753689,100.0,1,-1.0215664,0.0,1,2.27014756,100.0,0,0.0,0.0
1031,浙商证券东阳环城北路证券营业部,1,3.84615385,100.0,1,-7.69230769,0.0,0,0.0,0.0,0,0.0,0.0,0,0.0,0.0
1032,国新证券阿克苏南昌路证券营业部,1,0.0,0.0,1,-11.11111111,0.0,1,-5.55555556,0.0,1,-5.55555556,0.0,0,0.0,0.0
1033,广发证券佛山南海桂城证券营业部,1,-5.06912442,0.0,1,-9.67741935,0.0,1,-14.28571429,0.0,1,-22.58064516,0.0,1,-23.04147465,0.0
1034,国投证券海南分公司,1,1.68907273,100.0,1,15.53085143,100.0,1,21.16511548,100.0,1,29.98104102,100.0,1,35.22406067,100.0
1035,信达证券北京牡丹园证券营业部,1,-5.40752351,0.0,1,-7.44514107,0.0,1,-7.9153605,0.0,1,-7.99373041,0.0,1,-4.78056426,0.0
1036,信达证券杭州景昙路证券营业部,1,-5.67484663,0.0,1,-6.44171779,0.0,1,-8.35889571,0.0,1,-14.68558282,0.0,1,-3.52760736,0.0
1037,中银国际证券广东分公司,1,-10.04672897,0.0,1,-2.86214953,0.0,1,-5.72429907,0.0,1,-0.99299065,0.0,1,-4.55607477,0.0
1038,红塔证券深圳深南中路证券营业部,1,2.71674935,100.0,1,-5.26813135,0.0,1,-4.93739665,0.0,1,-10.2291519,0.0,1,-21.66312308,0.0
1039,光大证券金华宾虹路证券营业部,1,10.0,100.0,1,12.26415094,100.0,1,17.16981132,100.0,1,18.11320755,100.0,1,8.30188679,100.0
1040,中泰证券济宁任城大道证券营业部,1,0.73529412,100.0,1,-0.94771242,0.0,1,7.35294118,100.0,1,16.51960784,100.0,1,-18.97058824,0.0
1041,长江证券上海黄兴路证券营业部,1,-7.45147151,0.0,1,-7.73324984,0.0,1,-9.8622417,0.0,1,-10.36318096,0.0,1,-16.71884784,0.0
1042,申万宏源西部证券库尔勒滨河路证券营业部,1,3.3151905,100.0,1,0.84116774,100.0,1,-4.15635824,0.0,1,-12.51855517,0.0,0,0.0,0.0
1043,信达证券铁岭光荣街证券营业部,1,2.14067278,100.0,1,2.44648318,100.0,1,0.0,0.0,1,0.91743119,100.0,1,-3.66972477,0.0
1044,东北证券上海峨山路证券营业部,1,8.69565217,100.0,1,4.34782609,100.0,1,4.34782609,100.0,1,-13.04347826,0.0,0,0.0,0.0
1045,中信建投证券上海浦东南路证券营业部,1,-10.05518386,0.0,1,-13.0243688,0.0,1,-16.22307955,0.0,1,-8.17990917,0.0,1,-12.62880305,0.0
1046,诚通证券武汉球场路证券营业部,1,-10.01144165,0.0,1,-17.33409611,0.0,1,-16.53318078,0.0,0,0.0,0.0,0,0.0,0.0
1047,国元证券青岛四流中路证券营业部,1,6.25,100.0,0,0.0,0.0,0,0.0,0.0,0,0.0,0.0,0,0.0,0.0
1048,财通证券宁波天童南路证券营业部,1,2.32726614,100.0,1,0.27166531,100.0,1,10.47722539,100.0,1,-15.78375441,0.0,1,-0.30788735,0.0
1049,国海证券梧州大学路证券营业部,1,-10.0,0.0,1,-15.0,0.0,1,-15.0,0.0,1,5.0,100.0,1,10.0,100.0
1050,国信证券宜昌沿江大道证券营业部,1,-4.94505495,0.0,1,0.0,0.0,1,4.94505495,100.0,1,6.04395604,100.0,1,3.84615385,100.0
1051,兴业证券青岛分公司,1,-4.98051104,0.0,1,-9.74447813,0.0,1,-14.24859246,0.0,1,-15.24469467,0.0,1,-16.37072326,0.0
1052,中信建投证券南昌桃苑大街证券营业部,1,-7.26643599,0.0,1,-3.46020761,0.0,1,-9.68858131,0.0,1,-3.69088812,0.0,1,4.95963091,100.0
1053,光大证券慈溪三北西大街证券营业部,1,4.18951524,100.0,1,10.24347445,100.0,1,-5.02303137,0.0,1,-10.83570959,0.0,0,0.0,0.0
1054,华泰证券沈阳光荣街证券营业部,1,2.14067278,100.0,1,2.44648318,100.0,1,0.0,0.0,1,0.91743119,100.0,1,-3.66972477,0.0
1055,招商证券深圳深南中路证券营业部,1,6.73400673,100.0,1,8.8664422,100.0,1,5.82491582,100.0,1,-8.97867565,0.0,1,-3.42536476,0.0
1056,国泰海通证券上海宝山区海江路证券营业部,1,-8.44880027,0.0,1,-3.1091585,0.0,1,-4.12301453,0.0,1,7.80669145,100.0,1,10.71928201,100.0
1057,财达证券上海浦东大道证券营业部,1,-2.29914751,0.0,1,-8.86075949,0.0,1,-14.72487729,0.0,1,-14.85404288,0.0,1,-11.90906742,0.0
1058,国泰海通证券上海浦东新区崮山路证券营业部,1,5.6950199,100.0,1,-2.12039971,0.0,1,0.73929645,100.0,1,-6.69428873,0.0,1,-19.56351826,0.0
1059,东兴证券南京汉中路证券营业部,1,-6.77966102,0.0,1,1.55367232,100.0,1,-6.92090395,0.0,1,-12.28813559,0.0,0,0.0,0.0
1060,中银国际证券深圳中心四路证券营业部,1,2.7027027,100.0,1,1.35135135,100.0,1,-2.7027027,0.0,1,-2.7027027,0.0,0,0.0,0.0
1061,中信证券上海徐汇区漕溪北路证券营业部,1,4.91691105,100.0,1,2.54154448,100.0,1,11.39784946,100.0,0,0.0,0.0,0,0.0,0.0
1062,财信证券娄底湘中大道证券营业部,1,4.92063492,100.0,1,4.44444444,100.0,1,4.76190476,100.0,1,-2.38095238,0.0,0,0.0,0.0
1063,华泰证券张家港金港镇长江中路证券营业部,1,-4.17940877,0.0,1,-6.01427115,0.0,1,-3.26197757,0.0,1,2.95616718,100.0,1,-4.28134557,0.0
1064,中银国际证券上海新华路证券营业部,1,-3.21428571,0.0,1,-2.14285714,0.0,1,-0.35714286,0.0,1,1.42857143,100.0,1,-15.84821674,0.0
1065,华福证券连江丹凤东路证券营业部,1,2.55941499,100.0,1,0.88360756,100.0,1,-5.88056063,0.0,1,-11.66971359,0.0,1,-22.30347349,0.0
1066,华鑫证券上海浦东新区人民东路证券营业部,1,9.9690881,100.0,1,20.94281298,100.0,1,33.07573416,100.0,1,60.97372488,100.0,0,0.0,0.0
1067,中国银河证券宁波宁穿路证券营业部,1,-8.79864636,0.0,1,-16.41285956,0.0,1,-20.30456853,0.0,1,-17.9357022,0.0,1,-19.45854484,0.0
1068,华泰证券长春民康路证券营业部,1,0.18416206,100.0,1,-4.60405157,0.0,1,-9.39226519,0.0,1,-6.07734807,0.0,1,-13.07550645,0.0
1069,中国银河证券廊坊永兴路证券营业部,1,3.62318841,100.0,1,1.44927536,100.0,1,0.72463768,100.0,1,1.44927536,100.0,0,0.0,0.0
1070,浙商证券诸暨东一路证券营业部,1,0.0,0.0,1,5.40540541,100.0,1,2.7027027,100.0,1,-2.7027027,0.0,0,0.0,0.0
1071,国泰海通证券上海嘉定区塔城路证券营业部,1,-10.02109705,0.0,1,-12.5,0.0,1,-8.91350211,0.0,1,-1.68776371,0.0,1,-5.5907173,0.0
1072,中信证券(山东)青岛香港中路证券营业部,1,1.05228543,100.0,1,0.72344623,100.0,1,-7.92502466,0.0,1,-13.02203223,0.0,1,7.39888195,100.0
1073,世纪证券樟树市四特大道证券营业部,1,-2.77777778,0.0,1,-8.33333333,0.0,1,-5.55555556,0.0,0,0.0,0.0,0,0.0,0.0
1074,国投证券广州花都保利金融中心证券营业部,1,-4.99432463,0.0,1,-14.49110859,0.0,1,-23.04199773,0.0,1,-16.38289822,0.0,0,0.0,0.0
1075,中信证券江苏分公司,1,9.9626401,100.0,1,13.44956413,100.0,1,15.81569116,100.0,1,28.76712329,100.0,1,0.62266501,100.0
1076,东兴证券惠安建设南路证券营业部,1,-4.9382716,0.0,1,-9.87654321,0.0,1,-9.05349794,0.0,1,-13.58024691,0.0,1,-21.39917695,0.0
1077,东吴证券常熟商城中路证券营业部,1,6.0990099,100.0,0,0.0,0.0,0,0.0,0.0,0,0.0,0.0,0,0.0,0.0
1078,长江证券鄂州滨湖南路证券营业部,1,10.0,100.0,1,4.04907975,100.0,1,1.59509202,100.0,0,0.0,0.0,0,0.0,0.0
1079,财信证券郴州八一南路证券营业部,1,-1.7699115,0.0,1,-5.60471976,0.0,1,-6.19469027,0.0,1,-3.53982301,0.0,1,-7.37463127,0.0
1080,东吴证券吴江盛泽镇西环路证券营业部,1,-3.98254228,0.0,1,-7.2558647,0.0,1,-10.96563011,0.0,1,-13.91162029,0.0,1,-12.71140207,0.0
1081,方正证券杭州滨江通和路证券营业部,1,-7.97101449,0.0,1,-14.86956522,0.0,1,-20.08695652,0.0,1,-24.69565217,0.0,0,0.0,0.0
1082,大同证券邯郸人民东路证券营业部,1,5.41401274,100.0,1,-3.18471338,0.0,1,-9.66029724,0.0,1,-22.18683652,0.0,1,-23.35456476,0.0
1083,广发证券佛山高明跃华路证券营业部,1,4.43548387,100.0,1,4.03225806,100.0,1,-3.62903226,0.0,1,-1.61290323,0.0,0,0.0,0.0
1084,国泰海通证券洛阳长兴街证券营业部,1,-10.56661562,0.0,1,-10.41347626,0.0,1,-3.9050536,0.0,1,-3.9050536,0.0,0,0.0,0.0
1085,中信证券浦江中山北路证券营业部,1,-9.09090909,0.0,1,-13.63636364,0.0,1,-15.90909091,0.0,1,-15.90909091,0.0,1,-18.18181818,0.0
1086,中泰证券菏泽东明五四路证券营业部,1,4.50797141,100.0,1,0.10995052,100.0,1,6.26717977,100.0,1,9.84057174,100.0,0,0.0,0.0
1087,申万宏源证券长沙芙蓉中路证券营业部,1,-4.9897471,0.0,1,-5.12645249,0.0,1,-9.84278879,0.0,1,-18.66028708,0.0,1,-15.03759398,0.0
1088,招商证券天津开发区第三大街证券营业部,1,0.55555556,100.0,1,2.77777778,100.0,1,2.22222222,100.0,0,0.0,0.0,0,0.0,0.0
1089,浙商证券象山靖南大街证券营业部,1,1.12781955,100.0,1,-3.94736842,0.0,1,-8.83458647,0.0,1,-7.89473684,0.0,1,5.26315789,100.0
1090,兴业证券山西分公司,1,-9.97912317,0.0,1,-18.99791232,0.0,1,-20.91858038,0.0,1,-26.7223382,0.0,0,0.0,0.0
1091,兴业证券莆田湖园路证券营业部,1,-2.54794521,0.0,1,-0.52054795,0.0,1,-10.46575342,0.0,1,-10.26027397,0.0,1,-22.32876712,0.0
1092,中信证券(山东)青岛秦岭路证券营业部,1,0.42372881,100.0,1,-2.54237288,0.0,1,-1.27118644,0.0,1,1.69491525,100.0,0,0.0,0.0
1093,中信证券长兴明珠路证券营业部,1,2.67857143,100.0,1,-2.38095238,0.0,1,-8.33333333,0.0,1,2.67857143,100.0,0,0.0,0.0
1094,华泰证券靖江富阳路证券营业部,1,-16.36240703,0.0,1,-22.51521298,0.0,1,-22.04192022,0.0,1,-25.08451657,0.0,1,-28.66801893,0.0
1095,华泰证券南通海安长江中路证券营业部,1,-1.40410959,0.0,1,-5.58219178,0.0,1,-11.18150685,0.0,1,-12.56849315,0.0,1,-9.62328767,0.0
1096,华泰证券吴江盛泽广州路证券营业部,1,3.04878049,100.0,1,1.82926829,100.0,1,-0.76219512,0.0,1,7.62195122,100.0,1,-5.0304878,0.0
1097,申万宏源证券北京金融大街证券营业部,1,1.57894737,100.0,0,0.0,0.0,0,0.0,0.0,0,0.0,0.0,0,0.0,0.0
1098,广发证券广州康王中路证券营业部,1,-2.42440318,0.0,1,-1.97877984,0.0,1,-0.61007958,0.0,1,16.21220159,100.0,1,33.68700265,100.0
1099,东海证券洛阳开元大道证券营业部,1,-3.0830613,0.0,1,-5.76713819,0.0,0,0.0,0.0,0,0.0,0.0,0,0.0,0.0
1100,招商证券南昌世贸路秋水广场证券营业部,1,-4.12371134,0.0,1,0.46391753,100.0,1,10.51546392,100.0,1,4.12371134,100.0,1,-14.43298969,0.0
1101,天风证券武汉分公司,1,-0.60606061,0.0,1,-5.57575758,0.0,1,-10.3030303,0.0,1,-12.84848485,0.0,1,-2.91045304,0.0
1102,国投证券厦门湖滨东路证券营业部,1,-0.2292176,0.0,1,-6.63966993,0.0,1,-9.43612469,0.0,0,0.0,0.0,0,0.0,0.0
1103,国泰海通证券上海青浦区汇金路证券营业部,1,-8.87906106,0.0,1,-14.54328968,0.0,1,-17.04371492,0.0,0,0.0,0.0,0,0.0,0.0
1104,民生证券洛阳凯旋路证券营业部,1,-14.28571429,0.0,0,0.0,0.0,0,0.0,0.0,0,0.0,0.0,0,0.0,0.0
1105,中泰证券宁波北仑恒山路证券营业部,1,-9.78077572,0.0,1,-14.36762226,0.0,1,-20.57335582,0.0,1,-26.03709949,0.0,0,0.0,0.0
1106,国泰海通证券淄博桓台东岳路证券营业部,1,-6.57793704,0.0,1,1.86844126,100.0,1,1.86844126,100.0,1,11.28743281,100.0,1,-11.21064756,0.0
1107,国新证券长沙韶山路证券营业部,1,9.11314985,100.0,1,2.14067278,100.0,0,0.0,0.0,0,0.0,0.0,0,0.0,0.0
1108,财达证券石家庄总部证券营业部,1,-11.84210526,0.0,1,-13.15789474,0.0,1,-16.72932331,0.0,1,-17.29323308,0.0,0,0.0,0.0
1109,方正证券南昌北京西路证券营业部,1,-0.73529412,0.0,1,-5.14705882,0.0,1,-8.82352941,0.0,1,-10.29411765,0.0,1,-0.73529412,0.0
1110,华泰证券南京中山东路第二证券营业部,1,-20.0,0.0,1,-29.47368421,0.0,1,-30.52631579,0.0,1,-36.84210526,0.0,0,0.0,0.0
1111,国投证券茂名高州证券营业部,1,2.90858726,100.0,1,-0.69252078,0.0,1,-3.60110803,0.0,1,-0.83102493,0.0,1,16.55124654,100.0
1112,五矿证券深圳金田路证券营业部,1,10.81081081,100.0,1,21.62162162,100.0,1,10.81081081,100.0,1,2.7027027,100.0,0,0.0,0.0
1113,国泰海通证券深圳滨海大道创投大厦证券营业部,1,-4.36681223,0.0,1,1.74672489,100.0,1,-1.52838428,0.0,1,1.74672489,100.0,1,-18.55895197,0.0
1114,上海证券松江区乐都路证券营业部,1,-10.0,0.0,1,-15.0,0.0,1,-15.0,0.0,1,5.0,100.0,1,10.0,100.0
1115,光大证券宁波北仑新碶证券营业部,1,-5.76441103,0.0,1,-6.01503759,0.0,1,-9.02255639,0.0,1,-3.13283208,0.0,1,10.65162907,100.0
1116,西南证券重庆红石路证券营业部,1,2.38095238,100.0,0,0.0,0.0,0,0.0,0.0,0,0.0,0.0,0,0.0,0.0
1117,中信证券台州分公司,1,-19.56521739,0.0,0,0.0,0.0,0,0.0,0.0,0,0.0,0.0,0,0.0,0.0
1118,湘财证券北京建国门内大街证券营业部,1,-0.83102493,0.0,1,-0.27700831,0.0,1,-0.27700831,0.0,1,-5.81717452,0.0,1,-1.66204986,0.0
1119,广发证券唐山大里路证券营业部,1,-9.97920998,0.0,1,-19.02286902,0.0,1,-26.09147609,0.0,0,0.0,0.0,0,0.0,0.0
1120,广发证券江西分公司,1,-10.0,0.0,1,-12.18934911,0.0,0,0.0,0.0,0,0.0,0.0,0,0.0,0.0
1121,国泰海通证券湘潭建设中路证券营业部,1,-5.01960784,0.0,1,-9.80392157,0.0,1,-7.45098039,0.0,1,-5.88235294,0.0,1,-17.25490196,0.0
1122,国投证券揭阳惠来证券营业部,1,1.82370821,100.0,1,0.0,0.0,1,-4.86322188,0.0,1,-5.16717325,0.0,0,0.0,0.0
1123,东莞证券东莞东坑证券营业部,1,-4.91518051,0.0,1,-7.65550239,0.0,1,-10.13484124,0.0,1,-14.22357547,0.0,1,-11.7877338,0.0
1124,东莞证券东莞石碣证券营业部,1,6.72543258,100.0,1,-3.95037545,0.0,1,-7.59059745,0.0,1,5.35422788,100.0,0,0.0,0.0
1125,东吴证券南京国睿大厦证券营业部,1,4.16666667,100.0,1,9.72222222,100.0,1,10.41666667,100.0,1,10.41666667,100.0,1,31.94444444,100.0
1126,光大证券南昌广场南路证券营业部,1,0.19261637,100.0,1,-6.80577849,0.0,1,-8.95666132,0.0,0,0.0,0.0,0,0.0,0.0
1127,华福证券福州湖东路证券营业部,1,-5.6,0.0,1,-6.93333333,0.0,1,-11.2,0.0,1,-11.73333333,0.0,1,-12.0,0.0
1128,华福证券惠安东南街证券营业部,1,5.07518797,100.0,1,0.96670247,100.0,1,3.78625134,100.0,1,6.75157328,100.0,1,27.78087148,100.0
1129,广发证券揭阳揭西证券营业部,1,2.6296018,100.0,1,3.0052592,100.0,1,3.90683696,100.0,1,8.41472577,100.0,0,0.0,0.0
1130,广发证券攀枝花三线大道证券营业部,1,0.0,0.0,1,0.0,0.0,1,0.0,0.0,1,6.66666667,100.0,0,0.0,0.0
1131,中信证券华南广州天河北路证券营业部,1,-0.73800738,0.0,1,-2.95202952,0.0,1,-6.64206642,0.0,1,-10.33210332,0.0,1,-22.50922509,0.0
1132,国联民生证券无锡新吴区湘江路证券营业部,1,-1.87541862,0.0,1,1.50703282,100.0,1,-3.58338915,0.0,1,-7.9035499,0.0,0,0.0,0.0
1133,中信建投证券上海张杨北路证券营业部,1,4.32793807,100.0,1,2.86183439,100.0,1,18.42599109,100.0,0,0.0,0.0,0,0.0,0.0
1134,第一创业证券宁波海晏北路证券营业部,1,-4.9897471,0.0,1,-5.12645249,0.0,1,-9.84278879,0.0,1,-18.66028708,0.0,1,-15.03759398,0.0
1135,东莞证券河源分公司,1,10.05586592,100.0,1,8.37988827,100.0,1,4.18994413,100.0,1,-11.73184358,0.0,1,-30.16759777,0.0
1136,中信证券唐山大里北路证券营业部,1,6.25,100.0,0,0.0,0.0,0,0.0,0.0,0,0.0,0.0,0,0.0,0.0
1137,兴业证券武夷山中山路证券营业部,1,-0.80563948,0.0,1,-4.02819738,0.0,1,-6.04229607,0.0,0,0.0,0.0,0,0.0,0.0
1138,招商证券太原长治路证券营业部,1,10.0148368,100.0,1,8.30860534,100.0,1,6.89910979,100.0,1,13.57566766,100.0,1,-15.9495549,0.0
1139,中国银河证券武汉汉阳证券营业部,1,-9.95670996,0.0,1,-14.28571429,0.0,1,-17.17171717,0.0,0,0.0,0.0,0,0.0,0.0
1140,中信建投证券瑞金红都大道证券营业部,1,-3.30788804,0.0,1,-10.43256997,0.0,1,-11.95928753,0.0,1,-11.19592875,0.0,0,0.0,0.0
1141,国盛证券上饶鄱阳鄱阳湖大道证券营业部,1,4.24886191,100.0,1,-0.91047041,0.0,1,-5.91805766,0.0,1,-7.43550835,0.0,1,-7.13201821,0.0
1142,国金证券成都新都区马超西路证券营业部,1,0.0,0.0,1,0.0,0.0,1,0.0,0.0,1,-6.25,0.0,1,0.0,0.0
1143,西南证券重庆春晖路证券营业部,1,-3.7037037,0.0,1,0.0,0.0,1,0.0,0.0,1,0.0,0.0,0,0.0,0.0
1144,华安证券无为北大街证券营业部,1,-0.76255588,0.0,1,12.38495924,100.0,1,9.3873258,100.0,0,0.0,0.0,0,0.0,0.0
1145,国泰海通证券九江十里大道证券营业部,1,4.0,100.0,1,-1.33333333,0.0,1,-4.33333333,0.0,1,-4.66666667,0.0,0,0.0,0.0
1146,国泰海通证券宜春高安瑞州路证券营业部,1,-10.05764262,0.0,1,-11.09620354,0.0,1,-5.88849135,0.0,1,-17.8095806,0.0,1,-23.1216458,0.0
1147,第一创业证券北京西城分公司,1,-5.55555556,0.0,1,-16.66666667,0.0,1,-16.66666667,0.0,1,-16.66666667,0.0,1,-22.22222222,0.0
1148,华泰证券南京江宁苏源大道证券营业部,1,0.07732457,100.0,1,6.53392616,100.0,1,2.08776339,100.0,1,10.55480379,100.0,1,-8.00309298,0.0
1149,华泰证券成都锦晖西二街证券营业部,1,10.07633588,100.0,1,21.06870229,100.0,1,25.80152672,100.0,1,40.45801527,100.0,1,31.90839695,100.0
1150,湘财证券佛山星辰路证券营业部,1,0.0,0.0,1,0.0,0.0,1,0.0,0.0,1,6.66666667,100.0,0,0.0,0.0
1151,国投证券合肥徽州大道证券营业部,1,-9.67741935,0.0,1,-16.12903226,0.0,1,-9.67741935,0.0,1,9.67741935,100.0,1,29.03225806,100.0
1152,长江证券重庆红黄路证券营业部,1,1.82370821,100.0,1,0.0,0.0,1,-4.86322188,0.0,1,-5.16717325,0.0,0,0.0,0.0
1153,东兴证券福州五一北路证券营业部,1,4.81927711,100.0,1,15.26104418,100.0,1,8.43373494,100.0,1,14.0562249,100.0,0,0.0,0.0
1154,国泰海通证券义乌宾王路证券营业部,1,0.25806452,100.0,1,2.63225806,100.0,1,16.38709677,100.0,1,12.38709677,100.0,1,7.35483871,100.0
1155,中信证券福州振武路证券营业部,1,-1.97044335,0.0,1,-11.08374384,0.0,1,-13.79310345,0.0,1,-14.03940887,0.0,0,0.0,0.0
1156,国泰海通证券天台环城东路证券营业部,1,-1.1398331,0.0,1,1.01770812,100.0,1,1.09912477,100.0,1,-5.14960309,0.0,1,12.35497659,100.0
1157,中信证券南通海门长江南路证券营业部,1,-1.2567325,0.0,0,0.0,0.0,0,0.0,0.0,0,0.0,0.0,0,0.0,0.0
1158,国都证券北京东中街证券营业部,1,0.03320053,100.0,1,-8.56573705,0.0,1,-13.41301461,0.0,1,-4.44887118,0.0,1,-5.54448871,0.0
1159,国金证券成都天府大道证券营业部,1,9.94854202,100.0,1,8.06174957,100.0,1,5.83190395,100.0,1,6.3464837,100.0,0,0.0,0.0
1160,国泰海通证券马鞍山雨山西路证券营业部,1,-7.62686114,0.0,1,-3.99574597,0.0,1,-10.55910058,0.0,0,0.0,0.0,0,0.0,0.0
1161,中国银河证券北京双井证券营业部,1,4.71698113,100.0,1,2.20125786,100.0,1,-1.67714885,0.0,1,-3.87840671,0.0,0,0.0,0.0
1162,东海证券珠海吉大路证券营业部,1,9.97888068,100.0,1,20.96092925,100.0,1,33.05174234,100.0,0,0.0,0.0,0,0.0,0.0
1163,财通证券丽水分公司,1,16.05363985,100.0,1,7.85440613,100.0,1,1.91570881,100.0,1,-5.74712644,0.0,1,17.12643678,100.0
1164,光大证券上海金山区卫清西路证券营业部,1,-5.0,0.0,1,-7.5,0.0,1,-7.5,0.0,1,-7.5,0.0,1,-12.5,0.0
1165,国泰海通证券四平中央西路证券营业部,1,-4.6378322,0.0,1,-2.76185513,0.0,1,-10.89108911,0.0,1,-15.21625847,0.0,1,-17.09223554,0.0
1166,华泰证券深圳龙岗大道证券营业部,1,9.98558039,100.0,1,20.98053353,100.0,1,17.95241528,100.0,1,21.88175919,100.0,1,5.33525595,100.0
1167,浙商证券绍兴金柯桥大道证券营业部,1,-2.28888889,0.0,1,-9.93888889,0.0,1,-12.06666667,0.0,1,-15.94444444,0.0,0,0.0,0.0
1168,中泰证券莒县银杏大道证券营业部,1,-8.3201447,0.0,1,-8.10535835,0.0,1,-8.20709925,0.0,1,-13.11327154,0.0,0,0.0,0.0
1169,国盛证券弋阳志敏大道证券营业部,1,0.03320053,100.0,1,-8.56573705,0.0,1,-13.41301461,0.0,1,-4.44887118,0.0,1,-5.54448871,0.0
1170,财通证券海宁水月亭西路证券营业部,1,-4.41647597,0.0,1,-6.38443936,0.0,1,1.39588101,100.0,1,1.4416476,100.0,1,-4.11899314,0.0
1171,方正证券广州兴盛路证券营业部,1,-4.99265786,0.0,1,-6.020558,0.0,1,-10.57268722,0.0,1,-23.64170338,0.0,0,0.0,0.0
1172,长城证券武汉云林街证券营业部,1,-2.43902439,0.0,1,-2.43902439,0.0,1,2.43902439,100.0,0,0.0,0.0,0,0.0,0.0
1173,西部证券柳州海关路证券营业部,1,-4.60674157,0.0,1,-1.88202247,0.0,1,-16.96629213,0.0,1,-21.93820225,0.0,0,0.0,0.0
1174,中信证券(山东)郑州商鼎路证券营业部,1,2.83286119,100.0,0,0.0,0.0,0,0.0,0.0,0,0.0,0.0,0,0.0,0.0
1175,中国中金财富证券无锡分公司,1,5.33333333,100.0,1,-2.47619048,0.0,1,-4.19047619,0.0,1,-9.61904762,0.0,0,0.0,0.0
1176,申万宏源证券北京丽泽路证券营业部,1,0.0,0.0,1,0.0,0.0,1,0.0,0.0,1,-5.55555556,0.0,0,0.0,0.0
1177,湘财证券岳阳五里牌证券营业部,1,-4.9897471,0.0,1,-5.12645249,0.0,1,-9.84278879,0.0,1,-18.66028708,0.0,1,-15.03759398,0.0
1178,长江证券厦门湖滨北路证券营业部,1,-2.43902439,0.0,1,-2.43902439,0.0,1,2.43902439,100.0,0,0.0,0.0,0,0.0,0.0
1179,长城证券沈阳惠工街证券营业部,1,0.54054054,100.0,1,-3.64864865,0.0,1,-6.62162162,0.0,1,-11.75675676,0.0,1,-12.02702703,0.0
1180,长江证券北京百万庄大街证券营业部,1,-3.62006259,0.0,1,-4.78727903,0.0,1,4.73653049,100.0,1,-2.35980716,0.0,1,-6.08136683,0.0
1181,中信证券(山东)泰安长城路证券营业部,1,-5.0,0.0,1,-7.5,0.0,1,-7.5,0.0,1,-7.5,0.0,1,-12.5,0.0
1182,第一创业证券大连黄河路证券营业部,1,-4.60251046,0.0,1,-8.0334728,0.0,1,-9.62343096,0.0,1,-10.71129707,0.0,1,-21.42259414,0.0
1183,东方证券汕头长平路证券营业部,1,8.88575458,100.0,1,12.76445698,100.0,1,13.39915374,100.0,1,14.66854725,100.0,1,10.08462623,100.0
1184,东莞证券河北分公司,1,0.0,0.0,1,0.0,0.0,1,0.0,0.0,1,-6.25,0.0,1,0.0,0.0
1185,东莞证券珠海人民东路证券营业部,1,1.8,100.0,1,-0.66666667,0.0,1,-3.26666667,0.0,1,-2.46666667,0.0,1,6.0,100.0
1186,华安证券广州金融城证券营业部,1,-2.59526938,0.0,1,-0.36136662,0.0,1,1.05124836,100.0,1,-10.11826544,0.0,1,-17.87122208,0.0
1187,民生证券青岛分公司,1,-4.61538462,0.0,1,-9.23076923,0.0,1,-6.15384615,0.0,1,3.07692308,100.0,0,0.0,0.0
1188,万和证券海南分公司,1,9.98942918,100.0,1,20.98308668,100.0,1,22.72727273,100.0,1,29.96828753,100.0,1,27.27272727,100.0
1189,招商证券昆明北京路证券营业部,1,-6.06541759,0.0,1,-9.20927279,0.0,1,-14.63956812,0.0,1,-13.08351858,0.0,0,0.0,0.0
1190,中国中金财富证券西宁证券营业部,1,16.05363985,100.0,1,7.85440613,100.0,1,1.91570881,100.0,1,-5.74712644,0.0,1,17.12643678,100.0
1191,广发证券揭阳临江北路证券营业部,1,-5.07246377,0.0,1,-9.7826087,0.0,1,-14.13043478,0.0,1,-22.46376812,0.0,1,-19.92753623,0.0
1192,长江证券库尔勒人民东路证券营业部,1,-9.98354361,0.0,1,-14.6461876,0.0,1,-14.04278662,0.0,1,-15.63357104,0.0,1,-21.97483923,0.0
1193,国盛证券太原高新街证券营业部,1,1.63398693,100.0,1,1.85185185,100.0,1,0.65359477,100.0,1,-11.00217865,0.0,1,-4.5751634,0.0
1194,华泰证券岳阳平江天岳大道证券营业部,1,-20.25811498,0.0,1,-9.67279364,0.0,1,-16.58193195,0.0,1,-17.4292791,0.0,1,-18.74592622,0.0
1195,粤开证券佛山顺德欢乐大道证券营业部,1,0.0,0.0,1,11.76470588,100.0,1,23.52941176,100.0,1,47.05882353,100.0,1,11.76470588,100.0
1196,中信证券临安万马路证券营业部,1,4.72716218,100.0,1,2.62957896,100.0,1,12.88949688,100.0,1,10.07751938,100.0,0,0.0,0.0
1197,广发证券北京鲁谷路证券营业部,1,0.6932409,100.0,1,9.44540728,100.0,1,0.25996534,100.0,1,15.51126516,100.0,1,22.87694974,100.0
1198,国元证券绍兴金柯桥大道证券营业部,1,0.36057692,100.0,1,-3.78605769,0.0,1,2.94471154,100.0,1,1.68269231,100.0,1,2.76442308,100.0
1199,国元证券台州市府大道证券营业部,1,-2.02931229,0.0,1,-0.15501691,0.0,1,0.83145434,100.0,1,-2.45208568,0.0,0,0.0,0.0
1200,浙商证券福建分公司,1,4.16666667,100.0,1,9.72222222,100.0,1,10.41666667,100.0,1,10.41666667,100.0,1,31.94444444,100.0
1201,方正证券长沙东方红中路证券营业部,1,0.0,0.0,1,6.35678392,100.0,1,9.24623116,100.0,1,1.10552764,100.0,1,-13.44221106,0.0
1202,中国中金财富证券杭州江河汇证券营业部,1,10.01727116,100.0,1,10.1324122,100.0,1,8.57800806,100.0,1,18.94070236,100.0,1,27.17328728,100.0
1203,广发证券广州花城大道证券营业部,1,-20.00687521,0.0,1,-23.51323479,0.0,1,-38.81058783,0.0,0,0.0,0.0,0,0.0,0.0
1204,华泰证券福州五一北路证券营业部,1,-11.76470588,0.0,1,-11.76470588,0.0,1,-11.76470588,0.0,1,-11.76470588,0.0,1,-23.52941176,0.0
1205,中信证券镇江分公司,1,-8.68955851,0.0,1,-12.82410652,0.0,1,-14.50595655,0.0,1,-15.48703574,0.0,1,-12.8941836,0.0
1206,申万宏源证券佛山分公司,1,-10.0,0.0,1,-17.56818182,0.0,1,-19.97727273,0.0,1,-11.72727273,0.0,0,0.0,0.0
1207,东北证券青岛分公司,1,9.99216301,100.0,1,13.1661442,100.0,1,11.55956113,100.0,1,19.39655172,100.0,1,15.79153605,100.0
1208,中泰证券临清温泉路证券营业部,1,-7.15008432,0.0,1,-6.47554806,0.0,1,-9.00505902,0.0,1,-13.38954469,0.0,0,0.0,0.0
1209,中国中金财富证券嘉兴花园路证券营业部,1,1.82926829,100.0,1,-14.42508711,0.0,1,-11.8466899,0.0,1,-20.57491289,0.0,1,-29.18118467,0.0
1210,财通证券安吉体育场证券营业部,1,2.71674935,100.0,1,-5.26813135,0.0,1,-4.93739665,0.0,1,-10.2291519,0.0,1,-21.66312308,0.0
1211,中国中金财富证券广州科学大道证券营业部,1,1.2195122,100.0,0,0.0,0.0,0,0.0,0.0,0,0.0,0.0,0,0.0,0.0
1212,华泰证券海口国兴大道证券营业部,1,1.67682927,100.0,1,-6.40243902,0.0,1,-7.77439024,0.0,1,-1.52439024,0.0,1,-7.77439024,0.0
1213,中国中金财富证券大连港兴路证券营业部,1,1.37825421,100.0,1,-4.74732006,0.0,1,-7.96324655,0.0,1,-4.5941807,0.0,1,-18.98928025,0.0
1214,浙商证券临安城中街证券营业部,1,9.98613037,100.0,1,14.28571429,100.0,1,25.65880721,100.0,1,22.46879334,100.0,1,23.71705964,100.0
1215,国金证券成都东城根街证券营业部,1,2.5,100.0,1,-2.5,0.0,1,-7.5,0.0,1,-13.75,0.0,1,-4.58333333,0.0
1216,国泰海通证券抚州金巢大道证券营业部,1,2.73037543,100.0,1,4.09556314,100.0,1,6.48464164,100.0,1,7.84982935,100.0,0,0.0,0.0
1217,方正证券北京新华北路证券营业部,1,3.2688459,100.0,1,0.46697799,100.0,0,0.0,0.0,0,0.0,0.0,0,0.0,0.0
1218,浙商证券淳安新安东路证券营业部,1,-2.00884956,0.0,1,7.96460177,100.0,1,-5.3539823,0.0,1,-7.59292035,0.0,1,3.18584071,100.0
1219,中泰证券滨州惠民西门大街证券营业部,1,-7.14285714,0.0,1,0.0,0.0,1,-14.28571429,0.0,0,0.0,0.0,0,0.0,0.0
1220,国投证券招远温泉路证券营业部,1,-8.18848976,0.0,1,-15.07660615,0.0,1,-16.57010429,0.0,1,-30.48796189,0.0,1,-34.98133127,0.0
1221,东北证券松原分公司,1,7.26065539,100.0,1,4.94752624,100.0,1,11.37288499,100.0,1,12.6793746,100.0,1,12.93638895,100.0
1222,方正证券长沙金星北路证券营业部,1,-5.00270416,0.0,1,-9.76203353,0.0,1,-5.24607896,0.0,1,-2.65008112,0.0,0,0.0,0.0
1223,民生证券武汉武大园路证券营业部,1,4.59070796,100.0,1,0.63606195,100.0,1,0.85730088,100.0,1,-0.55309735,0.0,1,-7.96460177,0.0
1224,平安证券沈阳青年大街证券营业部,1,-7.49606299,0.0,1,-13.16535433,0.0,1,-15.84251969,0.0,0,0.0,0.0,0,0.0,0.0
1225,平安证券芜湖黄山中路证券营业部,1,13.21656051,100.0,1,21.11464968,100.0,1,20.1910828,100.0,1,32.48407643,100.0,0,0.0,0.0
1226,长城证券连云港海连东路证券营业部,1,2.73037543,100.0,1,4.09556314,100.0,1,6.48464164,100.0,1,7.84982935,100.0,0,0.0,0.0
1227,华泰证券泰兴国庆西路证券营业部,1,-0.17656646,0.0,1,7.41126403,100.0,1,-1.98297718,0.0,1,-8.09489315,0.0,0,0.0,0.0
1228,第一创业证券北京和平里证券营业部,1,10.0,100.0,1,4.04907975,100.0,1,1.59509202,100.0,0,0.0,0.0,0,0.0,0.0
1229,方正证券玉环泰安路证券营业部,1,-2.59365994,0.0,1,-6.62824207,0.0,1,-3.0259366,0.0,1,-12.1037464,0.0,0,0.0,0.0
1230,天府证券峨眉山金顶北路证券营业部,1,0.0,0.0,1,0.0,0.0,1,0.0,0.0,1,2.7027027,100.0,1,8.10810811,100.0
1231,中国银河证券柳州友谊路证券营业部,1,-2.7027027,0.0,1,7.02702703,100.0,1,-0.67567568,0.0,1,0.47297297,100.0,0,0.0,0.0
1232,中信建投证券宝鸡经二路证券营业部,1,5.69468268,100.0,0,0.0,0.0,0,0.0,0.0,0,0.0,0.0,0,0.0,0.0
1233,中信证券泉州丰泽街证券营业部,1,-9.53962981,0.0,1,-17.46559089,0.0,1,-15.68580921,0.0,0,0.0,0.0,0,0.0,0.0
1234,中银国际证券唐山新华道证券营业部,1,-3.58422939,0.0,1,-1.43369176,0.0,1,-1.7921147,0.0,1,-6.27240143,0.0,0,0.0,0.0
1235,国泰海通证券绥化中兴大街证券营业部,1,-9.98098859,0.0,1,-16.25475285,0.0,1,-7.88973384,0.0,1,-5.51330798,0.0,1,-25.76045627,0.0
1236,华福证券尤溪滨河大道证券营业部,1,2.94339623,100.0,1,10.0,100.0,1,1.09433962,100.0,1,-6.45283019,0.0,1,-8.26895559,0.0
1237,国金证券攀枝花佳兴路证券营业部,1,-1.89214759,0.0,1,-1.70293283,0.0,1,-6.33869442,0.0,1,-2.64900662,0.0,1,-0.56764428,0.0
1238,方正证券苏州金山东路证券营业部,1,0.0,0.0,1,-8.33333333,0.0,1,-16.66666667,0.0,0,0.0,0.0,0,0.0,0.0
1239,川财证券成都蜀锦路证券营业部,1,-1.18343195,0.0,1,0.29585799,100.0,0,0.0,0.0,0,0.0,0.0,0,0.0,0.0
1240,国泰海通证券温州黎明西路证券营业部,1,-2.28537943,0.0,1,-6.00644594,0.0,1,-8.98036918,0.0,1,-17.96073835,0.0,0,0.0,0.0
1241,广发证券昆山前进西路证券营业部,1,-5.79710145,0.0,1,-9.37198068,0.0,1,-10.62801932,0.0,1,-11.98067633,0.0,0,0.0,0.0
1242,招商证券重庆财富大道证券营业部,1,-4.25724638,0.0,1,-6.06884058,0.0,1,-9.7826087,0.0,1,-16.66666667,0.0,1,-14.58333333,0.0
1243,光大证券常州金水岸证券营业部,1,1.05228543,100.0,1,0.72344623,100.0,1,-7.92502466,0.0,1,-13.02203223,0.0,1,7.39888195,100.0
1244,中信建投证券常州分公司,1,15.21631029,100.0,1,9.14967678,100.0,1,10.72849329,100.0,1,1.85231228,100.0,1,-10.49229239,0.0
1245,广发证券烟台环山路证券营业部,1,-0.83102493,0.0,1,-0.27700831,0.0,1,-0.27700831,0.0,1,-5.81717452,0.0,1,-1.66204986,0.0
1246,申万宏源证券益阳梓山西路证券营业部,1,0.89928058,100.0,1,2.51798561,100.0,0,0.0,0.0,0,0.0,0.0,0,0.0,0.0
1247,光大证券余姚南雷南路证券营业部,1,-15.47867581,0.0,1,-12.46644796,0.0,1,-5.81568744,0.0,1,-1.7148822,0.0,1,31.21085595,100.0
1248,广发证券荣成石岛证券营业部,1,2.94117647,100.0,1,-7.35294118,0.0,1,-10.38602941,0.0,1,-25.0,0.0,1,-22.97794118,0.0
1249,首创证券合肥潜山路证券营业部,1,-10.0,0.0,1,-12.94642857,0.0,1,-21.60714286,0.0,1,-30.08928571,0.0,1,-24.91071429,0.0
1250,中信证券南昌红谷中大道证券营业部,1,-6.48224608,0.0,1,-9.99174236,0.0,1,-2.02312139,0.0,1,-7.10156895,0.0,0,0.0,0.0
1251,信达证券抚顺临江东路证券营业部,1,0.0,0.0,1,0.0,0.0,1,0.0,0.0,1,0.0,0.0,1,-6.66666667,0.0
1252,中国银河证券杭州市民街证券营业部,1,6.34547591,100.0,1,-0.11750881,0.0,0,0.0,0.0,0,0.0,0.0,0,0.0,0.0
1253,中信建投证券福州长乐朝阳中路证券营业部,1,-7.97101449,0.0,1,-14.86956522,0.0,1,-20.08695652,0.0,1,-24.69565217,0.0,0,0.0,0.0
1254,万联证券东莞分公司,1,6.63549721,100.0,1,4.94515375,100.0,1,9.13504765,100.0,1,6.52760295,100.0,1,-4.08199964,0.0
1255,中信建投证券广州中山三路证券营业部,1,-12.10191083,0.0,1,-19.10828025,0.0,1,-25.17197452,0.0,1,-31.92356688,0.0,0,0.0,0.0
1256,中信证券江阴虹桥南路证券营业部,1,1.57894737,100.0,0,0.0,0.0,0,0.0,0.0,0,0.0,0.0,0,0.0,0.0
1257,华安证券北京中关村大街证券营业部,1,0.0,0.0,1,5.40540541,100.0,1,2.7027027,100.0,1,-2.7027027,0.0,0,0.0,0.0
1258,川财证券射洪沱牌大道证券营业部,1,4.83091787,100.0,1,10.14492754,100.0,1,8.21256039,100.0,1,8.21256039,100.0,0,0.0,0.0
1259,中信证券深圳福田金田路证券营业部,1,10.04672897,100.0,1,5.14018692,100.0,1,15.65420561,100.0,1,22.42990654,100.0,1,9.11214953,100.0
1260,方正证券舟山环城西路证券营业部,1,2.23880597,100.0,1,-3.34328358,0.0,1,-5.97761194,0.0,1,-13.79104478,0.0,0,0.0,0.0
1261,五矿证券青岛香港东路证券营业部,1,3.70109978,100.0,1,0.24355948,100.0,1,-1.32074524,0.0,1,-9.99849345,0.0,1,-11.06061367,0.0
1262,五矿证券东莞汇金路证券营业部,1,4.37806874,100.0,1,5.07364975,100.0,1,6.54664484,100.0,1,11.41571195,100.0,1,-14.97545008,0.0
1263,万联证券青岛深圳路证券营业部,1,10.60606061,100.0,1,15.15151515,100.0,1,15.15151515,100.0,0,0.0,0.0,0,0.0,0.0
1264,国泰海通证券上海浦东分公司,1,-10.28045811,0.0,1,-14.04094147,0.0,1,-15.80845883,0.0,1,-9.58607629,0.0,0,0.0,0.0
1265,中山证券张家港人民东路证券营业部,1,1.69491525,100.0,1,11.86440678,100.0,1,23.72881356,100.0,1,28.81355932,100.0,0,0.0,0.0
1266,方正证券郴州国庆南路证券营业部,1,-4.97354497,0.0,1,-9.73544974,0.0,1,-14.23280423,0.0,1,-22.59259259,0.0,1,-37.03703704,0.0
1267,国投证券汕尾陆丰东海大道证券营业部,1,-7.6142132,0.0,1,-11.04060914,0.0,1,-11.04060914,0.0,1,-6.97969543,0.0,1,-10.02538071,0.0
1268,开源证券重庆分公司,1,-2.87769784,0.0,1,-3.77697842,0.0,1,-8.63309353,0.0,1,5.39568345,100.0,1,5.39568345,100.0
1269,国元证券陕西分公司,1,-15.96236099,0.0,1,-13.43028229,0.0,1,-19.45252352,0.0,1,-18.73396065,0.0,0,0.0,0.0
1270,华泰证券泰州分公司,1,0.0,0.0,1,5.71428571,100.0,1,2.85714286,100.0,1,-5.71428571,0.0,0,0.0,0.0
1271,华西证券成都天府二街证券营业部,1,-2.37659963,0.0,1,-5.11882998,0.0,1,-3.01645338,0.0,0,0.0,0.0,0,0.0,0.0
1272,中国银河证券汕头嵩山路证券营业部,1,5.03144654,100.0,1,13.20754717,100.0,1,5.66037736,100.0,1,11.94968553,100.0,0,0.0,0.0
1273,中国中金财富证券佛山分公司,1,0.0,0.0,1,0.0,0.0,1,0.0,0.0,1,6.66666667,100.0,0,0.0,0.0
1274,中国银河证券江阴虹桥北路证券营业部,1,0.0,0.0,1,0.0,0.0,1,5.40540541,100.0,1,0.0,0.0,0,0.0,0.0
1275,天风证券成都市一环路东五段证券营业部,1,0.0,0.0,1,-6.77966102,0.0,1,-5.08474576,0.0,0,0.0,0.0,0,0.0,0.0
1276,方正证券青岛山东路证券营业部,1,11.11111111,100.0,0,0.0,0.0,0,0.0,0.0,0,0.0,0.0,0,0.0,0.0
1277,德邦证券上海乍浦路证券营业部,1,10.03194888,100.0,1,21.02236422,100.0,1,33.09904153,100.0,1,61.02236422,100.0,0,0.0,0.0
1278,中国中金财富证券宁波狮子街证券营业部,1,4.57975083,100.0,1,8.79101597,100.0,1,0.68433058,100.0,1,4.28145289,100.0,1,-2.78996315,0.0
1279,国投证券深圳深南大道本元大厦证券营业部,1,-0.48076923,0.0,1,-5.76923077,0.0,1,-6.25,0.0,0,0.0,0.0,0,0.0,0.0
1280,财通证券杭州江东大道证券营业部,1,-4.98474059,0.0,1,-9.73211258,0.0,1,-14.24211597,0.0,1,-22.58392675,0.0,1,-23.36385215,0.0
1281,方正证券成都高升桥路证券营业部,1,-8.58369099,0.0,1,0.57224607,100.0,1,1.00143062,100.0,0,0.0,0.0,0,0.0,0.0
1282,广发证券台州东海大道证券营业部,1,-1.59807055,0.0,1,-2.21769054,0.0,1,3.42163572,100.0,1,-5.75697563,0.0,1,-16.86111492,0.0
1283,广发证券新余中山路证券营业部,1,-4.75984422,0.0,1,-4.52185201,0.0,1,-6.20943315,0.0,1,-9.13024665,0.0,1,-18.02250108,0.0
1284,浙商证券昆明顺城街证券营业部,1,-10.0,0.0,1,-10.0,0.0,1,-13.33333333,0.0,1,-10.0,0.0,0,0.0,0.0
1285,浙商证券路桥数码街证券营业部,1,-2.7027027,0.0,1,-5.40540541,0.0,1,-10.81081081,0.0,1,-8.10810811,0.0,0,0.0,0.0
1286,中信建投证券杭州萧山市心中路证券营业部,1,9.9796334,100.0,1,20.97759674,100.0,1,33.09572301,100.0,1,42.36252546,100.0,1,11.91446029,100.0
1287,国金证券南京中山东路证券营业部,1,0.0,0.0,1,0.0,0.0,1,0.0,0.0,1,6.66666667,100.0,0,0.0,0.0
1288,中信建投证券武汉京汉大道证券营业部,1,-2.96170534,0.0,1,-4.90473496,0.0,1,-5.73476703,0.0,1,-6.73457838,0.0,1,10.71495944,100.0
1289,渤海证券青岛分公司,1,2.53699789,100.0,1,-1.69133192,0.0,1,3.01268499,100.0,1,8.77378436,100.0,1,-10.78224101,0.0
1290,长江证券石家庄红旗大街证券营业部,1,6.34547591,100.0,1,-0.11750881,0.0,0,0.0,0.0,0,0.0,0.0,0,0.0,0.0
1291,中信证券重庆分公司,1,0.71996969,100.0,1,8.71542251,100.0,1,-1.17468738,0.0,1,-7.54073513,0.0,1,-15.99090565,0.0
1292,中信证券深圳科技园证券营业部,1,2.88461538,100.0,1,-3.84615385,0.0,1,-10.57692308,0.0,0,0.0,0.0,0,0.0,0.0
1293,东方证券呼和浩特乌兰察布东街证券营业部,1,-2.98818624,0.0,1,-3.89159138,0.0,1,-14.40815381,0.0,1,-23.65068334,0.0,0,0.0,0.0
1294,中信证券德阳庐山南路证券营业部,1,6.66666667,100.0,1,6.66666667,100.0,0,0.0,0.0,0,0.0,0.0,0,0.0,0.0
1295,中信证券鞍山胜利路证券营业部,1,0.59171598,100.0,1,5.24091293,100.0,1,4.48013525,100.0,1,-2.53592561,0.0,0,0.0,0.0
1296,中信证券杭州火炬大道证券营业部,1,3.26661106,100.0,1,9.99443981,100.0,1,18.08451487,100.0,1,57.07534056,100.0,1,45.14873506,100.0
1297,中信证券慈溪新城大道证券营业部,1,3.87491502,100.0,1,-4.55472468,0.0,1,-10.46906866,0.0,1,-15.56764106,0.0,1,-17.13120326,0.0
1298,中国银河证券中山火炬开发区德仲证券营业部,1,1.88679245,100.0,1,5.66037736,100.0,1,-5.03144654,0.0,1,5.66037736,100.0,0,0.0,0.0
1299,中国银河证券台州黄岩委羽街证券营业部,1,0.40650407,100.0,1,-4.42073171,0.0,1,-6.50406504,0.0,1,-5.28455285,0.0,1,-16.76829268,0.0
1300,中国银河证券上海青浦区徐民路证券营业部,1,3.45247766,100.0,1,-0.528026,0.0,1,4.95532088,100.0,1,-0.528026,0.0,0,0.0,0.0
1301,东海证券长沙潇湘南路证券营业部,1,2.58302583,100.0,1,1.47601476,100.0,1,1.10701107,100.0,1,-5.53505535,0.0,1,-15.86715867,0.0
1302,方正证券仙居穿城北路证券营业部,1,6.34547591,100.0,1,-0.11750881,0.0,0,0.0,0.0,0,0.0,0.0,0,0.0,0.0
1303,中国银河证券常熟珠江东路证券营业部,1,2.83018868,100.0,1,-1.88679245,0.0,1,-10.37735849,0.0,1,-16.03773585,0.0,1,-2.83018868,0.0
1304,浙商证券江西分公司,1,0.0,0.0,1,-3.35497835,0.0,1,-6.38528139,0.0,1,0.64935065,100.0,1,4.65367965,100.0
1305,兴业证券广州天河路证券营业部,1,-7.26643599,0.0,1,-3.46020761,0.0,1,-9.68858131,0.0,1,-3.69088812,0.0,1,4.95963091,100.0
1306,国信证券北京望京证券营业部,1,-6.52962515,0.0,1,-6.9528416,0.0,1,-11.24546554,0.0,1,-4.89721886,0.0,1,1.93470375,100.0
1307,国信证券台州分公司,1,-2.56410256,0.0,1,-5.12820513,0.0,1,-7.69230769,0.0,1,-7.69230769,0.0,0,0.0,0.0
1308,国信证券铜陵义安大道证券营业部,1,6.35678392,100.0,1,9.24623116,100.0,1,0.75376884,100.0,1,-2.36180905,0.0,1,-10.87939698,0.0
1309,金融街证券潮州熙泰大道证券营业部,1,0.0,0.0,1,0.0,0.0,1,0.0,0.0,1,0.0,0.0,1,-5.55555556,0.0
1310,粤开证券宁波分公司,1,2.52707581,100.0,1,2.25631769,100.0,1,0.27075812,100.0,1,5.59566787,100.0,0,0.0,0.0
1311,东方财富证券长春人民大街证券营业部,1,-2.54794521,0.0,1,-0.52054795,0.0,1,-10.46575342,0.0,1,-10.26027397,0.0,1,-22.32876712,0.0
1312,中信建投证券张家港人民中路证券营业部,1,5.83241048,100.0,1,4.72499077,100.0,1,7.05057217,100.0,1,25.72905131,100.0,1,29.47938428,100.0
1313,中信建投证券青岛分公司,1,2.23463687,100.0,1,12.45810056,100.0,1,22.06703911,100.0,1,13.18435754,100.0,1,13.12849162,100.0
1314,方正证券慈溪人和路证券营业部,1,4.50797141,100.0,1,0.10995052,100.0,1,6.26717977,100.0,1,9.84057174,100.0,0,0.0,0.0
1315,太平洋证券内蒙古分公司,1,0.0,0.0,1,0.0,0.0,1,0.0,0.0,1,-6.25,0.0,1,0.0,0.0
1316,广发证券广州增城广汇新世界证券营业部,1,-7.44985673,0.0,1,-12.03438395,0.0,1,-16.18911175,0.0,0,0.0,0.0,0,0.0,0.0
1317,光大证券上海浦东新区世纪大道证券营业部,1,-4.38357981,0.0,1,-10.44498972,0.0,1,-12.63346376,0.0,1,-6.29352079,0.0,1,-10.41183102,0.0
1318,中信建投证券东营东三路证券营业部,1,-2.63157895,0.0,0,0.0,0.0,0,0.0,0.0,0,0.0,0.0,0,0.0,0.0
1319,中泰证券北京安贞桥证券营业部,1,-5.48387097,0.0,1,-8.51612903,0.0,1,-11.12903226,0.0,1,-6.67741935,0.0,1,0.67741935,100.0
1320,招商证券广州番禺南华路证券营业部,1,-4.97118156,0.0,1,-9.72622478,0.0,1,-14.26512968,0.0,1,-22.62247839,0.0,1,-24.42363112,0.0
1321,东吴证券嘉兴槜李路证券营业部,1,-9.41332449,0.0,1,-5.80046404,0.0,0,0.0,0.0,0,0.0,0.0,0,0.0,0.0
1322,华泰证券南京分公司,1,-9.98030204,0.0,1,-18.97570584,0.0,0,0.0,0.0,0,0.0,0.0,0,0.0,0.0
1323,中泰证券江阴环城北路证券营业部,1,-10.0074129,0.0,0,0.0,0.0,0,0.0,0.0,0,0.0,0.0,0,0.0,0.0
1324,长城证券厦门湖滨南路证券营业部,1,1.99026979,100.0,1,2.60946484,100.0,1,3.62671384,100.0,1,4.46704998,100.0,1,0.92879257,100.0
1325,长城证券杭州钱江路证券营业部,1,4.92250043,100.0,1,-1.22636689,0.0,1,-1.20933401,0.0,1,-0.15329586,0.0,0,0.0,0.0
1326,财通证券嘉兴嘉善罗星街道证券营业部,1,-7.39030023,0.0,1,-6.12009238,0.0,0,0.0,0.0,0,0.0,0.0,0,0.0,0.0
1327,财通证券平湖城南东路证券营业部,1,-6.52122918,0.0,1,-10.15716631,0.0,1,-11.65845649,0.0,1,-12.7375088,0.0,1,-23.05887872,0.0
1328,西南证券无锡青山西路证券营业部,1,-2.17391304,0.0,1,-1.08695652,0.0,1,-1.08695652,0.0,1,3.87228261,100.0,1,-20.44836957,0.0
1329,西南证券德阳泰山南路证券营业部,1,-8.97959184,0.0,1,-12.71137026,0.0,1,-16.53061224,0.0,0,0.0,0.0,0,0.0,0.0
1330,西南证券重庆城口证券营业部,1,-4.83870968,0.0,1,-9.67741935,0.0,1,-5.37634409,0.0,1,-5.91397849,0.0,0,0.0,0.0
1331,西南证券重庆武隆证券营业部,1,3.96611475,100.0,1,4.15864459,100.0,1,1.42472083,100.0,1,-0.77011937,0.0,1,7.16211013,100.0
1332,国泰海通证券台州市府大道第一证券营业部,1,5.0,100.0,1,10.20833333,100.0,1,13.125,100.0,1,7.91666667,100.0,1,7.91666667,100.0
1333,国泰海通证券自贡南湖路证券营业部,1,-4.35351882,0.0,1,-1.35842881,0.0,1,1.3980226,100.0,1,9.22437482,100.0,1,13.17856956,100.0
1334,国泰海通证券扬州宝应白田路证券营业部,1,-4.25724638,0.0,1,-6.06884058,0.0,1,-9.7826087,0.0,1,-16.66666667,0.0,1,-14.58333333,0.0
1335,国泰海通证券宜春袁山东路证券营业部,1,-5.0,0.0,1,-3.0,0.0,1,0.0,0.0,1,-9.0,0.0,1,-6.0,0.0
1336,浙商证券上虞市民大道证券营业部,1,-1.64356436,0.0,1,-9.39273927,0.0,1,-18.08580858,0.0,1,-15.44554455,0.0,1,-9.5709571,0.0
1337,方正证券许昌七一路证券营业部,1,0.0,0.0,1,5.0,100.0,1,7.5,100.0,0,0.0,0.0,0,0.0,0.0
1338,国盛证券青岛分公司,1,-4.17981073,0.0,1,-0.07886435,0.0,1,-4.10094637,0.0,1,0.86750789,100.0,0,0.0,0.0
1339,国盛证券长春景阳大路证券营业部,1,0.0,0.0,1,6.66666667,100.0,1,6.66666667,100.0,0,0.0,0.0,0,0.0,0.0
1340,国信证券广州分公司,1,-10.01371742,0.0,1,-8.5048011,0.0,1,-15.77503429,0.0,1,-19.478738,0.0,1,-15.9122085,0.0
1341,华鑫证券河南分公司,1,3.39506173,100.0,1,2.93209877,100.0,1,-5.40123457,0.0,1,-5.86419753,0.0,0,0.0,0.0
1342,中银国际证券鞍山二一九路证券营业部,1,-3.53535354,0.0,1,1.34680135,100.0,1,6.3973064,100.0,1,9.93265993,100.0,1,22.39057239,100.0
1343,中银国际证券石家庄中华南大街证券营业部,1,-5.40752351,0.0,1,-7.44514107,0.0,1,-7.9153605,0.0,1,-7.99373041,0.0,1,-4.78056426,0.0
1344,中天证券杭州庆春路证券营业部,1,1.33440757,100.0,1,-8.85744499,0.0,1,-9.90986455,0.0,1,-13.69152525,0.0,1,-20.47937963,0.0
1345,中信建投证券北京宣武门外大街证券营业部,1,-20.0,0.0,1,-29.47368421,0.0,1,-30.52631579,0.0,1,-36.84210526,0.0,0,0.0,0.0
1346,中信建投证券慈溪三北西大街证券营业部,1,2.82755219,100.0,1,14.84464902,100.0,1,14.99260233,100.0,1,5.78661844,100.0,1,2.00558935,100.0
1347,世纪证券湖北分公司,1,-0.89258233,0.0,1,-5.60172361,0.0,1,-8.27947061,0.0,1,-23.94582949,0.0,1,-27.0236996,0.0
1348,世纪证券天津分公司,1,8.44250364,100.0,1,11.44468705,100.0,1,7.47452693,100.0,1,-10.90247453,0.0,0,0.0,0.0
1349,申万宏源证券上海闵行区莘松路证券营业部,1,-5.47945205,0.0,1,-12.04037491,0.0,1,-3.2444124,0.0,0,0.0,0.0,0,0.0,0.0
1350,东吴证券吴江震泽证券营业部,1,-10.0591716,0.0,1,-10.84812623,0.0,1,-1.97238659,0.0,1,7.10059172,100.0,1,4.33925049,100.0
1351,华林证券厦门分公司,1,9.95490808,100.0,1,-1.04058273,0.0,1,-10.92611863,0.0,1,0.69372182,100.0,0,0.0,0.0
1352,中信证券本溪东明路证券营业部,1,6.86098655,100.0,1,-9.10313901,0.0,1,-19.7309417,0.0,1,-29.12556054,0.0,1,-30.98654709,0.0
1353,太平洋证券深圳景田东路证券营业部,1,0.25806452,100.0,1,2.63225806,100.0,1,16.38709677,100.0,1,12.38709677,100.0,1,7.35483871,100.0
1354,国泰海通证券曲靖翠峰东路证券营业部,1,-7.06503797,0.0,1,-12.18223836,0.0,1,-19.5113899,0.0,1,-17.03532519,0.0,1,-2.93826345,0.0
1355,国泰海通证券北京金融街分公司,1,6.48711944,100.0,0,0.0,0.0,0,0.0,0.0,0,0.0,0.0,0,0.0,0.0
1356,国泰海通证券合肥潜山路证券营业部,1,-5.48665408,0.0,1,3.96333243,100.0,0,0.0,0.0,0,0.0,0.0,0,0.0,0.0
1357,华创证券上海第二分公司,1,10.08064516,100.0,1,14.70430108,100.0,1,-0.80645161,0.0,1,4.05913978,100.0,0,0.0,0.0
1358,华金证券广东省横琴粤澳深度合作区分公司,1,-15.37360435,0.0,1,-21.27111366,0.0,1,-20.44088176,0.0,0,0.0,0.0,0,0.0,0.0
1359,华林证券青岛分公司,1,-5.67484663,0.0,1,-6.44171779,0.0,1,-8.35889571,0.0,1,-14.68558282,0.0,1,-3.52760736,0.0
1360,中国中金财富证券金华光南路证券营业部,1,0.0,0.0,1,6.66666667,100.0,1,6.66666667,100.0,0,0.0,0.0,0,0.0,0.0
1361,东方财富证券湖北分公司,1,-4.94505495,0.0,1,0.0,0.0,1,4.94505495,100.0,1,6.04395604,100.0,1,3.84615385,100.0
1362,国信证券柳州潭中东路证券营业部,1,-4.7767564,0.0,0,0.0,0.0,0,0.0,0.0,0,0.0,0.0,0,0.0,0.0
1363,德邦证券上海福山路证券营业部,1,-1.37931034,0.0,1,0.38793103,100.0,1,-0.12931034,0.0,1,-2.62931034,0.0,1,-8.62068966,0.0
1364,浙商证券绍兴平江路证券营业部,1,4.83091787,100.0,1,10.14492754,100.0,1,8.21256039,100.0,1,8.21256039,100.0,0,0.0,0.0
1365,爱建证券深圳分公司,1,10.52631579,100.0,0,0.0,0.0,0,0.0,0.0,0,0.0,0.0,0,0.0,0.0
1366,华金证券珠海市分公司,1,4.94296578,100.0,1,10.2661597,100.0,1,15.96958175,100.0,1,27.75665399,100.0,1,19.77186312,100.0
1367,长城证券西北分公司,1,-7.41426561,0.0,1,-5.26627657,0.0,1,-6.68098659,0.0,0,0.0,0.0,0,0.0,0.0
1368,第一创业证券温州雪山路证券营业部,1,-2.95489891,0.0,1,1.78849145,100.0,1,12.00103681,100.0,1,13.03784344,100.0,1,6.42820114,100.0
1369,国信证券襄阳汉江路证券营业部,1,-16.36240703,0.0,1,-22.51521298,0.0,1,-22.04192022,0.0,1,-25.08451657,0.0,1,-28.66801893,0.0
1370,开源证券西安曲江池西路证券营业部,1,0.30832477,100.0,1,-4.31654676,0.0,1,-4.00822199,0.0,1,-5.75539568,0.0,1,-0.30832477,0.0
1371,浙商证券上海浦东杨高南路证券营业部,1,2.68650089,100.0,1,-1.62078153,0.0,1,5.86145648,100.0,1,-0.37744227,0.0,1,6.74955595,100.0
1372,中信证券(山东)临沂上海路证券营业部,1,-5.15222482,0.0,1,-4.44964871,0.0,1,-3.51288056,0.0,0,0.0,0.0,0,0.0,0.0
1373,中信证券(山东)烟台长江路证券营业部,1,3.85248149,100.0,1,2.14559912,100.0,1,-5.90211132,0.0,1,-12.94899918,0.0,1,15.64984919,100.0
1374,中信证券北京万柳证券营业部,1,3.04054054,100.0,1,3.04054054,100.0,1,-3.04054054,0.0,1,-4.05405405,0.0,0,0.0,0.0
1375,湘财证券北京北四环东路证券营业部,1,1.53409091,100.0,1,1.10795455,100.0,1,-2.41477273,0.0,1,-10.17045455,0.0,0,0.0,0.0
1376,浙商证券台州分公司,1,-0.33783784,0.0,1,6.75675676,100.0,1,5.74324324,100.0,1,3.5472973,100.0,0,0.0,0.0
1377,华鑫证券西安分公司,1,3.2688459,100.0,1,0.46697799,100.0,0,0.0,0.0,0,0.0,0.0,0,0.0,0.0
1378,金元证券上海分公司,1,3.58649789,100.0,1,13.92405063,100.0,1,15.18987342,100.0,1,-0.63291139,0.0,1,-9.28270042,0.0
1379,东莞证券东莞常平分公司,1,-0.729464,0.0,1,3.07643514,100.0,1,3.53631462,100.0,1,14.31969553,100.0,1,15.54075484,100.0
1380,东莞证券东莞分公司,1,-8.57142857,0.0,1,0.0,0.0,1,0.0,0.0,1,2.85714286,100.0,0,0.0,0.0
1381,国联民生证券上海分公司,1,1.82542317,100.0,0,0.0,0.0,0,0.0,0.0,0,0.0,0.0,0,0.0,0.0
1382,国投证券安徽分公司,1,4.99621499,100.0,1,10.21953066,100.0,1,15.74564724,100.0,1,18.54655564,100.0,1,7.79712339,100.0
1383,中信证券上海五角场证券营业部,1,-5.18731988,0.0,1,-9.79827089,0.0,0,0.0,0.0,0,0.0,0.0,0,0.0,0.0
1384,东方财富证券上海分公司,1,1.98119543,100.0,1,6.21222297,100.0,1,11.24916051,100.0,1,24.00940228,100.0,1,8.3948959,100.0
1385,方正证券马鞍山佳山路证券营业部,1,2.20994475,100.0,1,1.65745856,100.0,1,-5.52486188,0.0,0,0.0,0.0,0,0.0,0.0
1386,开源证券西安永城路证券营业部,1,7.34063104,100.0,1,-3.41274952,0.0,1,-12.62073406,0.0,1,-2.96200901,0.0,1,-12.49195106,0.0
1387,红塔证券深圳学府路证券营业部,1,-8.03059273,0.0,1,-10.7456979,0.0,1,-15.64053537,0.0,1,-13.95793499,0.0,1,-15.44933078,0.0
1388,招商证券西安未央证券营业部,1,-3.30788804,0.0,1,-10.43256997,0.0,1,-11.95928753,0.0,1,-11.19592875,0.0,0,0.0,0.0
1389,中国银河证券莆田幸福路证券营业部,1,0.0,0.0,1,-2.63157895,0.0,0,0.0,0.0,0,0.0,0.0,0,0.0,0.0
1390,中国银河证券如皋健康路证券营业部,1,-9.38446014,0.0,1,-17.15438951,0.0,1,-18.76892028,0.0,0,0.0,0.0,0,0.0,0.0
1391,金融街证券杭州婺江路证券营业部,1,6.48711944,100.0,0,0.0,0.0,0,0.0,0.0,0,0.0,0.0,0,0.0,0.0
1392,川财证券深圳分公司,1,5.08982036,100.0,1,2.69461078,100.0,1,-2.99401198,0.0,1,-0.5988024,0.0,0,0.0,0.0
1393,华源证券广东分公司,1,-8.58369099,0.0,1,0.57224607,100.0,1,1.00143062,100.0,0,0.0,0.0,0,0.0,0.0
1394,平安证券重庆分公司,1,6.66666667,100.0,1,0.0,0.0,1,-6.66666667,0.0,1,-6.66666667,0.0,0,0.0,0.0
1395,国信证券金华光南路证券营业部,1,0.0,0.0,1,6.66666667,100.0,1,0.0,0.0,1,-13.33333333,0.0,0,0.0,0.0
1396,财信证券合肥金寨路证券营业部,1,0.0,0.0,1,-3.7037037,0.0,1,0.0,0.0,0,0.0,0.0,0,0.0,0.0
1397,东方财富证券广州兴民路证券营业部,1,4.51142632,100.0,1,18.19345942,100.0,1,14.55870764,100.0,1,1.14263199,100.0,1,-2.77777778,0.0
1398,东北证券苏州分公司,1,-1.9389239,0.0,0,0.0,0.0,0,0.0,0.0,0,0.0,0.0,0,0.0,0.0
1399,华泰证券江阴周庄镇西大街证券营业部,1,-5.26315789,0.0,1,-9.94152047,0.0,1,-7.60233918,0.0,1,-12.28070175,0.0,1,-3.50877193,0.0
1400,联储证券上海松林路证券营业部,1,-0.77828054,0.0,1,-10.69683258,0.0,1,-16.99547511,0.0,1,-23.76470588,0.0,0,0.0,0.0
1401,华林证券深圳龙华证券营业部,1,-0.80470163,0.0,1,-4.95479204,0.0,1,-14.96383363,0.0,1,-14.08679928,0.0,0,0.0,0.0
1402,国盛证券德清曲园南路证券营业部,1,-3.46070656,0.0,1,-6.41672675,0.0,1,-7.4260995,0.0,1,-3.17231435,0.0,1,2.23503965,100.0
1403,中国中金财富证券湘潭双拥中路证券营业部,1,-4.15335463,0.0,1,-7.41227051,0.0,1,-8.46979936,0.0,1,-9.26834155,0.0,1,-21.2680566,0.0
1404,长江证券鹰潭交通路证券营业部,1,-0.7518797,0.0,1,-6.01503759,0.0,1,-6.55209452,0.0,0,0.0,0.0,0,0.0,0.0
1405,申万宏源证券宁波泰康中路证券营业部,1,0.86741016,100.0,1,-0.86741016,0.0,1,-1.48698885,0.0,0,0.0,0.0,0,0.0,0.0
1406,东方证券乌鲁木齐南湖路证券营业部,1,-10.05764262,0.0,1,-11.09620354,0.0,1,-5.88849135,0.0,1,-17.8095806,0.0,1,-23.1216458,0.0
1407,渤海证券杭州平澜路证券营业部,1,11.91159587,100.0,0,0.0,0.0,0,0.0,0.0,0,0.0,0.0,0,0.0,0.0
1408,东方财富证券昆明南屏街证券营业部,1,10.00211015,100.0,0,0.0,0.0,0,0.0,0.0,0,0.0,0.0,0,0.0,0.0
1409,中邮证券广东分公司,1,4.93325595,100.0,1,-1.24621216,0.0,1,-4.45365044,0.0,1,-8.22018347,0.0,0,0.0,0.0
1410,华源证券苏州分公司,1,0.0,0.0,1,7.10859137,100.0,1,6.84692543,100.0,1,2.35499346,100.0,1,7.93720017,100.0
1411,中航证券南昌九洲大街证券营业部,1,10.01821494,100.0,1,11.83970856,100.0,1,17.12204007,100.0,1,-5.10018215,0.0,0,0.0,0.0
1412,浙商证券宁波河清北路证券营业部,1,-3.8533483,0.0,0,0.0,0.0,0,0.0,0.0,0,0.0,0.0,0,0.0,0.0
1413,国泰海通证券深圳雅宝路证券营业部,1,-6.19047619,0.0,1,-9.04761905,0.0,1,-9.52380952,0.0,1,-5.71428571,0.0,1,-16.19047619,0.0
1414,中信建投证券襄阳檀溪路证券营业部,1,-9.01554404,0.0,1,-6.21761658,0.0,1,-15.54404145,0.0,1,16.16580311,100.0,1,13.36787565,100.0
1415,中信建投证券广州珠江新城证券营业部,1,-12.63392857,0.0,1,-21.11607143,0.0,1,-20.40178571,0.0,1,-19.80654762,0.0,1,-27.23214286,0.0
1416,金融街证券福州湖东路证券营业部,1,1.8,100.0,1,-0.66666667,0.0,1,-3.26666667,0.0,1,-2.46666667,0.0,1,6.0,100.0
1417,开源证券杭州婺江路证券营业部,1,-6.25,0.0,1,-6.25,0.0,1,-6.25,0.0,1,-6.25,0.0,0,0.0,0.0
1418,国泰海通证券南安成功街证券营业部,1,5.00939261,100.0,1,10.26925485,100.0,1,15.77958673,100.0,1,4.47714465,100.0,1,0.7827176,100.0
1419,国投证券福州长乐中路证券营业部,1,0.07692308,100.0,1,-9.92307692,0.0,1,-12.92307692,0.0,1,-14.92307692,0.0,1,-9.07692308,0.0
1420,爱建证券上海长宁区金钟路证券营业部,1,4.76190476,100.0,1,1.9047619,100.0,1,12.10884354,100.0,1,4.96598639,100.0,1,-3.06122449,0.0
1421,国泰海通证券南昌丰和中大道证券营业部,1,-6.06746931,0.0,1,-9.79854571,0.0,1,-3.55227083,0.0,1,6.46084158,100.0,1,13.19585171,100.0
1422,西南证券陕西分公司,1,-4.89443378,0.0,1,-2.39923225,0.0,1,-4.60652591,0.0,1,-6.42994242,0.0,1,1.63147793,100.0
1423,申万宏源证券广东分公司,1,0.74551682,100.0,1,5.3999597,100.0,1,-1.32984082,0.0,1,6.08502922,100.0,1,-17.22748338,0.0
1424,民生证券上海自贸试验区分公司,1,1.72413793,100.0,1,1.20317539,100.0,1,5.55693376,100.0,1,0.45894319,100.0,1,7.91366906,100.0
1425,开源证券上海分公司,1,5.08982036,100.0,1,2.69461078,100.0,1,-2.99401198,0.0,1,-0.5988024,0.0,0,0.0,0.0
1426,国泰海通证券岳阳南湖大道证券营业部,1,5.32244438,100.0,1,3.98479302,100.0,1,-1.43621515,0.0,1,-11.20811039,0.0,0,0.0,0.0
1427,国泰海通证券揭阳黄岐山大道证券营业部,1,-2.0979021,0.0,1,-4.1958042,0.0,1,-2.68065268,0.0,0,0.0,0.0,0,0.0,0.0
1428,东方财富证券江苏分公司,1,-2.28888889,0.0,1,-9.93888889,0.0,1,-12.06666667,0.0,1,-15.94444444,0.0,0,0.0,0.0
1429,长江证券昌吉北京南路证券营业部,1,-11.76470588,0.0,1,-5.88235294,0.0,1,-5.88235294,0.0,1,-5.88235294,0.0,1,-11.76470588,0.0
1430,国海证券深圳中心路证券营业部,1,-1.31147541,0.0,1,0.42622951,100.0,1,7.18032787,100.0,1,-7.19672131,0.0,0,0.0,0.0
1431,国元证券珠海九洲大道富华里证券营业部,1,-9.97255261,0.0,1,-5.30649588,0.0,1,-10.33851784,0.0,1,-2.01280878,0.0,1,-20.03659652,0.0
1432,国投证券上海四平路证券营业部,1,-2.87769784,0.0,1,-3.77697842,0.0,1,-8.63309353,0.0,1,5.39568345,100.0,1,5.39568345,100.0
1433,国泰海通证券义乌丹溪北路证券营业部,1,8.6379717,100.0,1,6.01415094,100.0,1,9.40448113,100.0,1,11.6745283,100.0,1,9.34551887,100.0
1434,长江证券天津分公司,1,-3.33048676,0.0,1,-2.22032451,0.0,1,-5.55081127,0.0,1,-1.45175064,0.0,1,5.12382579,100.0
1435,中航证券江西分公司,1,14.03841294,100.0,1,6.58958807,100.0,1,-13.44452868,0.0,0,0.0,0.0,0,0.0,0.0
1436,华福证券北京西单证券营业部,1,-7.61047463,0.0,1,-11.6202946,0.0,1,-9.24713584,0.0,1,-17.59410802,0.0,1,-28.47790507,0.0
1437,中信证券深圳后海证券营业部,1,-2.57352941,0.0,1,-5.26960784,0.0,1,-7.0874183,0.0,1,-12.60212418,0.0,1,-5.94362745,0.0
1438,中信证券吉林市吉林大街证券营业部,1,-9.97255261,0.0,1,-5.30649588,0.0,1,-10.33851784,0.0,1,-2.01280878,0.0,1,-20.03659652,0.0
1439,中信证券深圳深业上城证券营业部,1,-4.89817649,0.0,1,-6.44216691,0.0,1,-10.86117397,0.0,0,0.0,0.0,0,0.0,0.0
1440,东莞证券苏州聚茂街证券营业部,1,2.53718285,100.0,1,7.17410324,100.0,0,0.0,0.0,0,0.0,0.0,0,0.0,0.0
1441,中信证券宁波和义路证券营业部,1,-4.87012987,0.0,1,-9.74025974,0.0,1,-6.16883117,0.0,1,-15.25974026,0.0,1,-14.61038961,0.0
1442,中信证券路桥银座北街证券营业部,1,1.74927114,100.0,1,3.79008746,100.0,1,-0.87463557,0.0,1,2.04081633,100.0,1,11.37026239,100.0
1443,中信证券石家庄槐安东路证券营业部,1,-2.55591054,0.0,1,1.68872661,100.0,1,-8.4892743,0.0,1,-10.77133729,0.0,0,0.0,0.0
1444,兴业证券长汀卧龙路证券营业部,1,10.00507872,100.0,1,21.02590147,100.0,1,33.11325546,100.0,1,60.99542915,100.0,1,45.14982224,100.0
1445,华福证券上海浦东新区东方路证券营业部,1,-9.98354361,0.0,1,-14.6461876,0.0,1,-14.04278662,0.0,1,-15.63357104,0.0,1,-21.97483923,0.0
1446,招商证券深圳红荔西路证券营业部,1,3.45247766,100.0,1,-0.528026,0.0,1,4.95532088,100.0,1,-0.528026,0.0,0,0.0,0.0
1447,招商证券深圳福中一路证券营业部,1,4.46428571,100.0,1,12.76785714,100.0,1,6.16071429,100.0,1,-7.09821429,0.0,1,-17.23214286,0.0
1448,东北证券盐城腾飞路证券营业部,1,-5.86565752,0.0,1,-8.42005676,0.0,1,0.75685904,100.0,1,-3.02743614,0.0,1,-15.27909177,0.0
1449,国元证券杭州金鸡路证券营业部,1,-7.49606299,0.0,1,-13.16535433,0.0,1,-15.84251969,0.0,0,0.0,0.0,0,0.0,0.0
1450,东北证券通辽霍林河大街证券营业部,1,-4.07407407,0.0,1,-2.96296296,0.0,1,-4.81481481,0.0,1,-10.18518519,0.0,1,-4.62962963,0.0
1451,信达证券漳州新华东路证券营业部,1,-3.41463415,0.0,1,0.0,0.0,1,-2.56097561,0.0,1,-5.61267981,0.0,0,0.0,0.0
1452,兴业证券上海陆家嘴证券营业部,1,-1.40410959,0.0,1,-5.58219178,0.0,1,-11.18150685,0.0,1,-12.56849315,0.0,1,-9.62328767,0.0
1453,长江证券上海文诚路证券营业部,1,0.0,0.0,1,0.0,0.0,1,0.0,0.0,1,0.0,0.0,1,-6.66666667,0.0
1454,招商证券成都天府三街证券营业部,1,3.93374741,100.0,1,-1.24223602,0.0,1,3.72670807,100.0,1,2.07039337,100.0,1,11.18012422,100.0
1455,申港证券上海闵行区古北路证券营业部,1,9.96441345,100.0,1,20.99644198,100.0,1,19.21708254,100.0,1,31.7615666,100.0,1,79.09252772,100.0
1456,华林证券深圳泰然路证券营业部,1,2.15641173,100.0,1,10.86831512,100.0,0,0.0,0.0,0,0.0,0.0,0,0.0,0.0
1457,开源证券西安阎良人民路证券营业部,1,10.0,100.0,1,20.96085479,100.0,1,33.09608618,100.0,1,41.41459156,100.0,1,79.09252772,100.0
1458,国投证券深圳下梅林二街证券营业部,1,0.28328612,100.0,1,0.84985836,100.0,1,5.9490085,100.0,1,11.33144476,100.0,1,-9.34844193,0.0
1459,中国银河证券诸暨东旺路证券营业部,1,3.90558115,100.0,1,17.33050675,100.0,1,15.58155652,100.0,1,24.85221574,100.0,1,6.8286518,100.0
1460,财信证券东莞南城证券营业部,1,10.52631579,100.0,1,21.05263158,100.0,1,31.57894737,100.0,1,26.31578947,100.0,0,0.0,0.0
1461,华鑫证券泉州杏秀路证券营业部,1,-3.44603381,0.0,1,-6.95708713,0.0,1,-11.44343303,0.0,1,-22.43172952,0.0,1,-22.10663199,0.0
1462,兴业证券宁波分公司,1,-2.33236152,0.0,1,-3.41524365,0.0,1,-7.8300708,0.0,1,0.49979175,100.0,1,-2.2907122,0.0
1463,华林证券枣庄光明中路证券营业部,1,-7.3964497,0.0,1,-10.35502959,0.0,1,-5.62130178,0.0,1,-12.72189349,0.0,0,0.0,0.0
1464,华林证券淮安淮海东路证券营业部,1,-4.9382716,0.0,1,-9.87654321,0.0,1,-9.05349794,0.0,1,-13.58024691,0.0,1,-21.39917695,0.0
1465,国盛证券宁波天童南路证券营业部,1,-5.0,0.0,1,-1.16161616,0.0,1,-6.11111111,0.0,1,-11.56565657,0.0,1,2.17171717,100.0
1466,中国银河证券永康五洲路证券营业部,1,0.0,0.0,1,1.69491525,100.0,1,11.86440678,100.0,1,28.81355932,100.0,0,0.0,0.0
1467,中国银河证券泰安长城路证券营业部,1,4.44587629,100.0,1,-2.06185567,0.0,1,-3.15721649,0.0,1,-6.8943299,0.0,0,0.0,0.0
1468,华福证券常州惠国路证券营业部,1,0.06896552,100.0,1,4.03448276,100.0,1,1.20689655,100.0,1,-6.89655172,0.0,0,0.0,0.0
1469,国投证券广州珠江东路证券营业部,1,-4.98241501,0.0,1,-9.73036342,0.0,1,-14.24384525,0.0,1,-18.64009379,0.0,1,-37.04572098,0.0
1470,中国银河证券厦门自贸金融中心证券营业部,1,-4.97481108,0.0,1,-9.697733,0.0,1,-14.23173804,0.0,1,-19.39546599,0.0,1,-34.44584383,0.0
1471,国融证券南通世纪大道证券营业部,1,-20.07722008,0.0,1,-35.71428571,0.0,0,0.0,0.0,0,0.0,0.0,0,0.0,0.0
1472,国元证券淄博人民西路证券营业部,1,-2.7027027,0.0,1,-5.40540541,0.0,1,-2.7027027,0.0,0,0.0,0.0,0,0.0,0.0
1473,长江证券上海安远路证券营业部,1,-7.0195111,0.0,0,0.0,0.0,0,0.0,0.0,0,0.0,0.0,0,0.0,0.0
1474,东莞证券湖北分公司,1,-13.7299126,0.0,1,-13.09557372,0.0,1,-14.54750493,0.0,1,9.48689033,100.0,1,-23.89343107,0.0
1475,华福证券广州花城大道证券营业部,1,-7.14285714,0.0,1,0.0,0.0,1,10.71428571,100.0,1,32.14285714,100.0,1,35.71428571,100.0
1476,天风证券乌鲁木齐卫星路证券营业部,1,5.17241379,100.0,1,10.34482759,100.0,1,15.86206897,100.0,1,18.27586207,100.0,0,0.0,0.0
1477,中信建投证券金华宾虹路证券营业部,1,-5.0,0.0,1,-1.94029851,0.0,1,-1.56716418,0.0,1,-3.13432836,0.0,0,0.0,0.0
1478,国泰海通证券西安雁展路证券营业部,1,7.79395901,100.0,1,23.5167206,100.0,1,23.81337648,100.0,1,3.69471413,100.0,0,0.0,0.0
1479,国泰海通证券绵阳剑南路证券营业部,1,2.76106195,100.0,1,1.16814159,100.0,1,-6.19469027,0.0,1,9.0619469,100.0,0,0.0,0.0
1480,第一创业证券深圳金田路证券营业部,1,-0.46413502,0.0,1,-4.05063291,0.0,1,-2.76371308,0.0,1,-6.79324895,0.0,1,-16.4978903,0.0
1481,国泰海通证券河源越王大道证券营业部,1,0.0,0.0,1,5.71428571,100.0,1,2.85714286,100.0,1,-5.71428571,0.0,0,0.0,0.0
1482,国泰海通证券广州开创大道证券营业部,1,0.25806452,100.0,1,2.63225806,100.0,1,16.38709677,100.0,1,12.38709677,100.0,1,7.35483871,100.0
1483,华福证券杭州五星路证券营业部,1,-6.68523677,0.0,1,-0.66155989,0.0,1,6.44150418,100.0,1,-10.86350975,0.0,0,0.0,0.0
1484,国泰海通证券北京安贞门证券营业部,1,-10.02405774,0.0,1,-14.27425822,0.0,1,-13.4723336,0.0,1,-13.07137129,0.0,1,-9.38251804,0.0
1485,中山证券广州琶洲大道东证券营业部,1,0.07782101,100.0,1,5.05836576,100.0,1,-4.04669261,0.0,1,-3.9688716,0.0,0,0.0,0.0
1486,华福证券慈溪新城大道北路证券营业部,1,4.92250043,100.0,1,-1.22636689,0.0,1,-1.20933401,0.0,1,-0.15329586,0.0,0,0.0,0.0
1487,东海证券杭州江南大道证券营业部,1,9.97888068,100.0,1,20.96092925,100.0,1,33.05174234,100.0,0,0.0,0.0,0,0.0,0.0
1488,长城证券杭州民心路证券营业部,1,4.21511628,100.0,1,-2.90697674,0.0,1,1.30813953,100.0,0,0.0,0.0,0,0.0,0.0
1489,申港证券上海分公司,1,5.88235294,100.0,1,5.88235294,100.0,1,5.88235294,100.0,1,5.88235294,100.0,1,-5.88235294,0.0
1490,东方财富证券北京朝内大街证券营业部,1,-10.0,0.0,1,-12.94642857,0.0,1,-21.60714286,0.0,1,-30.08928571,0.0,1,-24.91071429,0.0
1491,华福证券南京胜太路证券营业部,1,-2.96296296,0.0,1,-2.22222222,0.0,1,-5.18518519,0.0,1,-4.44444444,0.0,1,-20.0,0.0
1492,粤开证券深圳深南大道证券营业部,1,-3.07486631,0.0,1,-4.84625668,0.0,1,2.49554367,100.0,0,0.0,0.0,0,0.0,0.0
1493,国投证券赤峰临潢大街证券营业部,1,3.04054054,100.0,1,3.04054054,100.0,1,-3.04054054,0.0,1,-4.05405405,0.0,0,0.0,0.0
1494,财通证券杭州环城北路证券营业部,1,-4.98241501,0.0,1,-9.73036342,0.0,1,-14.24384525,0.0,1,-18.64009379,0.0,1,-37.04572098,0.0
1495,国泰海通证券苏州南园北路证券营业部,1,5.79372197,100.0,1,20.27204783,100.0,1,23.16890882,100.0,1,19.50672646,100.0,1,2.89968595,100.0
1496,中信建投证券北京常惠路证券营业部,1,1.33440757,100.0,1,-8.85744499,0.0,1,-9.90986455,0.0,1,-13.69152525,0.0,1,-20.47937963,0.0
1497,国融证券绍兴中兴南路证券营业部,1,0.0,0.0,1,-10.01371742,0.0,1,-8.5048011,0.0,1,-17.00960219,0.0,1,-13.4430727,0.0
1498,中泰证券巨野县麒麟大道证券营业部,1,4.50797141,100.0,1,0.10995052,100.0,1,6.26717977,100.0,1,9.84057174,100.0,0,0.0,0.0
1499,国元证券深圳益田路证券营业部,1,5.00963391,100.0,1,2.31213873,100.0,1,-3.08285164,0.0,1,-1.15606936,0.0,0,0.0,0.0
1500,广发证券广州广州大道南证券营业部,1,4.8,100.0,1,10.4,100.0,1,12.0,100.0,1,11.2,100.0,0,0.0,0.0
1501,华福证券杭州江南大道证券营业部,1,-9.53962981,0.0,1,-17.46559089,0.0,1,-15.68580921,0.0,0,0.0,0.0,0,0.0,0.0
1502,中信建投证券深圳宝安海秀路证券营业部,1,-2.31092437,0.0,1,-2.62605042,0.0,1,-4.93697479,0.0,1,1.8907563,100.0,0,0.0,0.0
1503,东方财富证券北京分公司,1,-4.97354497,0.0,1,-9.73544974,0.0,1,-14.23280423,0.0,1,-22.59259259,0.0,1,-37.03703704,0.0
1504,信达证券四川分公司,1,3.7127703,100.0,1,3.75356997,100.0,1,10.48551612,100.0,1,11.09864383,100.0,1,5.90750043,100.0
1505,招商证券上海自贸试验区分公司,1,9.95145631,100.0,1,11.65048544,100.0,1,7.16019417,100.0,1,-2.42718447,0.0,1,-4.97572816,0.0
1506,联储证券深圳分公司,1,-4.91518051,0.0,1,-7.65550239,0.0,1,-10.13484124,0.0,1,-14.22357547,0.0,1,-11.7877338,0.0
1507,华福证券富阳江滨西大道证券营业部,1,6.48711944,100.0,0,0.0,0.0,0,0.0,0.0,0,0.0,0.0,0,0.0,0.0
1508,民生证券西安分公司,1,-9.97255261,0.0,1,-5.30649588,0.0,1,-10.33851784,0.0,1,-2.01280878,0.0,1,-20.03659652,0.0
1509,民生证券海口分公司,1,-6.92671734,0.0,1,-1.54883121,0.0,1,8.29628567,100.0,1,18.09837946,100.0,1,27.6351642,100.0
1510,华福证券重庆分公司,1,-1.9172553,0.0,1,-5.24722503,0.0,1,-3.8345106,0.0,1,4.23814329,100.0,1,-3.63269425,0.0
1511,国融证券浙江分公司,1,0.0,0.0,1,-10.01371742,0.0,1,-8.5048011,0.0,1,-17.00960219,0.0,1,-13.4430727,0.0
1512,天风证券江西分公司,1,4.16666667,100.0,1,9.72222222,100.0,1,10.41666667,100.0,1,10.41666667,100.0,1,31.94444444,100.0
1513,浙商证券金华分公司,1,4.76190476,100.0,1,1.9047619,100.0,1,12.10884354,100.0,1,4.96598639,100.0,1,-3.06122449,0.0
1514,东方证券洛阳开元大道证券营业部,1,-6.85618729,0.0,1,-2.84280936,0.0,1,11.53846154,100.0,1,6.02006689,100.0,1,-1.00334448,0.0
1515,东方证券广州广州大道中路证券营业部,1,1.57894737,100.0,0,0.0,0.0,0,0.0,0.0,0,0.0,0.0,0,0.0,0.0
1516,华鑫证券山东分公司,1,-8.09605489,0.0,1,-11.86963979,0.0,1,-14.95711835,0.0,1,-23.97941681,0.0,1,-20.19044351,0.0
1517,中泰证券武汉欢乐大道证券营业部,1,3.87536004,100.0,1,5.1060487,100.0,1,2.98507463,100.0,1,1.54490704,100.0,1,8.69337523,100.0
1518,华泰证券北京学院南路证券营业部,1,-4.89361702,0.0,1,-9.57446809,0.0,1,-6.59574468,0.0,1,-9.36170213,0.0,1,-6.80851064,0.0
1519,东方财富证券青岛香港中路证券营业部,1,-5.6,0.0,1,-6.93333333,0.0,1,-11.2,0.0,1,-11.73333333,0.0,1,-12.0,0.0
1520,申港证券湖南分公司,1,2.88461538,100.0,1,-3.84615385,0.0,1,-10.57692308,0.0,0,0.0,0.0,0,0.0,0.0
1521,东北证券台州中心大道证券营业部,1,6.86098655,100.0,1,-9.10313901,0.0,1,-19.7309417,0.0,1,-29.12556054,0.0,1,-30.98654709,0.0
1522,汇丰前海证券深圳前海证券营业部,1,-1.19313945,0.0,1,-8.00708427,0.0,1,-8.76273104,0.0,1,-5.9640418,0.0,1,4.57768764,100.0
1523,国投证券湖州仁皇山路证券营业部,1,-1.05527638,0.0,1,28.61809045,100.0,1,50.75376884,100.0,1,78.3919598,100.0,1,23.41708543,100.0
1524,国投证券广州新港东路证券营业部,1,0.47860769,100.0,1,3.71283539,100.0,1,2.11747643,100.0,1,-0.92820885,0.0,1,-6.7440174,0.0
1525,中邮证券上海分公司,1,10.01494768,100.0,1,7.62331839,100.0,1,8.81913303,100.0,1,5.45590433,100.0,1,-2.76532138,0.0
1526,国投证券上海虹口区杨树浦路证券营业部,1,-1.31147541,0.0,1,0.42622951,100.0,1,7.18032787,100.0,1,-7.19672131,0.0,0,0.0,0.0
1527,华西证券成都聚龙路证券营业部,1,0.90909091,100.0,1,2.38636364,100.0,1,1.93181818,100.0,1,3.97727273,100.0,0,0.0,0.0
1528,江海证券山西分公司,1,5.77326802,100.0,1,0.62981106,100.0,1,-5.94821554,0.0,1,-4.82855143,0.0,0,0.0,0.0
1529,中国银河证券深圳南山海岸城证券营业部,1,2.53358272,100.0,1,7.8047951,100.0,1,13.83268152,100.0,1,22.64070736,100.0,1,35.60618942,100.0
1530,兴业证券深圳益田路证券营业部,1,10.03215434,100.0,1,7.90996785,100.0,0,0.0,0.0,0,0.0,0.0,0,0.0,0.0
1531,招商证券上海虹口区东大名路证券营业部,1,-1.44046095,0.0,1,-4.16133163,0.0,1,-1.6709347,0.0,1,1.79257362,100.0,0,0.0,0.0
1532,财信证券深圳龙华和平路证券营业部,1,-3.54998695,0.0,1,9.60584704,100.0,1,4.67240929,100.0,1,17.98486035,100.0,1,9.57974419,100.0
