C:\Users\66353\AppData\Roaming\uv\python\cpython-3.12-windows-x86_64-none\python.exe: can't open file 'D:\\股票数据\\市场数据\\盘中实时管道.py': [Errno 2] No such file or directory
[09:14:04] 观察池=昨日涨停池 D:\股票数据\市场数据\20260813\zt_pool.csv (59只)
D:\股票数据\.venv312\Lib\site-packages\iFinDPy.pth
[09:14:24] iFinD login rc=-340
[09:14:24] iFinD 不可用, 仅腾讯降级(竞价轨迹可用但无 Level1 盘口)
[09:14:24] 连续段启动
Exception in thread Thread-1 (_readerthread):
Traceback (most recent call last):
  File "C:\Users\66353\AppData\Roaming\uv\python\cpython-3.12-windows-x86_64-none\Lib\threading.py", line 1075, in _bootstrap_inner
    self.run()
  File "C:\Users\66353\AppData\Roaming\uv\python\cpython-3.12-windows-x86_64-none\Lib\threading.py", line 1012, in run
    self._target(*self._args, **self._kwargs)
  File "C:\Users\66353\AppData\Roaming\uv\python\cpython-3.12-windows-x86_64-none\Lib\subprocess.py", line 1599, in _readerthread
    buffer.append(fh.read())
                  ^^^^^^^^^
  File "<frozen codecs>", line 322, in decode
UnicodeDecodeError: 'utf-8' codec can't decode byte 0xb1 in position 15: invalid start byte
[09:31:05] 腾讯实时异常: argument of type 'NoneType' is not iterable
[09:31:05] 取数失败 streak=1
Exception in thread Thread-3 (_readerthread):
Traceback (most recent call last):
  File "C:\Users\66353\AppData\Roaming\uv\python\cpython-3.12-windows-x86_64-none\Lib\threading.py", line 1075, in _bootstrap_inner
    self.run()
  File "C:\Users\66353\AppData\Roaming\uv\python\cpython-3.12-windows-x86_64-none\Lib\threading.py", line 1012, in run
    self._target(*self._args, **self._kwargs)
  File "C:\Users\66353\AppData\Roaming\uv\python\cpython-3.12-windows-x86_64-none\Lib\subprocess.py", line 1599, in _readerthread
    buffer.append(fh.read())
                  ^^^^^^^^^
  File "<frozen codecs>", line 322, in decode
UnicodeDecodeError: 'utf-8' codec can't decode byte 0xb1 in position 15: invalid start byte
[09:32:05] 腾讯实时异常: argument of type 'NoneType' is not iterable
[09:32:05] 取数失败 streak=2
Exception in thread Thread-5 (_readerthread):
Traceback (most recent call last):
  File "C:\Users\66353\AppData\Roaming\uv\python\cpython-3.12-windows-x86_64-none\Lib\threading.py", line 1075, in _bootstrap_inner
    self.run()
  File "C:\Users\66353\AppData\Roaming\uv\python\cpython-3.12-windows-x86_64-none\Lib\threading.py", line 1012, in run
    self._target(*self._args, **self._kwargs)
  File "C:\Users\66353\AppData\Roaming\uv\python\cpython-3.12-windows-x86_64-none\Lib\subprocess.py", line 1599, in _readerthread
    buffer.append(fh.read())
                  ^^^^^^^^^
  File "<frozen codecs>", line 322, in decode
UnicodeDecodeError: 'utf-8' codec can't decode byte 0xb1 in position 15: invalid start byte
[09:33:05] 腾讯实时异常: argument of type 'NoneType' is not iterable
[09:33:05] 取数失败 streak=3
Exception in thread Thread-7 (_readerthread):
Traceback (most recent call last):
  File "C:\Users\66353\AppData\Roaming\uv\python\cpython-3.12-windows-x86_64-none\Lib\threading.py", line 1075, in _bootstrap_inner
    self.run()
  File "C:\Users\66353\AppData\Roaming\uv\python\cpython-3.12-windows-x86_64-none\Lib\threading.py", line 1012, in run
    self._target(*self._args, **self._kwargs)
  File "C:\Users\66353\AppData\Roaming\uv\python\cpython-3.12-windows-x86_64-none\Lib\subprocess.py", line 1599, in _readerthread
    buffer.append(fh.read())
                  ^^^^^^^^^
  File "<frozen codecs>", line 322, in decode
UnicodeDecodeError: 'utf-8' codec can't decode byte 0xb1 in position 15: invalid start byte
[09:34:05] 腾讯实时异常: argument of type 'NoneType' is not iterable
[09:34:05] 取数失败 streak=4
Exception in thread Thread-9 (_readerthread):
Traceback (most recent call last):
  File "C:\Users\66353\AppData\Roaming\uv\python\cpython-3.12-windows-x86_64-none\Lib\threading.py", line 1075, in _bootstrap_inner
    self.run()
  File "C:\Users\66353\AppData\Roaming\uv\python\cpython-3.12-windows-x86_64-none\Lib\threading.py", line 1012, in run
    self._target(*self._args, **self._kwargs)
  File "C:\Users\66353\AppData\Roaming\uv\python\cpython-3.12-windows-x86_64-none\Lib\subprocess.py", line 1599, in _readerthread
    buffer.append(fh.read())
                  ^^^^^^^^^
  File "<frozen codecs>", line 322, in decode
UnicodeDecodeError: 'utf-8' codec can't decode byte 0xb1 in position 15: invalid start byte
[09:35:05] 腾讯实时异常: argument of type 'NoneType' is not iterable
[09:35:05] 取数失败 streak=5
Exception in thread Thread-11 (_readerthread):
Traceback (most recent call last):
  File "C:\Users\66353\AppData\Roaming\uv\python\cpython-3.12-windows-x86_64-none\Lib\threading.py", line 1075, in _bootstrap_inner
    self.run()
  File "C:\Users\66353\AppData\Roaming\uv\python\cpython-3.12-windows-x86_64-none\Lib\threading.py", line 1012, in run
    self._target(*self._args, **self._kwargs)
  File "C:\Users\66353\AppData\Roaming\uv\python\cpython-3.12-windows-x86_64-none\Lib\subprocess.py", line 1599, in _readerthread
    buffer.append(fh.read())
                  ^^^^^^^^^
  File "<frozen codecs>", line 322, in decode
UnicodeDecodeError: 'utf-8' codec can't decode byte 0xb1 in position 15: invalid start byte
[09:36:05] 腾讯实时异常: argument of type 'NoneType' is not iterable
[09:36:05] 取数失败 streak=6
Exception in thread Thread-13 (_readerthread):
Traceback (most recent call last):
  File "C:\Users\66353\AppData\Roaming\uv\python\cpython-3.12-windows-x86_64-none\Lib\threading.py", line 1075, in _bootstrap_inner
    self.run()
  File "C:\Users\66353\AppData\Roaming\uv\python\cpython-3.12-windows-x86_64-none\Lib\threading.py", line 1012, in run
    self._target(*self._args, **self._kwargs)
  File "C:\Users\66353\AppData\Roaming\uv\python\cpython-3.12-windows-x86_64-none\Lib\subprocess.py", line 1599, in _readerthread
    buffer.append(fh.read())
                  ^^^^^^^^^
  File "<frozen codecs>", line 322, in decode
UnicodeDecodeError: 'utf-8' codec can't decode byte 0xb1 in position 15: invalid start byte
[09:37:06] 腾讯实时异常: argument of type 'NoneType' is not iterable
[09:37:06] 取数失败 streak=7
Exception in thread Thread-15 (_readerthread):
Traceback (most recent call last):
  File "C:\Users\66353\AppData\Roaming\uv\python\cpython-3.12-windows-x86_64-none\Lib\threading.py", line 1075, in _bootstrap_inner
    self.run()
  File "C:\Users\66353\AppData\Roaming\uv\python\cpython-3.12-windows-x86_64-none\Lib\threading.py", line 1012, in run
    self._target(*self._args, **self._kwargs)
  File "C:\Users\66353\AppData\Roaming\uv\python\cpython-3.12-windows-x86_64-none\Lib\subprocess.py", line 1599, in _readerthread
    buffer.append(fh.read())
                  ^^^^^^^^^
  File "<frozen codecs>", line 322, in decode
UnicodeDecodeError: 'utf-8' codec can't decode byte 0xb1 in position 15: invalid start byte
[09:38:06] 腾讯实时异常: argument of type 'NoneType' is not iterable
[09:38:06] 取数失败 streak=8
Exception in thread Thread-17 (_readerthread):
Traceback (most recent call last):
  File "C:\Users\66353\AppData\Roaming\uv\python\cpython-3.12-windows-x86_64-none\Lib\threading.py", line 1075, in _bootstrap_inner
    self.run()
  File "C:\Users\66353\AppData\Roaming\uv\python\cpython-3.12-windows-x86_64-none\Lib\threading.py", line 1012, in run
    self._target(*self._args, **self._kwargs)
  File "C:\Users\66353\AppData\Roaming\uv\python\cpython-3.12-windows-x86_64-none\Lib\subprocess.py", line 1599, in _readerthread
    buffer.append(fh.read())
                  ^^^^^^^^^
  File "<frozen codecs>", line 322, in decode
UnicodeDecodeError: 'utf-8' codec can't decode byte 0xb1 in position 15: invalid start byte
[09:39:06] 腾讯实时异常: argument of type 'NoneType' is not iterable
[09:39:06] 取数失败 streak=9
Exception in thread Thread-19 (_readerthread):
Traceback (most recent call last):
  File "C:\Users\66353\AppData\Roaming\uv\python\cpython-3.12-windows-x86_64-none\Lib\threading.py", line 1075, in _bootstrap_inner
    self.run()
  File "C:\Users\66353\AppData\Roaming\uv\python\cpython-3.12-windows-x86_64-none\Lib\threading.py", line 1012, in run
    self._target(*self._args, **self._kwargs)
  File "C:\Users\66353\AppData\Roaming\uv\python\cpython-3.12-windows-x86_64-none\Lib\subprocess.py", line 1599, in _readerthread
    buffer.append(fh.read())
                  ^^^^^^^^^
  File "<frozen codecs>", line 322, in decode
UnicodeDecodeError: 'utf-8' codec can't decode byte 0xb1 in position 15: invalid start byte
[09:40:06] 腾讯实时异常: argument of type 'NoneType' is not iterable
[09:40:06] 取数失败 streak=10
Exception in thread Thread-21 (_readerthread):
Traceback (most recent call last):
  File "C:\Users\66353\AppData\Roaming\uv\python\cpython-3.12-windows-x86_64-none\Lib\threading.py", line 1075, in _bootstrap_inner
    self.run()
  File "C:\Users\66353\AppData\Roaming\uv\python\cpython-3.12-windows-x86_64-none\Lib\threading.py", line 1012, in run
    self._target(*self._args, **self._kwargs)
  File "C:\Users\66353\AppData\Roaming\uv\python\cpython-3.12-windows-x86_64-none\Lib\subprocess.py", line 1599, in _readerthread
    buffer.append(fh.read())
                  ^^^^^^^^^
  File "<frozen codecs>", line 322, in decode
UnicodeDecodeError: 'utf-8' codec can't decode byte 0xb1 in position 15: invalid start byte
[09:41:06] 腾讯实时异常: argument of type 'NoneType' is not iterable
[09:41:06] 取数失败 streak=11
Exception in thread Thread-23 (_readerthread):
Traceback (most recent call last):
  File "C:\Users\66353\AppData\Roaming\uv\python\cpython-3.12-windows-x86_64-none\Lib\threading.py", line 1075, in _bootstrap_inner
    self.run()
  File "C:\Users\66353\AppData\Roaming\uv\python\cpython-3.12-windows-x86_64-none\Lib\threading.py", line 1012, in run
    self._target(*self._args, **self._kwargs)
  File "C:\Users\66353\AppData\Roaming\uv\python\cpython-3.12-windows-x86_64-none\Lib\subprocess.py", line 1599, in _readerthread
    buffer.append(fh.read())
                  ^^^^^^^^^
  File "<frozen codecs>", line 322, in decode
UnicodeDecodeError: 'utf-8' codec can't decode byte 0xb1 in position 15: invalid start byte
[09:42:06] 腾讯实时异常: argument of type 'NoneType' is not iterable
[09:42:06] 取数失败 streak=12
Exception in thread Thread-25 (_readerthread):
Traceback (most recent call last):
  File "C:\Users\66353\AppData\Roaming\uv\python\cpython-3.12-windows-x86_64-none\Lib\threading.py", line 1075, in _bootstrap_inner
    self.run()
  File "C:\Users\66353\AppData\Roaming\uv\python\cpython-3.12-windows-x86_64-none\Lib\threading.py", line 1012, in run
    self._target(*self._args, **self._kwargs)
  File "C:\Users\66353\AppData\Roaming\uv\python\cpython-3.12-windows-x86_64-none\Lib\subprocess.py", line 1599, in _readerthread
    buffer.append(fh.read())
                  ^^^^^^^^^
  File "<frozen codecs>", line 322, in decode
UnicodeDecodeError: 'utf-8' codec can't decode byte 0xb1 in position 15: invalid start byte
[09:43:07] 腾讯实时异常: argument of type 'NoneType' is not iterable
[09:43:07] 取数失败 streak=13
Exception in thread Thread-27 (_readerthread):
Traceback (most recent call last):
  File "C:\Users\66353\AppData\Roaming\uv\python\cpython-3.12-windows-x86_64-none\Lib\threading.py", line 1075, in _bootstrap_inner
    self.run()
  File "C:\Users\66353\AppData\Roaming\uv\python\cpython-3.12-windows-x86_64-none\Lib\threading.py", line 1012, in run
    self._target(*self._args, **self._kwargs)
  File "C:\Users\66353\AppData\Roaming\uv\python\cpython-3.12-windows-x86_64-none\Lib\subprocess.py", line 1599, in _readerthread
    buffer.append(fh.read())
                  ^^^^^^^^^
  File "<frozen codecs>", line 322, in decode
UnicodeDecodeError: 'utf-8' codec can't decode byte 0xb1 in position 15: invalid start byte
[09:44:07] 腾讯实时异常: argument of type 'NoneType' is not iterable
[09:44:07] 取数失败 streak=14
Exception in thread Thread-29 (_readerthread):
Traceback (most recent call last):
  File "C:\Users\66353\AppData\Roaming\uv\python\cpython-3.12-windows-x86_64-none\Lib\threading.py", line 1075, in _bootstrap_inner
    self.run()
  File "C:\Users\66353\AppData\Roaming\uv\python\cpython-3.12-windows-x86_64-none\Lib\threading.py", line 1012, in run
    self._target(*self._args, **self._kwargs)
  File "C:\Users\66353\AppData\Roaming\uv\python\cpython-3.12-windows-x86_64-none\Lib\subprocess.py", line 1599, in _readerthread
    buffer.append(fh.read())
                  ^^^^^^^^^
  File "<frozen codecs>", line 322, in decode
UnicodeDecodeError: 'utf-8' codec can't decode byte 0xb1 in position 15: invalid start byte
[09:45:07] 腾讯实时异常: argument of type 'NoneType' is not iterable
[09:45:07] 取数失败 streak=15
Exception in thread Thread-31 (_readerthread):
Traceback (most recent call last):
  File "C:\Users\66353\AppData\Roaming\uv\python\cpython-3.12-windows-x86_64-none\Lib\threading.py", line 1075, in _bootstrap_inner
    self.run()
  File "C:\Users\66353\AppData\Roaming\uv\python\cpython-3.12-windows-x86_64-none\Lib\threading.py", line 1012, in run
    self._target(*self._args, **self._kwargs)
  File "C:\Users\66353\AppData\Roaming\uv\python\cpython-3.12-windows-x86_64-none\Lib\subprocess.py", line 1599, in _readerthread
    buffer.append(fh.read())
                  ^^^^^^^^^
  File "<frozen codecs>", line 322, in decode
UnicodeDecodeError: 'utf-8' codec can't decode byte 0xb1 in position 15: invalid start byte
[09:46:07] 腾讯实时异常: argument of type 'NoneType' is not iterable
[09:46:07] 取数失败 streak=16
Exception in thread Thread-33 (_readerthread):
Traceback (most recent call last):
  File "C:\Users\66353\AppData\Roaming\uv\python\cpython-3.12-windows-x86_64-none\Lib\threading.py", line 1075, in _bootstrap_inner
    self.run()
  File "C:\Users\66353\AppData\Roaming\uv\python\cpython-3.12-windows-x86_64-none\Lib\threading.py", line 1012, in run
    self._target(*self._args, **self._kwargs)
  File "C:\Users\66353\AppData\Roaming\uv\python\cpython-3.12-windows-x86_64-none\Lib\subprocess.py", line 1599, in _readerthread
    buffer.append(fh.read())
                  ^^^^^^^^^
  File "<frozen codecs>", line 322, in decode
UnicodeDecodeError: 'utf-8' codec can't decode byte 0xb1 in position 15: invalid start byte
[09:47:07] 腾讯实时异常: argument of type 'NoneType' is not iterable
[09:47:07] 取数失败 streak=17
Exception in thread Thread-35 (_readerthread):
Traceback (most recent call last):
  File "C:\Users\66353\AppData\Roaming\uv\python\cpython-3.12-windows-x86_64-none\Lib\threading.py", line 1075, in _bootstrap_inner
    self.run()
  File "C:\Users\66353\AppData\Roaming\uv\python\cpython-3.12-windows-x86_64-none\Lib\threading.py", line 1012, in run
    self._target(*self._args, **self._kwargs)
  File "C:\Users\66353\AppData\Roaming\uv\python\cpython-3.12-windows-x86_64-none\Lib\subprocess.py", line 1599, in _readerthread
    buffer.append(fh.read())
                  ^^^^^^^^^
  File "<frozen codecs>", line 322, in decode
UnicodeDecodeError: 'utf-8' codec can't decode byte 0xb1 in position 15: invalid start byte
[09:48:07] 腾讯实时异常: argument of type 'NoneType' is not iterable
[09:48:07] 取数失败 streak=18
Exception in thread Thread-37 (_readerthread):
Traceback (most recent call last):
  File "C:\Users\66353\AppData\Roaming\uv\python\cpython-3.12-windows-x86_64-none\Lib\threading.py", line 1075, in _bootstrap_inner
    self.run()
  File "C:\Users\66353\AppData\Roaming\uv\python\cpython-3.12-windows-x86_64-none\Lib\threading.py", line 1012, in run
    self._target(*self._args, **self._kwargs)
  File "C:\Users\66353\AppData\Roaming\uv\python\cpython-3.12-windows-x86_64-none\Lib\subprocess.py", line 1599, in _readerthread
    buffer.append(fh.read())
                  ^^^^^^^^^
  File "<frozen codecs>", line 322, in decode
UnicodeDecodeError: 'utf-8' codec can't decode byte 0xb1 in position 15: invalid start byte
[09:49:08] 腾讯实时异常: argument of type 'NoneType' is not iterable
[09:49:08] 取数失败 streak=19
Exception in thread Thread-39 (_readerthread):
Traceback (most recent call last):
  File "C:\Users\66353\AppData\Roaming\uv\python\cpython-3.12-windows-x86_64-none\Lib\threading.py", line 1075, in _bootstrap_inner
    self.run()
  File "C:\Users\66353\AppData\Roaming\uv\python\cpython-3.12-windows-x86_64-none\Lib\threading.py", line 1012, in run
    self._target(*self._args, **self._kwargs)
  File "C:\Users\66353\AppData\Roaming\uv\python\cpython-3.12-windows-x86_64-none\Lib\subprocess.py", line 1599, in _readerthread
    buffer.append(fh.read())
                  ^^^^^^^^^
  File "<frozen codecs>", line 322, in decode
UnicodeDecodeError: 'utf-8' codec can't decode byte 0xb1 in position 15: invalid start byte
[09:50:08] 腾讯实时异常: argument of type 'NoneType' is not iterable
[09:50:08] 取数失败 streak=20
Exception in thread Thread-41 (_readerthread):
Traceback (most recent call last):
  File "C:\Users\66353\AppData\Roaming\uv\python\cpython-3.12-windows-x86_64-none\Lib\threading.py", line 1075, in _bootstrap_inner
    self.run()
  File "C:\Users\66353\AppData\Roaming\uv\python\cpython-3.12-windows-x86_64-none\Lib\threading.py", line 1012, in run
    self._target(*self._args, **self._kwargs)
  File "C:\Users\66353\AppData\Roaming\uv\python\cpython-3.12-windows-x86_64-none\Lib\subprocess.py", line 1599, in _readerthread
    buffer.append(fh.read())
                  ^^^^^^^^^
  File "<frozen codecs>", line 322, in decode
UnicodeDecodeError: 'utf-8' codec can't decode byte 0xb1 in position 15: invalid start byte
[09:51:08] 腾讯实时异常: argument of type 'NoneType' is not iterable
[09:51:08] 取数失败 streak=21
Exception in thread Thread-43 (_readerthread):
Traceback (most recent call last):
  File "C:\Users\66353\AppData\Roaming\uv\python\cpython-3.12-windows-x86_64-none\Lib\threading.py", line 1075, in _bootstrap_inner
    self.run()
  File "C:\Users\66353\AppData\Roaming\uv\python\cpython-3.12-windows-x86_64-none\Lib\threading.py", line 1012, in run
    self._target(*self._args, **self._kwargs)
  File "C:\Users\66353\AppData\Roaming\uv\python\cpython-3.12-windows-x86_64-none\Lib\subprocess.py", line 1599, in _readerthread
    buffer.append(fh.read())
                  ^^^^^^^^^
  File "<frozen codecs>", line 322, in decode
UnicodeDecodeError: 'utf-8' codec can't decode byte 0xb1 in position 15: invalid start byte
[09:52:08] 腾讯实时异常: argument of type 'NoneType' is not iterable
[09:52:08] 取数失败 streak=22
Exception in thread Thread-45 (_readerthread):
Traceback (most recent call last):
  File "C:\Users\66353\AppData\Roaming\uv\python\cpython-3.12-windows-x86_64-none\Lib\threading.py", line 1075, in _bootstrap_inner
    self.run()
  File "C:\Users\66353\AppData\Roaming\uv\python\cpython-3.12-windows-x86_64-none\Lib\threading.py", line 1012, in run
    self._target(*self._args, **self._kwargs)
  File "C:\Users\66353\AppData\Roaming\uv\python\cpython-3.12-windows-x86_64-none\Lib\subprocess.py", line 1599, in _readerthread
    buffer.append(fh.read())
                  ^^^^^^^^^
  File "<frozen codecs>", line 322, in decode
UnicodeDecodeError: 'utf-8' codec can't decode byte 0xb1 in position 15: invalid start byte
[09:53:08] 腾讯实时异常: argument of type 'NoneType' is not iterable
[09:53:08] 取数失败 streak=23
Exception in thread Thread-47 (_readerthread):
Traceback (most recent call last):
  File "C:\Users\66353\AppData\Roaming\uv\python\cpython-3.12-windows-x86_64-none\Lib\threading.py", line 1075, in _bootstrap_inner
    self.run()
  File "C:\Users\66353\AppData\Roaming\uv\python\cpython-3.12-windows-x86_64-none\Lib\threading.py", line 1012, in run
    self._target(*self._args, **self._kwargs)
  File "C:\Users\66353\AppData\Roaming\uv\python\cpython-3.12-windows-x86_64-none\Lib\subprocess.py", line 1599, in _readerthread
    buffer.append(fh.read())
                  ^^^^^^^^^
  File "<frozen codecs>", line 322, in decode
UnicodeDecodeError: 'utf-8' codec can't decode byte 0xb1 in position 15: invalid start byte
[09:54:08] 腾讯实时异常: argument of type 'NoneType' is not iterable
[09:54:08] 取数失败 streak=24
Exception in thread Thread-49 (_readerthread):
Traceback (most recent call last):
  File "C:\Users\66353\AppData\Roaming\uv\python\cpython-3.12-windows-x86_64-none\Lib\threading.py", line 1075, in _bootstrap_inner
    self.run()
  File "C:\Users\66353\AppData\Roaming\uv\python\cpython-3.12-windows-x86_64-none\Lib\threading.py", line 1012, in run
    self._target(*self._args, **self._kwargs)
  File "C:\Users\66353\AppData\Roaming\uv\python\cpython-3.12-windows-x86_64-none\Lib\subprocess.py", line 1599, in _readerthread
    buffer.append(fh.read())
                  ^^^^^^^^^
  File "<frozen codecs>", line 322, in decode
UnicodeDecodeError: 'utf-8' codec can't decode byte 0xb1 in position 15: invalid start byte
[09:55:09] 腾讯实时异常: argument of type 'NoneType' is not iterable
[09:55:09] 取数失败 streak=25
Exception in thread Thread-51 (_readerthread):
Traceback (most recent call last):
  File "C:\Users\66353\AppData\Roaming\uv\python\cpython-3.12-windows-x86_64-none\Lib\threading.py", line 1075, in _bootstrap_inner
    self.run()
  File "C:\Users\66353\AppData\Roaming\uv\python\cpython-3.12-windows-x86_64-none\Lib\threading.py", line 1012, in run
    self._target(*self._args, **self._kwargs)
  File "C:\Users\66353\AppData\Roaming\uv\python\cpython-3.12-windows-x86_64-none\Lib\subprocess.py", line 1599, in _readerthread
    buffer.append(fh.read())
                  ^^^^^^^^^
  File "<frozen codecs>", line 322, in decode
UnicodeDecodeError: 'utf-8' codec can't decode byte 0xb1 in position 15: invalid start byte
[09:56:09] 腾讯实时异常: argument of type 'NoneType' is not iterable
[09:56:09] 取数失败 streak=26
Exception in thread Thread-53 (_readerthread):
Traceback (most recent call last):
  File "C:\Users\66353\AppData\Roaming\uv\python\cpython-3.12-windows-x86_64-none\Lib\threading.py", line 1075, in _bootstrap_inner
    self.run()
  File "C:\Users\66353\AppData\Roaming\uv\python\cpython-3.12-windows-x86_64-none\Lib\threading.py", line 1012, in run
    self._target(*self._args, **self._kwargs)
  File "C:\Users\66353\AppData\Roaming\uv\python\cpython-3.12-windows-x86_64-none\Lib\subprocess.py", line 1599, in _readerthread
    buffer.append(fh.read())
                  ^^^^^^^^^
  File "<frozen codecs>", line 322, in decode
UnicodeDecodeError: 'utf-8' codec can't decode byte 0xb1 in position 15: invalid start byte
[09:57:09] 腾讯实时异常: argument of type 'NoneType' is not iterable
[09:57:09] 取数失败 streak=27
Exception in thread Thread-55 (_readerthread):
Traceback (most recent call last):
  File "C:\Users\66353\AppData\Roaming\uv\python\cpython-3.12-windows-x86_64-none\Lib\threading.py", line 1075, in _bootstrap_inner
    self.run()
  File "C:\Users\66353\AppData\Roaming\uv\python\cpython-3.12-windows-x86_64-none\Lib\threading.py", line 1012, in run
    self._target(*self._args, **self._kwargs)
  File "C:\Users\66353\AppData\Roaming\uv\python\cpython-3.12-windows-x86_64-none\Lib\subprocess.py", line 1599, in _readerthread
    buffer.append(fh.read())
                  ^^^^^^^^^
  File "<frozen codecs>", line 322, in decode
UnicodeDecodeError: 'utf-8' codec can't decode byte 0xb1 in position 15: invalid start byte
[09:58:09] 腾讯实时异常: argument of type 'NoneType' is not iterable
[09:58:09] 取数失败 streak=28
Exception in thread Thread-57 (_readerthread):
Traceback (most recent call last):
  File "C:\Users\66353\AppData\Roaming\uv\python\cpython-3.12-windows-x86_64-none\Lib\threading.py", line 1075, in _bootstrap_inner
    self.run()
  File "C:\Users\66353\AppData\Roaming\uv\python\cpython-3.12-windows-x86_64-none\Lib\threading.py", line 1012, in run
    self._target(*self._args, **self._kwargs)
  File "C:\Users\66353\AppData\Roaming\uv\python\cpython-3.12-windows-x86_64-none\Lib\subprocess.py", line 1599, in _readerthread
    buffer.append(fh.read())
                  ^^^^^^^^^
  File "<frozen codecs>", line 322, in decode
UnicodeDecodeError: 'utf-8' codec can't decode byte 0xb1 in position 15: invalid start byte
[09:59:09] 腾讯实时异常: argument of type 'NoneType' is not iterable
[09:59:09] 取数失败 streak=29
Exception in thread Thread-59 (_readerthread):
Traceback (most recent call last):
  File "C:\Users\66353\AppData\Roaming\uv\python\cpython-3.12-windows-x86_64-none\Lib\threading.py", line 1075, in _bootstrap_inner
    self.run()
  File "C:\Users\66353\AppData\Roaming\uv\python\cpython-3.12-windows-x86_64-none\Lib\threading.py", line 1012, in run
    self._target(*self._args, **self._kwargs)
  File "C:\Users\66353\AppData\Roaming\uv\python\cpython-3.12-windows-x86_64-none\Lib\subprocess.py", line 1599, in _readerthread
    buffer.append(fh.read())
                  ^^^^^^^^^
  File "<frozen codecs>", line 322, in decode
UnicodeDecodeError: 'utf-8' codec can't decode byte 0xb1 in position 15: invalid start byte
[10:00:09] 腾讯实时异常: argument of type 'NoneType' is not iterable
[10:00:09] 取数失败 streak=30
[10:00:09] 连续30分钟全源失败, 报警退出
[09:14:16] 观察池=昨日涨停池 D:\股票数据\市场数据\20260814\zt_pool.csv (64只)
D:\股票数据\.venv312\Lib\site-packages\iFinDPy.pth
[09:14:19] iFinD login rc=0
[09:14:19] 连续段启动
[09:31:09] iFinD 实时 errorcode=-1010
Exception in thread Thread-1 (_readerthread):
Traceback (most recent call last):
  File "C:\Users\66353\AppData\Roaming\uv\python\cpython-3.12-windows-x86_64-none\Lib\threading.py", line 1075, in _bootstrap_inner
    self.run()
  File "C:\Users\66353\AppData\Roaming\uv\python\cpython-3.12-windows-x86_64-none\Lib\threading.py", line 1012, in run
    self._target(*self._args, **self._kwargs)
  File "C:\Users\66353\AppData\Roaming\uv\python\cpython-3.12-windows-x86_64-none\Lib\subprocess.py", line 1599, in _readerthread
    buffer.append(fh.read())
                  ^^^^^^^^^
  File "<frozen codecs>", line 322, in decode
UnicodeDecodeError: 'utf-8' codec can't decode byte 0xc0 in position 15: invalid start byte
[09:31:10] 腾讯实时异常: argument of type 'NoneType' is not iterable
[09:31:10] 取数失败 streak=1
[09:32:10] iFinD 实时 errorcode=-1010
Exception in thread Thread-3 (_readerthread):
Traceback (most recent call last):
  File "C:\Users\66353\AppData\Roaming\uv\python\cpython-3.12-windows-x86_64-none\Lib\threading.py", line 1075, in _bootstrap_inner
    self.run()
  File "C:\Users\66353\AppData\Roaming\uv\python\cpython-3.12-windows-x86_64-none\Lib\threading.py", line 1012, in run
    self._target(*self._args, **self._kwargs)
  File "C:\Users\66353\AppData\Roaming\uv\python\cpython-3.12-windows-x86_64-none\Lib\subprocess.py", line 1599, in _readerthread
    buffer.append(fh.read())
                  ^^^^^^^^^
  File "<frozen codecs>", line 322, in decode
UnicodeDecodeError: 'utf-8' codec can't decode byte 0xc0 in position 15: invalid start byte
[09:32:10] 腾讯实时异常: argument of type 'NoneType' is not iterable
[09:32:10] 取数失败 streak=2
[09:33:10] iFinD 实时 errorcode=-1010
Exception in thread Thread-5 (_readerthread):
Traceback (most recent call last):
  File "C:\Users\66353\AppData\Roaming\uv\python\cpython-3.12-windows-x86_64-none\Lib\threading.py", line 1075, in _bootstrap_inner
    self.run()
  File "C:\Users\66353\AppData\Roaming\uv\python\cpython-3.12-windows-x86_64-none\Lib\threading.py", line 1012, in run
    self._target(*self._args, **self._kwargs)
  File "C:\Users\66353\AppData\Roaming\uv\python\cpython-3.12-windows-x86_64-none\Lib\subprocess.py", line 1599, in _readerthread
    buffer.append(fh.read())
                  ^^^^^^^^^
  File "<frozen codecs>", line 322, in decode
UnicodeDecodeError: 'utf-8' codec can't decode byte 0xc0 in position 15: invalid start byte
[09:33:10] 腾讯实时异常: argument of type 'NoneType' is not iterable
[09:33:10] 取数失败 streak=3
[09:34:10] iFinD 实时 errorcode=-1010
Exception in thread Thread-7 (_readerthread):
Traceback (most recent call last):
  File "C:\Users\66353\AppData\Roaming\uv\python\cpython-3.12-windows-x86_64-none\Lib\threading.py", line 1075, in _bootstrap_inner
    self.run()
  File "C:\Users\66353\AppData\Roaming\uv\python\cpython-3.12-windows-x86_64-none\Lib\threading.py", line 1012, in run
    self._target(*self._args, **self._kwargs)
  File "C:\Users\66353\AppData\Roaming\uv\python\cpython-3.12-windows-x86_64-none\Lib\subprocess.py", line 1599, in _readerthread
    buffer.append(fh.read())
                  ^^^^^^^^^
  File "<frozen codecs>", line 322, in decode
UnicodeDecodeError: 'utf-8' codec can't decode byte 0xc0 in position 15: invalid start byte
[09:34:10] 腾讯实时异常: argument of type 'NoneType' is not iterable
[09:34:10] 取数失败 streak=4
[09:35:11] iFinD 实时 errorcode=-1010
Exception in thread Thread-9 (_readerthread):
Traceback (most recent call last):
  File "C:\Users\66353\AppData\Roaming\uv\python\cpython-3.12-windows-x86_64-none\Lib\threading.py", line 1075, in _bootstrap_inner
    self.run()
  File "C:\Users\66353\AppData\Roaming\uv\python\cpython-3.12-windows-x86_64-none\Lib\threading.py", line 1012, in run
    self._target(*self._args, **self._kwargs)
  File "C:\Users\66353\AppData\Roaming\uv\python\cpython-3.12-windows-x86_64-none\Lib\subprocess.py", line 1599, in _readerthread
    buffer.append(fh.read())
                  ^^^^^^^^^
  File "<frozen codecs>", line 322, in decode
UnicodeDecodeError: 'utf-8' codec can't decode byte 0xc0 in position 15: invalid start byte
[09:35:11] 腾讯实时异常: argument of type 'NoneType' is not iterable
[09:35:11] 取数失败 streak=5
[09:36:11] iFinD 实时 errorcode=-1010
Exception in thread Thread-11 (_readerthread):
Traceback (most recent call last):
  File "C:\Users\66353\AppData\Roaming\uv\python\cpython-3.12-windows-x86_64-none\Lib\threading.py", line 1075, in _bootstrap_inner
    self.run()
  File "C:\Users\66353\AppData\Roaming\uv\python\cpython-3.12-windows-x86_64-none\Lib\threading.py", line 1012, in run
    self._target(*self._args, **self._kwargs)
  File "C:\Users\66353\AppData\Roaming\uv\python\cpython-3.12-windows-x86_64-none\Lib\subprocess.py", line 1599, in _readerthread
    buffer.append(fh.read())
                  ^^^^^^^^^
  File "<frozen codecs>", line 322, in decode
UnicodeDecodeError: 'utf-8' codec can't decode byte 0xc0 in position 15: invalid start byte
[09:36:11] 腾讯实时异常: argument of type 'NoneType' is not iterable
[09:36:11] 取数失败 streak=6
[09:37:11] iFinD 实时 errorcode=-1010
Exception in thread Thread-13 (_readerthread):
Traceback (most recent call last):
  File "C:\Users\66353\AppData\Roaming\uv\python\cpython-3.12-windows-x86_64-none\Lib\threading.py", line 1075, in _bootstrap_inner
    self.run()
  File "C:\Users\66353\AppData\Roaming\uv\python\cpython-3.12-windows-x86_64-none\Lib\threading.py", line 1012, in run
    self._target(*self._args, **self._kwargs)
  File "C:\Users\66353\AppData\Roaming\uv\python\cpython-3.12-windows-x86_64-none\Lib\subprocess.py", line 1599, in _readerthread
    buffer.append(fh.read())
                  ^^^^^^^^^
  File "<frozen codecs>", line 322, in decode
UnicodeDecodeError: 'utf-8' codec can't decode byte 0xc0 in position 15: invalid start byte
[09:37:11] 腾讯实时异常: argument of type 'NoneType' is not iterable
[09:37:11] 取数失败 streak=7
[09:38:12] iFinD 实时 errorcode=-1010
Exception in thread Thread-15 (_readerthread):
Traceback (most recent call last):
  File "C:\Users\66353\AppData\Roaming\uv\python\cpython-3.12-windows-x86_64-none\Lib\threading.py", line 1075, in _bootstrap_inner
    self.run()
  File "C:\Users\66353\AppData\Roaming\uv\python\cpython-3.12-windows-x86_64-none\Lib\threading.py", line 1012, in run
    self._target(*self._args, **self._kwargs)
  File "C:\Users\66353\AppData\Roaming\uv\python\cpython-3.12-windows-x86_64-none\Lib\subprocess.py", line 1599, in _readerthread
    buffer.append(fh.read())
                  ^^^^^^^^^
  File "<frozen codecs>", line 322, in decode
UnicodeDecodeError: 'utf-8' codec can't decode byte 0xc0 in position 15: invalid start byte
[09:38:12] 腾讯实时异常: argument of type 'NoneType' is not iterable
[09:38:12] 取数失败 streak=8
[09:39:12] iFinD 实时 errorcode=-1010
Exception in thread Thread-17 (_readerthread):
Traceback (most recent call last):
  File "C:\Users\66353\AppData\Roaming\uv\python\cpython-3.12-windows-x86_64-none\Lib\threading.py", line 1075, in _bootstrap_inner
    self.run()
  File "C:\Users\66353\AppData\Roaming\uv\python\cpython-3.12-windows-x86_64-none\Lib\threading.py", line 1012, in run
    self._target(*self._args, **self._kwargs)
  File "C:\Users\66353\AppData\Roaming\uv\python\cpython-3.12-windows-x86_64-none\Lib\subprocess.py", line 1599, in _readerthread
    buffer.append(fh.read())
                  ^^^^^^^^^
  File "<frozen codecs>", line 322, in decode
UnicodeDecodeError: 'utf-8' codec can't decode byte 0xc0 in position 15: invalid start byte
[09:39:12] 腾讯实时异常: argument of type 'NoneType' is not iterable
[09:39:12] 取数失败 streak=9
[09:40:12] iFinD 实时 errorcode=-1010
Exception in thread Thread-19 (_readerthread):
Traceback (most recent call last):
  File "C:\Users\66353\AppData\Roaming\uv\python\cpython-3.12-windows-x86_64-none\Lib\threading.py", line 1075, in _bootstrap_inner
    self.run()
  File "C:\Users\66353\AppData\Roaming\uv\python\cpython-3.12-windows-x86_64-none\Lib\threading.py", line 1012, in run
    self._target(*self._args, **self._kwargs)
  File "C:\Users\66353\AppData\Roaming\uv\python\cpython-3.12-windows-x86_64-none\Lib\subprocess.py", line 1599, in _readerthread
    buffer.append(fh.read())
                  ^^^^^^^^^
  File "<frozen codecs>", line 322, in decode
UnicodeDecodeError: 'utf-8' codec can't decode byte 0xc0 in position 15: invalid start byte
[09:40:13] 腾讯实时异常: argument of type 'NoneType' is not iterable
[09:40:13] 取数失败 streak=10
[09:41:13] iFinD 实时 errorcode=-1010
Exception in thread Thread-21 (_readerthread):
Traceback (most recent call last):
  File "C:\Users\66353\AppData\Roaming\uv\python\cpython-3.12-windows-x86_64-none\Lib\threading.py", line 1075, in _bootstrap_inner
    self.run()
  File "C:\Users\66353\AppData\Roaming\uv\python\cpython-3.12-windows-x86_64-none\Lib\threading.py", line 1012, in run
    self._target(*self._args, **self._kwargs)
  File "C:\Users\66353\AppData\Roaming\uv\python\cpython-3.12-windows-x86_64-none\Lib\subprocess.py", line 1599, in _readerthread
    buffer.append(fh.read())
                  ^^^^^^^^^
  File "<frozen codecs>", line 322, in decode
UnicodeDecodeError: 'utf-8' codec can't decode byte 0xc0 in position 15: invalid start byte
[09:41:13] 腾讯实时异常: argument of type 'NoneType' is not iterable
[09:41:13] 取数失败 streak=11
[09:42:13] iFinD 实时 errorcode=-1010
Exception in thread Thread-23 (_readerthread):
Traceback (most recent call last):
  File "C:\Users\66353\AppData\Roaming\uv\python\cpython-3.12-windows-x86_64-none\Lib\threading.py", line 1075, in _bootstrap_inner
    self.run()
  File "C:\Users\66353\AppData\Roaming\uv\python\cpython-3.12-windows-x86_64-none\Lib\threading.py", line 1012, in run
    self._target(*self._args, **self._kwargs)
  File "C:\Users\66353\AppData\Roaming\uv\python\cpython-3.12-windows-x86_64-none\Lib\subprocess.py", line 1599, in _readerthread
    buffer.append(fh.read())
                  ^^^^^^^^^
  File "<frozen codecs>", line 322, in decode
UnicodeDecodeError: 'utf-8' codec can't decode byte 0xc0 in position 15: invalid start byte
[09:42:13] 腾讯实时异常: argument of type 'NoneType' is not iterable
[09:42:13] 取数失败 streak=12
[09:43:13] iFinD 实时 errorcode=-1010
Exception in thread Thread-25 (_readerthread):
Traceback (most recent call last):
  File "C:\Users\66353\AppData\Roaming\uv\python\cpython-3.12-windows-x86_64-none\Lib\threading.py", line 1075, in _bootstrap_inner
    self.run()
  File "C:\Users\66353\AppData\Roaming\uv\python\cpython-3.12-windows-x86_64-none\Lib\threading.py", line 1012, in run
    self._target(*self._args, **self._kwargs)
  File "C:\Users\66353\AppData\Roaming\uv\python\cpython-3.12-windows-x86_64-none\Lib\subprocess.py", line 1599, in _readerthread
    buffer.append(fh.read())
                  ^^^^^^^^^
  File "<frozen codecs>", line 322, in decode
UnicodeDecodeError: 'utf-8' codec can't decode byte 0xc0 in position 15: invalid start byte
[09:43:13] 腾讯实时异常: argument of type 'NoneType' is not iterable
[09:43:13] 取数失败 streak=13
[09:44:14] iFinD 实时 errorcode=-1010
Exception in thread Thread-27 (_readerthread):
Traceback (most recent call last):
  File "C:\Users\66353\AppData\Roaming\uv\python\cpython-3.12-windows-x86_64-none\Lib\threading.py", line 1075, in _bootstrap_inner
    self.run()
  File "C:\Users\66353\AppData\Roaming\uv\python\cpython-3.12-windows-x86_64-none\Lib\threading.py", line 1012, in run
    self._target(*self._args, **self._kwargs)
  File "C:\Users\66353\AppData\Roaming\uv\python\cpython-3.12-windows-x86_64-none\Lib\subprocess.py", line 1599, in _readerthread
    buffer.append(fh.read())
                  ^^^^^^^^^
  File "<frozen codecs>", line 322, in decode
UnicodeDecodeError: 'utf-8' codec can't decode byte 0xc0 in position 15: invalid start byte
[09:44:14] 腾讯实时异常: argument of type 'NoneType' is not iterable
[09:44:14] 取数失败 streak=14
[09:45:14] iFinD 实时 errorcode=-1010
Exception in thread Thread-29 (_readerthread):
Traceback (most recent call last):
  File "C:\Users\66353\AppData\Roaming\uv\python\cpython-3.12-windows-x86_64-none\Lib\threading.py", line 1075, in _bootstrap_inner
    self.run()
  File "C:\Users\66353\AppData\Roaming\uv\python\cpython-3.12-windows-x86_64-none\Lib\threading.py", line 1012, in run
    self._target(*self._args, **self._kwargs)
  File "C:\Users\66353\AppData\Roaming\uv\python\cpython-3.12-windows-x86_64-none\Lib\subprocess.py", line 1599, in _readerthread
    buffer.append(fh.read())
                  ^^^^^^^^^
  File "<frozen codecs>", line 322, in decode
UnicodeDecodeError: 'utf-8' codec can't decode byte 0xc0 in position 15: invalid start byte
[09:45:14] 腾讯实时异常: argument of type 'NoneType' is not iterable
[09:45:14] 取数失败 streak=15
[09:46:15] iFinD 实时 errorcode=-1010
Exception in thread Thread-31 (_readerthread):
Traceback (most recent call last):
  File "C:\Users\66353\AppData\Roaming\uv\python\cpython-3.12-windows-x86_64-none\Lib\threading.py", line 1075, in _bootstrap_inner
    self.run()
  File "C:\Users\66353\AppData\Roaming\uv\python\cpython-3.12-windows-x86_64-none\Lib\threading.py", line 1012, in run
    self._target(*self._args, **self._kwargs)
  File "C:\Users\66353\AppData\Roaming\uv\python\cpython-3.12-windows-x86_64-none\Lib\subprocess.py", line 1599, in _readerthread
    buffer.append(fh.read())
                  ^^^^^^^^^
  File "<frozen codecs>", line 322, in decode
UnicodeDecodeError: 'utf-8' codec can't decode byte 0xc0 in position 15: invalid start byte
[09:46:15] 腾讯实时异常: argument of type 'NoneType' is not iterable
[09:46:15] 取数失败 streak=16
[09:47:15] iFinD 实时 errorcode=-1010
Exception in thread Thread-33 (_readerthread):
Traceback (most recent call last):
  File "C:\Users\66353\AppData\Roaming\uv\python\cpython-3.12-windows-x86_64-none\Lib\threading.py", line 1075, in _bootstrap_inner
    self.run()
  File "C:\Users\66353\AppData\Roaming\uv\python\cpython-3.12-windows-x86_64-none\Lib\threading.py", line 1012, in run
    self._target(*self._args, **self._kwargs)
  File "C:\Users\66353\AppData\Roaming\uv\python\cpython-3.12-windows-x86_64-none\Lib\subprocess.py", line 1599, in _readerthread
    buffer.append(fh.read())
                  ^^^^^^^^^
  File "<frozen codecs>", line 322, in decode
UnicodeDecodeError: 'utf-8' codec can't decode byte 0xc0 in position 15: invalid start byte
[09:47:15] 腾讯实时异常: argument of type 'NoneType' is not iterable
[09:47:15] 取数失败 streak=17
[09:48:15] iFinD 实时 errorcode=-1010
Exception in thread Thread-35 (_readerthread):
Traceback (most recent call last):
  File "C:\Users\66353\AppData\Roaming\uv\python\cpython-3.12-windows-x86_64-none\Lib\threading.py", line 1075, in _bootstrap_inner
    self.run()
  File "C:\Users\66353\AppData\Roaming\uv\python\cpython-3.12-windows-x86_64-none\Lib\threading.py", line 1012, in run
    self._target(*self._args, **self._kwargs)
  File "C:\Users\66353\AppData\Roaming\uv\python\cpython-3.12-windows-x86_64-none\Lib\subprocess.py", line 1599, in _readerthread
    buffer.append(fh.read())
                  ^^^^^^^^^
  File "<frozen codecs>", line 322, in decode
UnicodeDecodeError: 'utf-8' codec can't decode byte 0xc0 in position 15: invalid start byte
[09:48:15] 腾讯实时异常: argument of type 'NoneType' is not iterable
[09:48:15] 取数失败 streak=18
[09:49:15] iFinD 实时 errorcode=-1010
Exception in thread Thread-37 (_readerthread):
Traceback (most recent call last):
  File "C:\Users\66353\AppData\Roaming\uv\python\cpython-3.12-windows-x86_64-none\Lib\threading.py", line 1075, in _bootstrap_inner
    self.run()
  File "C:\Users\66353\AppData\Roaming\uv\python\cpython-3.12-windows-x86_64-none\Lib\threading.py", line 1012, in run
    self._target(*self._args, **self._kwargs)
  File "C:\Users\66353\AppData\Roaming\uv\python\cpython-3.12-windows-x86_64-none\Lib\subprocess.py", line 1599, in _readerthread
    buffer.append(fh.read())
                  ^^^^^^^^^
  File "<frozen codecs>", line 322, in decode
UnicodeDecodeError: 'utf-8' codec can't decode byte 0xc0 in position 15: invalid start byte
[09:49:16] 腾讯实时异常: argument of type 'NoneType' is not iterable
[09:49:16] 取数失败 streak=19
[09:50:16] iFinD 实时 errorcode=-1010
Exception in thread Thread-39 (_readerthread):
Traceback (most recent call last):
  File "C:\Users\66353\AppData\Roaming\uv\python\cpython-3.12-windows-x86_64-none\Lib\threading.py", line 1075, in _bootstrap_inner
    self.run()
  File "C:\Users\66353\AppData\Roaming\uv\python\cpython-3.12-windows-x86_64-none\Lib\threading.py", line 1012, in run
    self._target(*self._args, **self._kwargs)
  File "C:\Users\66353\AppData\Roaming\uv\python\cpython-3.12-windows-x86_64-none\Lib\subprocess.py", line 1599, in _readerthread
    buffer.append(fh.read())
                  ^^^^^^^^^
  File "<frozen codecs>", line 322, in decode
UnicodeDecodeError: 'utf-8' codec can't decode byte 0xc0 in position 15: invalid start byte
[09:50:16] 腾讯实时异常: argument of type 'NoneType' is not iterable
[09:50:16] 取数失败 streak=20
[09:51:16] iFinD 实时 errorcode=-1010
Exception in thread Thread-41 (_readerthread):
Traceback (most recent call last):
  File "C:\Users\66353\AppData\Roaming\uv\python\cpython-3.12-windows-x86_64-none\Lib\threading.py", line 1075, in _bootstrap_inner
    self.run()
  File "C:\Users\66353\AppData\Roaming\uv\python\cpython-3.12-windows-x86_64-none\Lib\threading.py", line 1012, in run
    self._target(*self._args, **self._kwargs)
  File "C:\Users\66353\AppData\Roaming\uv\python\cpython-3.12-windows-x86_64-none\Lib\subprocess.py", line 1599, in _readerthread
    buffer.append(fh.read())
                  ^^^^^^^^^
  File "<frozen codecs>", line 322, in decode
UnicodeDecodeError: 'utf-8' codec can't decode byte 0xc0 in position 15: invalid start byte
[09:51:16] 腾讯实时异常: argument of type 'NoneType' is not iterable
[09:51:16] 取数失败 streak=21
[09:52:16] iFinD 实时 errorcode=-1010
Exception in thread Thread-43 (_readerthread):
Traceback (most recent call last):
  File "C:\Users\66353\AppData\Roaming\uv\python\cpython-3.12-windows-x86_64-none\Lib\threading.py", line 1075, in _bootstrap_inner
    self.run()
  File "C:\Users\66353\AppData\Roaming\uv\python\cpython-3.12-windows-x86_64-none\Lib\threading.py", line 1012, in run
    self._target(*self._args, **self._kwargs)
  File "C:\Users\66353\AppData\Roaming\uv\python\cpython-3.12-windows-x86_64-none\Lib\subprocess.py", line 1599, in _readerthread
    buffer.append(fh.read())
                  ^^^^^^^^^
  File "<frozen codecs>", line 322, in decode
UnicodeDecodeError: 'utf-8' codec can't decode byte 0xc0 in position 15: invalid start byte
[09:52:17] 腾讯实时异常: argument of type 'NoneType' is not iterable
[09:52:17] 取数失败 streak=22
[09:53:17] iFinD 实时 errorcode=-1010
Exception in thread Thread-45 (_readerthread):
Traceback (most recent call last):
  File "C:\Users\66353\AppData\Roaming\uv\python\cpython-3.12-windows-x86_64-none\Lib\threading.py", line 1075, in _bootstrap_inner
    self.run()
  File "C:\Users\66353\AppData\Roaming\uv\python\cpython-3.12-windows-x86_64-none\Lib\threading.py", line 1012, in run
    self._target(*self._args, **self._kwargs)
  File "C:\Users\66353\AppData\Roaming\uv\python\cpython-3.12-windows-x86_64-none\Lib\subprocess.py", line 1599, in _readerthread
    buffer.append(fh.read())
                  ^^^^^^^^^
  File "<frozen codecs>", line 322, in decode
UnicodeDecodeError: 'utf-8' codec can't decode byte 0xc0 in position 15: invalid start byte
[09:53:17] 腾讯实时异常: argument of type 'NoneType' is not iterable
[09:53:17] 取数失败 streak=23
[09:54:17] iFinD 实时 errorcode=-1010
Exception in thread Thread-47 (_readerthread):
Traceback (most recent call last):
  File "C:\Users\66353\AppData\Roaming\uv\python\cpython-3.12-windows-x86_64-none\Lib\threading.py", line 1075, in _bootstrap_inner
    self.run()
  File "C:\Users\66353\AppData\Roaming\uv\python\cpython-3.12-windows-x86_64-none\Lib\threading.py", line 1012, in run
    self._target(*self._args, **self._kwargs)
  File "C:\Users\66353\AppData\Roaming\uv\python\cpython-3.12-windows-x86_64-none\Lib\subprocess.py", line 1599, in _readerthread
    buffer.append(fh.read())
                  ^^^^^^^^^
  File "<frozen codecs>", line 322, in decode
UnicodeDecodeError: 'utf-8' codec can't decode byte 0xc0 in position 15: invalid start byte
[09:54:17] 腾讯实时异常: argument of type 'NoneType' is not iterable
[09:54:17] 取数失败 streak=24
[09:55:17] iFinD 实时 errorcode=-1010
Exception in thread Thread-49 (_readerthread):
Traceback (most recent call last):
  File "C:\Users\66353\AppData\Roaming\uv\python\cpython-3.12-windows-x86_64-none\Lib\threading.py", line 1075, in _bootstrap_inner
    self.run()
  File "C:\Users\66353\AppData\Roaming\uv\python\cpython-3.12-windows-x86_64-none\Lib\threading.py", line 1012, in run
    self._target(*self._args, **self._kwargs)
  File "C:\Users\66353\AppData\Roaming\uv\python\cpython-3.12-windows-x86_64-none\Lib\subprocess.py", line 1599, in _readerthread
    buffer.append(fh.read())
                  ^^^^^^^^^
  File "<frozen codecs>", line 322, in decode
UnicodeDecodeError: 'utf-8' codec can't decode byte 0xc0 in position 15: invalid start byte
[09:55:17] 腾讯实时异常: argument of type 'NoneType' is not iterable
[09:55:17] 取数失败 streak=25
[09:56:18] iFinD 实时 errorcode=-1010
Exception in thread Thread-51 (_readerthread):
Traceback (most recent call last):
  File "C:\Users\66353\AppData\Roaming\uv\python\cpython-3.12-windows-x86_64-none\Lib\threading.py", line 1075, in _bootstrap_inner
    self.run()
  File "C:\Users\66353\AppData\Roaming\uv\python\cpython-3.12-windows-x86_64-none\Lib\threading.py", line 1012, in run
    self._target(*self._args, **self._kwargs)
  File "C:\Users\66353\AppData\Roaming\uv\python\cpython-3.12-windows-x86_64-none\Lib\subprocess.py", line 1599, in _readerthread
    buffer.append(fh.read())
                  ^^^^^^^^^
  File "<frozen codecs>", line 322, in decode
UnicodeDecodeError: 'utf-8' codec can't decode byte 0xc0 in position 15: invalid start byte
[09:56:18] 腾讯实时异常: argument of type 'NoneType' is not iterable
[09:56:18] 取数失败 streak=26
[09:57:18] iFinD 实时 errorcode=-1010
Exception in thread Thread-53 (_readerthread):
Traceback (most recent call last):
  File "C:\Users\66353\AppData\Roaming\uv\python\cpython-3.12-windows-x86_64-none\Lib\threading.py", line 1075, in _bootstrap_inner
    self.run()
  File "C:\Users\66353\AppData\Roaming\uv\python\cpython-3.12-windows-x86_64-none\Lib\threading.py", line 1012, in run
    self._target(*self._args, **self._kwargs)
  File "C:\Users\66353\AppData\Roaming\uv\python\cpython-3.12-windows-x86_64-none\Lib\subprocess.py", line 1599, in _readerthread
    buffer.append(fh.read())
                  ^^^^^^^^^
  File "<frozen codecs>", line 322, in decode
UnicodeDecodeError: 'utf-8' codec can't decode byte 0xc0 in position 15: invalid start byte
[09:57:18] 腾讯实时异常: argument of type 'NoneType' is not iterable
[09:57:18] 取数失败 streak=27
[09:58:18] iFinD 实时 errorcode=-1010
Exception in thread Thread-55 (_readerthread):
Traceback (most recent call last):
  File "C:\Users\66353\AppData\Roaming\uv\python\cpython-3.12-windows-x86_64-none\Lib\threading.py", line 1075, in _bootstrap_inner
    self.run()
  File "C:\Users\66353\AppData\Roaming\uv\python\cpython-3.12-windows-x86_64-none\Lib\threading.py", line 1012, in run
    self._target(*self._args, **self._kwargs)
  File "C:\Users\66353\AppData\Roaming\uv\python\cpython-3.12-windows-x86_64-none\Lib\subprocess.py", line 1599, in _readerthread
    buffer.append(fh.read())
                  ^^^^^^^^^
  File "<frozen codecs>", line 322, in decode
UnicodeDecodeError: 'utf-8' codec can't decode byte 0xc0 in position 15: invalid start byte
[09:58:19] 腾讯实时异常: argument of type 'NoneType' is not iterable
[09:58:19] 取数失败 streak=28
[09:59:19] iFinD 实时 errorcode=-1010
Exception in thread Thread-57 (_readerthread):
Traceback (most recent call last):
  File "C:\Users\66353\AppData\Roaming\uv\python\cpython-3.12-windows-x86_64-none\Lib\threading.py", line 1075, in _bootstrap_inner
    self.run()
  File "C:\Users\66353\AppData\Roaming\uv\python\cpython-3.12-windows-x86_64-none\Lib\threading.py", line 1012, in run
    self._target(*self._args, **self._kwargs)
  File "C:\Users\66353\AppData\Roaming\uv\python\cpython-3.12-windows-x86_64-none\Lib\subprocess.py", line 1599, in _readerthread
    buffer.append(fh.read())
                  ^^^^^^^^^
  File "<frozen codecs>", line 322, in decode
UnicodeDecodeError: 'utf-8' codec can't decode byte 0xc0 in position 15: invalid start byte
[09:59:19] 腾讯实时异常: argument of type 'NoneType' is not iterable
[09:59:19] 取数失败 streak=29
[10:00:19] iFinD 实时 errorcode=-1010
Exception in thread Thread-59 (_readerthread):
Traceback (most recent call last):
  File "C:\Users\66353\AppData\Roaming\uv\python\cpython-3.12-windows-x86_64-none\Lib\threading.py", line 1075, in _bootstrap_inner
    self.run()
  File "C:\Users\66353\AppData\Roaming\uv\python\cpython-3.12-windows-x86_64-none\Lib\threading.py", line 1012, in run
    self._target(*self._args, **self._kwargs)
  File "C:\Users\66353\AppData\Roaming\uv\python\cpython-3.12-windows-x86_64-none\Lib\subprocess.py", line 1599, in _readerthread
    buffer.append(fh.read())
                  ^^^^^^^^^
  File "<frozen codecs>", line 322, in decode
UnicodeDecodeError: 'utf-8' codec can't decode byte 0xc0 in position 15: invalid start byte
[10:00:19] 腾讯实时异常: argument of type 'NoneType' is not iterable
[10:00:19] 取数失败 streak=30
[10:00:19] 连续30分钟全源失败, 报警退出
[09:14:55] 观察池=昨日涨停池 D:\股票数据\市场数据\20260817\zt_pool.csv (106只)
D:\股票数据\.venv312\Lib\site-packages\iFinDPy.pth
[09:14:58] iFinD login rc=0
[09:14:58] 连续段启动
[09:31:09] iFinD 实时 errorcode=-1010
Exception in thread Thread-1 (_readerthread):
Traceback (most recent call last):
  File "C:\Users\66353\AppData\Roaming\uv\python\cpython-3.12-windows-x86_64-none\Lib\threading.py", line 1075, in _bootstrap_inner
    self.run()
  File "C:\Users\66353\AppData\Roaming\uv\python\cpython-3.12-windows-x86_64-none\Lib\threading.py", line 1012, in run
    self._target(*self._args, **self._kwargs)
  File "C:\Users\66353\AppData\Roaming\uv\python\cpython-3.12-windows-x86_64-none\Lib\subprocess.py", line 1599, in _readerthread
    buffer.append(fh.read())
                  ^^^^^^^^^
  File "<frozen codecs>", line 322, in decode
UnicodeDecodeError: 'utf-8' codec can't decode byte 0xb9 in position 15: invalid start byte
[09:31:09] 腾讯实时异常: argument of type 'NoneType' is not iterable
[09:31:09] 取数失败 streak=1
[09:32:09] iFinD 实时 errorcode=-1010
Exception in thread Thread-3 (_readerthread):
Traceback (most recent call last):
  File "C:\Users\66353\AppData\Roaming\uv\python\cpython-3.12-windows-x86_64-none\Lib\threading.py", line 1075, in _bootstrap_inner
    self.run()
  File "C:\Users\66353\AppData\Roaming\uv\python\cpython-3.12-windows-x86_64-none\Lib\threading.py", line 1012, in run
    self._target(*self._args, **self._kwargs)
  File "C:\Users\66353\AppData\Roaming\uv\python\cpython-3.12-windows-x86_64-none\Lib\subprocess.py", line 1599, in _readerthread
    buffer.append(fh.read())
                  ^^^^^^^^^
  File "<frozen codecs>", line 322, in decode
UnicodeDecodeError: 'utf-8' codec can't decode byte 0xb9 in position 15: invalid start byte
[09:32:09] 腾讯实时异常: argument of type 'NoneType' is not iterable
[09:32:09] 取数失败 streak=2
[09:33:13] iFinD 实时 errorcode=-1010
Exception in thread Thread-5 (_readerthread):
Traceback (most recent call last):
  File "C:\Users\66353\AppData\Roaming\uv\python\cpython-3.12-windows-x86_64-none\Lib\threading.py", line 1075, in _bootstrap_inner
    self.run()
  File "C:\Users\66353\AppData\Roaming\uv\python\cpython-3.12-windows-x86_64-none\Lib\threading.py", line 1012, in run
    self._target(*self._args, **self._kwargs)
  File "C:\Users\66353\AppData\Roaming\uv\python\cpython-3.12-windows-x86_64-none\Lib\subprocess.py", line 1599, in _readerthread
    buffer.append(fh.read())
                  ^^^^^^^^^
  File "<frozen codecs>", line 322, in decode
UnicodeDecodeError: 'utf-8' codec can't decode byte 0xb9 in position 15: invalid start byte
[09:33:13] 腾讯实时异常: argument of type 'NoneType' is not iterable
[09:33:13] 取数失败 streak=3
[09:34:13] iFinD 实时 errorcode=-1010
Exception in thread Thread-7 (_readerthread):
Traceback (most recent call last):
  File "C:\Users\66353\AppData\Roaming\uv\python\cpython-3.12-windows-x86_64-none\Lib\threading.py", line 1075, in _bootstrap_inner
    self.run()
  File "C:\Users\66353\AppData\Roaming\uv\python\cpython-3.12-windows-x86_64-none\Lib\threading.py", line 1012, in run
    self._target(*self._args, **self._kwargs)
  File "C:\Users\66353\AppData\Roaming\uv\python\cpython-3.12-windows-x86_64-none\Lib\subprocess.py", line 1599, in _readerthread
    buffer.append(fh.read())
                  ^^^^^^^^^
  File "<frozen codecs>", line 322, in decode
UnicodeDecodeError: 'utf-8' codec can't decode byte 0xb9 in position 15: invalid start byte
[09:34:14] 腾讯实时异常: argument of type 'NoneType' is not iterable
[09:34:14] 取数失败 streak=4
[09:35:14] iFinD 实时 errorcode=-1010
Exception in thread Thread-9 (_readerthread):
Traceback (most recent call last):
  File "C:\Users\66353\AppData\Roaming\uv\python\cpython-3.12-windows-x86_64-none\Lib\threading.py", line 1075, in _bootstrap_inner
    self.run()
  File "C:\Users\66353\AppData\Roaming\uv\python\cpython-3.12-windows-x86_64-none\Lib\threading.py", line 1012, in run
    self._target(*self._args, **self._kwargs)
  File "C:\Users\66353\AppData\Roaming\uv\python\cpython-3.12-windows-x86_64-none\Lib\subprocess.py", line 1599, in _readerthread
    buffer.append(fh.read())
                  ^^^^^^^^^
  File "<frozen codecs>", line 322, in decode
UnicodeDecodeError: 'utf-8' codec can't decode byte 0xb9 in position 15: invalid start byte
[09:35:14] 腾讯实时异常: argument of type 'NoneType' is not iterable
[09:35:14] 取数失败 streak=5
[09:36:14] iFinD 实时 errorcode=-1010
Exception in thread Thread-11 (_readerthread):
Traceback (most recent call last):
  File "C:\Users\66353\AppData\Roaming\uv\python\cpython-3.12-windows-x86_64-none\Lib\threading.py", line 1075, in _bootstrap_inner
    self.run()
  File "C:\Users\66353\AppData\Roaming\uv\python\cpython-3.12-windows-x86_64-none\Lib\threading.py", line 1012, in run
    self._target(*self._args, **self._kwargs)
  File "C:\Users\66353\AppData\Roaming\uv\python\cpython-3.12-windows-x86_64-none\Lib\subprocess.py", line 1599, in _readerthread
    buffer.append(fh.read())
                  ^^^^^^^^^
  File "<frozen codecs>", line 322, in decode
UnicodeDecodeError: 'utf-8' codec can't decode byte 0xb9 in position 15: invalid start byte
[09:36:15] 腾讯实时异常: argument of type 'NoneType' is not iterable
[09:36:15] 取数失败 streak=6
[09:37:15] iFinD 实时 errorcode=-1010
Exception in thread Thread-13 (_readerthread):
Traceback (most recent call last):
  File "C:\Users\66353\AppData\Roaming\uv\python\cpython-3.12-windows-x86_64-none\Lib\threading.py", line 1075, in _bootstrap_inner
    self.run()
  File "C:\Users\66353\AppData\Roaming\uv\python\cpython-3.12-windows-x86_64-none\Lib\threading.py", line 1012, in run
    self._target(*self._args, **self._kwargs)
  File "C:\Users\66353\AppData\Roaming\uv\python\cpython-3.12-windows-x86_64-none\Lib\subprocess.py", line 1599, in _readerthread
    buffer.append(fh.read())
                  ^^^^^^^^^
  File "<frozen codecs>", line 322, in decode
UnicodeDecodeError: 'utf-8' codec can't decode byte 0xb9 in position 15: invalid start byte
[09:37:15] 腾讯实时异常: argument of type 'NoneType' is not iterable
[09:37:15] 取数失败 streak=7
[09:38:15] iFinD 实时 errorcode=-1010
Exception in thread Thread-15 (_readerthread):
Traceback (most recent call last):
  File "C:\Users\66353\AppData\Roaming\uv\python\cpython-3.12-windows-x86_64-none\Lib\threading.py", line 1075, in _bootstrap_inner
    self.run()
  File "C:\Users\66353\AppData\Roaming\uv\python\cpython-3.12-windows-x86_64-none\Lib\threading.py", line 1012, in run
    self._target(*self._args, **self._kwargs)
  File "C:\Users\66353\AppData\Roaming\uv\python\cpython-3.12-windows-x86_64-none\Lib\subprocess.py", line 1599, in _readerthread
    buffer.append(fh.read())
                  ^^^^^^^^^
  File "<frozen codecs>", line 322, in decode
UnicodeDecodeError: 'utf-8' codec can't decode byte 0xb9 in position 15: invalid start byte
[09:38:16] 腾讯实时异常: argument of type 'NoneType' is not iterable
[09:38:16] 取数失败 streak=8
[09:39:16] iFinD 实时 errorcode=-1010
Exception in thread Thread-17 (_readerthread):
Traceback (most recent call last):
  File "C:\Users\66353\AppData\Roaming\uv\python\cpython-3.12-windows-x86_64-none\Lib\threading.py", line 1075, in _bootstrap_inner
    self.run()
  File "C:\Users\66353\AppData\Roaming\uv\python\cpython-3.12-windows-x86_64-none\Lib\threading.py", line 1012, in run
    self._target(*self._args, **self._kwargs)
  File "C:\Users\66353\AppData\Roaming\uv\python\cpython-3.12-windows-x86_64-none\Lib\subprocess.py", line 1599, in _readerthread
    buffer.append(fh.read())
                  ^^^^^^^^^
  File "<frozen codecs>", line 322, in decode
UnicodeDecodeError: 'utf-8' codec can't decode byte 0xb9 in position 15: invalid start byte
[09:39:16] 腾讯实时异常: argument of type 'NoneType' is not iterable
[09:39:16] 取数失败 streak=9
[09:40:16] iFinD 实时 errorcode=-1010
Exception in thread Thread-19 (_readerthread):
Traceback (most recent call last):
  File "C:\Users\66353\AppData\Roaming\uv\python\cpython-3.12-windows-x86_64-none\Lib\threading.py", line 1075, in _bootstrap_inner
    self.run()
  File "C:\Users\66353\AppData\Roaming\uv\python\cpython-3.12-windows-x86_64-none\Lib\threading.py", line 1012, in run
    self._target(*self._args, **self._kwargs)
  File "C:\Users\66353\AppData\Roaming\uv\python\cpython-3.12-windows-x86_64-none\Lib\subprocess.py", line 1599, in _readerthread
    buffer.append(fh.read())
                  ^^^^^^^^^
  File "<frozen codecs>", line 322, in decode
UnicodeDecodeError: 'utf-8' codec can't decode byte 0xb9 in position 15: invalid start byte
[09:40:16] 腾讯实时异常: argument of type 'NoneType' is not iterable
[09:40:16] 取数失败 streak=10
[09:41:16] iFinD 实时 errorcode=-1010
Exception in thread Thread-21 (_readerthread):
Traceback (most recent call last):
  File "C:\Users\66353\AppData\Roaming\uv\python\cpython-3.12-windows-x86_64-none\Lib\threading.py", line 1075, in _bootstrap_inner
    self.run()
  File "C:\Users\66353\AppData\Roaming\uv\python\cpython-3.12-windows-x86_64-none\Lib\threading.py", line 1012, in run
    self._target(*self._args, **self._kwargs)
  File "C:\Users\66353\AppData\Roaming\uv\python\cpython-3.12-windows-x86_64-none\Lib\subprocess.py", line 1599, in _readerthread
    buffer.append(fh.read())
                  ^^^^^^^^^
  File "<frozen codecs>", line 322, in decode
UnicodeDecodeError: 'utf-8' codec can't decode byte 0xb9 in position 15: invalid start byte
[09:41:17] 腾讯实时异常: argument of type 'NoneType' is not iterable
[09:41:17] 取数失败 streak=11
[09:42:17] iFinD 实时 errorcode=-1010
Exception in thread Thread-23 (_readerthread):
Traceback (most recent call last):
  File "C:\Users\66353\AppData\Roaming\uv\python\cpython-3.12-windows-x86_64-none\Lib\threading.py", line 1075, in _bootstrap_inner
    self.run()
  File "C:\Users\66353\AppData\Roaming\uv\python\cpython-3.12-windows-x86_64-none\Lib\threading.py", line 1012, in run
    self._target(*self._args, **self._kwargs)
  File "C:\Users\66353\AppData\Roaming\uv\python\cpython-3.12-windows-x86_64-none\Lib\subprocess.py", line 1599, in _readerthread
    buffer.append(fh.read())
                  ^^^^^^^^^
  File "<frozen codecs>", line 322, in decode
UnicodeDecodeError: 'utf-8' codec can't decode byte 0xb9 in position 15: invalid start byte
[09:42:17] 腾讯实时异常: argument of type 'NoneType' is not iterable
[09:42:17] 取数失败 streak=12
[09:43:17] iFinD 实时 errorcode=-1010
Exception in thread Thread-25 (_readerthread):
Traceback (most recent call last):
  File "C:\Users\66353\AppData\Roaming\uv\python\cpython-3.12-windows-x86_64-none\Lib\threading.py", line 1075, in _bootstrap_inner
    self.run()
  File "C:\Users\66353\AppData\Roaming\uv\python\cpython-3.12-windows-x86_64-none\Lib\threading.py", line 1012, in run
    self._target(*self._args, **self._kwargs)
  File "C:\Users\66353\AppData\Roaming\uv\python\cpython-3.12-windows-x86_64-none\Lib\subprocess.py", line 1599, in _readerthread
    buffer.append(fh.read())
                  ^^^^^^^^^
  File "<frozen codecs>", line 322, in decode
UnicodeDecodeError: 'utf-8' codec can't decode byte 0xb9 in position 15: invalid start byte
[09:43:17] 腾讯实时异常: argument of type 'NoneType' is not iterable
[09:43:17] 取数失败 streak=13
[09:44:17] iFinD 实时 errorcode=-1010
Exception in thread Thread-27 (_readerthread):
Traceback (most recent call last):
  File "C:\Users\66353\AppData\Roaming\uv\python\cpython-3.12-windows-x86_64-none\Lib\threading.py", line 1075, in _bootstrap_inner
    self.run()
  File "C:\Users\66353\AppData\Roaming\uv\python\cpython-3.12-windows-x86_64-none\Lib\threading.py", line 1012, in run
    self._target(*self._args, **self._kwargs)
  File "C:\Users\66353\AppData\Roaming\uv\python\cpython-3.12-windows-x86_64-none\Lib\subprocess.py", line 1599, in _readerthread
    buffer.append(fh.read())
                  ^^^^^^^^^
  File "<frozen codecs>", line 322, in decode
UnicodeDecodeError: 'utf-8' codec can't decode byte 0xb9 in position 15: invalid start byte
[09:44:18] 腾讯实时异常: argument of type 'NoneType' is not iterable
[09:44:18] 取数失败 streak=14
[09:45:18] iFinD 实时 errorcode=-1010
Exception in thread Thread-29 (_readerthread):
Traceback (most recent call last):
  File "C:\Users\66353\AppData\Roaming\uv\python\cpython-3.12-windows-x86_64-none\Lib\threading.py", line 1075, in _bootstrap_inner
    self.run()
  File "C:\Users\66353\AppData\Roaming\uv\python\cpython-3.12-windows-x86_64-none\Lib\threading.py", line 1012, in run
    self._target(*self._args, **self._kwargs)
  File "C:\Users\66353\AppData\Roaming\uv\python\cpython-3.12-windows-x86_64-none\Lib\subprocess.py", line 1599, in _readerthread
    buffer.append(fh.read())
                  ^^^^^^^^^
  File "<frozen codecs>", line 322, in decode
UnicodeDecodeError: 'utf-8' codec can't decode byte 0xb9 in position 15: invalid start byte
[09:45:18] 腾讯实时异常: argument of type 'NoneType' is not iterable
[09:45:18] 取数失败 streak=15
[09:46:18] iFinD 实时 errorcode=-1010
Exception in thread Thread-31 (_readerthread):
Traceback (most recent call last):
  File "C:\Users\66353\AppData\Roaming\uv\python\cpython-3.12-windows-x86_64-none\Lib\threading.py", line 1075, in _bootstrap_inner
    self.run()
  File "C:\Users\66353\AppData\Roaming\uv\python\cpython-3.12-windows-x86_64-none\Lib\threading.py", line 1012, in run
    self._target(*self._args, **self._kwargs)
  File "C:\Users\66353\AppData\Roaming\uv\python\cpython-3.12-windows-x86_64-none\Lib\subprocess.py", line 1599, in _readerthread
    buffer.append(fh.read())
                  ^^^^^^^^^
  File "<frozen codecs>", line 322, in decode
UnicodeDecodeError: 'utf-8' codec can't decode byte 0xb9 in position 15: invalid start byte
[09:46:19] 腾讯实时异常: argument of type 'NoneType' is not iterable
[09:46:19] 取数失败 streak=16
[09:47:19] iFinD 实时 errorcode=-1010
Exception in thread Thread-33 (_readerthread):
Traceback (most recent call last):
  File "C:\Users\66353\AppData\Roaming\uv\python\cpython-3.12-windows-x86_64-none\Lib\threading.py", line 1075, in _bootstrap_inner
    self.run()
  File "C:\Users\66353\AppData\Roaming\uv\python\cpython-3.12-windows-x86_64-none\Lib\threading.py", line 1012, in run
    self._target(*self._args, **self._kwargs)
  File "C:\Users\66353\AppData\Roaming\uv\python\cpython-3.12-windows-x86_64-none\Lib\subprocess.py", line 1599, in _readerthread
    buffer.append(fh.read())
                  ^^^^^^^^^
  File "<frozen codecs>", line 322, in decode
UnicodeDecodeError: 'utf-8' codec can't decode byte 0xb9 in position 15: invalid start byte
[09:47:19] 腾讯实时异常: argument of type 'NoneType' is not iterable
[09:47:19] 取数失败 streak=17
[09:48:19] iFinD 实时 errorcode=-1010
Exception in thread Thread-35 (_readerthread):
Traceback (most recent call last):
  File "C:\Users\66353\AppData\Roaming\uv\python\cpython-3.12-windows-x86_64-none\Lib\threading.py", line 1075, in _bootstrap_inner
    self.run()
  File "C:\Users\66353\AppData\Roaming\uv\python\cpython-3.12-windows-x86_64-none\Lib\threading.py", line 1012, in run
    self._target(*self._args, **self._kwargs)
  File "C:\Users\66353\AppData\Roaming\uv\python\cpython-3.12-windows-x86_64-none\Lib\subprocess.py", line 1599, in _readerthread
    buffer.append(fh.read())
                  ^^^^^^^^^
  File "<frozen codecs>", line 322, in decode
UnicodeDecodeError: 'utf-8' codec can't decode byte 0xb9 in position 15: invalid start byte
[09:48:20] 腾讯实时异常: argument of type 'NoneType' is not iterable
[09:48:20] 取数失败 streak=18
[09:49:20] iFinD 实时 errorcode=-1010
Exception in thread Thread-37 (_readerthread):
Traceback (most recent call last):
  File "C:\Users\66353\AppData\Roaming\uv\python\cpython-3.12-windows-x86_64-none\Lib\threading.py", line 1075, in _bootstrap_inner
    self.run()
  File "C:\Users\66353\AppData\Roaming\uv\python\cpython-3.12-windows-x86_64-none\Lib\threading.py", line 1012, in run
    self._target(*self._args, **self._kwargs)
  File "C:\Users\66353\AppData\Roaming\uv\python\cpython-3.12-windows-x86_64-none\Lib\subprocess.py", line 1599, in _readerthread
    buffer.append(fh.read())
                  ^^^^^^^^^
  File "<frozen codecs>", line 322, in decode
UnicodeDecodeError: 'utf-8' codec can't decode byte 0xb9 in position 15: invalid start byte
[09:49:20] 腾讯实时异常: argument of type 'NoneType' is not iterable
[09:49:20] 取数失败 streak=19
[09:50:20] iFinD 实时 errorcode=-1010
Exception in thread Thread-39 (_readerthread):
Traceback (most recent call last):
  File "C:\Users\66353\AppData\Roaming\uv\python\cpython-3.12-windows-x86_64-none\Lib\threading.py", line 1075, in _bootstrap_inner
    self.run()
  File "C:\Users\66353\AppData\Roaming\uv\python\cpython-3.12-windows-x86_64-none\Lib\threading.py", line 1012, in run
    self._target(*self._args, **self._kwargs)
  File "C:\Users\66353\AppData\Roaming\uv\python\cpython-3.12-windows-x86_64-none\Lib\subprocess.py", line 1599, in _readerthread
    buffer.append(fh.read())
                  ^^^^^^^^^
  File "<frozen codecs>", line 322, in decode
UnicodeDecodeError: 'utf-8' codec can't decode byte 0xb9 in position 15: invalid start byte
[09:50:21] 腾讯实时异常: argument of type 'NoneType' is not iterable
[09:50:21] 取数失败 streak=20
[09:51:21] iFinD 实时 errorcode=-1010
Exception in thread Thread-41 (_readerthread):
Traceback (most recent call last):
  File "C:\Users\66353\AppData\Roaming\uv\python\cpython-3.12-windows-x86_64-none\Lib\threading.py", line 1075, in _bootstrap_inner
    self.run()
  File "C:\Users\66353\AppData\Roaming\uv\python\cpython-3.12-windows-x86_64-none\Lib\threading.py", line 1012, in run
    self._target(*self._args, **self._kwargs)
  File "C:\Users\66353\AppData\Roaming\uv\python\cpython-3.12-windows-x86_64-none\Lib\subprocess.py", line 1599, in _readerthread
    buffer.append(fh.read())
                  ^^^^^^^^^
  File "<frozen codecs>", line 322, in decode
UnicodeDecodeError: 'utf-8' codec can't decode byte 0xb9 in position 15: invalid start byte
[09:51:21] 腾讯实时异常: argument of type 'NoneType' is not iterable
[09:51:21] 取数失败 streak=21
[09:52:21] iFinD 实时 errorcode=-1010
Exception in thread Thread-43 (_readerthread):
Traceback (most recent call last):
  File "C:\Users\66353\AppData\Roaming\uv\python\cpython-3.12-windows-x86_64-none\Lib\threading.py", line 1075, in _bootstrap_inner
    self.run()
  File "C:\Users\66353\AppData\Roaming\uv\python\cpython-3.12-windows-x86_64-none\Lib\threading.py", line 1012, in run
    self._target(*self._args, **self._kwargs)
  File "C:\Users\66353\AppData\Roaming\uv\python\cpython-3.12-windows-x86_64-none\Lib\subprocess.py", line 1599, in _readerthread
    buffer.append(fh.read())
                  ^^^^^^^^^
  File "<frozen codecs>", line 322, in decode
UnicodeDecodeError: 'utf-8' codec can't decode byte 0xb9 in position 15: invalid start byte
[09:52:21] 腾讯实时异常: argument of type 'NoneType' is not iterable
[09:52:21] 取数失败 streak=22
[09:53:21] iFinD 实时 errorcode=-1010
Exception in thread Thread-45 (_readerthread):
Traceback (most recent call last):
  File "C:\Users\66353\AppData\Roaming\uv\python\cpython-3.12-windows-x86_64-none\Lib\threading.py", line 1075, in _bootstrap_inner
    self.run()
  File "C:\Users\66353\AppData\Roaming\uv\python\cpython-3.12-windows-x86_64-none\Lib\threading.py", line 1012, in run
    self._target(*self._args, **self._kwargs)
  File "C:\Users\66353\AppData\Roaming\uv\python\cpython-3.12-windows-x86_64-none\Lib\subprocess.py", line 1599, in _readerthread
    buffer.append(fh.read())
                  ^^^^^^^^^
  File "<frozen codecs>", line 322, in decode
UnicodeDecodeError: 'utf-8' codec can't decode byte 0xb9 in position 15: invalid start byte
[09:53:22] 腾讯实时异常: argument of type 'NoneType' is not iterable
[09:53:22] 取数失败 streak=23
[09:54:22] iFinD 实时 errorcode=-1010
Exception in thread Thread-47 (_readerthread):
Traceback (most recent call last):
  File "C:\Users\66353\AppData\Roaming\uv\python\cpython-3.12-windows-x86_64-none\Lib\threading.py", line 1075, in _bootstrap_inner
    self.run()
  File "C:\Users\66353\AppData\Roaming\uv\python\cpython-3.12-windows-x86_64-none\Lib\threading.py", line 1012, in run
    self._target(*self._args, **self._kwargs)
  File "C:\Users\66353\AppData\Roaming\uv\python\cpython-3.12-windows-x86_64-none\Lib\subprocess.py", line 1599, in _readerthread
    buffer.append(fh.read())
                  ^^^^^^^^^
  File "<frozen codecs>", line 322, in decode
UnicodeDecodeError: 'utf-8' codec can't decode byte 0xb9 in position 15: invalid start byte
[09:54:22] 腾讯实时异常: argument of type 'NoneType' is not iterable
[09:54:22] 取数失败 streak=24
[09:55:22] iFinD 实时 errorcode=-1010
Exception in thread Thread-49 (_readerthread):
Traceback (most recent call last):
  File "C:\Users\66353\AppData\Roaming\uv\python\cpython-3.12-windows-x86_64-none\Lib\threading.py", line 1075, in _bootstrap_inner
    self.run()
  File "C:\Users\66353\AppData\Roaming\uv\python\cpython-3.12-windows-x86_64-none\Lib\threading.py", line 1012, in run
    self._target(*self._args, **self._kwargs)
  File "C:\Users\66353\AppData\Roaming\uv\python\cpython-3.12-windows-x86_64-none\Lib\subprocess.py", line 1599, in _readerthread
    buffer.append(fh.read())
                  ^^^^^^^^^
  File "<frozen codecs>", line 322, in decode
UnicodeDecodeError: 'utf-8' codec can't decode byte 0xb9 in position 15: invalid start byte
[09:55:22] 腾讯实时异常: argument of type 'NoneType' is not iterable
[09:55:22] 取数失败 streak=25
[09:56:23] iFinD 实时 errorcode=-1010
Exception in thread Thread-51 (_readerthread):
Traceback (most recent call last):
  File "C:\Users\66353\AppData\Roaming\uv\python\cpython-3.12-windows-x86_64-none\Lib\threading.py", line 1075, in _bootstrap_inner
    self.run()
  File "C:\Users\66353\AppData\Roaming\uv\python\cpython-3.12-windows-x86_64-none\Lib\threading.py", line 1012, in run
    self._target(*self._args, **self._kwargs)
  File "C:\Users\66353\AppData\Roaming\uv\python\cpython-3.12-windows-x86_64-none\Lib\subprocess.py", line 1599, in _readerthread
    buffer.append(fh.read())
                  ^^^^^^^^^
  File "<frozen codecs>", line 322, in decode
UnicodeDecodeError: 'utf-8' codec can't decode byte 0xb9 in position 15: invalid start byte
[09:56:23] 腾讯实时异常: argument of type 'NoneType' is not iterable
[09:56:23] 取数失败 streak=26
[09:57:23] iFinD 实时 errorcode=-1010
Exception in thread Thread-53 (_readerthread):
Traceback (most recent call last):
  File "C:\Users\66353\AppData\Roaming\uv\python\cpython-3.12-windows-x86_64-none\Lib\threading.py", line 1075, in _bootstrap_inner
    self.run()
  File "C:\Users\66353\AppData\Roaming\uv\python\cpython-3.12-windows-x86_64-none\Lib\threading.py", line 1012, in run
    self._target(*self._args, **self._kwargs)
  File "C:\Users\66353\AppData\Roaming\uv\python\cpython-3.12-windows-x86_64-none\Lib\subprocess.py", line 1599, in _readerthread
    buffer.append(fh.read())
                  ^^^^^^^^^
  File "<frozen codecs>", line 322, in decode
UnicodeDecodeError: 'utf-8' codec can't decode byte 0xb9 in position 15: invalid start byte
[09:57:23] 腾讯实时异常: argument of type 'NoneType' is not iterable
[09:57:23] 取数失败 streak=27
[09:58:23] iFinD 实时 errorcode=-1010
Exception in thread Thread-55 (_readerthread):
Traceback (most recent call last):
  File "C:\Users\66353\AppData\Roaming\uv\python\cpython-3.12-windows-x86_64-none\Lib\threading.py", line 1075, in _bootstrap_inner
    self.run()
  File "C:\Users\66353\AppData\Roaming\uv\python\cpython-3.12-windows-x86_64-none\Lib\threading.py", line 1012, in run
    self._target(*self._args, **self._kwargs)
  File "C:\Users\66353\AppData\Roaming\uv\python\cpython-3.12-windows-x86_64-none\Lib\subprocess.py", line 1599, in _readerthread
    buffer.append(fh.read())
                  ^^^^^^^^^
  File "<frozen codecs>", line 322, in decode
UnicodeDecodeError: 'utf-8' codec can't decode byte 0xb9 in position 15: invalid start byte
[09:58:24] 腾讯实时异常: argument of type 'NoneType' is not iterable
[09:58:24] 取数失败 streak=28
[09:59:24] iFinD 实时 errorcode=-1010
Exception in thread Thread-57 (_readerthread):
Traceback (most recent call last):
  File "C:\Users\66353\AppData\Roaming\uv\python\cpython-3.12-windows-x86_64-none\Lib\threading.py", line 1075, in _bootstrap_inner
    self.run()
  File "C:\Users\66353\AppData\Roaming\uv\python\cpython-3.12-windows-x86_64-none\Lib\threading.py", line 1012, in run
    self._target(*self._args, **self._kwargs)
  File "C:\Users\66353\AppData\Roaming\uv\python\cpython-3.12-windows-x86_64-none\Lib\subprocess.py", line 1599, in _readerthread
    buffer.append(fh.read())
                  ^^^^^^^^^
  File "<frozen codecs>", line 322, in decode
UnicodeDecodeError: 'utf-8' codec can't decode byte 0xb9 in position 15: invalid start byte
[09:59:24] 腾讯实时异常: argument of type 'NoneType' is not iterable
[09:59:24] 取数失败 streak=29
[10:00:24] iFinD 实时 errorcode=-1010
Exception in thread Thread-59 (_readerthread):
Traceback (most recent call last):
  File "C:\Users\66353\AppData\Roaming\uv\python\cpython-3.12-windows-x86_64-none\Lib\threading.py", line 1075, in _bootstrap_inner
    self.run()
  File "C:\Users\66353\AppData\Roaming\uv\python\cpython-3.12-windows-x86_64-none\Lib\threading.py", line 1012, in run
    self._target(*self._args, **self._kwargs)
  File "C:\Users\66353\AppData\Roaming\uv\python\cpython-3.12-windows-x86_64-none\Lib\subprocess.py", line 1599, in _readerthread
    buffer.append(fh.read())
                  ^^^^^^^^^
  File "<frozen codecs>", line 322, in decode
UnicodeDecodeError: 'utf-8' codec can't decode byte 0xb9 in position 15: invalid start byte
[10:00:24] 腾讯实时异常: argument of type 'NoneType' is not iterable
[10:00:24] 取数失败 streak=30
[10:00:24] 连续30分钟全源失败, 报警退出
[09:14:38] 观察池=昨日涨停池 D:\股票数据\市场数据\20260818\zt_pool.csv (79只)
D:\股票数据\.venv312\Lib\site-packages\iFinDPy.pth
[09:14:41] iFinD login rc=0
[09:14:41] 连续段启动
[09:31:01] iFinD 实时 errorcode=-1010
Exception in thread Thread-1 (_readerthread):
Traceback (most recent call last):
  File "C:\Users\66353\AppData\Roaming\uv\python\cpython-3.12-windows-x86_64-none\Lib\threading.py", line 1075, in _bootstrap_inner
    self.run()
  File "C:\Users\66353\AppData\Roaming\uv\python\cpython-3.12-windows-x86_64-none\Lib\threading.py", line 1012, in run
    self._target(*self._args, **self._kwargs)
  File "C:\Users\66353\AppData\Roaming\uv\python\cpython-3.12-windows-x86_64-none\Lib\subprocess.py", line 1599, in _readerthread
    buffer.append(fh.read())
                  ^^^^^^^^^
  File "<frozen codecs>", line 322, in decode
UnicodeDecodeError: 'utf-8' codec can't decode byte 0xb7 in position 15: invalid start byte
[09:31:01] 腾讯实时异常: argument of type 'NoneType' is not iterable
[09:31:01] 取数失败 streak=1
[09:32:02] iFinD 实时 errorcode=-1010
Exception in thread Thread-3 (_readerthread):
Traceback (most recent call last):
  File "C:\Users\66353\AppData\Roaming\uv\python\cpython-3.12-windows-x86_64-none\Lib\threading.py", line 1075, in _bootstrap_inner
    self.run()
  File "C:\Users\66353\AppData\Roaming\uv\python\cpython-3.12-windows-x86_64-none\Lib\threading.py", line 1012, in run
    self._target(*self._args, **self._kwargs)
  File "C:\Users\66353\AppData\Roaming\uv\python\cpython-3.12-windows-x86_64-none\Lib\subprocess.py", line 1599, in _readerthread
    buffer.append(fh.read())
                  ^^^^^^^^^
  File "<frozen codecs>", line 322, in decode
UnicodeDecodeError: 'utf-8' codec can't decode byte 0xb7 in position 15: invalid start byte
[09:32:02] 腾讯实时异常: argument of type 'NoneType' is not iterable
[09:32:02] 取数失败 streak=2
[09:33:02] iFinD 实时 errorcode=-1010
Exception in thread Thread-5 (_readerthread):
Traceback (most recent call last):
  File "C:\Users\66353\AppData\Roaming\uv\python\cpython-3.12-windows-x86_64-none\Lib\threading.py", line 1075, in _bootstrap_inner
    self.run()
  File "C:\Users\66353\AppData\Roaming\uv\python\cpython-3.12-windows-x86_64-none\Lib\threading.py", line 1012, in run
    self._target(*self._args, **self._kwargs)
  File "C:\Users\66353\AppData\Roaming\uv\python\cpython-3.12-windows-x86_64-none\Lib\subprocess.py", line 1599, in _readerthread
    buffer.append(fh.read())
                  ^^^^^^^^^
  File "<frozen codecs>", line 322, in decode
UnicodeDecodeError: 'utf-8' codec can't decode byte 0xb7 in position 15: invalid start byte
[09:33:02] 腾讯实时异常: argument of type 'NoneType' is not iterable
[09:33:02] 取数失败 streak=3
[09:34:03] iFinD 实时 errorcode=-1010
Exception in thread Thread-7 (_readerthread):
Traceback (most recent call last):
  File "C:\Users\66353\AppData\Roaming\uv\python\cpython-3.12-windows-x86_64-none\Lib\threading.py", line 1075, in _bootstrap_inner
    self.run()
  File "C:\Users\66353\AppData\Roaming\uv\python\cpython-3.12-windows-x86_64-none\Lib\threading.py", line 1012, in run
    self._target(*self._args, **self._kwargs)
  File "C:\Users\66353\AppData\Roaming\uv\python\cpython-3.12-windows-x86_64-none\Lib\subprocess.py", line 1599, in _readerthread
    buffer.append(fh.read())
                  ^^^^^^^^^
  File "<frozen codecs>", line 322, in decode
UnicodeDecodeError: 'utf-8' codec can't decode byte 0xb7 in position 15: invalid start byte
[09:34:03] 腾讯实时异常: argument of type 'NoneType' is not iterable
[09:34:03] 取数失败 streak=4
[09:35:03] iFinD 实时 errorcode=-1010
Exception in thread Thread-9 (_readerthread):
Traceback (most recent call last):
  File "C:\Users\66353\AppData\Roaming\uv\python\cpython-3.12-windows-x86_64-none\Lib\threading.py", line 1075, in _bootstrap_inner
    self.run()
  File "C:\Users\66353\AppData\Roaming\uv\python\cpython-3.12-windows-x86_64-none\Lib\threading.py", line 1012, in run
    self._target(*self._args, **self._kwargs)
  File "C:\Users\66353\AppData\Roaming\uv\python\cpython-3.12-windows-x86_64-none\Lib\subprocess.py", line 1599, in _readerthread
    buffer.append(fh.read())
                  ^^^^^^^^^
  File "<frozen codecs>", line 322, in decode
UnicodeDecodeError: 'utf-8' codec can't decode byte 0xb7 in position 15: invalid start byte
[09:35:03] 腾讯实时异常: argument of type 'NoneType' is not iterable
[09:35:03] 取数失败 streak=5
[09:36:03] iFinD 实时 errorcode=-1010
Exception in thread Thread-11 (_readerthread):
Traceback (most recent call last):
  File "C:\Users\66353\AppData\Roaming\uv\python\cpython-3.12-windows-x86_64-none\Lib\threading.py", line 1075, in _bootstrap_inner
    self.run()
  File "C:\Users\66353\AppData\Roaming\uv\python\cpython-3.12-windows-x86_64-none\Lib\threading.py", line 1012, in run
    self._target(*self._args, **self._kwargs)
  File "C:\Users\66353\AppData\Roaming\uv\python\cpython-3.12-windows-x86_64-none\Lib\subprocess.py", line 1599, in _readerthread
    buffer.append(fh.read())
                  ^^^^^^^^^
  File "<frozen codecs>", line 322, in decode
UnicodeDecodeError: 'utf-8' codec can't decode byte 0xb7 in position 15: invalid start byte
[09:36:04] 腾讯实时异常: argument of type 'NoneType' is not iterable
[09:36:04] 取数失败 streak=6
[09:37:04] iFinD 实时 errorcode=-1010
Exception in thread Thread-13 (_readerthread):
Traceback (most recent call last):
  File "C:\Users\66353\AppData\Roaming\uv\python\cpython-3.12-windows-x86_64-none\Lib\threading.py", line 1075, in _bootstrap_inner
    self.run()
  File "C:\Users\66353\AppData\Roaming\uv\python\cpython-3.12-windows-x86_64-none\Lib\threading.py", line 1012, in run
    self._target(*self._args, **self._kwargs)
  File "C:\Users\66353\AppData\Roaming\uv\python\cpython-3.12-windows-x86_64-none\Lib\subprocess.py", line 1599, in _readerthread
    buffer.append(fh.read())
                  ^^^^^^^^^
  File "<frozen codecs>", line 322, in decode
UnicodeDecodeError: 'utf-8' codec can't decode byte 0xb7 in position 15: invalid start byte
[09:37:04] 腾讯实时异常: argument of type 'NoneType' is not iterable
[09:37:04] 取数失败 streak=7
[09:38:04] iFinD 实时 errorcode=-1010
Exception in thread Thread-15 (_readerthread):
Traceback (most recent call last):
  File "C:\Users\66353\AppData\Roaming\uv\python\cpython-3.12-windows-x86_64-none\Lib\threading.py", line 1075, in _bootstrap_inner
    self.run()
  File "C:\Users\66353\AppData\Roaming\uv\python\cpython-3.12-windows-x86_64-none\Lib\threading.py", line 1012, in run
    self._target(*self._args, **self._kwargs)
  File "C:\Users\66353\AppData\Roaming\uv\python\cpython-3.12-windows-x86_64-none\Lib\subprocess.py", line 1599, in _readerthread
    buffer.append(fh.read())
                  ^^^^^^^^^
  File "<frozen codecs>", line 322, in decode
UnicodeDecodeError: 'utf-8' codec can't decode byte 0xb7 in position 15: invalid start byte
[09:38:04] 腾讯实时异常: argument of type 'NoneType' is not iterable
[09:38:04] 取数失败 streak=8
[09:39:04] iFinD 实时 errorcode=-1010
Exception in thread Thread-17 (_readerthread):
Traceback (most recent call last):
  File "C:\Users\66353\AppData\Roaming\uv\python\cpython-3.12-windows-x86_64-none\Lib\threading.py", line 1075, in _bootstrap_inner
    self.run()
  File "C:\Users\66353\AppData\Roaming\uv\python\cpython-3.12-windows-x86_64-none\Lib\threading.py", line 1012, in run
    self._target(*self._args, **self._kwargs)
  File "C:\Users\66353\AppData\Roaming\uv\python\cpython-3.12-windows-x86_64-none\Lib\subprocess.py", line 1599, in _readerthread
    buffer.append(fh.read())
                  ^^^^^^^^^
  File "<frozen codecs>", line 322, in decode
UnicodeDecodeError: 'utf-8' codec can't decode byte 0xb7 in position 15: invalid start byte
[09:39:05] 腾讯实时异常: argument of type 'NoneType' is not iterable
[09:39:05] 取数失败 streak=9
[09:40:05] iFinD 实时 errorcode=-1010
Exception in thread Thread-19 (_readerthread):
Traceback (most recent call last):
  File "C:\Users\66353\AppData\Roaming\uv\python\cpython-3.12-windows-x86_64-none\Lib\threading.py", line 1075, in _bootstrap_inner
    self.run()
  File "C:\Users\66353\AppData\Roaming\uv\python\cpython-3.12-windows-x86_64-none\Lib\threading.py", line 1012, in run
    self._target(*self._args, **self._kwargs)
  File "C:\Users\66353\AppData\Roaming\uv\python\cpython-3.12-windows-x86_64-none\Lib\subprocess.py", line 1599, in _readerthread
    buffer.append(fh.read())
                  ^^^^^^^^^
  File "<frozen codecs>", line 322, in decode
UnicodeDecodeError: 'utf-8' codec can't decode byte 0xb7 in position 15: invalid start byte
[09:40:05] 腾讯实时异常: argument of type 'NoneType' is not iterable
[09:40:05] 取数失败 streak=10
[09:41:05] iFinD 实时 errorcode=-1010
Exception in thread Thread-21 (_readerthread):
Traceback (most recent call last):
  File "C:\Users\66353\AppData\Roaming\uv\python\cpython-3.12-windows-x86_64-none\Lib\threading.py", line 1075, in _bootstrap_inner
    self.run()
  File "C:\Users\66353\AppData\Roaming\uv\python\cpython-3.12-windows-x86_64-none\Lib\threading.py", line 1012, in run
    self._target(*self._args, **self._kwargs)
  File "C:\Users\66353\AppData\Roaming\uv\python\cpython-3.12-windows-x86_64-none\Lib\subprocess.py", line 1599, in _readerthread
    buffer.append(fh.read())
                  ^^^^^^^^^
  File "<frozen codecs>", line 322, in decode
UnicodeDecodeError: 'utf-8' codec can't decode byte 0xb7 in position 15: invalid start byte
[09:41:05] 腾讯实时异常: argument of type 'NoneType' is not iterable
[09:41:05] 取数失败 streak=11
[09:42:05] iFinD 实时 errorcode=-1010
Exception in thread Thread-23 (_readerthread):
Traceback (most recent call last):
  File "C:\Users\66353\AppData\Roaming\uv\python\cpython-3.12-windows-x86_64-none\Lib\threading.py", line 1075, in _bootstrap_inner
    self.run()
  File "C:\Users\66353\AppData\Roaming\uv\python\cpython-3.12-windows-x86_64-none\Lib\threading.py", line 1012, in run
    self._target(*self._args, **self._kwargs)
  File "C:\Users\66353\AppData\Roaming\uv\python\cpython-3.12-windows-x86_64-none\Lib\subprocess.py", line 1599, in _readerthread
    buffer.append(fh.read())
                  ^^^^^^^^^
  File "<frozen codecs>", line 322, in decode
UnicodeDecodeError: 'utf-8' codec can't decode byte 0xb7 in position 15: invalid start byte
[09:42:06] 腾讯实时异常: argument of type 'NoneType' is not iterable
[09:42:06] 取数失败 streak=12
[09:43:06] iFinD 实时 errorcode=-1010
Exception in thread Thread-25 (_readerthread):
Traceback (most recent call last):
  File "C:\Users\66353\AppData\Roaming\uv\python\cpython-3.12-windows-x86_64-none\Lib\threading.py", line 1075, in _bootstrap_inner
    self.run()
  File "C:\Users\66353\AppData\Roaming\uv\python\cpython-3.12-windows-x86_64-none\Lib\threading.py", line 1012, in run
    self._target(*self._args, **self._kwargs)
  File "C:\Users\66353\AppData\Roaming\uv\python\cpython-3.12-windows-x86_64-none\Lib\subprocess.py", line 1599, in _readerthread
    buffer.append(fh.read())
                  ^^^^^^^^^
  File "<frozen codecs>", line 322, in decode
UnicodeDecodeError: 'utf-8' codec can't decode byte 0xb7 in position 15: invalid start byte
[09:43:06] 腾讯实时异常: argument of type 'NoneType' is not iterable
[09:43:06] 取数失败 streak=13
[09:44:06] iFinD 实时 errorcode=-1010
Exception in thread Thread-27 (_readerthread):
Traceback (most recent call last):
  File "C:\Users\66353\AppData\Roaming\uv\python\cpython-3.12-windows-x86_64-none\Lib\threading.py", line 1075, in _bootstrap_inner
    self.run()
  File "C:\Users\66353\AppData\Roaming\uv\python\cpython-3.12-windows-x86_64-none\Lib\threading.py", line 1012, in run
    self._target(*self._args, **self._kwargs)
  File "C:\Users\66353\AppData\Roaming\uv\python\cpython-3.12-windows-x86_64-none\Lib\subprocess.py", line 1599, in _readerthread
    buffer.append(fh.read())
                  ^^^^^^^^^
  File "<frozen codecs>", line 322, in decode
UnicodeDecodeError: 'utf-8' codec can't decode byte 0xb7 in position 15: invalid start byte
[09:44:06] 腾讯实时异常: argument of type 'NoneType' is not iterable
[09:44:06] 取数失败 streak=14
[09:45:06] iFinD 实时 errorcode=-1010
Exception in thread Thread-29 (_readerthread):
Traceback (most recent call last):
  File "C:\Users\66353\AppData\Roaming\uv\python\cpython-3.12-windows-x86_64-none\Lib\threading.py", line 1075, in _bootstrap_inner
    self.run()
  File "C:\Users\66353\AppData\Roaming\uv\python\cpython-3.12-windows-x86_64-none\Lib\threading.py", line 1012, in run
    self._target(*self._args, **self._kwargs)
  File "C:\Users\66353\AppData\Roaming\uv\python\cpython-3.12-windows-x86_64-none\Lib\subprocess.py", line 1599, in _readerthread
    buffer.append(fh.read())
                  ^^^^^^^^^
  File "<frozen codecs>", line 322, in decode
UnicodeDecodeError: 'utf-8' codec can't decode byte 0xb7 in position 15: invalid start byte
[09:45:06] 腾讯实时异常: argument of type 'NoneType' is not iterable
[09:45:06] 取数失败 streak=15
[09:46:07] iFinD 实时 errorcode=-1010
Exception in thread Thread-31 (_readerthread):
Traceback (most recent call last):
  File "C:\Users\66353\AppData\Roaming\uv\python\cpython-3.12-windows-x86_64-none\Lib\threading.py", line 1075, in _bootstrap_inner
    self.run()
  File "C:\Users\66353\AppData\Roaming\uv\python\cpython-3.12-windows-x86_64-none\Lib\threading.py", line 1012, in run
    self._target(*self._args, **self._kwargs)
  File "C:\Users\66353\AppData\Roaming\uv\python\cpython-3.12-windows-x86_64-none\Lib\subprocess.py", line 1599, in _readerthread
    buffer.append(fh.read())
                  ^^^^^^^^^
  File "<frozen codecs>", line 322, in decode
UnicodeDecodeError: 'utf-8' codec can't decode byte 0xb7 in position 15: invalid start byte
[09:46:07] 腾讯实时异常: argument of type 'NoneType' is not iterable
[09:46:07] 取数失败 streak=16
[09:47:07] iFinD 实时 errorcode=-1010
Exception in thread Thread-33 (_readerthread):
Traceback (most recent call last):
  File "C:\Users\66353\AppData\Roaming\uv\python\cpython-3.12-windows-x86_64-none\Lib\threading.py", line 1075, in _bootstrap_inner
    self.run()
  File "C:\Users\66353\AppData\Roaming\uv\python\cpython-3.12-windows-x86_64-none\Lib\threading.py", line 1012, in run
    self._target(*self._args, **self._kwargs)
  File "C:\Users\66353\AppData\Roaming\uv\python\cpython-3.12-windows-x86_64-none\Lib\subprocess.py", line 1599, in _readerthread
    buffer.append(fh.read())
                  ^^^^^^^^^
  File "<frozen codecs>", line 322, in decode
UnicodeDecodeError: 'utf-8' codec can't decode byte 0xb7 in position 15: invalid start byte
[09:47:07] 腾讯实时异常: argument of type 'NoneType' is not iterable
[09:47:07] 取数失败 streak=17
[09:48:07] iFinD 实时 errorcode=-1010
Exception in thread Thread-35 (_readerthread):
Traceback (most recent call last):
  File "C:\Users\66353\AppData\Roaming\uv\python\cpython-3.12-windows-x86_64-none\Lib\threading.py", line 1075, in _bootstrap_inner
    self.run()
  File "C:\Users\66353\AppData\Roaming\uv\python\cpython-3.12-windows-x86_64-none\Lib\threading.py", line 1012, in run
    self._target(*self._args, **self._kwargs)
  File "C:\Users\66353\AppData\Roaming\uv\python\cpython-3.12-windows-x86_64-none\Lib\subprocess.py", line 1599, in _readerthread
    buffer.append(fh.read())
                  ^^^^^^^^^
  File "<frozen codecs>", line 322, in decode
UnicodeDecodeError: 'utf-8' codec can't decode byte 0xb7 in position 15: invalid start byte
[09:48:07] 腾讯实时异常: argument of type 'NoneType' is not iterable
[09:48:07] 取数失败 streak=18
[09:49:08] iFinD 实时 errorcode=-1010
Exception in thread Thread-37 (_readerthread):
Traceback (most recent call last):
  File "C:\Users\66353\AppData\Roaming\uv\python\cpython-3.12-windows-x86_64-none\Lib\threading.py", line 1075, in _bootstrap_inner
    self.run()
  File "C:\Users\66353\AppData\Roaming\uv\python\cpython-3.12-windows-x86_64-none\Lib\threading.py", line 1012, in run
    self._target(*self._args, **self._kwargs)
  File "C:\Users\66353\AppData\Roaming\uv\python\cpython-3.12-windows-x86_64-none\Lib\subprocess.py", line 1599, in _readerthread
    buffer.append(fh.read())
                  ^^^^^^^^^
  File "<frozen codecs>", line 322, in decode
UnicodeDecodeError: 'utf-8' codec can't decode byte 0xb7 in position 15: invalid start byte
[09:49:08] 腾讯实时异常: argument of type 'NoneType' is not iterable
[09:49:08] 取数失败 streak=19
[09:50:08] iFinD 实时 errorcode=-1010
Exception in thread Thread-39 (_readerthread):
Traceback (most recent call last):
  File "C:\Users\66353\AppData\Roaming\uv\python\cpython-3.12-windows-x86_64-none\Lib\threading.py", line 1075, in _bootstrap_inner
    self.run()
  File "C:\Users\66353\AppData\Roaming\uv\python\cpython-3.12-windows-x86_64-none\Lib\threading.py", line 1012, in run
    self._target(*self._args, **self._kwargs)
  File "C:\Users\66353\AppData\Roaming\uv\python\cpython-3.12-windows-x86_64-none\Lib\subprocess.py", line 1599, in _readerthread
    buffer.append(fh.read())
                  ^^^^^^^^^
  File "<frozen codecs>", line 322, in decode
UnicodeDecodeError: 'utf-8' codec can't decode byte 0xb7 in position 15: invalid start byte
[09:50:08] 腾讯实时异常: argument of type 'NoneType' is not iterable
[09:50:08] 取数失败 streak=20
[09:51:09] iFinD 实时 errorcode=-1010
Exception in thread Thread-41 (_readerthread):
Traceback (most recent call last):
  File "C:\Users\66353\AppData\Roaming\uv\python\cpython-3.12-windows-x86_64-none\Lib\threading.py", line 1075, in _bootstrap_inner
    self.run()
  File "C:\Users\66353\AppData\Roaming\uv\python\cpython-3.12-windows-x86_64-none\Lib\threading.py", line 1012, in run
    self._target(*self._args, **self._kwargs)
  File "C:\Users\66353\AppData\Roaming\uv\python\cpython-3.12-windows-x86_64-none\Lib\subprocess.py", line 1599, in _readerthread
    buffer.append(fh.read())
                  ^^^^^^^^^
  File "<frozen codecs>", line 322, in decode
UnicodeDecodeError: 'utf-8' codec can't decode byte 0xb7 in position 15: invalid start byte
[09:51:09] 腾讯实时异常: argument of type 'NoneType' is not iterable
[09:51:09] 取数失败 streak=21
[09:52:09] iFinD 实时 errorcode=-1010
Exception in thread Thread-43 (_readerthread):
Traceback (most recent call last):
  File "C:\Users\66353\AppData\Roaming\uv\python\cpython-3.12-windows-x86_64-none\Lib\threading.py", line 1075, in _bootstrap_inner
    self.run()
  File "C:\Users\66353\AppData\Roaming\uv\python\cpython-3.12-windows-x86_64-none\Lib\threading.py", line 1012, in run
    self._target(*self._args, **self._kwargs)
  File "C:\Users\66353\AppData\Roaming\uv\python\cpython-3.12-windows-x86_64-none\Lib\subprocess.py", line 1599, in _readerthread
    buffer.append(fh.read())
                  ^^^^^^^^^
  File "<frozen codecs>", line 322, in decode
UnicodeDecodeError: 'utf-8' codec can't decode byte 0xb7 in position 15: invalid start byte
[09:52:10] 腾讯实时异常: argument of type 'NoneType' is not iterable
[09:52:10] 取数失败 streak=22
[09:53:10] iFinD 实时 errorcode=-1010
Exception in thread Thread-45 (_readerthread):
Traceback (most recent call last):
  File "C:\Users\66353\AppData\Roaming\uv\python\cpython-3.12-windows-x86_64-none\Lib\threading.py", line 1075, in _bootstrap_inner
    self.run()
  File "C:\Users\66353\AppData\Roaming\uv\python\cpython-3.12-windows-x86_64-none\Lib\threading.py", line 1012, in run
    self._target(*self._args, **self._kwargs)
  File "C:\Users\66353\AppData\Roaming\uv\python\cpython-3.12-windows-x86_64-none\Lib\subprocess.py", line 1599, in _readerthread
    buffer.append(fh.read())
                  ^^^^^^^^^
  File "<frozen codecs>", line 322, in decode
UnicodeDecodeError: 'utf-8' codec can't decode byte 0xb7 in position 15: invalid start byte
[09:53:10] 腾讯实时异常: argument of type 'NoneType' is not iterable
[09:53:10] 取数失败 streak=23
[09:54:10] iFinD 实时 errorcode=-1010
Exception in thread Thread-47 (_readerthread):
Traceback (most recent call last):
  File "C:\Users\66353\AppData\Roaming\uv\python\cpython-3.12-windows-x86_64-none\Lib\threading.py", line 1075, in _bootstrap_inner
    self.run()
  File "C:\Users\66353\AppData\Roaming\uv\python\cpython-3.12-windows-x86_64-none\Lib\threading.py", line 1012, in run
    self._target(*self._args, **self._kwargs)
  File "C:\Users\66353\AppData\Roaming\uv\python\cpython-3.12-windows-x86_64-none\Lib\subprocess.py", line 1599, in _readerthread
    buffer.append(fh.read())
                  ^^^^^^^^^
  File "<frozen codecs>", line 322, in decode
UnicodeDecodeError: 'utf-8' codec can't decode byte 0xb7 in position 15: invalid start byte
[09:54:10] 腾讯实时异常: argument of type 'NoneType' is not iterable
[09:54:10] 取数失败 streak=24
[09:55:10] iFinD 实时 errorcode=-1010
Exception in thread Thread-49 (_readerthread):
Traceback (most recent call last):
  File "C:\Users\66353\AppData\Roaming\uv\python\cpython-3.12-windows-x86_64-none\Lib\threading.py", line 1075, in _bootstrap_inner
    self.run()
  File "C:\Users\66353\AppData\Roaming\uv\python\cpython-3.12-windows-x86_64-none\Lib\threading.py", line 1012, in run
    self._target(*self._args, **self._kwargs)
  File "C:\Users\66353\AppData\Roaming\uv\python\cpython-3.12-windows-x86_64-none\Lib\subprocess.py", line 1599, in _readerthread
    buffer.append(fh.read())
                  ^^^^^^^^^
  File "<frozen codecs>", line 322, in decode
UnicodeDecodeError: 'utf-8' codec can't decode byte 0xb7 in position 15: invalid start byte
[09:55:11] 腾讯实时异常: argument of type 'NoneType' is not iterable
[09:55:11] 取数失败 streak=25
[09:56:11] iFinD 实时 errorcode=-1010
Exception in thread Thread-51 (_readerthread):
Traceback (most recent call last):
  File "C:\Users\66353\AppData\Roaming\uv\python\cpython-3.12-windows-x86_64-none\Lib\threading.py", line 1075, in _bootstrap_inner
    self.run()
  File "C:\Users\66353\AppData\Roaming\uv\python\cpython-3.12-windows-x86_64-none\Lib\threading.py", line 1012, in run
    self._target(*self._args, **self._kwargs)
  File "C:\Users\66353\AppData\Roaming\uv\python\cpython-3.12-windows-x86_64-none\Lib\subprocess.py", line 1599, in _readerthread
    buffer.append(fh.read())
                  ^^^^^^^^^
  File "<frozen codecs>", line 322, in decode
UnicodeDecodeError: 'utf-8' codec can't decode byte 0xb7 in position 15: invalid start byte
[09:56:11] 腾讯实时异常: argument of type 'NoneType' is not iterable
[09:56:11] 取数失败 streak=26
[09:57:11] iFinD 实时 errorcode=-1010
Exception in thread Thread-53 (_readerthread):
Traceback (most recent call last):
  File "C:\Users\66353\AppData\Roaming\uv\python\cpython-3.12-windows-x86_64-none\Lib\threading.py", line 1075, in _bootstrap_inner
    self.run()
  File "C:\Users\66353\AppData\Roaming\uv\python\cpython-3.12-windows-x86_64-none\Lib\threading.py", line 1012, in run
    self._target(*self._args, **self._kwargs)
  File "C:\Users\66353\AppData\Roaming\uv\python\cpython-3.12-windows-x86_64-none\Lib\subprocess.py", line 1599, in _readerthread
    buffer.append(fh.read())
                  ^^^^^^^^^
  File "<frozen codecs>", line 322, in decode
UnicodeDecodeError: 'utf-8' codec can't decode byte 0xb7 in position 15: invalid start byte
[09:57:11] 腾讯实时异常: argument of type 'NoneType' is not iterable
[09:57:11] 取数失败 streak=27
[09:58:11] iFinD 实时 errorcode=-1010
Exception in thread Thread-55 (_readerthread):
Traceback (most recent call last):
  File "C:\Users\66353\AppData\Roaming\uv\python\cpython-3.12-windows-x86_64-none\Lib\threading.py", line 1075, in _bootstrap_inner
    self.run()
  File "C:\Users\66353\AppData\Roaming\uv\python\cpython-3.12-windows-x86_64-none\Lib\threading.py", line 1012, in run
    self._target(*self._args, **self._kwargs)
  File "C:\Users\66353\AppData\Roaming\uv\python\cpython-3.12-windows-x86_64-none\Lib\subprocess.py", line 1599, in _readerthread
    buffer.append(fh.read())
                  ^^^^^^^^^
  File "<frozen codecs>", line 322, in decode
UnicodeDecodeError: 'utf-8' codec can't decode byte 0xb7 in position 15: invalid start byte
[09:58:11] 腾讯实时异常: argument of type 'NoneType' is not iterable
[09:58:11] 取数失败 streak=28
[09:59:12] iFinD 实时 errorcode=-1010
Exception in thread Thread-57 (_readerthread):
Traceback (most recent call last):
  File "C:\Users\66353\AppData\Roaming\uv\python\cpython-3.12-windows-x86_64-none\Lib\threading.py", line 1075, in _bootstrap_inner
    self.run()
  File "C:\Users\66353\AppData\Roaming\uv\python\cpython-3.12-windows-x86_64-none\Lib\threading.py", line 1012, in run
    self._target(*self._args, **self._kwargs)
  File "C:\Users\66353\AppData\Roaming\uv\python\cpython-3.12-windows-x86_64-none\Lib\subprocess.py", line 1599, in _readerthread
    buffer.append(fh.read())
                  ^^^^^^^^^
  File "<frozen codecs>", line 322, in decode
UnicodeDecodeError: 'utf-8' codec can't decode byte 0xb7 in position 15: invalid start byte
[09:59:12] 腾讯实时异常: argument of type 'NoneType' is not iterable
[09:59:12] 取数失败 streak=29
[10:00:12] iFinD 实时 errorcode=-1010
Exception in thread Thread-59 (_readerthread):
Traceback (most recent call last):
  File "C:\Users\66353\AppData\Roaming\uv\python\cpython-3.12-windows-x86_64-none\Lib\threading.py", line 1075, in _bootstrap_inner
    self.run()
  File "C:\Users\66353\AppData\Roaming\uv\python\cpython-3.12-windows-x86_64-none\Lib\threading.py", line 1012, in run
    self._target(*self._args, **self._kwargs)
  File "C:\Users\66353\AppData\Roaming\uv\python\cpython-3.12-windows-x86_64-none\Lib\subprocess.py", line 1599, in _readerthread
    buffer.append(fh.read())
                  ^^^^^^^^^
  File "<frozen codecs>", line 322, in decode
UnicodeDecodeError: 'utf-8' codec can't decode byte 0xb7 in position 15: invalid start byte
[10:00:12] 腾讯实时异常: argument of type 'NoneType' is not iterable
[10:00:12] 取数失败 streak=30
[10:00:12] 连续30分钟全源失败, 报警退出
[09:14:33] 观察池=昨日涨停池 D:\股票数据\市场数据\20260819\zt_pool.csv (36只)
D:\股票数据\.venv312\Lib\site-packages\iFinDPy.pth
[09:14:36] iFinD login rc=0
[09:14:36] 连续段启动
[09:31:07] iFinD 实时 errorcode=-1010
Exception in thread Thread-1 (_readerthread):
Traceback (most recent call last):
  File "C:\Users\66353\AppData\Roaming\uv\python\cpython-3.12-windows-x86_64-none\Lib\threading.py", line 1075, in _bootstrap_inner
    self.run()
  File "C:\Users\66353\AppData\Roaming\uv\python\cpython-3.12-windows-x86_64-none\Lib\threading.py", line 1012, in run
    self._target(*self._args, **self._kwargs)
  File "C:\Users\66353\AppData\Roaming\uv\python\cpython-3.12-windows-x86_64-none\Lib\subprocess.py", line 1599, in _readerthread
    buffer.append(fh.read())
                  ^^^^^^^^^
  File "<frozen codecs>", line 322, in decode
UnicodeDecodeError: 'utf-8' codec can't decode byte 0xc2 in position 15: invalid continuation byte
[09:31:07] 腾讯实时异常: argument of type 'NoneType' is not iterable
[09:31:07] 取数失败 streak=1
[09:32:07] iFinD 实时 errorcode=-1010
Exception in thread Thread-3 (_readerthread):
Traceback (most recent call last):
  File "C:\Users\66353\AppData\Roaming\uv\python\cpython-3.12-windows-x86_64-none\Lib\threading.py", line 1075, in _bootstrap_inner
    self.run()
  File "C:\Users\66353\AppData\Roaming\uv\python\cpython-3.12-windows-x86_64-none\Lib\threading.py", line 1012, in run
    self._target(*self._args, **self._kwargs)
  File "C:\Users\66353\AppData\Roaming\uv\python\cpython-3.12-windows-x86_64-none\Lib\subprocess.py", line 1599, in _readerthread
    buffer.append(fh.read())
                  ^^^^^^^^^
  File "<frozen codecs>", line 322, in decode
UnicodeDecodeError: 'utf-8' codec can't decode byte 0xc2 in position 15: invalid continuation byte
[09:32:07] 腾讯实时异常: argument of type 'NoneType' is not iterable
[09:32:07] 取数失败 streak=2
[09:33:08] iFinD 实时 errorcode=-1010
Exception in thread Thread-5 (_readerthread):
Traceback (most recent call last):
  File "C:\Users\66353\AppData\Roaming\uv\python\cpython-3.12-windows-x86_64-none\Lib\threading.py", line 1075, in _bootstrap_inner
    self.run()
  File "C:\Users\66353\AppData\Roaming\uv\python\cpython-3.12-windows-x86_64-none\Lib\threading.py", line 1012, in run
    self._target(*self._args, **self._kwargs)
  File "C:\Users\66353\AppData\Roaming\uv\python\cpython-3.12-windows-x86_64-none\Lib\subprocess.py", line 1599, in _readerthread
    buffer.append(fh.read())
                  ^^^^^^^^^
  File "<frozen codecs>", line 322, in decode
UnicodeDecodeError: 'utf-8' codec can't decode byte 0xc2 in position 15: invalid continuation byte
[09:33:08] 腾讯实时异常: argument of type 'NoneType' is not iterable
[09:33:08] 取数失败 streak=3
[09:34:08] iFinD 实时 errorcode=-1010
Exception in thread Thread-7 (_readerthread):
Traceback (most recent call last):
  File "C:\Users\66353\AppData\Roaming\uv\python\cpython-3.12-windows-x86_64-none\Lib\threading.py", line 1075, in _bootstrap_inner
    self.run()
  File "C:\Users\66353\AppData\Roaming\uv\python\cpython-3.12-windows-x86_64-none\Lib\threading.py", line 1012, in run
    self._target(*self._args, **self._kwargs)
  File "C:\Users\66353\AppData\Roaming\uv\python\cpython-3.12-windows-x86_64-none\Lib\subprocess.py", line 1599, in _readerthread
    buffer.append(fh.read())
                  ^^^^^^^^^
  File "<frozen codecs>", line 322, in decode
UnicodeDecodeError: 'utf-8' codec can't decode byte 0xc2 in position 15: invalid continuation byte
[09:34:08] 腾讯实时异常: argument of type 'NoneType' is not iterable
[09:34:08] 取数失败 streak=4
[09:35:09] iFinD 实时 errorcode=-1010
Exception in thread Thread-9 (_readerthread):
Traceback (most recent call last):
  File "C:\Users\66353\AppData\Roaming\uv\python\cpython-3.12-windows-x86_64-none\Lib\threading.py", line 1075, in _bootstrap_inner
    self.run()
  File "C:\Users\66353\AppData\Roaming\uv\python\cpython-3.12-windows-x86_64-none\Lib\threading.py", line 1012, in run
    self._target(*self._args, **self._kwargs)
  File "C:\Users\66353\AppData\Roaming\uv\python\cpython-3.12-windows-x86_64-none\Lib\subprocess.py", line 1599, in _readerthread
    buffer.append(fh.read())
                  ^^^^^^^^^
  File "<frozen codecs>", line 322, in decode
UnicodeDecodeError: 'utf-8' codec can't decode byte 0xc2 in position 15: invalid continuation byte
[09:35:09] 腾讯实时异常: argument of type 'NoneType' is not iterable
[09:35:09] 取数失败 streak=5
[09:36:09] iFinD 实时 errorcode=-1010
Exception in thread Thread-11 (_readerthread):
Traceback (most recent call last):
  File "C:\Users\66353\AppData\Roaming\uv\python\cpython-3.12-windows-x86_64-none\Lib\threading.py", line 1075, in _bootstrap_inner
    self.run()
  File "C:\Users\66353\AppData\Roaming\uv\python\cpython-3.12-windows-x86_64-none\Lib\threading.py", line 1012, in run
    self._target(*self._args, **self._kwargs)
  File "C:\Users\66353\AppData\Roaming\uv\python\cpython-3.12-windows-x86_64-none\Lib\subprocess.py", line 1599, in _readerthread
    buffer.append(fh.read())
                  ^^^^^^^^^
  File "<frozen codecs>", line 322, in decode
UnicodeDecodeError: 'utf-8' codec can't decode byte 0xc2 in position 15: invalid continuation byte
[09:36:09] 腾讯实时异常: argument of type 'NoneType' is not iterable
[09:36:09] 取数失败 streak=6
[09:37:09] iFinD 实时 errorcode=-1010
Exception in thread Thread-13 (_readerthread):
Traceback (most recent call last):
  File "C:\Users\66353\AppData\Roaming\uv\python\cpython-3.12-windows-x86_64-none\Lib\threading.py", line 1075, in _bootstrap_inner
    self.run()
  File "C:\Users\66353\AppData\Roaming\uv\python\cpython-3.12-windows-x86_64-none\Lib\threading.py", line 1012, in run
    self._target(*self._args, **self._kwargs)
  File "C:\Users\66353\AppData\Roaming\uv\python\cpython-3.12-windows-x86_64-none\Lib\subprocess.py", line 1599, in _readerthread
    buffer.append(fh.read())
                  ^^^^^^^^^
  File "<frozen codecs>", line 322, in decode
UnicodeDecodeError: 'utf-8' codec can't decode byte 0xc2 in position 15: invalid continuation byte
[09:37:09] 腾讯实时异常: argument of type 'NoneType' is not iterable
[09:37:09] 取数失败 streak=7
[09:38:10] iFinD 实时 errorcode=-1010
Exception in thread Thread-15 (_readerthread):
Traceback (most recent call last):
  File "C:\Users\66353\AppData\Roaming\uv\python\cpython-3.12-windows-x86_64-none\Lib\threading.py", line 1075, in _bootstrap_inner
    self.run()
  File "C:\Users\66353\AppData\Roaming\uv\python\cpython-3.12-windows-x86_64-none\Lib\threading.py", line 1012, in run
    self._target(*self._args, **self._kwargs)
  File "C:\Users\66353\AppData\Roaming\uv\python\cpython-3.12-windows-x86_64-none\Lib\subprocess.py", line 1599, in _readerthread
    buffer.append(fh.read())
                  ^^^^^^^^^
  File "<frozen codecs>", line 322, in decode
UnicodeDecodeError: 'utf-8' codec can't decode byte 0xc2 in position 15: invalid continuation byte
[09:38:10] 腾讯实时异常: argument of type 'NoneType' is not iterable
[09:38:10] 取数失败 streak=8
[09:39:10] iFinD 实时 errorcode=-1010
Exception in thread Thread-17 (_readerthread):
Traceback (most recent call last):
  File "C:\Users\66353\AppData\Roaming\uv\python\cpython-3.12-windows-x86_64-none\Lib\threading.py", line 1075, in _bootstrap_inner
    self.run()
  File "C:\Users\66353\AppData\Roaming\uv\python\cpython-3.12-windows-x86_64-none\Lib\threading.py", line 1012, in run
    self._target(*self._args, **self._kwargs)
  File "C:\Users\66353\AppData\Roaming\uv\python\cpython-3.12-windows-x86_64-none\Lib\subprocess.py", line 1599, in _readerthread
    buffer.append(fh.read())
                  ^^^^^^^^^
  File "<frozen codecs>", line 322, in decode
UnicodeDecodeError: 'utf-8' codec can't decode byte 0xc2 in position 15: invalid continuation byte
[09:39:10] 腾讯实时异常: argument of type 'NoneType' is not iterable
[09:39:10] 取数失败 streak=9
[09:40:11] iFinD 实时 errorcode=-1010
Exception in thread Thread-19 (_readerthread):
Traceback (most recent call last):
  File "C:\Users\66353\AppData\Roaming\uv\python\cpython-3.12-windows-x86_64-none\Lib\threading.py", line 1075, in _bootstrap_inner
    self.run()
  File "C:\Users\66353\AppData\Roaming\uv\python\cpython-3.12-windows-x86_64-none\Lib\threading.py", line 1012, in run
    self._target(*self._args, **self._kwargs)
  File "C:\Users\66353\AppData\Roaming\uv\python\cpython-3.12-windows-x86_64-none\Lib\subprocess.py", line 1599, in _readerthread
    buffer.append(fh.read())
                  ^^^^^^^^^
  File "<frozen codecs>", line 322, in decode
UnicodeDecodeError: 'utf-8' codec can't decode byte 0xc2 in position 15: invalid continuation byte
[09:40:11] 腾讯实时异常: argument of type 'NoneType' is not iterable
[09:40:11] 取数失败 streak=10
[09:41:11] iFinD 实时 errorcode=-1010
Exception in thread Thread-21 (_readerthread):
Traceback (most recent call last):
  File "C:\Users\66353\AppData\Roaming\uv\python\cpython-3.12-windows-x86_64-none\Lib\threading.py", line 1075, in _bootstrap_inner
    self.run()
  File "C:\Users\66353\AppData\Roaming\uv\python\cpython-3.12-windows-x86_64-none\Lib\threading.py", line 1012, in run
    self._target(*self._args, **self._kwargs)
  File "C:\Users\66353\AppData\Roaming\uv\python\cpython-3.12-windows-x86_64-none\Lib\subprocess.py", line 1599, in _readerthread
    buffer.append(fh.read())
                  ^^^^^^^^^
  File "<frozen codecs>", line 322, in decode
UnicodeDecodeError: 'utf-8' codec can't decode byte 0xc2 in position 15: invalid continuation byte
[09:41:11] 腾讯实时异常: argument of type 'NoneType' is not iterable
[09:41:11] 取数失败 streak=11
[09:42:11] iFinD 实时 errorcode=-1010
Exception in thread Thread-23 (_readerthread):
Traceback (most recent call last):
  File "C:\Users\66353\AppData\Roaming\uv\python\cpython-3.12-windows-x86_64-none\Lib\threading.py", line 1075, in _bootstrap_inner
    self.run()
  File "C:\Users\66353\AppData\Roaming\uv\python\cpython-3.12-windows-x86_64-none\Lib\threading.py", line 1012, in run
    self._target(*self._args, **self._kwargs)
  File "C:\Users\66353\AppData\Roaming\uv\python\cpython-3.12-windows-x86_64-none\Lib\subprocess.py", line 1599, in _readerthread
    buffer.append(fh.read())
                  ^^^^^^^^^
  File "<frozen codecs>", line 322, in decode
UnicodeDecodeError: 'utf-8' codec can't decode byte 0xc2 in position 15: invalid continuation byte
[09:42:12] 腾讯实时异常: argument of type 'NoneType' is not iterable
[09:42:12] 取数失败 streak=12
[09:43:12] iFinD 实时 errorcode=-1010
Exception in thread Thread-25 (_readerthread):
Traceback (most recent call last):
  File "C:\Users\66353\AppData\Roaming\uv\python\cpython-3.12-windows-x86_64-none\Lib\threading.py", line 1075, in _bootstrap_inner
    self.run()
  File "C:\Users\66353\AppData\Roaming\uv\python\cpython-3.12-windows-x86_64-none\Lib\threading.py", line 1012, in run
    self._target(*self._args, **self._kwargs)
  File "C:\Users\66353\AppData\Roaming\uv\python\cpython-3.12-windows-x86_64-none\Lib\subprocess.py", line 1599, in _readerthread
    buffer.append(fh.read())
                  ^^^^^^^^^
  File "<frozen codecs>", line 322, in decode
UnicodeDecodeError: 'utf-8' codec can't decode byte 0xc2 in position 15: invalid continuation byte
[09:43:12] 腾讯实时异常: argument of type 'NoneType' is not iterable
[09:43:12] 取数失败 streak=13
[09:44:12] iFinD 实时 errorcode=-1010
Exception in thread Thread-27 (_readerthread):
Traceback (most recent call last):
  File "C:\Users\66353\AppData\Roaming\uv\python\cpython-3.12-windows-x86_64-none\Lib\threading.py", line 1075, in _bootstrap_inner
    self.run()
  File "C:\Users\66353\AppData\Roaming\uv\python\cpython-3.12-windows-x86_64-none\Lib\threading.py", line 1012, in run
    self._target(*self._args, **self._kwargs)
  File "C:\Users\66353\AppData\Roaming\uv\python\cpython-3.12-windows-x86_64-none\Lib\subprocess.py", line 1599, in _readerthread
    buffer.append(fh.read())
                  ^^^^^^^^^
  File "<frozen codecs>", line 322, in decode
UnicodeDecodeError: 'utf-8' codec can't decode byte 0xc2 in position 15: invalid continuation byte
[09:44:12] 腾讯实时异常: argument of type 'NoneType' is not iterable
[09:44:12] 取数失败 streak=14
[09:45:12] iFinD 实时 errorcode=-1010
Exception in thread Thread-29 (_readerthread):
Traceback (most recent call last):
  File "C:\Users\66353\AppData\Roaming\uv\python\cpython-3.12-windows-x86_64-none\Lib\threading.py", line 1075, in _bootstrap_inner
    self.run()
  File "C:\Users\66353\AppData\Roaming\uv\python\cpython-3.12-windows-x86_64-none\Lib\threading.py", line 1012, in run
    self._target(*self._args, **self._kwargs)
  File "C:\Users\66353\AppData\Roaming\uv\python\cpython-3.12-windows-x86_64-none\Lib\subprocess.py", line 1599, in _readerthread
    buffer.append(fh.read())
                  ^^^^^^^^^
  File "<frozen codecs>", line 322, in decode
UnicodeDecodeError: 'utf-8' codec can't decode byte 0xc2 in position 15: invalid continuation byte
[09:45:13] 腾讯实时异常: argument of type 'NoneType' is not iterable
[09:45:13] 取数失败 streak=15
[09:46:13] iFinD 实时 errorcode=-1010
Exception in thread Thread-31 (_readerthread):
Traceback (most recent call last):
  File "C:\Users\66353\AppData\Roaming\uv\python\cpython-3.12-windows-x86_64-none\Lib\threading.py", line 1075, in _bootstrap_inner
    self.run()
  File "C:\Users\66353\AppData\Roaming\uv\python\cpython-3.12-windows-x86_64-none\Lib\threading.py", line 1012, in run
    self._target(*self._args, **self._kwargs)
  File "C:\Users\66353\AppData\Roaming\uv\python\cpython-3.12-windows-x86_64-none\Lib\subprocess.py", line 1599, in _readerthread
    buffer.append(fh.read())
                  ^^^^^^^^^
  File "<frozen codecs>", line 322, in decode
UnicodeDecodeError: 'utf-8' codec can't decode byte 0xc2 in position 15: invalid continuation byte
[09:46:13] 腾讯实时异常: argument of type 'NoneType' is not iterable
[09:46:13] 取数失败 streak=16
[09:47:13] iFinD 实时 errorcode=-1010
Exception in thread Thread-33 (_readerthread):
Traceback (most recent call last):
  File "C:\Users\66353\AppData\Roaming\uv\python\cpython-3.12-windows-x86_64-none\Lib\threading.py", line 1075, in _bootstrap_inner
    self.run()
  File "C:\Users\66353\AppData\Roaming\uv\python\cpython-3.12-windows-x86_64-none\Lib\threading.py", line 1012, in run
    self._target(*self._args, **self._kwargs)
  File "C:\Users\66353\AppData\Roaming\uv\python\cpython-3.12-windows-x86_64-none\Lib\subprocess.py", line 1599, in _readerthread
    buffer.append(fh.read())
                  ^^^^^^^^^
  File "<frozen codecs>", line 322, in decode
UnicodeDecodeError: 'utf-8' codec can't decode byte 0xc2 in position 15: invalid continuation byte
[09:47:13] 腾讯实时异常: argument of type 'NoneType' is not iterable
[09:47:13] 取数失败 streak=17
[09:48:13] iFinD 实时 errorcode=-1010
Exception in thread Thread-35 (_readerthread):
Traceback (most recent call last):
  File "C:\Users\66353\AppData\Roaming\uv\python\cpython-3.12-windows-x86_64-none\Lib\threading.py", line 1075, in _bootstrap_inner
    self.run()
  File "C:\Users\66353\AppData\Roaming\uv\python\cpython-3.12-windows-x86_64-none\Lib\threading.py", line 1012, in run
    self._target(*self._args, **self._kwargs)
  File "C:\Users\66353\AppData\Roaming\uv\python\cpython-3.12-windows-x86_64-none\Lib\subprocess.py", line 1599, in _readerthread
    buffer.append(fh.read())
                  ^^^^^^^^^
  File "<frozen codecs>", line 322, in decode
UnicodeDecodeError: 'utf-8' codec can't decode byte 0xc2 in position 15: invalid continuation byte
[09:48:14] 腾讯实时异常: argument of type 'NoneType' is not iterable
[09:48:14] 取数失败 streak=18
[09:49:14] iFinD 实时 errorcode=-1010
Exception in thread Thread-37 (_readerthread):
Traceback (most recent call last):
  File "C:\Users\66353\AppData\Roaming\uv\python\cpython-3.12-windows-x86_64-none\Lib\threading.py", line 1075, in _bootstrap_inner
    self.run()
  File "C:\Users\66353\AppData\Roaming\uv\python\cpython-3.12-windows-x86_64-none\Lib\threading.py", line 1012, in run
    self._target(*self._args, **self._kwargs)
  File "C:\Users\66353\AppData\Roaming\uv\python\cpython-3.12-windows-x86_64-none\Lib\subprocess.py", line 1599, in _readerthread
    buffer.append(fh.read())
                  ^^^^^^^^^
  File "<frozen codecs>", line 322, in decode
UnicodeDecodeError: 'utf-8' codec can't decode byte 0xc2 in position 15: invalid continuation byte
[09:49:14] 腾讯实时异常: argument of type 'NoneType' is not iterable
[09:49:14] 取数失败 streak=19
[09:50:14] iFinD 实时 errorcode=-1010
Exception in thread Thread-39 (_readerthread):
Traceback (most recent call last):
  File "C:\Users\66353\AppData\Roaming\uv\python\cpython-3.12-windows-x86_64-none\Lib\threading.py", line 1075, in _bootstrap_inner
    self.run()
  File "C:\Users\66353\AppData\Roaming\uv\python\cpython-3.12-windows-x86_64-none\Lib\threading.py", line 1012, in run
    self._target(*self._args, **self._kwargs)
  File "C:\Users\66353\AppData\Roaming\uv\python\cpython-3.12-windows-x86_64-none\Lib\subprocess.py", line 1599, in _readerthread
    buffer.append(fh.read())
                  ^^^^^^^^^
  File "<frozen codecs>", line 322, in decode
UnicodeDecodeError: 'utf-8' codec can't decode byte 0xc2 in position 15: invalid continuation byte
[09:50:14] 腾讯实时异常: argument of type 'NoneType' is not iterable
[09:50:14] 取数失败 streak=20
[09:51:14] iFinD 实时 errorcode=-1010
Exception in thread Thread-41 (_readerthread):
Traceback (most recent call last):
  File "C:\Users\66353\AppData\Roaming\uv\python\cpython-3.12-windows-x86_64-none\Lib\threading.py", line 1075, in _bootstrap_inner
    self.run()
  File "C:\Users\66353\AppData\Roaming\uv\python\cpython-3.12-windows-x86_64-none\Lib\threading.py", line 1012, in run
    self._target(*self._args, **self._kwargs)
  File "C:\Users\66353\AppData\Roaming\uv\python\cpython-3.12-windows-x86_64-none\Lib\subprocess.py", line 1599, in _readerthread
    buffer.append(fh.read())
                  ^^^^^^^^^
  File "<frozen codecs>", line 322, in decode
UnicodeDecodeError: 'utf-8' codec can't decode byte 0xc2 in position 15: invalid continuation byte
[09:51:15] 腾讯实时异常: argument of type 'NoneType' is not iterable
[09:51:15] 取数失败 streak=21
[09:52:15] iFinD 实时 errorcode=-1010
Exception in thread Thread-43 (_readerthread):
Traceback (most recent call last):
  File "C:\Users\66353\AppData\Roaming\uv\python\cpython-3.12-windows-x86_64-none\Lib\threading.py", line 1075, in _bootstrap_inner
    self.run()
  File "C:\Users\66353\AppData\Roaming\uv\python\cpython-3.12-windows-x86_64-none\Lib\threading.py", line 1012, in run
    self._target(*self._args, **self._kwargs)
  File "C:\Users\66353\AppData\Roaming\uv\python\cpython-3.12-windows-x86_64-none\Lib\subprocess.py", line 1599, in _readerthread
    buffer.append(fh.read())
                  ^^^^^^^^^
  File "<frozen codecs>", line 322, in decode
UnicodeDecodeError: 'utf-8' codec can't decode byte 0xc2 in position 15: invalid continuation byte
[09:52:15] 腾讯实时异常: argument of type 'NoneType' is not iterable
[09:52:15] 取数失败 streak=22
[09:53:15] iFinD 实时 errorcode=-1010
Exception in thread Thread-45 (_readerthread):
Traceback (most recent call last):
  File "C:\Users\66353\AppData\Roaming\uv\python\cpython-3.12-windows-x86_64-none\Lib\threading.py", line 1075, in _bootstrap_inner
    self.run()
  File "C:\Users\66353\AppData\Roaming\uv\python\cpython-3.12-windows-x86_64-none\Lib\threading.py", line 1012, in run
    self._target(*self._args, **self._kwargs)
  File "C:\Users\66353\AppData\Roaming\uv\python\cpython-3.12-windows-x86_64-none\Lib\subprocess.py", line 1599, in _readerthread
    buffer.append(fh.read())
                  ^^^^^^^^^
  File "<frozen codecs>", line 322, in decode
UnicodeDecodeError: 'utf-8' codec can't decode byte 0xc2 in position 15: invalid continuation byte
[09:53:16] 腾讯实时异常: argument of type 'NoneType' is not iterable
[09:53:16] 取数失败 streak=23
[09:54:16] iFinD 实时 errorcode=-1010
Exception in thread Thread-47 (_readerthread):
Traceback (most recent call last):
  File "C:\Users\66353\AppData\Roaming\uv\python\cpython-3.12-windows-x86_64-none\Lib\threading.py", line 1075, in _bootstrap_inner
    self.run()
  File "C:\Users\66353\AppData\Roaming\uv\python\cpython-3.12-windows-x86_64-none\Lib\threading.py", line 1012, in run
    self._target(*self._args, **self._kwargs)
  File "C:\Users\66353\AppData\Roaming\uv\python\cpython-3.12-windows-x86_64-none\Lib\subprocess.py", line 1599, in _readerthread
    buffer.append(fh.read())
                  ^^^^^^^^^
  File "<frozen codecs>", line 322, in decode
UnicodeDecodeError: 'utf-8' codec can't decode byte 0xc2 in position 15: invalid continuation byte
[09:54:16] 腾讯实时异常: argument of type 'NoneType' is not iterable
[09:54:16] 取数失败 streak=24
[09:55:17] iFinD 实时 errorcode=-1010
Exception in thread Thread-49 (_readerthread):
Traceback (most recent call last):
  File "C:\Users\66353\AppData\Roaming\uv\python\cpython-3.12-windows-x86_64-none\Lib\threading.py", line 1075, in _bootstrap_inner
    self.run()
  File "C:\Users\66353\AppData\Roaming\uv\python\cpython-3.12-windows-x86_64-none\Lib\threading.py", line 1012, in run
    self._target(*self._args, **self._kwargs)
  File "C:\Users\66353\AppData\Roaming\uv\python\cpython-3.12-windows-x86_64-none\Lib\subprocess.py", line 1599, in _readerthread
    buffer.append(fh.read())
                  ^^^^^^^^^
  File "<frozen codecs>", line 322, in decode
UnicodeDecodeError: 'utf-8' codec can't decode byte 0xc2 in position 15: invalid continuation byte
[09:55:17] 腾讯实时异常: argument of type 'NoneType' is not iterable
[09:55:17] 取数失败 streak=25
[09:56:17] iFinD 实时 errorcode=-1010
Exception in thread Thread-51 (_readerthread):
Traceback (most recent call last):
  File "C:\Users\66353\AppData\Roaming\uv\python\cpython-3.12-windows-x86_64-none\Lib\threading.py", line 1075, in _bootstrap_inner
    self.run()
  File "C:\Users\66353\AppData\Roaming\uv\python\cpython-3.12-windows-x86_64-none\Lib\threading.py", line 1012, in run
    self._target(*self._args, **self._kwargs)
  File "C:\Users\66353\AppData\Roaming\uv\python\cpython-3.12-windows-x86_64-none\Lib\subprocess.py", line 1599, in _readerthread
    buffer.append(fh.read())
                  ^^^^^^^^^
  File "<frozen codecs>", line 322, in decode
UnicodeDecodeError: 'utf-8' codec can't decode byte 0xc2 in position 15: invalid continuation byte
[09:56:17] 腾讯实时异常: argument of type 'NoneType' is not iterable
[09:56:17] 取数失败 streak=26
[09:57:17] iFinD 实时 errorcode=-1010
Exception in thread Thread-53 (_readerthread):
Traceback (most recent call last):
  File "C:\Users\66353\AppData\Roaming\uv\python\cpython-3.12-windows-x86_64-none\Lib\threading.py", line 1075, in _bootstrap_inner
    self.run()
  File "C:\Users\66353\AppData\Roaming\uv\python\cpython-3.12-windows-x86_64-none\Lib\threading.py", line 1012, in run
    self._target(*self._args, **self._kwargs)
  File "C:\Users\66353\AppData\Roaming\uv\python\cpython-3.12-windows-x86_64-none\Lib\subprocess.py", line 1599, in _readerthread
    buffer.append(fh.read())
                  ^^^^^^^^^
  File "<frozen codecs>", line 322, in decode
UnicodeDecodeError: 'utf-8' codec can't decode byte 0xc2 in position 15: invalid continuation byte
[09:57:18] 腾讯实时异常: argument of type 'NoneType' is not iterable
[09:57:18] 取数失败 streak=27
[09:58:18] iFinD 实时 errorcode=-1010
Exception in thread Thread-55 (_readerthread):
Traceback (most recent call last):
  File "C:\Users\66353\AppData\Roaming\uv\python\cpython-3.12-windows-x86_64-none\Lib\threading.py", line 1075, in _bootstrap_inner
    self.run()
  File "C:\Users\66353\AppData\Roaming\uv\python\cpython-3.12-windows-x86_64-none\Lib\threading.py", line 1012, in run
    self._target(*self._args, **self._kwargs)
  File "C:\Users\66353\AppData\Roaming\uv\python\cpython-3.12-windows-x86_64-none\Lib\subprocess.py", line 1599, in _readerthread
    buffer.append(fh.read())
                  ^^^^^^^^^
  File "<frozen codecs>", line 322, in decode
UnicodeDecodeError: 'utf-8' codec can't decode byte 0xc2 in position 15: invalid continuation byte
[09:58:18] 腾讯实时异常: argument of type 'NoneType' is not iterable
[09:58:18] 取数失败 streak=28
[09:59:18] iFinD 实时 errorcode=-1010
Exception in thread Thread-57 (_readerthread):
Traceback (most recent call last):
  File "C:\Users\66353\AppData\Roaming\uv\python\cpython-3.12-windows-x86_64-none\Lib\threading.py", line 1075, in _bootstrap_inner
    self.run()
  File "C:\Users\66353\AppData\Roaming\uv\python\cpython-3.12-windows-x86_64-none\Lib\threading.py", line 1012, in run
    self._target(*self._args, **self._kwargs)
  File "C:\Users\66353\AppData\Roaming\uv\python\cpython-3.12-windows-x86_64-none\Lib\subprocess.py", line 1599, in _readerthread
    buffer.append(fh.read())
                  ^^^^^^^^^
  File "<frozen codecs>", line 322, in decode
UnicodeDecodeError: 'utf-8' codec can't decode byte 0xc2 in position 15: invalid continuation byte
[09:59:18] 腾讯实时异常: argument of type 'NoneType' is not iterable
[09:59:18] 取数失败 streak=29
[10:00:19] iFinD 实时 errorcode=-1010
Exception in thread Thread-59 (_readerthread):
Traceback (most recent call last):
  File "C:\Users\66353\AppData\Roaming\uv\python\cpython-3.12-windows-x86_64-none\Lib\threading.py", line 1075, in _bootstrap_inner
    self.run()
  File "C:\Users\66353\AppData\Roaming\uv\python\cpython-3.12-windows-x86_64-none\Lib\threading.py", line 1012, in run
    self._target(*self._args, **self._kwargs)
  File "C:\Users\66353\AppData\Roaming\uv\python\cpython-3.12-windows-x86_64-none\Lib\subprocess.py", line 1599, in _readerthread
    buffer.append(fh.read())
                  ^^^^^^^^^
  File "<frozen codecs>", line 322, in decode
UnicodeDecodeError: 'utf-8' codec can't decode byte 0xc2 in position 15: invalid continuation byte
[10:00:19] 腾讯实时异常: argument of type 'NoneType' is not iterable
[10:00:19] 取数失败 streak=30
[10:00:19] 连续30分钟全源失败, 报警退出
[18:34:32] 观察池=昨日涨停池 D:\股票数据\市场数据\20260820\zt_pool.csv (79只)
D:\股票数据\.venv312\Lib\site-packages\iFinDPy.pth
[18:34:36] iFinD login rc=0
[18:34:36] 连续段启动
[18:34:36] 收盘退出
[19:09:09] 观察池=昨日涨停池 D:\股票数据\市场数据\20260821\zt_pool.csv (54只)
D:\股票数据\.venv312\Lib\site-packages\iFinDPy.pth
[19:09:17] iFinD login rc=0
[19:09:17] 连续段启动
[19:09:17] 收盘退出
[09:14:38] 观察池=昨日涨停池 D:\股票数据\市场数据\20260824\zt_pool.csv (46只)
D:\股票数据\.venv312\Lib\site-packages\iFinDPy.pth
[09:14:42] iFinD login rc=0
[09:14:42] 连续段启动
[09:31:02] iFinD 实时 errorcode=-1010
Exception in thread Thread-1 (_readerthread):
Traceback (most recent call last):
  File "C:\Users\66353\AppData\Roaming\uv\python\cpython-3.12-windows-x86_64-none\Lib\threading.py", line 1075, in _bootstrap_inner
    self.run()
  File "C:\Users\66353\AppData\Roaming\uv\python\cpython-3.12-windows-x86_64-none\Lib\threading.py", line 1012, in run
    self._target(*self._args, **self._kwargs)
  File "C:\Users\66353\AppData\Roaming\uv\python\cpython-3.12-windows-x86_64-none\Lib\subprocess.py", line 1599, in _readerthread
    buffer.append(fh.read())
                  ^^^^^^^^^
  File "<frozen codecs>", line 322, in decode
UnicodeDecodeError: 'utf-8' codec can't decode byte 0xc9 in position 15: invalid continuation byte
[09:31:02] 腾讯实时异常: argument of type 'NoneType' is not iterable
[09:31:02] 取数失败 streak=1
[09:32:02] iFinD 实时 errorcode=-1010
Exception in thread Thread-3 (_readerthread):
Traceback (most recent call last):
  File "C:\Users\66353\AppData\Roaming\uv\python\cpython-3.12-windows-x86_64-none\Lib\threading.py", line 1075, in _bootstrap_inner
    self.run()
  File "C:\Users\66353\AppData\Roaming\uv\python\cpython-3.12-windows-x86_64-none\Lib\threading.py", line 1012, in run
    self._target(*self._args, **self._kwargs)
  File "C:\Users\66353\AppData\Roaming\uv\python\cpython-3.12-windows-x86_64-none\Lib\subprocess.py", line 1599, in _readerthread
    buffer.append(fh.read())
                  ^^^^^^^^^
  File "<frozen codecs>", line 322, in decode
UnicodeDecodeError: 'utf-8' codec can't decode byte 0xc9 in position 15: invalid continuation byte
[09:32:02] 腾讯实时异常: argument of type 'NoneType' is not iterable
[09:32:02] 取数失败 streak=2
[09:33:02] iFinD 实时 errorcode=-1010
Exception in thread Thread-5 (_readerthread):
Traceback (most recent call last):
  File "C:\Users\66353\AppData\Roaming\uv\python\cpython-3.12-windows-x86_64-none\Lib\threading.py", line 1075, in _bootstrap_inner
    self.run()
  File "C:\Users\66353\AppData\Roaming\uv\python\cpython-3.12-windows-x86_64-none\Lib\threading.py", line 1012, in run
    self._target(*self._args, **self._kwargs)
  File "C:\Users\66353\AppData\Roaming\uv\python\cpython-3.12-windows-x86_64-none\Lib\subprocess.py", line 1599, in _readerthread
    buffer.append(fh.read())
                  ^^^^^^^^^
  File "<frozen codecs>", line 322, in decode
UnicodeDecodeError: 'utf-8' codec can't decode byte 0xc9 in position 15: invalid continuation byte
[09:33:02] 腾讯实时异常: argument of type 'NoneType' is not iterable
[09:33:02] 取数失败 streak=3
[09:34:03] iFinD 实时 errorcode=-1010
Exception in thread Thread-7 (_readerthread):
Traceback (most recent call last):
  File "C:\Users\66353\AppData\Roaming\uv\python\cpython-3.12-windows-x86_64-none\Lib\threading.py", line 1075, in _bootstrap_inner
    self.run()
  File "C:\Users\66353\AppData\Roaming\uv\python\cpython-3.12-windows-x86_64-none\Lib\threading.py", line 1012, in run
    self._target(*self._args, **self._kwargs)
  File "C:\Users\66353\AppData\Roaming\uv\python\cpython-3.12-windows-x86_64-none\Lib\subprocess.py", line 1599, in _readerthread
    buffer.append(fh.read())
                  ^^^^^^^^^
  File "<frozen codecs>", line 322, in decode
UnicodeDecodeError: 'utf-8' codec can't decode byte 0xc9 in position 15: invalid continuation byte
[09:34:03] 腾讯实时异常: argument of type 'NoneType' is not iterable
[09:34:03] 取数失败 streak=4
[09:35:03] iFinD 实时 errorcode=-1010
Exception in thread Thread-9 (_readerthread):
Traceback (most recent call last):
  File "C:\Users\66353\AppData\Roaming\uv\python\cpython-3.12-windows-x86_64-none\Lib\threading.py", line 1075, in _bootstrap_inner
    self.run()
  File "C:\Users\66353\AppData\Roaming\uv\python\cpython-3.12-windows-x86_64-none\Lib\threading.py", line 1012, in run
    self._target(*self._args, **self._kwargs)
  File "C:\Users\66353\AppData\Roaming\uv\python\cpython-3.12-windows-x86_64-none\Lib\subprocess.py", line 1599, in _readerthread
    buffer.append(fh.read())
                  ^^^^^^^^^
  File "<frozen codecs>", line 322, in decode
UnicodeDecodeError: 'utf-8' codec can't decode byte 0xc9 in position 15: invalid continuation byte
[09:35:03] 腾讯实时异常: argument of type 'NoneType' is not iterable
[09:35:03] 取数失败 streak=5
[09:36:03] iFinD 实时 errorcode=-1010
Exception in thread Thread-11 (_readerthread):
Traceback (most recent call last):
  File "C:\Users\66353\AppData\Roaming\uv\python\cpython-3.12-windows-x86_64-none\Lib\threading.py", line 1075, in _bootstrap_inner
    self.run()
  File "C:\Users\66353\AppData\Roaming\uv\python\cpython-3.12-windows-x86_64-none\Lib\threading.py", line 1012, in run
    self._target(*self._args, **self._kwargs)
  File "C:\Users\66353\AppData\Roaming\uv\python\cpython-3.12-windows-x86_64-none\Lib\subprocess.py", line 1599, in _readerthread
    buffer.append(fh.read())
                  ^^^^^^^^^
  File "<frozen codecs>", line 322, in decode
UnicodeDecodeError: 'utf-8' codec can't decode byte 0xc9 in position 15: invalid continuation byte
[09:36:03] 腾讯实时异常: argument of type 'NoneType' is not iterable
[09:36:03] 取数失败 streak=6
[09:37:03] iFinD 实时 errorcode=-1010
Exception in thread Thread-13 (_readerthread):
Traceback (most recent call last):
  File "C:\Users\66353\AppData\Roaming\uv\python\cpython-3.12-windows-x86_64-none\Lib\threading.py", line 1075, in _bootstrap_inner
    self.run()
  File "C:\Users\66353\AppData\Roaming\uv\python\cpython-3.12-windows-x86_64-none\Lib\threading.py", line 1012, in run
    self._target(*self._args, **self._kwargs)
  File "C:\Users\66353\AppData\Roaming\uv\python\cpython-3.12-windows-x86_64-none\Lib\subprocess.py", line 1599, in _readerthread
    buffer.append(fh.read())
                  ^^^^^^^^^
  File "<frozen codecs>", line 322, in decode
UnicodeDecodeError: 'utf-8' codec can't decode byte 0xc9 in position 15: invalid continuation byte
[09:37:04] 腾讯实时异常: argument of type 'NoneType' is not iterable
[09:37:04] 取数失败 streak=7
[09:38:04] iFinD 实时 errorcode=-1010
Exception in thread Thread-15 (_readerthread):
Traceback (most recent call last):
  File "C:\Users\66353\AppData\Roaming\uv\python\cpython-3.12-windows-x86_64-none\Lib\threading.py", line 1075, in _bootstrap_inner
    self.run()
  File "C:\Users\66353\AppData\Roaming\uv\python\cpython-3.12-windows-x86_64-none\Lib\threading.py", line 1012, in run
    self._target(*self._args, **self._kwargs)
  File "C:\Users\66353\AppData\Roaming\uv\python\cpython-3.12-windows-x86_64-none\Lib\subprocess.py", line 1599, in _readerthread
    buffer.append(fh.read())
                  ^^^^^^^^^
  File "<frozen codecs>", line 322, in decode
UnicodeDecodeError: 'utf-8' codec can't decode byte 0xc9 in position 15: invalid continuation byte
[09:38:04] 腾讯实时异常: argument of type 'NoneType' is not iterable
[09:38:04] 取数失败 streak=8
[09:39:04] iFinD 实时 errorcode=-1010
Exception in thread Thread-17 (_readerthread):
Traceback (most recent call last):
  File "C:\Users\66353\AppData\Roaming\uv\python\cpython-3.12-windows-x86_64-none\Lib\threading.py", line 1075, in _bootstrap_inner
    self.run()
  File "C:\Users\66353\AppData\Roaming\uv\python\cpython-3.12-windows-x86_64-none\Lib\threading.py", line 1012, in run
    self._target(*self._args, **self._kwargs)
  File "C:\Users\66353\AppData\Roaming\uv\python\cpython-3.12-windows-x86_64-none\Lib\subprocess.py", line 1599, in _readerthread
    buffer.append(fh.read())
                  ^^^^^^^^^
  File "<frozen codecs>", line 322, in decode
UnicodeDecodeError: 'utf-8' codec can't decode byte 0xc9 in position 15: invalid continuation byte
[09:39:04] 腾讯实时异常: argument of type 'NoneType' is not iterable
[09:39:04] 取数失败 streak=9
[09:40:04] iFinD 实时 errorcode=-1010
Exception in thread Thread-19 (_readerthread):
Traceback (most recent call last):
  File "C:\Users\66353\AppData\Roaming\uv\python\cpython-3.12-windows-x86_64-none\Lib\threading.py", line 1075, in _bootstrap_inner
    self.run()
  File "C:\Users\66353\AppData\Roaming\uv\python\cpython-3.12-windows-x86_64-none\Lib\threading.py", line 1012, in run
    self._target(*self._args, **self._kwargs)
  File "C:\Users\66353\AppData\Roaming\uv\python\cpython-3.12-windows-x86_64-none\Lib\subprocess.py", line 1599, in _readerthread
    buffer.append(fh.read())
                  ^^^^^^^^^
  File "<frozen codecs>", line 322, in decode
UnicodeDecodeError: 'utf-8' codec can't decode byte 0xc9 in position 15: invalid continuation byte
[09:40:05] 腾讯实时异常: argument of type 'NoneType' is not iterable
[09:40:05] 取数失败 streak=10
[09:41:05] iFinD 实时 errorcode=-1010
Exception in thread Thread-21 (_readerthread):
Traceback (most recent call last):
  File "C:\Users\66353\AppData\Roaming\uv\python\cpython-3.12-windows-x86_64-none\Lib\threading.py", line 1075, in _bootstrap_inner
    self.run()
  File "C:\Users\66353\AppData\Roaming\uv\python\cpython-3.12-windows-x86_64-none\Lib\threading.py", line 1012, in run
    self._target(*self._args, **self._kwargs)
  File "C:\Users\66353\AppData\Roaming\uv\python\cpython-3.12-windows-x86_64-none\Lib\subprocess.py", line 1599, in _readerthread
    buffer.append(fh.read())
                  ^^^^^^^^^
  File "<frozen codecs>", line 322, in decode
UnicodeDecodeError: 'utf-8' codec can't decode byte 0xc9 in position 15: invalid continuation byte
[09:41:05] 腾讯实时异常: argument of type 'NoneType' is not iterable
[09:41:05] 取数失败 streak=11
[09:42:05] iFinD 实时 errorcode=-1010
Exception in thread Thread-23 (_readerthread):
Traceback (most recent call last):
  File "C:\Users\66353\AppData\Roaming\uv\python\cpython-3.12-windows-x86_64-none\Lib\threading.py", line 1075, in _bootstrap_inner
    self.run()
  File "C:\Users\66353\AppData\Roaming\uv\python\cpython-3.12-windows-x86_64-none\Lib\threading.py", line 1012, in run
    self._target(*self._args, **self._kwargs)
  File "C:\Users\66353\AppData\Roaming\uv\python\cpython-3.12-windows-x86_64-none\Lib\subprocess.py", line 1599, in _readerthread
    buffer.append(fh.read())
                  ^^^^^^^^^
  File "<frozen codecs>", line 322, in decode
UnicodeDecodeError: 'utf-8' codec can't decode byte 0xc9 in position 15: invalid continuation byte
[09:42:05] 腾讯实时异常: argument of type 'NoneType' is not iterable
[09:42:05] 取数失败 streak=12
[09:43:05] iFinD 实时 errorcode=-1010
Exception in thread Thread-25 (_readerthread):
Traceback (most recent call last):
  File "C:\Users\66353\AppData\Roaming\uv\python\cpython-3.12-windows-x86_64-none\Lib\threading.py", line 1075, in _bootstrap_inner
    self.run()
  File "C:\Users\66353\AppData\Roaming\uv\python\cpython-3.12-windows-x86_64-none\Lib\threading.py", line 1012, in run
    self._target(*self._args, **self._kwargs)
  File "C:\Users\66353\AppData\Roaming\uv\python\cpython-3.12-windows-x86_64-none\Lib\subprocess.py", line 1599, in _readerthread
    buffer.append(fh.read())
                  ^^^^^^^^^
  File "<frozen codecs>", line 322, in decode
UnicodeDecodeError: 'utf-8' codec can't decode byte 0xc9 in position 15: invalid continuation byte
[09:43:06] 腾讯实时异常: argument of type 'NoneType' is not iterable
[09:43:06] 取数失败 streak=13
[09:44:06] iFinD 实时 errorcode=-1010
Exception in thread Thread-27 (_readerthread):
Traceback (most recent call last):
  File "C:\Users\66353\AppData\Roaming\uv\python\cpython-3.12-windows-x86_64-none\Lib\threading.py", line 1075, in _bootstrap_inner
    self.run()
  File "C:\Users\66353\AppData\Roaming\uv\python\cpython-3.12-windows-x86_64-none\Lib\threading.py", line 1012, in run
    self._target(*self._args, **self._kwargs)
  File "C:\Users\66353\AppData\Roaming\uv\python\cpython-3.12-windows-x86_64-none\Lib\subprocess.py", line 1599, in _readerthread
    buffer.append(fh.read())
                  ^^^^^^^^^
  File "<frozen codecs>", line 322, in decode
UnicodeDecodeError: 'utf-8' codec can't decode byte 0xc9 in position 15: invalid continuation byte
[09:44:06] 腾讯实时异常: argument of type 'NoneType' is not iterable
[09:44:06] 取数失败 streak=14
[09:45:06] iFinD 实时 errorcode=-1010
Exception in thread Thread-29 (_readerthread):
Traceback (most recent call last):
  File "C:\Users\66353\AppData\Roaming\uv\python\cpython-3.12-windows-x86_64-none\Lib\threading.py", line 1075, in _bootstrap_inner
    self.run()
  File "C:\Users\66353\AppData\Roaming\uv\python\cpython-3.12-windows-x86_64-none\Lib\threading.py", line 1012, in run
    self._target(*self._args, **self._kwargs)
  File "C:\Users\66353\AppData\Roaming\uv\python\cpython-3.12-windows-x86_64-none\Lib\subprocess.py", line 1599, in _readerthread
    buffer.append(fh.read())
                  ^^^^^^^^^
  File "<frozen codecs>", line 322, in decode
UnicodeDecodeError: 'utf-8' codec can't decode byte 0xc9 in position 15: invalid continuation byte
[09:45:06] 腾讯实时异常: argument of type 'NoneType' is not iterable
[09:45:06] 取数失败 streak=15
[09:46:06] iFinD 实时 errorcode=-1010
Exception in thread Thread-31 (_readerthread):
Traceback (most recent call last):
  File "C:\Users\66353\AppData\Roaming\uv\python\cpython-3.12-windows-x86_64-none\Lib\threading.py", line 1075, in _bootstrap_inner
    self.run()
  File "C:\Users\66353\AppData\Roaming\uv\python\cpython-3.12-windows-x86_64-none\Lib\threading.py", line 1012, in run
    self._target(*self._args, **self._kwargs)
  File "C:\Users\66353\AppData\Roaming\uv\python\cpython-3.12-windows-x86_64-none\Lib\subprocess.py", line 1599, in _readerthread
    buffer.append(fh.read())
                  ^^^^^^^^^
  File "<frozen codecs>", line 322, in decode
UnicodeDecodeError: 'utf-8' codec can't decode byte 0xc9 in position 15: invalid continuation byte
[09:46:06] 腾讯实时异常: argument of type 'NoneType' is not iterable
[09:46:06] 取数失败 streak=16
[09:47:07] iFinD 实时 errorcode=-1010
Exception in thread Thread-33 (_readerthread):
Traceback (most recent call last):
  File "C:\Users\66353\AppData\Roaming\uv\python\cpython-3.12-windows-x86_64-none\Lib\threading.py", line 1075, in _bootstrap_inner
    self.run()
  File "C:\Users\66353\AppData\Roaming\uv\python\cpython-3.12-windows-x86_64-none\Lib\threading.py", line 1012, in run
    self._target(*self._args, **self._kwargs)
  File "C:\Users\66353\AppData\Roaming\uv\python\cpython-3.12-windows-x86_64-none\Lib\subprocess.py", line 1599, in _readerthread
    buffer.append(fh.read())
                  ^^^^^^^^^
  File "<frozen codecs>", line 322, in decode
UnicodeDecodeError: 'utf-8' codec can't decode byte 0xc9 in position 15: invalid continuation byte
[09:47:07] 腾讯实时异常: argument of type 'NoneType' is not iterable
[09:47:07] 取数失败 streak=17
[09:48:07] iFinD 实时 errorcode=-1010
Exception in thread Thread-35 (_readerthread):
Traceback (most recent call last):
  File "C:\Users\66353\AppData\Roaming\uv\python\cpython-3.12-windows-x86_64-none\Lib\threading.py", line 1075, in _bootstrap_inner
    self.run()
  File "C:\Users\66353\AppData\Roaming\uv\python\cpython-3.12-windows-x86_64-none\Lib\threading.py", line 1012, in run
    self._target(*self._args, **self._kwargs)
  File "C:\Users\66353\AppData\Roaming\uv\python\cpython-3.12-windows-x86_64-none\Lib\subprocess.py", line 1599, in _readerthread
    buffer.append(fh.read())
                  ^^^^^^^^^
  File "<frozen codecs>", line 322, in decode
UnicodeDecodeError: 'utf-8' codec can't decode byte 0xc9 in position 15: invalid continuation byte
[09:48:07] 腾讯实时异常: argument of type 'NoneType' is not iterable
[09:48:07] 取数失败 streak=18
[09:49:07] iFinD 实时 errorcode=-1010
Exception in thread Thread-37 (_readerthread):
Traceback (most recent call last):
  File "C:\Users\66353\AppData\Roaming\uv\python\cpython-3.12-windows-x86_64-none\Lib\threading.py", line 1075, in _bootstrap_inner
    self.run()
  File "C:\Users\66353\AppData\Roaming\uv\python\cpython-3.12-windows-x86_64-none\Lib\threading.py", line 1012, in run
    self._target(*self._args, **self._kwargs)
  File "C:\Users\66353\AppData\Roaming\uv\python\cpython-3.12-windows-x86_64-none\Lib\subprocess.py", line 1599, in _readerthread
    buffer.append(fh.read())
                  ^^^^^^^^^
  File "<frozen codecs>", line 322, in decode
UnicodeDecodeError: 'utf-8' codec can't decode byte 0xc9 in position 15: invalid continuation byte
[09:49:07] 腾讯实时异常: argument of type 'NoneType' is not iterable
[09:49:07] 取数失败 streak=19
[09:50:08] iFinD 实时 errorcode=-1010
Exception in thread Thread-39 (_readerthread):
Traceback (most recent call last):
  File "C:\Users\66353\AppData\Roaming\uv\python\cpython-3.12-windows-x86_64-none\Lib\threading.py", line 1075, in _bootstrap_inner
    self.run()
  File "C:\Users\66353\AppData\Roaming\uv\python\cpython-3.12-windows-x86_64-none\Lib\threading.py", line 1012, in run
    self._target(*self._args, **self._kwargs)
  File "C:\Users\66353\AppData\Roaming\uv\python\cpython-3.12-windows-x86_64-none\Lib\subprocess.py", line 1599, in _readerthread
    buffer.append(fh.read())
                  ^^^^^^^^^
  File "<frozen codecs>", line 322, in decode
UnicodeDecodeError: 'utf-8' codec can't decode byte 0xc9 in position 15: invalid continuation byte
[09:50:08] 腾讯实时异常: argument of type 'NoneType' is not iterable
[09:50:08] 取数失败 streak=20
[09:51:08] iFinD 实时 errorcode=-1010
Exception in thread Thread-41 (_readerthread):
Traceback (most recent call last):
  File "C:\Users\66353\AppData\Roaming\uv\python\cpython-3.12-windows-x86_64-none\Lib\threading.py", line 1075, in _bootstrap_inner
    self.run()
  File "C:\Users\66353\AppData\Roaming\uv\python\cpython-3.12-windows-x86_64-none\Lib\threading.py", line 1012, in run
    self._target(*self._args, **self._kwargs)
  File "C:\Users\66353\AppData\Roaming\uv\python\cpython-3.12-windows-x86_64-none\Lib\subprocess.py", line 1599, in _readerthread
    buffer.append(fh.read())
                  ^^^^^^^^^
  File "<frozen codecs>", line 322, in decode
UnicodeDecodeError: 'utf-8' codec can't decode byte 0xc9 in position 15: invalid continuation byte
[09:51:08] 腾讯实时异常: argument of type 'NoneType' is not iterable
[09:51:08] 取数失败 streak=21
[09:52:08] iFinD 实时 errorcode=-1010
Exception in thread Thread-43 (_readerthread):
Traceback (most recent call last):
  File "C:\Users\66353\AppData\Roaming\uv\python\cpython-3.12-windows-x86_64-none\Lib\threading.py", line 1075, in _bootstrap_inner
    self.run()
  File "C:\Users\66353\AppData\Roaming\uv\python\cpython-3.12-windows-x86_64-none\Lib\threading.py", line 1012, in run
    self._target(*self._args, **self._kwargs)
  File "C:\Users\66353\AppData\Roaming\uv\python\cpython-3.12-windows-x86_64-none\Lib\subprocess.py", line 1599, in _readerthread
    buffer.append(fh.read())
                  ^^^^^^^^^
  File "<frozen codecs>", line 322, in decode
UnicodeDecodeError: 'utf-8' codec can't decode byte 0xc9 in position 15: invalid continuation byte
[09:52:08] 腾讯实时异常: argument of type 'NoneType' is not iterable
[09:52:08] 取数失败 streak=22
[09:53:09] iFinD 实时 errorcode=-1010
Exception in thread Thread-45 (_readerthread):
Traceback (most recent call last):
  File "C:\Users\66353\AppData\Roaming\uv\python\cpython-3.12-windows-x86_64-none\Lib\threading.py", line 1075, in _bootstrap_inner
    self.run()
  File "C:\Users\66353\AppData\Roaming\uv\python\cpython-3.12-windows-x86_64-none\Lib\threading.py", line 1012, in run
    self._target(*self._args, **self._kwargs)
  File "C:\Users\66353\AppData\Roaming\uv\python\cpython-3.12-windows-x86_64-none\Lib\subprocess.py", line 1599, in _readerthread
    buffer.append(fh.read())
                  ^^^^^^^^^
  File "<frozen codecs>", line 322, in decode
UnicodeDecodeError: 'utf-8' codec can't decode byte 0xc9 in position 15: invalid continuation byte
[09:53:09] 腾讯实时异常: argument of type 'NoneType' is not iterable
[09:53:09] 取数失败 streak=23
[09:54:09] iFinD 实时 errorcode=-1010
Exception in thread Thread-47 (_readerthread):
Traceback (most recent call last):
  File "C:\Users\66353\AppData\Roaming\uv\python\cpython-3.12-windows-x86_64-none\Lib\threading.py", line 1075, in _bootstrap_inner
    self.run()
  File "C:\Users\66353\AppData\Roaming\uv\python\cpython-3.12-windows-x86_64-none\Lib\threading.py", line 1012, in run
    self._target(*self._args, **self._kwargs)
  File "C:\Users\66353\AppData\Roaming\uv\python\cpython-3.12-windows-x86_64-none\Lib\subprocess.py", line 1599, in _readerthread
    buffer.append(fh.read())
                  ^^^^^^^^^
  File "<frozen codecs>", line 322, in decode
UnicodeDecodeError: 'utf-8' codec can't decode byte 0xc9 in position 15: invalid continuation byte
[09:54:09] 腾讯实时异常: argument of type 'NoneType' is not iterable
[09:54:09] 取数失败 streak=24
[09:55:09] iFinD 实时 errorcode=-1010
Exception in thread Thread-49 (_readerthread):
Traceback (most recent call last):
  File "C:\Users\66353\AppData\Roaming\uv\python\cpython-3.12-windows-x86_64-none\Lib\threading.py", line 1075, in _bootstrap_inner
    self.run()
  File "C:\Users\66353\AppData\Roaming\uv\python\cpython-3.12-windows-x86_64-none\Lib\threading.py", line 1012, in run
    self._target(*self._args, **self._kwargs)
  File "C:\Users\66353\AppData\Roaming\uv\python\cpython-3.12-windows-x86_64-none\Lib\subprocess.py", line 1599, in _readerthread
    buffer.append(fh.read())
                  ^^^^^^^^^
  File "<frozen codecs>", line 322, in decode
UnicodeDecodeError: 'utf-8' codec can't decode byte 0xc9 in position 15: invalid continuation byte
[09:55:09] 腾讯实时异常: argument of type 'NoneType' is not iterable
[09:55:09] 取数失败 streak=25
[09:56:10] iFinD 实时 errorcode=-1010
Exception in thread Thread-51 (_readerthread):
Traceback (most recent call last):
  File "C:\Users\66353\AppData\Roaming\uv\python\cpython-3.12-windows-x86_64-none\Lib\threading.py", line 1075, in _bootstrap_inner
    self.run()
  File "C:\Users\66353\AppData\Roaming\uv\python\cpython-3.12-windows-x86_64-none\Lib\threading.py", line 1012, in run
    self._target(*self._args, **self._kwargs)
  File "C:\Users\66353\AppData\Roaming\uv\python\cpython-3.12-windows-x86_64-none\Lib\subprocess.py", line 1599, in _readerthread
    buffer.append(fh.read())
                  ^^^^^^^^^
  File "<frozen codecs>", line 322, in decode
UnicodeDecodeError: 'utf-8' codec can't decode byte 0xc9 in position 15: invalid continuation byte
[09:56:10] 腾讯实时异常: argument of type 'NoneType' is not iterable
[09:56:10] 取数失败 streak=26
[09:57:10] iFinD 实时 errorcode=-1010
Exception in thread Thread-53 (_readerthread):
Traceback (most recent call last):
  File "C:\Users\66353\AppData\Roaming\uv\python\cpython-3.12-windows-x86_64-none\Lib\threading.py", line 1075, in _bootstrap_inner
    self.run()
  File "C:\Users\66353\AppData\Roaming\uv\python\cpython-3.12-windows-x86_64-none\Lib\threading.py", line 1012, in run
    self._target(*self._args, **self._kwargs)
  File "C:\Users\66353\AppData\Roaming\uv\python\cpython-3.12-windows-x86_64-none\Lib\subprocess.py", line 1599, in _readerthread
    buffer.append(fh.read())
                  ^^^^^^^^^
  File "<frozen codecs>", line 322, in decode
UnicodeDecodeError: 'utf-8' codec can't decode byte 0xc9 in position 15: invalid continuation byte
[09:57:10] 腾讯实时异常: argument of type 'NoneType' is not iterable
[09:57:10] 取数失败 streak=27
[09:58:11] iFinD 实时 errorcode=-1010
Exception in thread Thread-55 (_readerthread):
Traceback (most recent call last):
  File "C:\Users\66353\AppData\Roaming\uv\python\cpython-3.12-windows-x86_64-none\Lib\threading.py", line 1075, in _bootstrap_inner
    self.run()
  File "C:\Users\66353\AppData\Roaming\uv\python\cpython-3.12-windows-x86_64-none\Lib\threading.py", line 1012, in run
    self._target(*self._args, **self._kwargs)
  File "C:\Users\66353\AppData\Roaming\uv\python\cpython-3.12-windows-x86_64-none\Lib\subprocess.py", line 1599, in _readerthread
    buffer.append(fh.read())
                  ^^^^^^^^^
  File "<frozen codecs>", line 322, in decode
UnicodeDecodeError: 'utf-8' codec can't decode byte 0xc9 in position 15: invalid continuation byte
[09:58:11] 腾讯实时异常: argument of type 'NoneType' is not iterable
[09:58:11] 取数失败 streak=28
[09:59:11] iFinD 实时 errorcode=-1010
Exception in thread Thread-57 (_readerthread):
Traceback (most recent call last):
  File "C:\Users\66353\AppData\Roaming\uv\python\cpython-3.12-windows-x86_64-none\Lib\threading.py", line 1075, in _bootstrap_inner
    self.run()
  File "C:\Users\66353\AppData\Roaming\uv\python\cpython-3.12-windows-x86_64-none\Lib\threading.py", line 1012, in run
    self._target(*self._args, **self._kwargs)
  File "C:\Users\66353\AppData\Roaming\uv\python\cpython-3.12-windows-x86_64-none\Lib\subprocess.py", line 1599, in _readerthread
    buffer.append(fh.read())
                  ^^^^^^^^^
  File "<frozen codecs>", line 322, in decode
UnicodeDecodeError: 'utf-8' codec can't decode byte 0xc9 in position 15: invalid continuation byte
[09:59:11] 腾讯实时异常: argument of type 'NoneType' is not iterable
[09:59:11] 取数失败 streak=29
[10:00:11] iFinD 实时 errorcode=-1010
Exception in thread Thread-59 (_readerthread):
Traceback (most recent call last):
  File "C:\Users\66353\AppData\Roaming\uv\python\cpython-3.12-windows-x86_64-none\Lib\threading.py", line 1075, in _bootstrap_inner
    self.run()
  File "C:\Users\66353\AppData\Roaming\uv\python\cpython-3.12-windows-x86_64-none\Lib\threading.py", line 1012, in run
    self._target(*self._args, **self._kwargs)
  File "C:\Users\66353\AppData\Roaming\uv\python\cpython-3.12-windows-x86_64-none\Lib\subprocess.py", line 1599, in _readerthread
    buffer.append(fh.read())
                  ^^^^^^^^^
  File "<frozen codecs>", line 322, in decode
UnicodeDecodeError: 'utf-8' codec can't decode byte 0xc9 in position 15: invalid continuation byte
[10:00:11] 腾讯实时异常: argument of type 'NoneType' is not iterable
[10:00:11] 取数失败 streak=30
[10:00:11] 连续30分钟全源失败, 报警退出
[09:14:24] 观察池=昨日涨停池 D:\股票数据\市场数据\20260825\zt_pool.csv (65只)
D:\股票数据\.venv312\Lib\site-packages\iFinDPy.pth
[09:14:27] iFinD login rc=0
[09:14:27] 连续段启动
[09:31:08] iFinD 实时 errorcode=-1010
Exception in thread Thread-1 (_readerthread):
Traceback (most recent call last):
  File "C:\Users\66353\AppData\Roaming\uv\python\cpython-3.12-windows-x86_64-none\Lib\threading.py", line 1075, in _bootstrap_inner
    self.run()
  File "C:\Users\66353\AppData\Roaming\uv\python\cpython-3.12-windows-x86_64-none\Lib\threading.py", line 1012, in run
    self._target(*self._args, **self._kwargs)
  File "C:\Users\66353\AppData\Roaming\uv\python\cpython-3.12-windows-x86_64-none\Lib\subprocess.py", line 1599, in _readerthread
    buffer.append(fh.read())
                  ^^^^^^^^^
  File "<frozen codecs>", line 322, in decode
UnicodeDecodeError: 'utf-8' codec can't decode byte 0xc9 in position 15: invalid continuation byte
[09:31:08] 腾讯实时异常: argument of type 'NoneType' is not iterable
[09:31:08] 取数失败 streak=1
[09:32:09] iFinD 实时 errorcode=-1010
Exception in thread Thread-3 (_readerthread):
Traceback (most recent call last):
  File "C:\Users\66353\AppData\Roaming\uv\python\cpython-3.12-windows-x86_64-none\Lib\threading.py", line 1075, in _bootstrap_inner
    self.run()
  File "C:\Users\66353\AppData\Roaming\uv\python\cpython-3.12-windows-x86_64-none\Lib\threading.py", line 1012, in run
    self._target(*self._args, **self._kwargs)
  File "C:\Users\66353\AppData\Roaming\uv\python\cpython-3.12-windows-x86_64-none\Lib\subprocess.py", line 1599, in _readerthread
    buffer.append(fh.read())
                  ^^^^^^^^^
  File "<frozen codecs>", line 322, in decode
UnicodeDecodeError: 'utf-8' codec can't decode byte 0xc9 in position 15: invalid continuation byte
[09:32:09] 腾讯实时异常: argument of type 'NoneType' is not iterable
[09:32:09] 取数失败 streak=2
[09:33:09] iFinD 实时 errorcode=-1010
Exception in thread Thread-5 (_readerthread):
Traceback (most recent call last):
  File "C:\Users\66353\AppData\Roaming\uv\python\cpython-3.12-windows-x86_64-none\Lib\threading.py", line 1075, in _bootstrap_inner
    self.run()
  File "C:\Users\66353\AppData\Roaming\uv\python\cpython-3.12-windows-x86_64-none\Lib\threading.py", line 1012, in run
    self._target(*self._args, **self._kwargs)
  File "C:\Users\66353\AppData\Roaming\uv\python\cpython-3.12-windows-x86_64-none\Lib\subprocess.py", line 1599, in _readerthread
    buffer.append(fh.read())
                  ^^^^^^^^^
  File "<frozen codecs>", line 322, in decode
UnicodeDecodeError: 'utf-8' codec can't decode byte 0xc9 in position 15: invalid continuation byte
[09:33:09] 腾讯实时异常: argument of type 'NoneType' is not iterable
[09:33:09] 取数失败 streak=3
[09:34:10] iFinD 实时 errorcode=-1010
Exception in thread Thread-7 (_readerthread):
Traceback (most recent call last):
  File "C:\Users\66353\AppData\Roaming\uv\python\cpython-3.12-windows-x86_64-none\Lib\threading.py", line 1075, in _bootstrap_inner
    self.run()
  File "C:\Users\66353\AppData\Roaming\uv\python\cpython-3.12-windows-x86_64-none\Lib\threading.py", line 1012, in run
    self._target(*self._args, **self._kwargs)
  File "C:\Users\66353\AppData\Roaming\uv\python\cpython-3.12-windows-x86_64-none\Lib\subprocess.py", line 1599, in _readerthread
    buffer.append(fh.read())
                  ^^^^^^^^^
  File "<frozen codecs>", line 322, in decode
UnicodeDecodeError: 'utf-8' codec can't decode byte 0xc9 in position 15: invalid continuation byte
[09:34:10] 腾讯实时异常: argument of type 'NoneType' is not iterable
[09:34:10] 取数失败 streak=4
[09:35:10] iFinD 实时 errorcode=-1010
Exception in thread Thread-9 (_readerthread):
Traceback (most recent call last):
  File "C:\Users\66353\AppData\Roaming\uv\python\cpython-3.12-windows-x86_64-none\Lib\threading.py", line 1075, in _bootstrap_inner
    self.run()
  File "C:\Users\66353\AppData\Roaming\uv\python\cpython-3.12-windows-x86_64-none\Lib\threading.py", line 1012, in run
    self._target(*self._args, **self._kwargs)
  File "C:\Users\66353\AppData\Roaming\uv\python\cpython-3.12-windows-x86_64-none\Lib\subprocess.py", line 1599, in _readerthread
    buffer.append(fh.read())
                  ^^^^^^^^^
  File "<frozen codecs>", line 322, in decode
UnicodeDecodeError: 'utf-8' codec can't decode byte 0xc9 in position 15: invalid continuation byte
[09:35:10] 腾讯实时异常: argument of type 'NoneType' is not iterable
[09:35:10] 取数失败 streak=5
[09:36:10] iFinD 实时 errorcode=-1010
Exception in thread Thread-11 (_readerthread):
Traceback (most recent call last):
  File "C:\Users\66353\AppData\Roaming\uv\python\cpython-3.12-windows-x86_64-none\Lib\threading.py", line 1075, in _bootstrap_inner
    self.run()
  File "C:\Users\66353\AppData\Roaming\uv\python\cpython-3.12-windows-x86_64-none\Lib\threading.py", line 1012, in run
    self._target(*self._args, **self._kwargs)
  File "C:\Users\66353\AppData\Roaming\uv\python\cpython-3.12-windows-x86_64-none\Lib\subprocess.py", line 1599, in _readerthread
    buffer.append(fh.read())
                  ^^^^^^^^^
  File "<frozen codecs>", line 322, in decode
UnicodeDecodeError: 'utf-8' codec can't decode byte 0xc9 in position 15: invalid continuation byte
[09:36:11] 腾讯实时异常: argument of type 'NoneType' is not iterable
[09:36:11] 取数失败 streak=6
[09:37:11] iFinD 实时 errorcode=-1010
Exception in thread Thread-13 (_readerthread):
Traceback (most recent call last):
  File "C:\Users\66353\AppData\Roaming\uv\python\cpython-3.12-windows-x86_64-none\Lib\threading.py", line 1075, in _bootstrap_inner
    self.run()
  File "C:\Users\66353\AppData\Roaming\uv\python\cpython-3.12-windows-x86_64-none\Lib\threading.py", line 1012, in run
    self._target(*self._args, **self._kwargs)
  File "C:\Users\66353\AppData\Roaming\uv\python\cpython-3.12-windows-x86_64-none\Lib\subprocess.py", line 1599, in _readerthread
    buffer.append(fh.read())
                  ^^^^^^^^^
  File "<frozen codecs>", line 322, in decode
UnicodeDecodeError: 'utf-8' codec can't decode byte 0xc9 in position 15: invalid continuation byte
[09:37:11] 腾讯实时异常: argument of type 'NoneType' is not iterable
[09:37:11] 取数失败 streak=7
[09:38:11] iFinD 实时 errorcode=-1010
Exception in thread Thread-15 (_readerthread):
Traceback (most recent call last):
  File "C:\Users\66353\AppData\Roaming\uv\python\cpython-3.12-windows-x86_64-none\Lib\threading.py", line 1075, in _bootstrap_inner
    self.run()
  File "C:\Users\66353\AppData\Roaming\uv\python\cpython-3.12-windows-x86_64-none\Lib\threading.py", line 1012, in run
    self._target(*self._args, **self._kwargs)
  File "C:\Users\66353\AppData\Roaming\uv\python\cpython-3.12-windows-x86_64-none\Lib\subprocess.py", line 1599, in _readerthread
    buffer.append(fh.read())
                  ^^^^^^^^^
  File "<frozen codecs>", line 322, in decode
UnicodeDecodeError: 'utf-8' codec can't decode byte 0xc9 in position 15: invalid continuation byte
[09:38:12] 腾讯实时异常: argument of type 'NoneType' is not iterable
[09:38:12] 取数失败 streak=8
[09:39:12] iFinD 实时 errorcode=-1010
Exception in thread Thread-17 (_readerthread):
Traceback (most recent call last):
  File "C:\Users\66353\AppData\Roaming\uv\python\cpython-3.12-windows-x86_64-none\Lib\threading.py", line 1075, in _bootstrap_inner
    self.run()
  File "C:\Users\66353\AppData\Roaming\uv\python\cpython-3.12-windows-x86_64-none\Lib\threading.py", line 1012, in run
    self._target(*self._args, **self._kwargs)
  File "C:\Users\66353\AppData\Roaming\uv\python\cpython-3.12-windows-x86_64-none\Lib\subprocess.py", line 1599, in _readerthread
    buffer.append(fh.read())
                  ^^^^^^^^^
  File "<frozen codecs>", line 322, in decode
UnicodeDecodeError: 'utf-8' codec can't decode byte 0xc9 in position 15: invalid continuation byte
[09:39:12] 腾讯实时异常: argument of type 'NoneType' is not iterable
[09:39:12] 取数失败 streak=9
[09:40:12] iFinD 实时 errorcode=-1010
Exception in thread Thread-19 (_readerthread):
Traceback (most recent call last):
  File "C:\Users\66353\AppData\Roaming\uv\python\cpython-3.12-windows-x86_64-none\Lib\threading.py", line 1075, in _bootstrap_inner
    self.run()
  File "C:\Users\66353\AppData\Roaming\uv\python\cpython-3.12-windows-x86_64-none\Lib\threading.py", line 1012, in run
    self._target(*self._args, **self._kwargs)
  File "C:\Users\66353\AppData\Roaming\uv\python\cpython-3.12-windows-x86_64-none\Lib\subprocess.py", line 1599, in _readerthread
    buffer.append(fh.read())
                  ^^^^^^^^^
  File "<frozen codecs>", line 322, in decode
UnicodeDecodeError: 'utf-8' codec can't decode byte 0xc9 in position 15: invalid continuation byte
[09:40:12] 腾讯实时异常: argument of type 'NoneType' is not iterable
[09:40:12] 取数失败 streak=10
[09:41:12] iFinD 实时 errorcode=-1010
Exception in thread Thread-21 (_readerthread):
Traceback (most recent call last):
  File "C:\Users\66353\AppData\Roaming\uv\python\cpython-3.12-windows-x86_64-none\Lib\threading.py", line 1075, in _bootstrap_inner
    self.run()
  File "C:\Users\66353\AppData\Roaming\uv\python\cpython-3.12-windows-x86_64-none\Lib\threading.py", line 1012, in run
    self._target(*self._args, **self._kwargs)
  File "C:\Users\66353\AppData\Roaming\uv\python\cpython-3.12-windows-x86_64-none\Lib\subprocess.py", line 1599, in _readerthread
    buffer.append(fh.read())
                  ^^^^^^^^^
  File "<frozen codecs>", line 322, in decode
UnicodeDecodeError: 'utf-8' codec can't decode byte 0xc9 in position 15: invalid continuation byte
[09:41:12] 腾讯实时异常: argument of type 'NoneType' is not iterable
[09:41:12] 取数失败 streak=11
[09:42:13] iFinD 实时 errorcode=-1010
Exception in thread Thread-23 (_readerthread):
Traceback (most recent call last):
  File "C:\Users\66353\AppData\Roaming\uv\python\cpython-3.12-windows-x86_64-none\Lib\threading.py", line 1075, in _bootstrap_inner
    self.run()
  File "C:\Users\66353\AppData\Roaming\uv\python\cpython-3.12-windows-x86_64-none\Lib\threading.py", line 1012, in run
    self._target(*self._args, **self._kwargs)
  File "C:\Users\66353\AppData\Roaming\uv\python\cpython-3.12-windows-x86_64-none\Lib\subprocess.py", line 1599, in _readerthread
    buffer.append(fh.read())
                  ^^^^^^^^^
  File "<frozen codecs>", line 322, in decode
UnicodeDecodeError: 'utf-8' codec can't decode byte 0xc9 in position 15: invalid continuation byte
[09:42:13] 腾讯实时异常: argument of type 'NoneType' is not iterable
[09:42:13] 取数失败 streak=12
[09:43:13] iFinD 实时 errorcode=-1010
Exception in thread Thread-25 (_readerthread):
Traceback (most recent call last):
  File "C:\Users\66353\AppData\Roaming\uv\python\cpython-3.12-windows-x86_64-none\Lib\threading.py", line 1075, in _bootstrap_inner
    self.run()
  File "C:\Users\66353\AppData\Roaming\uv\python\cpython-3.12-windows-x86_64-none\Lib\threading.py", line 1012, in run
    self._target(*self._args, **self._kwargs)
  File "C:\Users\66353\AppData\Roaming\uv\python\cpython-3.12-windows-x86_64-none\Lib\subprocess.py", line 1599, in _readerthread
    buffer.append(fh.read())
                  ^^^^^^^^^
  File "<frozen codecs>", line 322, in decode
UnicodeDecodeError: 'utf-8' codec can't decode byte 0xc9 in position 15: invalid continuation byte
[09:43:13] 腾讯实时异常: argument of type 'NoneType' is not iterable
[09:43:13] 取数失败 streak=13
[09:44:13] iFinD 实时 errorcode=-1010
Exception in thread Thread-27 (_readerthread):
Traceback (most recent call last):
  File "C:\Users\66353\AppData\Roaming\uv\python\cpython-3.12-windows-x86_64-none\Lib\threading.py", line 1075, in _bootstrap_inner
    self.run()
  File "C:\Users\66353\AppData\Roaming\uv\python\cpython-3.12-windows-x86_64-none\Lib\threading.py", line 1012, in run
    self._target(*self._args, **self._kwargs)
  File "C:\Users\66353\AppData\Roaming\uv\python\cpython-3.12-windows-x86_64-none\Lib\subprocess.py", line 1599, in _readerthread
    buffer.append(fh.read())
                  ^^^^^^^^^
  File "<frozen codecs>", line 322, in decode
UnicodeDecodeError: 'utf-8' codec can't decode byte 0xc9 in position 15: invalid continuation byte
[09:44:13] 腾讯实时异常: argument of type 'NoneType' is not iterable
[09:44:13] 取数失败 streak=14
[09:45:14] iFinD 实时 errorcode=-1010
Exception in thread Thread-29 (_readerthread):
Traceback (most recent call last):
  File "C:\Users\66353\AppData\Roaming\uv\python\cpython-3.12-windows-x86_64-none\Lib\threading.py", line 1075, in _bootstrap_inner
    self.run()
  File "C:\Users\66353\AppData\Roaming\uv\python\cpython-3.12-windows-x86_64-none\Lib\threading.py", line 1012, in run
    self._target(*self._args, **self._kwargs)
  File "C:\Users\66353\AppData\Roaming\uv\python\cpython-3.12-windows-x86_64-none\Lib\subprocess.py", line 1599, in _readerthread
    buffer.append(fh.read())
                  ^^^^^^^^^
  File "<frozen codecs>", line 322, in decode
UnicodeDecodeError: 'utf-8' codec can't decode byte 0xc9 in position 15: invalid continuation byte
[09:45:14] 腾讯实时异常: argument of type 'NoneType' is not iterable
[09:45:14] 取数失败 streak=15
[09:46:14] iFinD 实时 errorcode=-1010
Exception in thread Thread-31 (_readerthread):
Traceback (most recent call last):
  File "C:\Users\66353\AppData\Roaming\uv\python\cpython-3.12-windows-x86_64-none\Lib\threading.py", line 1075, in _bootstrap_inner
    self.run()
  File "C:\Users\66353\AppData\Roaming\uv\python\cpython-3.12-windows-x86_64-none\Lib\threading.py", line 1012, in run
    self._target(*self._args, **self._kwargs)
  File "C:\Users\66353\AppData\Roaming\uv\python\cpython-3.12-windows-x86_64-none\Lib\subprocess.py", line 1599, in _readerthread
    buffer.append(fh.read())
                  ^^^^^^^^^
  File "<frozen codecs>", line 322, in decode
UnicodeDecodeError: 'utf-8' codec can't decode byte 0xc9 in position 15: invalid continuation byte
[09:46:14] 腾讯实时异常: argument of type 'NoneType' is not iterable
[09:46:14] 取数失败 streak=16
[09:47:14] iFinD 实时 errorcode=-1010
Exception in thread Thread-33 (_readerthread):
Traceback (most recent call last):
  File "C:\Users\66353\AppData\Roaming\uv\python\cpython-3.12-windows-x86_64-none\Lib\threading.py", line 1075, in _bootstrap_inner
    self.run()
  File "C:\Users\66353\AppData\Roaming\uv\python\cpython-3.12-windows-x86_64-none\Lib\threading.py", line 1012, in run
    self._target(*self._args, **self._kwargs)
  File "C:\Users\66353\AppData\Roaming\uv\python\cpython-3.12-windows-x86_64-none\Lib\subprocess.py", line 1599, in _readerthread
    buffer.append(fh.read())
                  ^^^^^^^^^
  File "<frozen codecs>", line 322, in decode
UnicodeDecodeError: 'utf-8' codec can't decode byte 0xc9 in position 15: invalid continuation byte
[09:47:14] 腾讯实时异常: argument of type 'NoneType' is not iterable
[09:47:14] 取数失败 streak=17
[09:48:15] iFinD 实时 errorcode=-1010
Exception in thread Thread-35 (_readerthread):
Traceback (most recent call last):
  File "C:\Users\66353\AppData\Roaming\uv\python\cpython-3.12-windows-x86_64-none\Lib\threading.py", line 1075, in _bootstrap_inner
    self.run()
  File "C:\Users\66353\AppData\Roaming\uv\python\cpython-3.12-windows-x86_64-none\Lib\threading.py", line 1012, in run
    self._target(*self._args, **self._kwargs)
  File "C:\Users\66353\AppData\Roaming\uv\python\cpython-3.12-windows-x86_64-none\Lib\subprocess.py", line 1599, in _readerthread
    buffer.append(fh.read())
                  ^^^^^^^^^
  File "<frozen codecs>", line 322, in decode
UnicodeDecodeError: 'utf-8' codec can't decode byte 0xc9 in position 15: invalid continuation byte
[09:48:15] 腾讯实时异常: argument of type 'NoneType' is not iterable
[09:48:15] 取数失败 streak=18
[09:49:15] iFinD 实时 errorcode=-1010
Exception in thread Thread-37 (_readerthread):
Traceback (most recent call last):
  File "C:\Users\66353\AppData\Roaming\uv\python\cpython-3.12-windows-x86_64-none\Lib\threading.py", line 1075, in _bootstrap_inner
    self.run()
  File "C:\Users\66353\AppData\Roaming\uv\python\cpython-3.12-windows-x86_64-none\Lib\threading.py", line 1012, in run
    self._target(*self._args, **self._kwargs)
  File "C:\Users\66353\AppData\Roaming\uv\python\cpython-3.12-windows-x86_64-none\Lib\subprocess.py", line 1599, in _readerthread
    buffer.append(fh.read())
                  ^^^^^^^^^
  File "<frozen codecs>", line 322, in decode
UnicodeDecodeError: 'utf-8' codec can't decode byte 0xc9 in position 15: invalid continuation byte
[09:49:15] 腾讯实时异常: argument of type 'NoneType' is not iterable
[09:49:15] 取数失败 streak=19
[09:50:15] iFinD 实时 errorcode=-1010
Exception in thread Thread-39 (_readerthread):
Traceback (most recent call last):
  File "C:\Users\66353\AppData\Roaming\uv\python\cpython-3.12-windows-x86_64-none\Lib\threading.py", line 1075, in _bootstrap_inner
    self.run()
  File "C:\Users\66353\AppData\Roaming\uv\python\cpython-3.12-windows-x86_64-none\Lib\threading.py", line 1012, in run
    self._target(*self._args, **self._kwargs)
  File "C:\Users\66353\AppData\Roaming\uv\python\cpython-3.12-windows-x86_64-none\Lib\subprocess.py", line 1599, in _readerthread
    buffer.append(fh.read())
                  ^^^^^^^^^
  File "<frozen codecs>", line 322, in decode
UnicodeDecodeError: 'utf-8' codec can't decode byte 0xc9 in position 15: invalid continuation byte
[09:50:15] 腾讯实时异常: argument of type 'NoneType' is not iterable
[09:50:15] 取数失败 streak=20
[09:51:16] iFinD 实时 errorcode=-1010
Exception in thread Thread-41 (_readerthread):
Traceback (most recent call last):
  File "C:\Users\66353\AppData\Roaming\uv\python\cpython-3.12-windows-x86_64-none\Lib\threading.py", line 1075, in _bootstrap_inner
    self.run()
  File "C:\Users\66353\AppData\Roaming\uv\python\cpython-3.12-windows-x86_64-none\Lib\threading.py", line 1012, in run
    self._target(*self._args, **self._kwargs)
  File "C:\Users\66353\AppData\Roaming\uv\python\cpython-3.12-windows-x86_64-none\Lib\subprocess.py", line 1599, in _readerthread
    buffer.append(fh.read())
                  ^^^^^^^^^
  File "<frozen codecs>", line 322, in decode
UnicodeDecodeError: 'utf-8' codec can't decode byte 0xc9 in position 15: invalid continuation byte
[09:51:16] 腾讯实时异常: argument of type 'NoneType' is not iterable
[09:51:16] 取数失败 streak=21
[09:52:16] iFinD 实时 errorcode=-1010
Exception in thread Thread-43 (_readerthread):
Traceback (most recent call last):
  File "C:\Users\66353\AppData\Roaming\uv\python\cpython-3.12-windows-x86_64-none\Lib\threading.py", line 1075, in _bootstrap_inner
    self.run()
  File "C:\Users\66353\AppData\Roaming\uv\python\cpython-3.12-windows-x86_64-none\Lib\threading.py", line 1012, in run
    self._target(*self._args, **self._kwargs)
  File "C:\Users\66353\AppData\Roaming\uv\python\cpython-3.12-windows-x86_64-none\Lib\subprocess.py", line 1599, in _readerthread
    buffer.append(fh.read())
                  ^^^^^^^^^
  File "<frozen codecs>", line 322, in decode
UnicodeDecodeError: 'utf-8' codec can't decode byte 0xc9 in position 15: invalid continuation byte
[09:52:16] 腾讯实时异常: argument of type 'NoneType' is not iterable
[09:52:16] 取数失败 streak=22
[09:53:17] iFinD 实时 errorcode=-1010
Exception in thread Thread-45 (_readerthread):
Traceback (most recent call last):
  File "C:\Users\66353\AppData\Roaming\uv\python\cpython-3.12-windows-x86_64-none\Lib\threading.py", line 1075, in _bootstrap_inner
    self.run()
  File "C:\Users\66353\AppData\Roaming\uv\python\cpython-3.12-windows-x86_64-none\Lib\threading.py", line 1012, in run
    self._target(*self._args, **self._kwargs)
  File "C:\Users\66353\AppData\Roaming\uv\python\cpython-3.12-windows-x86_64-none\Lib\subprocess.py", line 1599, in _readerthread
    buffer.append(fh.read())
                  ^^^^^^^^^
  File "<frozen codecs>", line 322, in decode
UnicodeDecodeError: 'utf-8' codec can't decode byte 0xc9 in position 15: invalid continuation byte
[09:53:17] 腾讯实时异常: argument of type 'NoneType' is not iterable
[09:53:17] 取数失败 streak=23
[09:54:17] iFinD 实时 errorcode=-1010
Exception in thread Thread-47 (_readerthread):
Traceback (most recent call last):
  File "C:\Users\66353\AppData\Roaming\uv\python\cpython-3.12-windows-x86_64-none\Lib\threading.py", line 1075, in _bootstrap_inner
    self.run()
  File "C:\Users\66353\AppData\Roaming\uv\python\cpython-3.12-windows-x86_64-none\Lib\threading.py", line 1012, in run
    self._target(*self._args, **self._kwargs)
  File "C:\Users\66353\AppData\Roaming\uv\python\cpython-3.12-windows-x86_64-none\Lib\subprocess.py", line 1599, in _readerthread
    buffer.append(fh.read())
                  ^^^^^^^^^
  File "<frozen codecs>", line 322, in decode
UnicodeDecodeError: 'utf-8' codec can't decode byte 0xc9 in position 15: invalid continuation byte
[09:54:17] 腾讯实时异常: argument of type 'NoneType' is not iterable
[09:54:17] 取数失败 streak=24
[09:55:17] iFinD 实时 errorcode=-1010
Exception in thread Thread-49 (_readerthread):
Traceback (most recent call last):
  File "C:\Users\66353\AppData\Roaming\uv\python\cpython-3.12-windows-x86_64-none\Lib\threading.py", line 1075, in _bootstrap_inner
    self.run()
  File "C:\Users\66353\AppData\Roaming\uv\python\cpython-3.12-windows-x86_64-none\Lib\threading.py", line 1012, in run
    self._target(*self._args, **self._kwargs)
  File "C:\Users\66353\AppData\Roaming\uv\python\cpython-3.12-windows-x86_64-none\Lib\subprocess.py", line 1599, in _readerthread
    buffer.append(fh.read())
                  ^^^^^^^^^
  File "<frozen codecs>", line 322, in decode
UnicodeDecodeError: 'utf-8' codec can't decode byte 0xc9 in position 15: invalid continuation byte
[09:55:18] 腾讯实时异常: argument of type 'NoneType' is not iterable
[09:55:18] 取数失败 streak=25
[09:56:18] iFinD 实时 errorcode=-1010
Exception in thread Thread-51 (_readerthread):
Traceback (most recent call last):
  File "C:\Users\66353\AppData\Roaming\uv\python\cpython-3.12-windows-x86_64-none\Lib\threading.py", line 1075, in _bootstrap_inner
    self.run()
  File "C:\Users\66353\AppData\Roaming\uv\python\cpython-3.12-windows-x86_64-none\Lib\threading.py", line 1012, in run
    self._target(*self._args, **self._kwargs)
  File "C:\Users\66353\AppData\Roaming\uv\python\cpython-3.12-windows-x86_64-none\Lib\subprocess.py", line 1599, in _readerthread
    buffer.append(fh.read())
                  ^^^^^^^^^
  File "<frozen codecs>", line 322, in decode
UnicodeDecodeError: 'utf-8' codec can't decode byte 0xc9 in position 15: invalid continuation byte
[09:56:18] 腾讯实时异常: argument of type 'NoneType' is not iterable
[09:56:18] 取数失败 streak=26
[09:57:18] iFinD 实时 errorcode=-1010
Exception in thread Thread-53 (_readerthread):
Traceback (most recent call last):
  File "C:\Users\66353\AppData\Roaming\uv\python\cpython-3.12-windows-x86_64-none\Lib\threading.py", line 1075, in _bootstrap_inner
    self.run()
  File "C:\Users\66353\AppData\Roaming\uv\python\cpython-3.12-windows-x86_64-none\Lib\threading.py", line 1012, in run
    self._target(*self._args, **self._kwargs)
  File "C:\Users\66353\AppData\Roaming\uv\python\cpython-3.12-windows-x86_64-none\Lib\subprocess.py", line 1599, in _readerthread
    buffer.append(fh.read())
                  ^^^^^^^^^
  File "<frozen codecs>", line 322, in decode
UnicodeDecodeError: 'utf-8' codec can't decode byte 0xc9 in position 15: invalid continuation byte
[09:57:18] 腾讯实时异常: argument of type 'NoneType' is not iterable
[09:57:18] 取数失败 streak=27
[09:58:18] iFinD 实时 errorcode=-1010
Exception in thread Thread-55 (_readerthread):
Traceback (most recent call last):
  File "C:\Users\66353\AppData\Roaming\uv\python\cpython-3.12-windows-x86_64-none\Lib\threading.py", line 1075, in _bootstrap_inner
    self.run()
  File "C:\Users\66353\AppData\Roaming\uv\python\cpython-3.12-windows-x86_64-none\Lib\threading.py", line 1012, in run
    self._target(*self._args, **self._kwargs)
  File "C:\Users\66353\AppData\Roaming\uv\python\cpython-3.12-windows-x86_64-none\Lib\subprocess.py", line 1599, in _readerthread
    buffer.append(fh.read())
                  ^^^^^^^^^
  File "<frozen codecs>", line 322, in decode
UnicodeDecodeError: 'utf-8' codec can't decode byte 0xc9 in position 15: invalid continuation byte
[09:58:19] 腾讯实时异常: argument of type 'NoneType' is not iterable
[09:58:19] 取数失败 streak=28
[09:59:19] iFinD 实时 errorcode=-1010
Exception in thread Thread-57 (_readerthread):
Traceback (most recent call last):
  File "C:\Users\66353\AppData\Roaming\uv\python\cpython-3.12-windows-x86_64-none\Lib\threading.py", line 1075, in _bootstrap_inner
    self.run()
  File "C:\Users\66353\AppData\Roaming\uv\python\cpython-3.12-windows-x86_64-none\Lib\threading.py", line 1012, in run
    self._target(*self._args, **self._kwargs)
  File "C:\Users\66353\AppData\Roaming\uv\python\cpython-3.12-windows-x86_64-none\Lib\subprocess.py", line 1599, in _readerthread
    buffer.append(fh.read())
                  ^^^^^^^^^
  File "<frozen codecs>", line 322, in decode
UnicodeDecodeError: 'utf-8' codec can't decode byte 0xc9 in position 15: invalid continuation byte
[09:59:19] 腾讯实时异常: argument of type 'NoneType' is not iterable
[09:59:19] 取数失败 streak=29
[10:00:19] iFinD 实时 errorcode=-1010
Exception in thread Thread-59 (_readerthread):
Traceback (most recent call last):
  File "C:\Users\66353\AppData\Roaming\uv\python\cpython-3.12-windows-x86_64-none\Lib\threading.py", line 1075, in _bootstrap_inner
    self.run()
  File "C:\Users\66353\AppData\Roaming\uv\python\cpython-3.12-windows-x86_64-none\Lib\threading.py", line 1012, in run
    self._target(*self._args, **self._kwargs)
  File "C:\Users\66353\AppData\Roaming\uv\python\cpython-3.12-windows-x86_64-none\Lib\subprocess.py", line 1599, in _readerthread
    buffer.append(fh.read())
                  ^^^^^^^^^
  File "<frozen codecs>", line 322, in decode
UnicodeDecodeError: 'utf-8' codec can't decode byte 0xc9 in position 15: invalid continuation byte
[10:00:19] 腾讯实时异常: argument of type 'NoneType' is not iterable
[10:00:19] 取数失败 streak=30
[10:00:19] 连续30分钟全源失败, 报警退出
[09:14:38] 观察池=昨日涨停池 D:\股票数据\市场数据\20260826\zt_pool.csv (52只)
D:\股票数据\.venv312\Lib\site-packages\iFinDPy.pth
[09:14:42] iFinD login rc=0
[09:14:42] 连续段启动
[09:31:02] iFinD 实时 errorcode=-1010
Exception in thread Thread-1 (_readerthread):
Traceback (most recent call last):
  File "C:\Users\66353\AppData\Roaming\uv\python\cpython-3.12-windows-x86_64-none\Lib\threading.py", line 1075, in _bootstrap_inner
    self.run()
  File "C:\Users\66353\AppData\Roaming\uv\python\cpython-3.12-windows-x86_64-none\Lib\threading.py", line 1012, in run
    self._target(*self._args, **self._kwargs)
  File "C:\Users\66353\AppData\Roaming\uv\python\cpython-3.12-windows-x86_64-none\Lib\subprocess.py", line 1599, in _readerthread
    buffer.append(fh.read())
                  ^^^^^^^^^
  File "<frozen codecs>", line 322, in decode
UnicodeDecodeError: 'utf-8' codec can't decode byte 0xba in position 15: invalid start byte
[09:31:02] 腾讯实时异常: argument of type 'NoneType' is not iterable
[09:31:02] 取数失败 streak=1
[09:32:02] iFinD 实时 errorcode=-1010
Exception in thread Thread-3 (_readerthread):
Traceback (most recent call last):
  File "C:\Users\66353\AppData\Roaming\uv\python\cpython-3.12-windows-x86_64-none\Lib\threading.py", line 1075, in _bootstrap_inner
    self.run()
  File "C:\Users\66353\AppData\Roaming\uv\python\cpython-3.12-windows-x86_64-none\Lib\threading.py", line 1012, in run
    self._target(*self._args, **self._kwargs)
  File "C:\Users\66353\AppData\Roaming\uv\python\cpython-3.12-windows-x86_64-none\Lib\subprocess.py", line 1599, in _readerthread
    buffer.append(fh.read())
                  ^^^^^^^^^
  File "<frozen codecs>", line 322, in decode
UnicodeDecodeError: 'utf-8' codec can't decode byte 0xba in position 15: invalid start byte
[09:32:02] 腾讯实时异常: argument of type 'NoneType' is not iterable
[09:32:02] 取数失败 streak=2
[09:33:02] iFinD 实时 errorcode=-1010
Exception in thread Thread-5 (_readerthread):
Traceback (most recent call last):
  File "C:\Users\66353\AppData\Roaming\uv\python\cpython-3.12-windows-x86_64-none\Lib\threading.py", line 1075, in _bootstrap_inner
    self.run()
  File "C:\Users\66353\AppData\Roaming\uv\python\cpython-3.12-windows-x86_64-none\Lib\threading.py", line 1012, in run
    self._target(*self._args, **self._kwargs)
  File "C:\Users\66353\AppData\Roaming\uv\python\cpython-3.12-windows-x86_64-none\Lib\subprocess.py", line 1599, in _readerthread
    buffer.append(fh.read())
                  ^^^^^^^^^
  File "<frozen codecs>", line 322, in decode
UnicodeDecodeError: 'utf-8' codec can't decode byte 0xba in position 15: invalid start byte
[09:33:03] 腾讯实时异常: argument of type 'NoneType' is not iterable
[09:33:03] 取数失败 streak=3
[09:34:03] iFinD 实时 errorcode=-1010
Exception in thread Thread-7 (_readerthread):
Traceback (most recent call last):
  File "C:\Users\66353\AppData\Roaming\uv\python\cpython-3.12-windows-x86_64-none\Lib\threading.py", line 1075, in _bootstrap_inner
    self.run()
  File "C:\Users\66353\AppData\Roaming\uv\python\cpython-3.12-windows-x86_64-none\Lib\threading.py", line 1012, in run
    self._target(*self._args, **self._kwargs)
  File "C:\Users\66353\AppData\Roaming\uv\python\cpython-3.12-windows-x86_64-none\Lib\subprocess.py", line 1599, in _readerthread
    buffer.append(fh.read())
                  ^^^^^^^^^
  File "<frozen codecs>", line 322, in decode
UnicodeDecodeError: 'utf-8' codec can't decode byte 0xba in position 15: invalid start byte
[09:34:03] 腾讯实时异常: argument of type 'NoneType' is not iterable
[09:34:03] 取数失败 streak=4
[09:35:03] iFinD 实时 errorcode=-1010
Exception in thread Thread-9 (_readerthread):
Traceback (most recent call last):
  File "C:\Users\66353\AppData\Roaming\uv\python\cpython-3.12-windows-x86_64-none\Lib\threading.py", line 1075, in _bootstrap_inner
    self.run()
  File "C:\Users\66353\AppData\Roaming\uv\python\cpython-3.12-windows-x86_64-none\Lib\threading.py", line 1012, in run
    self._target(*self._args, **self._kwargs)
  File "C:\Users\66353\AppData\Roaming\uv\python\cpython-3.12-windows-x86_64-none\Lib\subprocess.py", line 1599, in _readerthread
    buffer.append(fh.read())
                  ^^^^^^^^^
  File "<frozen codecs>", line 322, in decode
UnicodeDecodeError: 'utf-8' codec can't decode byte 0xba in position 15: invalid start byte
[09:35:03] 腾讯实时异常: argument of type 'NoneType' is not iterable
[09:35:03] 取数失败 streak=5
[09:36:03] iFinD 实时 errorcode=-1010
Exception in thread Thread-11 (_readerthread):
Traceback (most recent call last):
  File "C:\Users\66353\AppData\Roaming\uv\python\cpython-3.12-windows-x86_64-none\Lib\threading.py", line 1075, in _bootstrap_inner
    self.run()
  File "C:\Users\66353\AppData\Roaming\uv\python\cpython-3.12-windows-x86_64-none\Lib\threading.py", line 1012, in run
    self._target(*self._args, **self._kwargs)
  File "C:\Users\66353\AppData\Roaming\uv\python\cpython-3.12-windows-x86_64-none\Lib\subprocess.py", line 1599, in _readerthread
    buffer.append(fh.read())
                  ^^^^^^^^^
  File "<frozen codecs>", line 322, in decode
UnicodeDecodeError: 'utf-8' codec can't decode byte 0xba in position 15: invalid start byte
[09:36:04] 腾讯实时异常: argument of type 'NoneType' is not iterable
[09:36:04] 取数失败 streak=6
[09:37:04] iFinD 实时 errorcode=-1010
Exception in thread Thread-13 (_readerthread):
Traceback (most recent call last):
  File "C:\Users\66353\AppData\Roaming\uv\python\cpython-3.12-windows-x86_64-none\Lib\threading.py", line 1075, in _bootstrap_inner
    self.run()
  File "C:\Users\66353\AppData\Roaming\uv\python\cpython-3.12-windows-x86_64-none\Lib\threading.py", line 1012, in run
    self._target(*self._args, **self._kwargs)
  File "C:\Users\66353\AppData\Roaming\uv\python\cpython-3.12-windows-x86_64-none\Lib\subprocess.py", line 1599, in _readerthread
    buffer.append(fh.read())
                  ^^^^^^^^^
  File "<frozen codecs>", line 322, in decode
UnicodeDecodeError: 'utf-8' codec can't decode byte 0xba in position 15: invalid start byte
[09:37:04] 腾讯实时异常: argument of type 'NoneType' is not iterable
[09:37:04] 取数失败 streak=7
[09:38:04] iFinD 实时 errorcode=-1010
Exception in thread Thread-15 (_readerthread):
Traceback (most recent call last):
  File "C:\Users\66353\AppData\Roaming\uv\python\cpython-3.12-windows-x86_64-none\Lib\threading.py", line 1075, in _bootstrap_inner
    self.run()
  File "C:\Users\66353\AppData\Roaming\uv\python\cpython-3.12-windows-x86_64-none\Lib\threading.py", line 1012, in run
    self._target(*self._args, **self._kwargs)
  File "C:\Users\66353\AppData\Roaming\uv\python\cpython-3.12-windows-x86_64-none\Lib\subprocess.py", line 1599, in _readerthread
    buffer.append(fh.read())
                  ^^^^^^^^^
  File "<frozen codecs>", line 322, in decode
UnicodeDecodeError: 'utf-8' codec can't decode byte 0xba in position 15: invalid start byte
[09:38:04] 腾讯实时异常: argument of type 'NoneType' is not iterable
[09:38:04] 取数失败 streak=8
[09:39:04] iFinD 实时 errorcode=-1010
Exception in thread Thread-17 (_readerthread):
Traceback (most recent call last):
  File "C:\Users\66353\AppData\Roaming\uv\python\cpython-3.12-windows-x86_64-none\Lib\threading.py", line 1075, in _bootstrap_inner
    self.run()
  File "C:\Users\66353\AppData\Roaming\uv\python\cpython-3.12-windows-x86_64-none\Lib\threading.py", line 1012, in run
    self._target(*self._args, **self._kwargs)
  File "C:\Users\66353\AppData\Roaming\uv\python\cpython-3.12-windows-x86_64-none\Lib\subprocess.py", line 1599, in _readerthread
    buffer.append(fh.read())
                  ^^^^^^^^^
  File "<frozen codecs>", line 322, in decode
UnicodeDecodeError: 'utf-8' codec can't decode byte 0xba in position 15: invalid start byte
[09:39:04] 腾讯实时异常: argument of type 'NoneType' is not iterable
[09:39:04] 取数失败 streak=9
[09:40:05] iFinD 实时 errorcode=-1010
Exception in thread Thread-19 (_readerthread):
Traceback (most recent call last):
  File "C:\Users\66353\AppData\Roaming\uv\python\cpython-3.12-windows-x86_64-none\Lib\threading.py", line 1075, in _bootstrap_inner
    self.run()
  File "C:\Users\66353\AppData\Roaming\uv\python\cpython-3.12-windows-x86_64-none\Lib\threading.py", line 1012, in run
    self._target(*self._args, **self._kwargs)
  File "C:\Users\66353\AppData\Roaming\uv\python\cpython-3.12-windows-x86_64-none\Lib\subprocess.py", line 1599, in _readerthread
    buffer.append(fh.read())
                  ^^^^^^^^^
  File "<frozen codecs>", line 322, in decode
UnicodeDecodeError: 'utf-8' codec can't decode byte 0xba in position 15: invalid start byte
[09:40:05] 腾讯实时异常: argument of type 'NoneType' is not iterable
[09:40:05] 取数失败 streak=10
[09:41:05] iFinD 实时 errorcode=-1010
Exception in thread Thread-21 (_readerthread):
Traceback (most recent call last):
  File "C:\Users\66353\AppData\Roaming\uv\python\cpython-3.12-windows-x86_64-none\Lib\threading.py", line 1075, in _bootstrap_inner
    self.run()
  File "C:\Users\66353\AppData\Roaming\uv\python\cpython-3.12-windows-x86_64-none\Lib\threading.py", line 1012, in run
    self._target(*self._args, **self._kwargs)
  File "C:\Users\66353\AppData\Roaming\uv\python\cpython-3.12-windows-x86_64-none\Lib\subprocess.py", line 1599, in _readerthread
    buffer.append(fh.read())
                  ^^^^^^^^^
  File "<frozen codecs>", line 322, in decode
UnicodeDecodeError: 'utf-8' codec can't decode byte 0xba in position 15: invalid start byte
[09:41:05] 腾讯实时异常: argument of type 'NoneType' is not iterable
[09:41:05] 取数失败 streak=11
[09:42:05] iFinD 实时 errorcode=-1010
Exception in thread Thread-23 (_readerthread):
Traceback (most recent call last):
  File "C:\Users\66353\AppData\Roaming\uv\python\cpython-3.12-windows-x86_64-none\Lib\threading.py", line 1075, in _bootstrap_inner
    self.run()
  File "C:\Users\66353\AppData\Roaming\uv\python\cpython-3.12-windows-x86_64-none\Lib\threading.py", line 1012, in run
    self._target(*self._args, **self._kwargs)
  File "C:\Users\66353\AppData\Roaming\uv\python\cpython-3.12-windows-x86_64-none\Lib\subprocess.py", line 1599, in _readerthread
    buffer.append(fh.read())
                  ^^^^^^^^^
  File "<frozen codecs>", line 322, in decode
UnicodeDecodeError: 'utf-8' codec can't decode byte 0xba in position 15: invalid start byte
[09:42:05] 腾讯实时异常: argument of type 'NoneType' is not iterable
[09:42:05] 取数失败 streak=12
[09:43:06] iFinD 实时 errorcode=-1010
Exception in thread Thread-25 (_readerthread):
Traceback (most recent call last):
  File "C:\Users\66353\AppData\Roaming\uv\python\cpython-3.12-windows-x86_64-none\Lib\threading.py", line 1075, in _bootstrap_inner
    self.run()
  File "C:\Users\66353\AppData\Roaming\uv\python\cpython-3.12-windows-x86_64-none\Lib\threading.py", line 1012, in run
    self._target(*self._args, **self._kwargs)
  File "C:\Users\66353\AppData\Roaming\uv\python\cpython-3.12-windows-x86_64-none\Lib\subprocess.py", line 1599, in _readerthread
    buffer.append(fh.read())
                  ^^^^^^^^^
  File "<frozen codecs>", line 322, in decode
UnicodeDecodeError: 'utf-8' codec can't decode byte 0xba in position 15: invalid start byte
[09:43:06] 腾讯实时异常: argument of type 'NoneType' is not iterable
[09:43:06] 取数失败 streak=13
[09:44:06] iFinD 实时 errorcode=-1010
Exception in thread Thread-27 (_readerthread):
Traceback (most recent call last):
  File "C:\Users\66353\AppData\Roaming\uv\python\cpython-3.12-windows-x86_64-none\Lib\threading.py", line 1075, in _bootstrap_inner
    self.run()
  File "C:\Users\66353\AppData\Roaming\uv\python\cpython-3.12-windows-x86_64-none\Lib\threading.py", line 1012, in run
    self._target(*self._args, **self._kwargs)
  File "C:\Users\66353\AppData\Roaming\uv\python\cpython-3.12-windows-x86_64-none\Lib\subprocess.py", line 1599, in _readerthread
    buffer.append(fh.read())
                  ^^^^^^^^^
  File "<frozen codecs>", line 322, in decode
UnicodeDecodeError: 'utf-8' codec can't decode byte 0xba in position 15: invalid start byte
[09:44:06] 腾讯实时异常: argument of type 'NoneType' is not iterable
[09:44:06] 取数失败 streak=14
[09:45:06] iFinD 实时 errorcode=-1010
Exception in thread Thread-29 (_readerthread):
Traceback (most recent call last):
  File "C:\Users\66353\AppData\Roaming\uv\python\cpython-3.12-windows-x86_64-none\Lib\threading.py", line 1075, in _bootstrap_inner
    self.run()
  File "C:\Users\66353\AppData\Roaming\uv\python\cpython-3.12-windows-x86_64-none\Lib\threading.py", line 1012, in run
    self._target(*self._args, **self._kwargs)
  File "C:\Users\66353\AppData\Roaming\uv\python\cpython-3.12-windows-x86_64-none\Lib\subprocess.py", line 1599, in _readerthread
    buffer.append(fh.read())
                  ^^^^^^^^^
  File "<frozen codecs>", line 322, in decode
UnicodeDecodeError: 'utf-8' codec can't decode byte 0xba in position 15: invalid start byte
[09:45:06] 腾讯实时异常: argument of type 'NoneType' is not iterable
[09:45:06] 取数失败 streak=15
[09:46:07] iFinD 实时 errorcode=-1010
Exception in thread Thread-31 (_readerthread):
Traceback (most recent call last):
  File "C:\Users\66353\AppData\Roaming\uv\python\cpython-3.12-windows-x86_64-none\Lib\threading.py", line 1075, in _bootstrap_inner
    self.run()
  File "C:\Users\66353\AppData\Roaming\uv\python\cpython-3.12-windows-x86_64-none\Lib\threading.py", line 1012, in run
    self._target(*self._args, **self._kwargs)
  File "C:\Users\66353\AppData\Roaming\uv\python\cpython-3.12-windows-x86_64-none\Lib\subprocess.py", line 1599, in _readerthread
    buffer.append(fh.read())
                  ^^^^^^^^^
  File "<frozen codecs>", line 322, in decode
UnicodeDecodeError: 'utf-8' codec can't decode byte 0xba in position 15: invalid start byte
[09:46:07] 腾讯实时异常: argument of type 'NoneType' is not iterable
[09:46:07] 取数失败 streak=16
[09:47:07] iFinD 实时 errorcode=-1010
Exception in thread Thread-33 (_readerthread):
Traceback (most recent call last):
  File "C:\Users\66353\AppData\Roaming\uv\python\cpython-3.12-windows-x86_64-none\Lib\threading.py", line 1075, in _bootstrap_inner
    self.run()
  File "C:\Users\66353\AppData\Roaming\uv\python\cpython-3.12-windows-x86_64-none\Lib\threading.py", line 1012, in run
    self._target(*self._args, **self._kwargs)
  File "C:\Users\66353\AppData\Roaming\uv\python\cpython-3.12-windows-x86_64-none\Lib\subprocess.py", line 1599, in _readerthread
    buffer.append(fh.read())
                  ^^^^^^^^^
  File "<frozen codecs>", line 322, in decode
UnicodeDecodeError: 'utf-8' codec can't decode byte 0xba in position 15: invalid start byte
[09:47:07] 腾讯实时异常: argument of type 'NoneType' is not iterable
[09:47:07] 取数失败 streak=17
[09:48:07] iFinD 实时 errorcode=-1010
Exception in thread Thread-35 (_readerthread):
Traceback (most recent call last):
  File "C:\Users\66353\AppData\Roaming\uv\python\cpython-3.12-windows-x86_64-none\Lib\threading.py", line 1075, in _bootstrap_inner
    self.run()
  File "C:\Users\66353\AppData\Roaming\uv\python\cpython-3.12-windows-x86_64-none\Lib\threading.py", line 1012, in run
    self._target(*self._args, **self._kwargs)
  File "C:\Users\66353\AppData\Roaming\uv\python\cpython-3.12-windows-x86_64-none\Lib\subprocess.py", line 1599, in _readerthread
    buffer.append(fh.read())
                  ^^^^^^^^^
  File "<frozen codecs>", line 322, in decode
UnicodeDecodeError: 'utf-8' codec can't decode byte 0xba in position 15: invalid start byte
[09:48:08] 腾讯实时异常: argument of type 'NoneType' is not iterable
[09:48:08] 取数失败 streak=18
[09:49:08] iFinD 实时 errorcode=-1010
Exception in thread Thread-37 (_readerthread):
Traceback (most recent call last):
  File "C:\Users\66353\AppData\Roaming\uv\python\cpython-3.12-windows-x86_64-none\Lib\threading.py", line 1075, in _bootstrap_inner
    self.run()
  File "C:\Users\66353\AppData\Roaming\uv\python\cpython-3.12-windows-x86_64-none\Lib\threading.py", line 1012, in run
    self._target(*self._args, **self._kwargs)
  File "C:\Users\66353\AppData\Roaming\uv\python\cpython-3.12-windows-x86_64-none\Lib\subprocess.py", line 1599, in _readerthread
    buffer.append(fh.read())
                  ^^^^^^^^^
  File "<frozen codecs>", line 322, in decode
UnicodeDecodeError: 'utf-8' codec can't decode byte 0xba in position 15: invalid start byte
[09:49:08] 腾讯实时异常: argument of type 'NoneType' is not iterable
[09:49:08] 取数失败 streak=19
[09:50:08] iFinD 实时 errorcode=-1010
Exception in thread Thread-39 (_readerthread):
Traceback (most recent call last):
  File "C:\Users\66353\AppData\Roaming\uv\python\cpython-3.12-windows-x86_64-none\Lib\threading.py", line 1075, in _bootstrap_inner
    self.run()
  File "C:\Users\66353\AppData\Roaming\uv\python\cpython-3.12-windows-x86_64-none\Lib\threading.py", line 1012, in run
    self._target(*self._args, **self._kwargs)
  File "C:\Users\66353\AppData\Roaming\uv\python\cpython-3.12-windows-x86_64-none\Lib\subprocess.py", line 1599, in _readerthread
    buffer.append(fh.read())
                  ^^^^^^^^^
  File "<frozen codecs>", line 322, in decode
UnicodeDecodeError: 'utf-8' codec can't decode byte 0xba in position 15: invalid start byte
[09:50:08] 腾讯实时异常: argument of type 'NoneType' is not iterable
[09:50:08] 取数失败 streak=20
[09:51:09] iFinD 实时 errorcode=-1010
Exception in thread Thread-41 (_readerthread):
Traceback (most recent call last):
  File "C:\Users\66353\AppData\Roaming\uv\python\cpython-3.12-windows-x86_64-none\Lib\threading.py", line 1075, in _bootstrap_inner
    self.run()
  File "C:\Users\66353\AppData\Roaming\uv\python\cpython-3.12-windows-x86_64-none\Lib\threading.py", line 1012, in run
    self._target(*self._args, **self._kwargs)
  File "C:\Users\66353\AppData\Roaming\uv\python\cpython-3.12-windows-x86_64-none\Lib\subprocess.py", line 1599, in _readerthread
    buffer.append(fh.read())
                  ^^^^^^^^^
  File "<frozen codecs>", line 322, in decode
UnicodeDecodeError: 'utf-8' codec can't decode byte 0xba in position 15: invalid start byte
[09:51:09] 腾讯实时异常: argument of type 'NoneType' is not iterable
[09:51:09] 取数失败 streak=21
[09:52:09] iFinD 实时 errorcode=-1010
Exception in thread Thread-43 (_readerthread):
Traceback (most recent call last):
  File "C:\Users\66353\AppData\Roaming\uv\python\cpython-3.12-windows-x86_64-none\Lib\threading.py", line 1075, in _bootstrap_inner
    self.run()
  File "C:\Users\66353\AppData\Roaming\uv\python\cpython-3.12-windows-x86_64-none\Lib\threading.py", line 1012, in run
    self._target(*self._args, **self._kwargs)
  File "C:\Users\66353\AppData\Roaming\uv\python\cpython-3.12-windows-x86_64-none\Lib\subprocess.py", line 1599, in _readerthread
    buffer.append(fh.read())
                  ^^^^^^^^^
  File "<frozen codecs>", line 322, in decode
UnicodeDecodeError: 'utf-8' codec can't decode byte 0xba in position 15: invalid start byte
[09:52:09] 腾讯实时异常: argument of type 'NoneType' is not iterable
[09:52:09] 取数失败 streak=22
[09:53:09] iFinD 实时 errorcode=-1010
Exception in thread Thread-45 (_readerthread):
Traceback (most recent call last):
  File "C:\Users\66353\AppData\Roaming\uv\python\cpython-3.12-windows-x86_64-none\Lib\threading.py", line 1075, in _bootstrap_inner
    self.run()
  File "C:\Users\66353\AppData\Roaming\uv\python\cpython-3.12-windows-x86_64-none\Lib\threading.py", line 1012, in run
    self._target(*self._args, **self._kwargs)
  File "C:\Users\66353\AppData\Roaming\uv\python\cpython-3.12-windows-x86_64-none\Lib\subprocess.py", line 1599, in _readerthread
    buffer.append(fh.read())
                  ^^^^^^^^^
  File "<frozen codecs>", line 322, in decode
UnicodeDecodeError: 'utf-8' codec can't decode byte 0xba in position 15: invalid start byte
[09:53:10] 腾讯实时异常: argument of type 'NoneType' is not iterable
[09:53:10] 取数失败 streak=23
[09:54:10] iFinD 实时 errorcode=-1010
Exception in thread Thread-47 (_readerthread):
Traceback (most recent call last):
  File "C:\Users\66353\AppData\Roaming\uv\python\cpython-3.12-windows-x86_64-none\Lib\threading.py", line 1075, in _bootstrap_inner
    self.run()
  File "C:\Users\66353\AppData\Roaming\uv\python\cpython-3.12-windows-x86_64-none\Lib\threading.py", line 1012, in run
    self._target(*self._args, **self._kwargs)
  File "C:\Users\66353\AppData\Roaming\uv\python\cpython-3.12-windows-x86_64-none\Lib\subprocess.py", line 1599, in _readerthread
    buffer.append(fh.read())
                  ^^^^^^^^^
  File "<frozen codecs>", line 322, in decode
UnicodeDecodeError: 'utf-8' codec can't decode byte 0xba in position 15: invalid start byte
[09:54:10] 腾讯实时异常: argument of type 'NoneType' is not iterable
[09:54:10] 取数失败 streak=24
[09:55:10] iFinD 实时 errorcode=-1010
Exception in thread Thread-49 (_readerthread):
Traceback (most recent call last):
  File "C:\Users\66353\AppData\Roaming\uv\python\cpython-3.12-windows-x86_64-none\Lib\threading.py", line 1075, in _bootstrap_inner
    self.run()
  File "C:\Users\66353\AppData\Roaming\uv\python\cpython-3.12-windows-x86_64-none\Lib\threading.py", line 1012, in run
    self._target(*self._args, **self._kwargs)
  File "C:\Users\66353\AppData\Roaming\uv\python\cpython-3.12-windows-x86_64-none\Lib\subprocess.py", line 1599, in _readerthread
    buffer.append(fh.read())
                  ^^^^^^^^^
  File "<frozen codecs>", line 322, in decode
UnicodeDecodeError: 'utf-8' codec can't decode byte 0xba in position 15: invalid start byte
[09:55:10] 腾讯实时异常: argument of type 'NoneType' is not iterable
[09:55:10] 取数失败 streak=25
[09:56:11] iFinD 实时 errorcode=-1010
Exception in thread Thread-51 (_readerthread):
Traceback (most recent call last):
  File "C:\Users\66353\AppData\Roaming\uv\python\cpython-3.12-windows-x86_64-none\Lib\threading.py", line 1075, in _bootstrap_inner
    self.run()
  File "C:\Users\66353\AppData\Roaming\uv\python\cpython-3.12-windows-x86_64-none\Lib\threading.py", line 1012, in run
    self._target(*self._args, **self._kwargs)
  File "C:\Users\66353\AppData\Roaming\uv\python\cpython-3.12-windows-x86_64-none\Lib\subprocess.py", line 1599, in _readerthread
    buffer.append(fh.read())
                  ^^^^^^^^^
  File "<frozen codecs>", line 322, in decode
UnicodeDecodeError: 'utf-8' codec can't decode byte 0xba in position 15: invalid start byte
[09:56:11] 腾讯实时异常: argument of type 'NoneType' is not iterable
[09:56:11] 取数失败 streak=26
[09:57:11] iFinD 实时 errorcode=-1010
Exception in thread Thread-53 (_readerthread):
Traceback (most recent call last):
  File "C:\Users\66353\AppData\Roaming\uv\python\cpython-3.12-windows-x86_64-none\Lib\threading.py", line 1075, in _bootstrap_inner
    self.run()
  File "C:\Users\66353\AppData\Roaming\uv\python\cpython-3.12-windows-x86_64-none\Lib\threading.py", line 1012, in run
    self._target(*self._args, **self._kwargs)
  File "C:\Users\66353\AppData\Roaming\uv\python\cpython-3.12-windows-x86_64-none\Lib\subprocess.py", line 1599, in _readerthread
    buffer.append(fh.read())
                  ^^^^^^^^^
  File "<frozen codecs>", line 322, in decode
UnicodeDecodeError: 'utf-8' codec can't decode byte 0xba in position 15: invalid start byte
[09:57:11] 腾讯实时异常: argument of type 'NoneType' is not iterable
[09:57:11] 取数失败 streak=27
[09:58:11] iFinD 实时 errorcode=-1010
Exception in thread Thread-55 (_readerthread):
Traceback (most recent call last):
  File "C:\Users\66353\AppData\Roaming\uv\python\cpython-3.12-windows-x86_64-none\Lib\threading.py", line 1075, in _bootstrap_inner
    self.run()
  File "C:\Users\66353\AppData\Roaming\uv\python\cpython-3.12-windows-x86_64-none\Lib\threading.py", line 1012, in run
    self._target(*self._args, **self._kwargs)
  File "C:\Users\66353\AppData\Roaming\uv\python\cpython-3.12-windows-x86_64-none\Lib\subprocess.py", line 1599, in _readerthread
    buffer.append(fh.read())
                  ^^^^^^^^^
  File "<frozen codecs>", line 322, in decode
UnicodeDecodeError: 'utf-8' codec can't decode byte 0xba in position 15: invalid start byte
[09:58:12] 腾讯实时异常: argument of type 'NoneType' is not iterable
[09:58:12] 取数失败 streak=28
[09:59:12] iFinD 实时 errorcode=-1010
Exception in thread Thread-57 (_readerthread):
Traceback (most recent call last):
  File "C:\Users\66353\AppData\Roaming\uv\python\cpython-3.12-windows-x86_64-none\Lib\threading.py", line 1075, in _bootstrap_inner
    self.run()
  File "C:\Users\66353\AppData\Roaming\uv\python\cpython-3.12-windows-x86_64-none\Lib\threading.py", line 1012, in run
    self._target(*self._args, **self._kwargs)
  File "C:\Users\66353\AppData\Roaming\uv\python\cpython-3.12-windows-x86_64-none\Lib\subprocess.py", line 1599, in _readerthread
    buffer.append(fh.read())
                  ^^^^^^^^^
  File "<frozen codecs>", line 322, in decode
UnicodeDecodeError: 'utf-8' codec can't decode byte 0xba in position 15: invalid start byte
[09:59:12] 腾讯实时异常: argument of type 'NoneType' is not iterable
[09:59:12] 取数失败 streak=29
[10:00:12] iFinD 实时 errorcode=-1010
Exception in thread Thread-59 (_readerthread):
Traceback (most recent call last):
  File "C:\Users\66353\AppData\Roaming\uv\python\cpython-3.12-windows-x86_64-none\Lib\threading.py", line 1075, in _bootstrap_inner
    self.run()
  File "C:\Users\66353\AppData\Roaming\uv\python\cpython-3.12-windows-x86_64-none\Lib\threading.py", line 1012, in run
    self._target(*self._args, **self._kwargs)
  File "C:\Users\66353\AppData\Roaming\uv\python\cpython-3.12-windows-x86_64-none\Lib\subprocess.py", line 1599, in _readerthread
    buffer.append(fh.read())
                  ^^^^^^^^^
  File "<frozen codecs>", line 322, in decode
UnicodeDecodeError: 'utf-8' codec can't decode byte 0xba in position 15: invalid start byte
[10:00:12] 腾讯实时异常: argument of type 'NoneType' is not iterable
[10:00:12] 取数失败 streak=30
[10:00:12] 连续30分钟全源失败, 报警退出
[09:14:05] 观察池=昨日涨停池 D:\股票数据\市场数据\20260827\zt_pool.csv (77只)
D:\股票数据\.venv312\Lib\site-packages\iFinDPy.pth
[09:14:09] iFinD login rc=0
[09:14:09] 连续段启动
[09:31:09] iFinD 实时 errorcode=-1010
Exception in thread Thread-1 (_readerthread):
Traceback (most recent call last):
  File "C:\Users\66353\AppData\Roaming\uv\python\cpython-3.12-windows-x86_64-none\Lib\threading.py", line 1075, in _bootstrap_inner
    self.run()
  File "C:\Users\66353\AppData\Roaming\uv\python\cpython-3.12-windows-x86_64-none\Lib\threading.py", line 1012, in run
    self._target(*self._args, **self._kwargs)
  File "C:\Users\66353\AppData\Roaming\uv\python\cpython-3.12-windows-x86_64-none\Lib\subprocess.py", line 1599, in _readerthread
    buffer.append(fh.read())
                  ^^^^^^^^^
  File "<frozen codecs>", line 322, in decode
UnicodeDecodeError: 'utf-8' codec can't decode byte 0xbd in position 15: invalid start byte
[09:31:09] 腾讯实时异常: argument of type 'NoneType' is not iterable
[09:31:09] 取数失败 streak=1
[09:32:09] iFinD 实时 errorcode=-1010
Exception in thread Thread-3 (_readerthread):
Traceback (most recent call last):
  File "C:\Users\66353\AppData\Roaming\uv\python\cpython-3.12-windows-x86_64-none\Lib\threading.py", line 1075, in _bootstrap_inner
    self.run()
  File "C:\Users\66353\AppData\Roaming\uv\python\cpython-3.12-windows-x86_64-none\Lib\threading.py", line 1012, in run
    self._target(*self._args, **self._kwargs)
  File "C:\Users\66353\AppData\Roaming\uv\python\cpython-3.12-windows-x86_64-none\Lib\subprocess.py", line 1599, in _readerthread
    buffer.append(fh.read())
                  ^^^^^^^^^
  File "<frozen codecs>", line 322, in decode
UnicodeDecodeError: 'utf-8' codec can't decode byte 0xbd in position 15: invalid start byte
[09:32:10] 腾讯实时异常: argument of type 'NoneType' is not iterable
[09:32:10] 取数失败 streak=2
[09:33:10] iFinD 实时 errorcode=-1010
Exception in thread Thread-5 (_readerthread):
Traceback (most recent call last):
  File "C:\Users\66353\AppData\Roaming\uv\python\cpython-3.12-windows-x86_64-none\Lib\threading.py", line 1075, in _bootstrap_inner
    self.run()
  File "C:\Users\66353\AppData\Roaming\uv\python\cpython-3.12-windows-x86_64-none\Lib\threading.py", line 1012, in run
    self._target(*self._args, **self._kwargs)
  File "C:\Users\66353\AppData\Roaming\uv\python\cpython-3.12-windows-x86_64-none\Lib\subprocess.py", line 1599, in _readerthread
    buffer.append(fh.read())
                  ^^^^^^^^^
  File "<frozen codecs>", line 322, in decode
UnicodeDecodeError: 'utf-8' codec can't decode byte 0xbd in position 15: invalid start byte
[09:33:10] 腾讯实时异常: argument of type 'NoneType' is not iterable
[09:33:10] 取数失败 streak=3
[09:34:10] iFinD 实时 errorcode=-1010
Exception in thread Thread-7 (_readerthread):
Traceback (most recent call last):
  File "C:\Users\66353\AppData\Roaming\uv\python\cpython-3.12-windows-x86_64-none\Lib\threading.py", line 1075, in _bootstrap_inner
    self.run()
  File "C:\Users\66353\AppData\Roaming\uv\python\cpython-3.12-windows-x86_64-none\Lib\threading.py", line 1012, in run
    self._target(*self._args, **self._kwargs)
  File "C:\Users\66353\AppData\Roaming\uv\python\cpython-3.12-windows-x86_64-none\Lib\subprocess.py", line 1599, in _readerthread
    buffer.append(fh.read())
                  ^^^^^^^^^
  File "<frozen codecs>", line 322, in decode
UnicodeDecodeError: 'utf-8' codec can't decode byte 0xbd in position 15: invalid start byte
[09:34:10] 腾讯实时异常: argument of type 'NoneType' is not iterable
[09:34:10] 取数失败 streak=4
[09:35:10] iFinD 实时 errorcode=-1010
Exception in thread Thread-9 (_readerthread):
Traceback (most recent call last):
  File "C:\Users\66353\AppData\Roaming\uv\python\cpython-3.12-windows-x86_64-none\Lib\threading.py", line 1075, in _bootstrap_inner
    self.run()
  File "C:\Users\66353\AppData\Roaming\uv\python\cpython-3.12-windows-x86_64-none\Lib\threading.py", line 1012, in run
    self._target(*self._args, **self._kwargs)
  File "C:\Users\66353\AppData\Roaming\uv\python\cpython-3.12-windows-x86_64-none\Lib\subprocess.py", line 1599, in _readerthread
    buffer.append(fh.read())
                  ^^^^^^^^^
  File "<frozen codecs>", line 322, in decode
UnicodeDecodeError: 'utf-8' codec can't decode byte 0xbd in position 15: invalid start byte
[09:35:10] 腾讯实时异常: argument of type 'NoneType' is not iterable
[09:35:10] 取数失败 streak=5
[09:36:11] iFinD 实时 errorcode=-1010
Exception in thread Thread-11 (_readerthread):
Traceback (most recent call last):
  File "C:\Users\66353\AppData\Roaming\uv\python\cpython-3.12-windows-x86_64-none\Lib\threading.py", line 1075, in _bootstrap_inner
    self.run()
  File "C:\Users\66353\AppData\Roaming\uv\python\cpython-3.12-windows-x86_64-none\Lib\threading.py", line 1012, in run
    self._target(*self._args, **self._kwargs)
  File "C:\Users\66353\AppData\Roaming\uv\python\cpython-3.12-windows-x86_64-none\Lib\subprocess.py", line 1599, in _readerthread
    buffer.append(fh.read())
                  ^^^^^^^^^
  File "<frozen codecs>", line 322, in decode
UnicodeDecodeError: 'utf-8' codec can't decode byte 0xbd in position 15: invalid start byte
[09:36:11] 腾讯实时异常: argument of type 'NoneType' is not iterable
[09:36:11] 取数失败 streak=6
[09:37:11] iFinD 实时 errorcode=-1010
Exception in thread Thread-13 (_readerthread):
Traceback (most recent call last):
  File "C:\Users\66353\AppData\Roaming\uv\python\cpython-3.12-windows-x86_64-none\Lib\threading.py", line 1075, in _bootstrap_inner
    self.run()
  File "C:\Users\66353\AppData\Roaming\uv\python\cpython-3.12-windows-x86_64-none\Lib\threading.py", line 1012, in run
    self._target(*self._args, **self._kwargs)
  File "C:\Users\66353\AppData\Roaming\uv\python\cpython-3.12-windows-x86_64-none\Lib\subprocess.py", line 1599, in _readerthread
    buffer.append(fh.read())
                  ^^^^^^^^^
  File "<frozen codecs>", line 322, in decode
UnicodeDecodeError: 'utf-8' codec can't decode byte 0xbd in position 15: invalid start byte
[09:37:11] 腾讯实时异常: argument of type 'NoneType' is not iterable
[09:37:11] 取数失败 streak=7
[09:38:11] iFinD 实时 errorcode=-1010
Exception in thread Thread-15 (_readerthread):
Traceback (most recent call last):
  File "C:\Users\66353\AppData\Roaming\uv\python\cpython-3.12-windows-x86_64-none\Lib\threading.py", line 1075, in _bootstrap_inner
    self.run()
  File "C:\Users\66353\AppData\Roaming\uv\python\cpython-3.12-windows-x86_64-none\Lib\threading.py", line 1012, in run
    self._target(*self._args, **self._kwargs)
  File "C:\Users\66353\AppData\Roaming\uv\python\cpython-3.12-windows-x86_64-none\Lib\subprocess.py", line 1599, in _readerthread
    buffer.append(fh.read())
                  ^^^^^^^^^
  File "<frozen codecs>", line 322, in decode
UnicodeDecodeError: 'utf-8' codec can't decode byte 0xbd in position 15: invalid start byte
[09:38:12] 腾讯实时异常: argument of type 'NoneType' is not iterable
[09:38:12] 取数失败 streak=8
[09:39:12] iFinD 实时 errorcode=-1010
Exception in thread Thread-17 (_readerthread):
Traceback (most recent call last):
  File "C:\Users\66353\AppData\Roaming\uv\python\cpython-3.12-windows-x86_64-none\Lib\threading.py", line 1075, in _bootstrap_inner
    self.run()
  File "C:\Users\66353\AppData\Roaming\uv\python\cpython-3.12-windows-x86_64-none\Lib\threading.py", line 1012, in run
    self._target(*self._args, **self._kwargs)
  File "C:\Users\66353\AppData\Roaming\uv\python\cpython-3.12-windows-x86_64-none\Lib\subprocess.py", line 1599, in _readerthread
    buffer.append(fh.read())
                  ^^^^^^^^^
  File "<frozen codecs>", line 322, in decode
UnicodeDecodeError: 'utf-8' codec can't decode byte 0xbd in position 15: invalid start byte
[09:39:12] 腾讯实时异常: argument of type 'NoneType' is not iterable
[09:39:12] 取数失败 streak=9
[09:40:12] iFinD 实时 errorcode=-1010
Exception in thread Thread-19 (_readerthread):
Traceback (most recent call last):
  File "C:\Users\66353\AppData\Roaming\uv\python\cpython-3.12-windows-x86_64-none\Lib\threading.py", line 1075, in _bootstrap_inner
    self.run()
  File "C:\Users\66353\AppData\Roaming\uv\python\cpython-3.12-windows-x86_64-none\Lib\threading.py", line 1012, in run
    self._target(*self._args, **self._kwargs)
  File "C:\Users\66353\AppData\Roaming\uv\python\cpython-3.12-windows-x86_64-none\Lib\subprocess.py", line 1599, in _readerthread
    buffer.append(fh.read())
                  ^^^^^^^^^
  File "<frozen codecs>", line 322, in decode
UnicodeDecodeError: 'utf-8' codec can't decode byte 0xbd in position 15: invalid start byte
[09:40:12] 腾讯实时异常: argument of type 'NoneType' is not iterable
[09:40:12] 取数失败 streak=10
[09:41:12] iFinD 实时 errorcode=-1010
Exception in thread Thread-21 (_readerthread):
Traceback (most recent call last):
  File "C:\Users\66353\AppData\Roaming\uv\python\cpython-3.12-windows-x86_64-none\Lib\threading.py", line 1075, in _bootstrap_inner
    self.run()
  File "C:\Users\66353\AppData\Roaming\uv\python\cpython-3.12-windows-x86_64-none\Lib\threading.py", line 1012, in run
    self._target(*self._args, **self._kwargs)
  File "C:\Users\66353\AppData\Roaming\uv\python\cpython-3.12-windows-x86_64-none\Lib\subprocess.py", line 1599, in _readerthread
    buffer.append(fh.read())
                  ^^^^^^^^^
  File "<frozen codecs>", line 322, in decode
UnicodeDecodeError: 'utf-8' codec can't decode byte 0xbd in position 15: invalid start byte
[09:41:13] 腾讯实时异常: argument of type 'NoneType' is not iterable
[09:41:13] 取数失败 streak=11
[09:42:13] iFinD 实时 errorcode=-1010
Exception in thread Thread-23 (_readerthread):
Traceback (most recent call last):
  File "C:\Users\66353\AppData\Roaming\uv\python\cpython-3.12-windows-x86_64-none\Lib\threading.py", line 1075, in _bootstrap_inner
    self.run()
  File "C:\Users\66353\AppData\Roaming\uv\python\cpython-3.12-windows-x86_64-none\Lib\threading.py", line 1012, in run
    self._target(*self._args, **self._kwargs)
  File "C:\Users\66353\AppData\Roaming\uv\python\cpython-3.12-windows-x86_64-none\Lib\subprocess.py", line 1599, in _readerthread
    buffer.append(fh.read())
                  ^^^^^^^^^
  File "<frozen codecs>", line 322, in decode
UnicodeDecodeError: 'utf-8' codec can't decode byte 0xbd in position 15: invalid start byte
[09:42:13] 腾讯实时异常: argument of type 'NoneType' is not iterable
[09:42:13] 取数失败 streak=12
[09:43:13] iFinD 实时 errorcode=-1010
Exception in thread Thread-25 (_readerthread):
Traceback (most recent call last):
  File "C:\Users\66353\AppData\Roaming\uv\python\cpython-3.12-windows-x86_64-none\Lib\threading.py", line 1075, in _bootstrap_inner
    self.run()
  File "C:\Users\66353\AppData\Roaming\uv\python\cpython-3.12-windows-x86_64-none\Lib\threading.py", line 1012, in run
    self._target(*self._args, **self._kwargs)
  File "C:\Users\66353\AppData\Roaming\uv\python\cpython-3.12-windows-x86_64-none\Lib\subprocess.py", line 1599, in _readerthread
    buffer.append(fh.read())
                  ^^^^^^^^^
  File "<frozen codecs>", line 322, in decode
UnicodeDecodeError: 'utf-8' codec can't decode byte 0xbd in position 15: invalid start byte
[09:43:13] 腾讯实时异常: argument of type 'NoneType' is not iterable
[09:43:13] 取数失败 streak=13
[09:44:14] iFinD 实时 errorcode=-1010
Exception in thread Thread-27 (_readerthread):
Traceback (most recent call last):
  File "C:\Users\66353\AppData\Roaming\uv\python\cpython-3.12-windows-x86_64-none\Lib\threading.py", line 1075, in _bootstrap_inner
    self.run()
  File "C:\Users\66353\AppData\Roaming\uv\python\cpython-3.12-windows-x86_64-none\Lib\threading.py", line 1012, in run
    self._target(*self._args, **self._kwargs)
  File "C:\Users\66353\AppData\Roaming\uv\python\cpython-3.12-windows-x86_64-none\Lib\subprocess.py", line 1599, in _readerthread
    buffer.append(fh.read())
                  ^^^^^^^^^
  File "<frozen codecs>", line 322, in decode
UnicodeDecodeError: 'utf-8' codec can't decode byte 0xbd in position 15: invalid start byte
[09:44:14] 腾讯实时异常: argument of type 'NoneType' is not iterable
[09:44:14] 取数失败 streak=14
[09:45:14] iFinD 实时 errorcode=-1010
Exception in thread Thread-29 (_readerthread):
Traceback (most recent call last):
  File "C:\Users\66353\AppData\Roaming\uv\python\cpython-3.12-windows-x86_64-none\Lib\threading.py", line 1075, in _bootstrap_inner
    self.run()
  File "C:\Users\66353\AppData\Roaming\uv\python\cpython-3.12-windows-x86_64-none\Lib\threading.py", line 1012, in run
    self._target(*self._args, **self._kwargs)
  File "C:\Users\66353\AppData\Roaming\uv\python\cpython-3.12-windows-x86_64-none\Lib\subprocess.py", line 1599, in _readerthread
    buffer.append(fh.read())
                  ^^^^^^^^^
  File "<frozen codecs>", line 322, in decode
UnicodeDecodeError: 'utf-8' codec can't decode byte 0xbd in position 15: invalid start byte
[09:45:14] 腾讯实时异常: argument of type 'NoneType' is not iterable
[09:45:14] 取数失败 streak=15
[09:46:14] iFinD 实时 errorcode=-1010
Exception in thread Thread-31 (_readerthread):
Traceback (most recent call last):
  File "C:\Users\66353\AppData\Roaming\uv\python\cpython-3.12-windows-x86_64-none\Lib\threading.py", line 1075, in _bootstrap_inner
    self.run()
  File "C:\Users\66353\AppData\Roaming\uv\python\cpython-3.12-windows-x86_64-none\Lib\threading.py", line 1012, in run
    self._target(*self._args, **self._kwargs)
  File "C:\Users\66353\AppData\Roaming\uv\python\cpython-3.12-windows-x86_64-none\Lib\subprocess.py", line 1599, in _readerthread
    buffer.append(fh.read())
                  ^^^^^^^^^
  File "<frozen codecs>", line 322, in decode
UnicodeDecodeError: 'utf-8' codec can't decode byte 0xbd in position 15: invalid start byte
[09:46:14] 腾讯实时异常: argument of type 'NoneType' is not iterable
[09:46:14] 取数失败 streak=16
[09:47:14] iFinD 实时 errorcode=-1010
Exception in thread Thread-33 (_readerthread):
Traceback (most recent call last):
  File "C:\Users\66353\AppData\Roaming\uv\python\cpython-3.12-windows-x86_64-none\Lib\threading.py", line 1075, in _bootstrap_inner
    self.run()
  File "C:\Users\66353\AppData\Roaming\uv\python\cpython-3.12-windows-x86_64-none\Lib\threading.py", line 1012, in run
    self._target(*self._args, **self._kwargs)
  File "C:\Users\66353\AppData\Roaming\uv\python\cpython-3.12-windows-x86_64-none\Lib\subprocess.py", line 1599, in _readerthread
    buffer.append(fh.read())
                  ^^^^^^^^^
  File "<frozen codecs>", line 322, in decode
UnicodeDecodeError: 'utf-8' codec can't decode byte 0xbd in position 15: invalid start byte
[09:47:14] 腾讯实时异常: argument of type 'NoneType' is not iterable
[09:47:14] 取数失败 streak=17
[09:48:15] iFinD 实时 errorcode=-1010
Exception in thread Thread-35 (_readerthread):
Traceback (most recent call last):
  File "C:\Users\66353\AppData\Roaming\uv\python\cpython-3.12-windows-x86_64-none\Lib\threading.py", line 1075, in _bootstrap_inner
    self.run()
  File "C:\Users\66353\AppData\Roaming\uv\python\cpython-3.12-windows-x86_64-none\Lib\threading.py", line 1012, in run
    self._target(*self._args, **self._kwargs)
  File "C:\Users\66353\AppData\Roaming\uv\python\cpython-3.12-windows-x86_64-none\Lib\subprocess.py", line 1599, in _readerthread
    buffer.append(fh.read())
                  ^^^^^^^^^
  File "<frozen codecs>", line 322, in decode
UnicodeDecodeError: 'utf-8' codec can't decode byte 0xbd in position 15: invalid start byte
[09:48:15] 腾讯实时异常: argument of type 'NoneType' is not iterable
[09:48:15] 取数失败 streak=18
[09:49:15] iFinD 实时 errorcode=-1010
Exception in thread Thread-37 (_readerthread):
Traceback (most recent call last):
  File "C:\Users\66353\AppData\Roaming\uv\python\cpython-3.12-windows-x86_64-none\Lib\threading.py", line 1075, in _bootstrap_inner
    self.run()
  File "C:\Users\66353\AppData\Roaming\uv\python\cpython-3.12-windows-x86_64-none\Lib\threading.py", line 1012, in run
    self._target(*self._args, **self._kwargs)
  File "C:\Users\66353\AppData\Roaming\uv\python\cpython-3.12-windows-x86_64-none\Lib\subprocess.py", line 1599, in _readerthread
    buffer.append(fh.read())
                  ^^^^^^^^^
  File "<frozen codecs>", line 322, in decode
UnicodeDecodeError: 'utf-8' codec can't decode byte 0xbd in position 15: invalid start byte
[09:49:15] 腾讯实时异常: argument of type 'NoneType' is not iterable
[09:49:15] 取数失败 streak=19
[09:50:15] iFinD 实时 errorcode=-1010
Exception in thread Thread-39 (_readerthread):
Traceback (most recent call last):
  File "C:\Users\66353\AppData\Roaming\uv\python\cpython-3.12-windows-x86_64-none\Lib\threading.py", line 1075, in _bootstrap_inner
    self.run()
  File "C:\Users\66353\AppData\Roaming\uv\python\cpython-3.12-windows-x86_64-none\Lib\threading.py", line 1012, in run
    self._target(*self._args, **self._kwargs)
  File "C:\Users\66353\AppData\Roaming\uv\python\cpython-3.12-windows-x86_64-none\Lib\subprocess.py", line 1599, in _readerthread
    buffer.append(fh.read())
                  ^^^^^^^^^
  File "<frozen codecs>", line 322, in decode
UnicodeDecodeError: 'utf-8' codec can't decode byte 0xbd in position 15: invalid start byte
[09:50:15] 腾讯实时异常: argument of type 'NoneType' is not iterable
[09:50:15] 取数失败 streak=20
[09:51:16] iFinD 实时 errorcode=-1010
Exception in thread Thread-41 (_readerthread):
Traceback (most recent call last):
  File "C:\Users\66353\AppData\Roaming\uv\python\cpython-3.12-windows-x86_64-none\Lib\threading.py", line 1075, in _bootstrap_inner
    self.run()
  File "C:\Users\66353\AppData\Roaming\uv\python\cpython-3.12-windows-x86_64-none\Lib\threading.py", line 1012, in run
    self._target(*self._args, **self._kwargs)
  File "C:\Users\66353\AppData\Roaming\uv\python\cpython-3.12-windows-x86_64-none\Lib\subprocess.py", line 1599, in _readerthread
    buffer.append(fh.read())
                  ^^^^^^^^^
  File "<frozen codecs>", line 322, in decode
UnicodeDecodeError: 'utf-8' codec can't decode byte 0xbd in position 15: invalid start byte
[09:51:16] 腾讯实时异常: argument of type 'NoneType' is not iterable
[09:51:16] 取数失败 streak=21
[09:52:16] iFinD 实时 errorcode=-1010
Exception in thread Thread-43 (_readerthread):
Traceback (most recent call last):
  File "C:\Users\66353\AppData\Roaming\uv\python\cpython-3.12-windows-x86_64-none\Lib\threading.py", line 1075, in _bootstrap_inner
    self.run()
  File "C:\Users\66353\AppData\Roaming\uv\python\cpython-3.12-windows-x86_64-none\Lib\threading.py", line 1012, in run
    self._target(*self._args, **self._kwargs)
  File "C:\Users\66353\AppData\Roaming\uv\python\cpython-3.12-windows-x86_64-none\Lib\subprocess.py", line 1599, in _readerthread
    buffer.append(fh.read())
                  ^^^^^^^^^
  File "<frozen codecs>", line 322, in decode
UnicodeDecodeError: 'utf-8' codec can't decode byte 0xbd in position 15: invalid start byte
[09:52:16] 腾讯实时异常: argument of type 'NoneType' is not iterable
[09:52:16] 取数失败 streak=22
[09:53:16] iFinD 实时 errorcode=-1010
Exception in thread Thread-45 (_readerthread):
Traceback (most recent call last):
  File "C:\Users\66353\AppData\Roaming\uv\python\cpython-3.12-windows-x86_64-none\Lib\threading.py", line 1075, in _bootstrap_inner
    self.run()
  File "C:\Users\66353\AppData\Roaming\uv\python\cpython-3.12-windows-x86_64-none\Lib\threading.py", line 1012, in run
    self._target(*self._args, **self._kwargs)
  File "C:\Users\66353\AppData\Roaming\uv\python\cpython-3.12-windows-x86_64-none\Lib\subprocess.py", line 1599, in _readerthread
    buffer.append(fh.read())
                  ^^^^^^^^^
  File "<frozen codecs>", line 322, in decode
UnicodeDecodeError: 'utf-8' codec can't decode byte 0xbd in position 15: invalid start byte
[09:53:17] 腾讯实时异常: argument of type 'NoneType' is not iterable
[09:53:17] 取数失败 streak=23
[09:54:17] iFinD 实时 errorcode=-1010
Exception in thread Thread-47 (_readerthread):
Traceback (most recent call last):
  File "C:\Users\66353\AppData\Roaming\uv\python\cpython-3.12-windows-x86_64-none\Lib\threading.py", line 1075, in _bootstrap_inner
    self.run()
  File "C:\Users\66353\AppData\Roaming\uv\python\cpython-3.12-windows-x86_64-none\Lib\threading.py", line 1012, in run
    self._target(*self._args, **self._kwargs)
  File "C:\Users\66353\AppData\Roaming\uv\python\cpython-3.12-windows-x86_64-none\Lib\subprocess.py", line 1599, in _readerthread
    buffer.append(fh.read())
                  ^^^^^^^^^
  File "<frozen codecs>", line 322, in decode
UnicodeDecodeError: 'utf-8' codec can't decode byte 0xbd in position 15: invalid start byte
[09:54:17] 腾讯实时异常: argument of type 'NoneType' is not iterable
[09:54:17] 取数失败 streak=24
[09:55:17] iFinD 实时 errorcode=-1010
Exception in thread Thread-49 (_readerthread):
Traceback (most recent call last):
  File "C:\Users\66353\AppData\Roaming\uv\python\cpython-3.12-windows-x86_64-none\Lib\threading.py", line 1075, in _bootstrap_inner
    self.run()
  File "C:\Users\66353\AppData\Roaming\uv\python\cpython-3.12-windows-x86_64-none\Lib\threading.py", line 1012, in run
    self._target(*self._args, **self._kwargs)
  File "C:\Users\66353\AppData\Roaming\uv\python\cpython-3.12-windows-x86_64-none\Lib\subprocess.py", line 1599, in _readerthread
    buffer.append(fh.read())
                  ^^^^^^^^^
  File "<frozen codecs>", line 322, in decode
UnicodeDecodeError: 'utf-8' codec can't decode byte 0xbd in position 15: invalid start byte
[09:55:18] 腾讯实时异常: argument of type 'NoneType' is not iterable
[09:55:18] 取数失败 streak=25
[09:56:18] iFinD 实时 errorcode=-1010
Exception in thread Thread-51 (_readerthread):
Traceback (most recent call last):
  File "C:\Users\66353\AppData\Roaming\uv\python\cpython-3.12-windows-x86_64-none\Lib\threading.py", line 1075, in _bootstrap_inner
    self.run()
  File "C:\Users\66353\AppData\Roaming\uv\python\cpython-3.12-windows-x86_64-none\Lib\threading.py", line 1012, in run
    self._target(*self._args, **self._kwargs)
  File "C:\Users\66353\AppData\Roaming\uv\python\cpython-3.12-windows-x86_64-none\Lib\subprocess.py", line 1599, in _readerthread
    buffer.append(fh.read())
                  ^^^^^^^^^
  File "<frozen codecs>", line 322, in decode
UnicodeDecodeError: 'utf-8' codec can't decode byte 0xbd in position 15: invalid start byte
[09:56:18] 腾讯实时异常: argument of type 'NoneType' is not iterable
[09:56:18] 取数失败 streak=26
[09:57:18] iFinD 实时 errorcode=-1010
Exception in thread Thread-53 (_readerthread):
Traceback (most recent call last):
  File "C:\Users\66353\AppData\Roaming\uv\python\cpython-3.12-windows-x86_64-none\Lib\threading.py", line 1075, in _bootstrap_inner
    self.run()
  File "C:\Users\66353\AppData\Roaming\uv\python\cpython-3.12-windows-x86_64-none\Lib\threading.py", line 1012, in run
    self._target(*self._args, **self._kwargs)
  File "C:\Users\66353\AppData\Roaming\uv\python\cpython-3.12-windows-x86_64-none\Lib\subprocess.py", line 1599, in _readerthread
    buffer.append(fh.read())
                  ^^^^^^^^^
  File "<frozen codecs>", line 322, in decode
UnicodeDecodeError: 'utf-8' codec can't decode byte 0xbd in position 15: invalid start byte
[09:57:18] 腾讯实时异常: argument of type 'NoneType' is not iterable
[09:57:18] 取数失败 streak=27
[09:58:18] iFinD 实时 errorcode=-1010
Exception in thread Thread-55 (_readerthread):
Traceback (most recent call last):
  File "C:\Users\66353\AppData\Roaming\uv\python\cpython-3.12-windows-x86_64-none\Lib\threading.py", line 1075, in _bootstrap_inner
    self.run()
  File "C:\Users\66353\AppData\Roaming\uv\python\cpython-3.12-windows-x86_64-none\Lib\threading.py", line 1012, in run
    self._target(*self._args, **self._kwargs)
  File "C:\Users\66353\AppData\Roaming\uv\python\cpython-3.12-windows-x86_64-none\Lib\subprocess.py", line 1599, in _readerthread
    buffer.append(fh.read())
                  ^^^^^^^^^
  File "<frozen codecs>", line 322, in decode
UnicodeDecodeError: 'utf-8' codec can't decode byte 0xbd in position 15: invalid start byte
[09:58:19] 腾讯实时异常: argument of type 'NoneType' is not iterable
[09:58:19] 取数失败 streak=28
[09:59:19] iFinD 实时 errorcode=-1010
Exception in thread Thread-57 (_readerthread):
Traceback (most recent call last):
  File "C:\Users\66353\AppData\Roaming\uv\python\cpython-3.12-windows-x86_64-none\Lib\threading.py", line 1075, in _bootstrap_inner
    self.run()
  File "C:\Users\66353\AppData\Roaming\uv\python\cpython-3.12-windows-x86_64-none\Lib\threading.py", line 1012, in run
    self._target(*self._args, **self._kwargs)
  File "C:\Users\66353\AppData\Roaming\uv\python\cpython-3.12-windows-x86_64-none\Lib\subprocess.py", line 1599, in _readerthread
    buffer.append(fh.read())
                  ^^^^^^^^^
  File "<frozen codecs>", line 322, in decode
UnicodeDecodeError: 'utf-8' codec can't decode byte 0xbd in position 15: invalid start byte
[09:59:19] 腾讯实时异常: argument of type 'NoneType' is not iterable
[09:59:19] 取数失败 streak=29
[10:00:19] iFinD 实时 errorcode=-1010
Exception in thread Thread-59 (_readerthread):
Traceback (most recent call last):
  File "C:\Users\66353\AppData\Roaming\uv\python\cpython-3.12-windows-x86_64-none\Lib\threading.py", line 1075, in _bootstrap_inner
    self.run()
  File "C:\Users\66353\AppData\Roaming\uv\python\cpython-3.12-windows-x86_64-none\Lib\threading.py", line 1012, in run
    self._target(*self._args, **self._kwargs)
  File "C:\Users\66353\AppData\Roaming\uv\python\cpython-3.12-windows-x86_64-none\Lib\subprocess.py", line 1599, in _readerthread
    buffer.append(fh.read())
                  ^^^^^^^^^
  File "<frozen codecs>", line 322, in decode
UnicodeDecodeError: 'utf-8' codec can't decode byte 0xbd in position 15: invalid start byte
[10:00:19] 腾讯实时异常: argument of type 'NoneType' is not iterable
[10:00:19] 取数失败 streak=30
[10:00:19] 连续30分钟全源失败, 报警退出
[13:15:52] 观察池=昨日涨停池 D:\股票数据\市场数据\20260828\zt_pool.csv (82只)
D:\股票数据\.venv312\Lib\site-packages\iFinDPy.pth
[13:15:57] iFinD login rc=0
[13:15:57] 连续段启动
[13:15:57] tick 13:15 源=iFinD
[13:16:57] tick 13:16 源=iFinD
[13:17:57] iFinD 实时 errorcode=-1010
Exception in thread Thread-1 (_readerthread):
Traceback (most recent call last):
  File "C:\Users\66353\AppData\Roaming\uv\python\cpython-3.12-windows-x86_64-none\Lib\threading.py", line 1075, in _bootstrap_inner
    self.run()
  File "C:\Users\66353\AppData\Roaming\uv\python\cpython-3.12-windows-x86_64-none\Lib\threading.py", line 1012, in run
    self._target(*self._args, **self._kwargs)
  File "C:\Users\66353\AppData\Roaming\uv\python\cpython-3.12-windows-x86_64-none\Lib\subprocess.py", line 1599, in _readerthread
    buffer.append(fh.read())
                  ^^^^^^^^^
  File "<frozen codecs>", line 322, in decode
UnicodeDecodeError: 'utf-8' codec can't decode byte 0xbd in position 15: invalid start byte
[13:17:57] 腾讯实时异常: argument of type 'NoneType' is not iterable
[13:17:57] 取数失败 streak=1
[13:18:58] iFinD 实时 errorcode=-1010
Exception in thread Thread-3 (_readerthread):
Traceback (most recent call last):
  File "C:\Users\66353\AppData\Roaming\uv\python\cpython-3.12-windows-x86_64-none\Lib\threading.py", line 1075, in _bootstrap_inner
    self.run()
  File "C:\Users\66353\AppData\Roaming\uv\python\cpython-3.12-windows-x86_64-none\Lib\threading.py", line 1012, in run
    self._target(*self._args, **self._kwargs)
  File "C:\Users\66353\AppData\Roaming\uv\python\cpython-3.12-windows-x86_64-none\Lib\subprocess.py", line 1599, in _readerthread
    buffer.append(fh.read())
                  ^^^^^^^^^
  File "<frozen codecs>", line 322, in decode
UnicodeDecodeError: 'utf-8' codec can't decode byte 0xbd in position 15: invalid start byte
[13:18:58] 腾讯实时异常: argument of type 'NoneType' is not iterable
[13:18:58] 取数失败 streak=2
[13:19:58] iFinD 实时 errorcode=-1010
Exception in thread Thread-5 (_readerthread):
Traceback (most recent call last):
  File "C:\Users\66353\AppData\Roaming\uv\python\cpython-3.12-windows-x86_64-none\Lib\threading.py", line 1075, in _bootstrap_inner
    self.run()
  File "C:\Users\66353\AppData\Roaming\uv\python\cpython-3.12-windows-x86_64-none\Lib\threading.py", line 1012, in run
    self._target(*self._args, **self._kwargs)
  File "C:\Users\66353\AppData\Roaming\uv\python\cpython-3.12-windows-x86_64-none\Lib\subprocess.py", line 1599, in _readerthread
    buffer.append(fh.read())
                  ^^^^^^^^^
  File "<frozen codecs>", line 322, in decode
UnicodeDecodeError: 'utf-8' codec can't decode byte 0xbd in position 15: invalid start byte
[13:19:58] 腾讯实时异常: argument of type 'NoneType' is not iterable
[13:19:58] 取数失败 streak=3
[13:20:58] iFinD 实时 errorcode=-1010
Exception in thread Thread-7 (_readerthread):
Traceback (most recent call last):
  File "C:\Users\66353\AppData\Roaming\uv\python\cpython-3.12-windows-x86_64-none\Lib\threading.py", line 1075, in _bootstrap_inner
    self.run()
  File "C:\Users\66353\AppData\Roaming\uv\python\cpython-3.12-windows-x86_64-none\Lib\threading.py", line 1012, in run
    self._target(*self._args, **self._kwargs)
  File "C:\Users\66353\AppData\Roaming\uv\python\cpython-3.12-windows-x86_64-none\Lib\subprocess.py", line 1599, in _readerthread
    buffer.append(fh.read())
                  ^^^^^^^^^
  File "<frozen codecs>", line 322, in decode
UnicodeDecodeError: 'utf-8' codec can't decode byte 0xbd in position 15: invalid start byte
[13:20:58] 腾讯实时异常: argument of type 'NoneType' is not iterable
[13:20:58] 取数失败 streak=4
[13:21:59] iFinD 实时 errorcode=-1010
Exception in thread Thread-9 (_readerthread):
Traceback (most recent call last):
  File "C:\Users\66353\AppData\Roaming\uv\python\cpython-3.12-windows-x86_64-none\Lib\threading.py", line 1075, in _bootstrap_inner
    self.run()
  File "C:\Users\66353\AppData\Roaming\uv\python\cpython-3.12-windows-x86_64-none\Lib\threading.py", line 1012, in run
    self._target(*self._args, **self._kwargs)
  File "C:\Users\66353\AppData\Roaming\uv\python\cpython-3.12-windows-x86_64-none\Lib\subprocess.py", line 1599, in _readerthread
    buffer.append(fh.read())
                  ^^^^^^^^^
  File "<frozen codecs>", line 322, in decode
UnicodeDecodeError: 'utf-8' codec can't decode byte 0xbd in position 15: invalid start byte
[13:21:59] 腾讯实时异常: argument of type 'NoneType' is not iterable
[13:21:59] 取数失败 streak=5
[13:22:59] iFinD 实时 errorcode=-1010
Exception in thread Thread-11 (_readerthread):
Traceback (most recent call last):
  File "C:\Users\66353\AppData\Roaming\uv\python\cpython-3.12-windows-x86_64-none\Lib\threading.py", line 1075, in _bootstrap_inner
    self.run()
  File "C:\Users\66353\AppData\Roaming\uv\python\cpython-3.12-windows-x86_64-none\Lib\threading.py", line 1012, in run
    self._target(*self._args, **self._kwargs)
  File "C:\Users\66353\AppData\Roaming\uv\python\cpython-3.12-windows-x86_64-none\Lib\subprocess.py", line 1599, in _readerthread
    buffer.append(fh.read())
                  ^^^^^^^^^
  File "<frozen codecs>", line 322, in decode
UnicodeDecodeError: 'utf-8' codec can't decode byte 0xbd in position 15: invalid start byte
[13:22:59] 腾讯实时异常: argument of type 'NoneType' is not iterable
[13:22:59] 取数失败 streak=6
[13:23:59] iFinD 实时 errorcode=-1010
Exception in thread Thread-13 (_readerthread):
Traceback (most recent call last):
  File "C:\Users\66353\AppData\Roaming\uv\python\cpython-3.12-windows-x86_64-none\Lib\threading.py", line 1075, in _bootstrap_inner
    self.run()
  File "C:\Users\66353\AppData\Roaming\uv\python\cpython-3.12-windows-x86_64-none\Lib\threading.py", line 1012, in run
    self._target(*self._args, **self._kwargs)
  File "C:\Users\66353\AppData\Roaming\uv\python\cpython-3.12-windows-x86_64-none\Lib\subprocess.py", line 1599, in _readerthread
    buffer.append(fh.read())
                  ^^^^^^^^^
  File "<frozen codecs>", line 322, in decode
UnicodeDecodeError: 'utf-8' codec can't decode byte 0xbd in position 15: invalid start byte
[13:23:59] 腾讯实时异常: argument of type 'NoneType' is not iterable
[13:23:59] 取数失败 streak=7
[13:24:59] iFinD 实时 errorcode=-1010
Exception in thread Thread-15 (_readerthread):
Traceback (most recent call last):
  File "C:\Users\66353\AppData\Roaming\uv\python\cpython-3.12-windows-x86_64-none\Lib\threading.py", line 1075, in _bootstrap_inner
    self.run()
  File "C:\Users\66353\AppData\Roaming\uv\python\cpython-3.12-windows-x86_64-none\Lib\threading.py", line 1012, in run
    self._target(*self._args, **self._kwargs)
  File "C:\Users\66353\AppData\Roaming\uv\python\cpython-3.12-windows-x86_64-none\Lib\subprocess.py", line 1599, in _readerthread
    buffer.append(fh.read())
                  ^^^^^^^^^
  File "<frozen codecs>", line 322, in decode
UnicodeDecodeError: 'utf-8' codec can't decode byte 0xbd in position 15: invalid start byte
[13:25:00] 腾讯实时异常: argument of type 'NoneType' is not iterable
[13:25:00] 取数失败 streak=8
[13:26:00] iFinD 实时 errorcode=-1010
Exception in thread Thread-17 (_readerthread):
Traceback (most recent call last):
  File "C:\Users\66353\AppData\Roaming\uv\python\cpython-3.12-windows-x86_64-none\Lib\threading.py", line 1075, in _bootstrap_inner
    self.run()
  File "C:\Users\66353\AppData\Roaming\uv\python\cpython-3.12-windows-x86_64-none\Lib\threading.py", line 1012, in run
    self._target(*self._args, **self._kwargs)
  File "C:\Users\66353\AppData\Roaming\uv\python\cpython-3.12-windows-x86_64-none\Lib\subprocess.py", line 1599, in _readerthread
    buffer.append(fh.read())
                  ^^^^^^^^^
  File "<frozen codecs>", line 322, in decode
UnicodeDecodeError: 'utf-8' codec can't decode byte 0xbd in position 15: invalid start byte
[13:26:00] 腾讯实时异常: argument of type 'NoneType' is not iterable
[13:26:00] 取数失败 streak=9
[13:27:00] iFinD 实时 errorcode=-1010
Exception in thread Thread-19 (_readerthread):
Traceback (most recent call last):
  File "C:\Users\66353\AppData\Roaming\uv\python\cpython-3.12-windows-x86_64-none\Lib\threading.py", line 1075, in _bootstrap_inner
    self.run()
  File "C:\Users\66353\AppData\Roaming\uv\python\cpython-3.12-windows-x86_64-none\Lib\threading.py", line 1012, in run
    self._target(*self._args, **self._kwargs)
  File "C:\Users\66353\AppData\Roaming\uv\python\cpython-3.12-windows-x86_64-none\Lib\subprocess.py", line 1599, in _readerthread
    buffer.append(fh.read())
                  ^^^^^^^^^
  File "<frozen codecs>", line 322, in decode
UnicodeDecodeError: 'utf-8' codec can't decode byte 0xbd in position 15: invalid start byte
[13:27:00] 腾讯实时异常: argument of type 'NoneType' is not iterable
[13:27:00] 取数失败 streak=10
[13:28:00] iFinD 实时 errorcode=-1010
Exception in thread Thread-21 (_readerthread):
Traceback (most recent call last):
  File "C:\Users\66353\AppData\Roaming\uv\python\cpython-3.12-windows-x86_64-none\Lib\threading.py", line 1075, in _bootstrap_inner
    self.run()
  File "C:\Users\66353\AppData\Roaming\uv\python\cpython-3.12-windows-x86_64-none\Lib\threading.py", line 1012, in run
    self._target(*self._args, **self._kwargs)
  File "C:\Users\66353\AppData\Roaming\uv\python\cpython-3.12-windows-x86_64-none\Lib\subprocess.py", line 1599, in _readerthread
    buffer.append(fh.read())
                  ^^^^^^^^^
  File "<frozen codecs>", line 322, in decode
UnicodeDecodeError: 'utf-8' codec can't decode byte 0xbd in position 15: invalid start byte
[13:28:01] 腾讯实时异常: argument of type 'NoneType' is not iterable
[13:28:01] 取数失败 streak=11
[13:29:01] iFinD 实时 errorcode=-1010
Exception in thread Thread-23 (_readerthread):
Traceback (most recent call last):
  File "C:\Users\66353\AppData\Roaming\uv\python\cpython-3.12-windows-x86_64-none\Lib\threading.py", line 1075, in _bootstrap_inner
    self.run()
  File "C:\Users\66353\AppData\Roaming\uv\python\cpython-3.12-windows-x86_64-none\Lib\threading.py", line 1012, in run
    self._target(*self._args, **self._kwargs)
  File "C:\Users\66353\AppData\Roaming\uv\python\cpython-3.12-windows-x86_64-none\Lib\subprocess.py", line 1599, in _readerthread
    buffer.append(fh.read())
                  ^^^^^^^^^
  File "<frozen codecs>", line 322, in decode
UnicodeDecodeError: 'utf-8' codec can't decode byte 0xbd in position 15: invalid start byte
[13:29:01] 腾讯实时异常: argument of type 'NoneType' is not iterable
[13:29:01] 取数失败 streak=12
[13:30:01] iFinD 实时 errorcode=-1010
Exception in thread Thread-25 (_readerthread):
Traceback (most recent call last):
  File "C:\Users\66353\AppData\Roaming\uv\python\cpython-3.12-windows-x86_64-none\Lib\threading.py", line 1075, in _bootstrap_inner
    self.run()
  File "C:\Users\66353\AppData\Roaming\uv\python\cpython-3.12-windows-x86_64-none\Lib\threading.py", line 1012, in run
    self._target(*self._args, **self._kwargs)
  File "C:\Users\66353\AppData\Roaming\uv\python\cpython-3.12-windows-x86_64-none\Lib\subprocess.py", line 1599, in _readerthread
    buffer.append(fh.read())
                  ^^^^^^^^^
  File "<frozen codecs>", line 322, in decode
UnicodeDecodeError: 'utf-8' codec can't decode byte 0xbd in position 15: invalid start byte
[13:30:01] 腾讯实时异常: argument of type 'NoneType' is not iterable
[13:30:01] 取数失败 streak=13
[13:31:01] iFinD 实时 errorcode=-1010
Exception in thread Thread-27 (_readerthread):
Traceback (most recent call last):
  File "C:\Users\66353\AppData\Roaming\uv\python\cpython-3.12-windows-x86_64-none\Lib\threading.py", line 1075, in _bootstrap_inner
    self.run()
  File "C:\Users\66353\AppData\Roaming\uv\python\cpython-3.12-windows-x86_64-none\Lib\threading.py", line 1012, in run
    self._target(*self._args, **self._kwargs)
  File "C:\Users\66353\AppData\Roaming\uv\python\cpython-3.12-windows-x86_64-none\Lib\subprocess.py", line 1599, in _readerthread
    buffer.append(fh.read())
                  ^^^^^^^^^
  File "<frozen codecs>", line 322, in decode
UnicodeDecodeError: 'utf-8' codec can't decode byte 0xbd in position 15: invalid start byte
[13:31:02] 腾讯实时异常: argument of type 'NoneType' is not iterable
[13:31:02] 取数失败 streak=14
[13:32:02] iFinD 实时 errorcode=-1010
Exception in thread Thread-29 (_readerthread):
Traceback (most recent call last):
  File "C:\Users\66353\AppData\Roaming\uv\python\cpython-3.12-windows-x86_64-none\Lib\threading.py", line 1075, in _bootstrap_inner
    self.run()
  File "C:\Users\66353\AppData\Roaming\uv\python\cpython-3.12-windows-x86_64-none\Lib\threading.py", line 1012, in run
    self._target(*self._args, **self._kwargs)
  File "C:\Users\66353\AppData\Roaming\uv\python\cpython-3.12-windows-x86_64-none\Lib\subprocess.py", line 1599, in _readerthread
    buffer.append(fh.read())
                  ^^^^^^^^^
  File "<frozen codecs>", line 322, in decode
UnicodeDecodeError: 'utf-8' codec can't decode byte 0xbd in position 15: invalid start byte
[13:32:02] 腾讯实时异常: argument of type 'NoneType' is not iterable
[13:32:02] 取数失败 streak=15
[13:33:02] iFinD 实时 errorcode=-1010
Exception in thread Thread-31 (_readerthread):
Traceback (most recent call last):
  File "C:\Users\66353\AppData\Roaming\uv\python\cpython-3.12-windows-x86_64-none\Lib\threading.py", line 1075, in _bootstrap_inner
    self.run()
  File "C:\Users\66353\AppData\Roaming\uv\python\cpython-3.12-windows-x86_64-none\Lib\threading.py", line 1012, in run
    self._target(*self._args, **self._kwargs)
  File "C:\Users\66353\AppData\Roaming\uv\python\cpython-3.12-windows-x86_64-none\Lib\subprocess.py", line 1599, in _readerthread
    buffer.append(fh.read())
                  ^^^^^^^^^
  File "<frozen codecs>", line 322, in decode
UnicodeDecodeError: 'utf-8' codec can't decode byte 0xbd in position 15: invalid start byte
[13:33:02] 腾讯实时异常: argument of type 'NoneType' is not iterable
[13:33:02] 取数失败 streak=16
[13:34:02] iFinD 实时 errorcode=-1010
Exception in thread Thread-33 (_readerthread):
Traceback (most recent call last):
  File "C:\Users\66353\AppData\Roaming\uv\python\cpython-3.12-windows-x86_64-none\Lib\threading.py", line 1075, in _bootstrap_inner
    self.run()
  File "C:\Users\66353\AppData\Roaming\uv\python\cpython-3.12-windows-x86_64-none\Lib\threading.py", line 1012, in run
    self._target(*self._args, **self._kwargs)
  File "C:\Users\66353\AppData\Roaming\uv\python\cpython-3.12-windows-x86_64-none\Lib\subprocess.py", line 1599, in _readerthread
    buffer.append(fh.read())
                  ^^^^^^^^^
  File "<frozen codecs>", line 322, in decode
UnicodeDecodeError: 'utf-8' codec can't decode byte 0xbd in position 15: invalid start byte
[13:34:03] 腾讯实时异常: argument of type 'NoneType' is not iterable
[13:34:03] 取数失败 streak=17
[13:35:03] iFinD 实时 errorcode=-1010
Exception in thread Thread-35 (_readerthread):
Traceback (most recent call last):
  File "C:\Users\66353\AppData\Roaming\uv\python\cpython-3.12-windows-x86_64-none\Lib\threading.py", line 1075, in _bootstrap_inner
    self.run()
  File "C:\Users\66353\AppData\Roaming\uv\python\cpython-3.12-windows-x86_64-none\Lib\threading.py", line 1012, in run
    self._target(*self._args, **self._kwargs)
  File "C:\Users\66353\AppData\Roaming\uv\python\cpython-3.12-windows-x86_64-none\Lib\subprocess.py", line 1599, in _readerthread
    buffer.append(fh.read())
                  ^^^^^^^^^
  File "<frozen codecs>", line 322, in decode
UnicodeDecodeError: 'utf-8' codec can't decode byte 0xbd in position 15: invalid start byte
[13:35:03] 腾讯实时异常: argument of type 'NoneType' is not iterable
[13:35:03] 取数失败 streak=18
[13:36:03] iFinD 实时 errorcode=-1010
Exception in thread Thread-37 (_readerthread):
Traceback (most recent call last):
  File "C:\Users\66353\AppData\Roaming\uv\python\cpython-3.12-windows-x86_64-none\Lib\threading.py", line 1075, in _bootstrap_inner
    self.run()
  File "C:\Users\66353\AppData\Roaming\uv\python\cpython-3.12-windows-x86_64-none\Lib\threading.py", line 1012, in run
    self._target(*self._args, **self._kwargs)
  File "C:\Users\66353\AppData\Roaming\uv\python\cpython-3.12-windows-x86_64-none\Lib\subprocess.py", line 1599, in _readerthread
    buffer.append(fh.read())
                  ^^^^^^^^^
  File "<frozen codecs>", line 322, in decode
UnicodeDecodeError: 'utf-8' codec can't decode byte 0xbd in position 15: invalid start byte
[13:36:03] 腾讯实时异常: argument of type 'NoneType' is not iterable
[13:36:03] 取数失败 streak=19
[13:37:03] iFinD 实时 errorcode=-1010
Exception in thread Thread-39 (_readerthread):
Traceback (most recent call last):
  File "C:\Users\66353\AppData\Roaming\uv\python\cpython-3.12-windows-x86_64-none\Lib\threading.py", line 1075, in _bootstrap_inner
    self.run()
  File "C:\Users\66353\AppData\Roaming\uv\python\cpython-3.12-windows-x86_64-none\Lib\threading.py", line 1012, in run
    self._target(*self._args, **self._kwargs)
  File "C:\Users\66353\AppData\Roaming\uv\python\cpython-3.12-windows-x86_64-none\Lib\subprocess.py", line 1599, in _readerthread
    buffer.append(fh.read())
                  ^^^^^^^^^
  File "<frozen codecs>", line 322, in decode
UnicodeDecodeError: 'utf-8' codec can't decode byte 0xbd in position 15: invalid start byte
[13:37:04] 腾讯实时异常: argument of type 'NoneType' is not iterable
[13:37:04] 取数失败 streak=20
[13:38:04] iFinD 实时 errorcode=-1010
Exception in thread Thread-41 (_readerthread):
Traceback (most recent call last):
  File "C:\Users\66353\AppData\Roaming\uv\python\cpython-3.12-windows-x86_64-none\Lib\threading.py", line 1075, in _bootstrap_inner
    self.run()
  File "C:\Users\66353\AppData\Roaming\uv\python\cpython-3.12-windows-x86_64-none\Lib\threading.py", line 1012, in run
    self._target(*self._args, **self._kwargs)
  File "C:\Users\66353\AppData\Roaming\uv\python\cpython-3.12-windows-x86_64-none\Lib\subprocess.py", line 1599, in _readerthread
    buffer.append(fh.read())
                  ^^^^^^^^^
  File "<frozen codecs>", line 322, in decode
UnicodeDecodeError: 'utf-8' codec can't decode byte 0xbd in position 15: invalid start byte
[13:38:04] 腾讯实时异常: argument of type 'NoneType' is not iterable
[13:38:04] 取数失败 streak=21
[13:39:04] iFinD 实时 errorcode=-1010
Exception in thread Thread-43 (_readerthread):
Traceback (most recent call last):
  File "C:\Users\66353\AppData\Roaming\uv\python\cpython-3.12-windows-x86_64-none\Lib\threading.py", line 1075, in _bootstrap_inner
    self.run()
  File "C:\Users\66353\AppData\Roaming\uv\python\cpython-3.12-windows-x86_64-none\Lib\threading.py", line 1012, in run
    self._target(*self._args, **self._kwargs)
  File "C:\Users\66353\AppData\Roaming\uv\python\cpython-3.12-windows-x86_64-none\Lib\subprocess.py", line 1599, in _readerthread
    buffer.append(fh.read())
                  ^^^^^^^^^
  File "<frozen codecs>", line 322, in decode
UnicodeDecodeError: 'utf-8' codec can't decode byte 0xbd in position 15: invalid start byte
[13:39:04] 腾讯实时异常: argument of type 'NoneType' is not iterable
[13:39:04] 取数失败 streak=22
[13:40:05] iFinD 实时 errorcode=-1010
Exception in thread Thread-45 (_readerthread):
Traceback (most recent call last):
  File "C:\Users\66353\AppData\Roaming\uv\python\cpython-3.12-windows-x86_64-none\Lib\threading.py", line 1075, in _bootstrap_inner
    self.run()
  File "C:\Users\66353\AppData\Roaming\uv\python\cpython-3.12-windows-x86_64-none\Lib\threading.py", line 1012, in run
    self._target(*self._args, **self._kwargs)
  File "C:\Users\66353\AppData\Roaming\uv\python\cpython-3.12-windows-x86_64-none\Lib\subprocess.py", line 1599, in _readerthread
    buffer.append(fh.read())
                  ^^^^^^^^^
  File "<frozen codecs>", line 322, in decode
UnicodeDecodeError: 'utf-8' codec can't decode byte 0xbd in position 15: invalid start byte
[13:40:05] 腾讯实时异常: argument of type 'NoneType' is not iterable
[13:40:05] 取数失败 streak=23
[13:41:05] iFinD 实时 errorcode=-1010
Exception in thread Thread-47 (_readerthread):
Traceback (most recent call last):
  File "C:\Users\66353\AppData\Roaming\uv\python\cpython-3.12-windows-x86_64-none\Lib\threading.py", line 1075, in _bootstrap_inner
    self.run()
  File "C:\Users\66353\AppData\Roaming\uv\python\cpython-3.12-windows-x86_64-none\Lib\threading.py", line 1012, in run
    self._target(*self._args, **self._kwargs)
  File "C:\Users\66353\AppData\Roaming\uv\python\cpython-3.12-windows-x86_64-none\Lib\subprocess.py", line 1599, in _readerthread
    buffer.append(fh.read())
                  ^^^^^^^^^
  File "<frozen codecs>", line 322, in decode
UnicodeDecodeError: 'utf-8' codec can't decode byte 0xbd in position 15: invalid start byte
[13:41:05] 腾讯实时异常: argument of type 'NoneType' is not iterable
[13:41:05] 取数失败 streak=24
[13:42:05] iFinD 实时 errorcode=-1010
Exception in thread Thread-49 (_readerthread):
Traceback (most recent call last):
  File "C:\Users\66353\AppData\Roaming\uv\python\cpython-3.12-windows-x86_64-none\Lib\threading.py", line 1075, in _bootstrap_inner
    self.run()
  File "C:\Users\66353\AppData\Roaming\uv\python\cpython-3.12-windows-x86_64-none\Lib\threading.py", line 1012, in run
    self._target(*self._args, **self._kwargs)
  File "C:\Users\66353\AppData\Roaming\uv\python\cpython-3.12-windows-x86_64-none\Lib\subprocess.py", line 1599, in _readerthread
    buffer.append(fh.read())
                  ^^^^^^^^^
  File "<frozen codecs>", line 322, in decode
UnicodeDecodeError: 'utf-8' codec can't decode byte 0xbd in position 15: invalid start byte
[13:42:05] 腾讯实时异常: argument of type 'NoneType' is not iterable
[13:42:05] 取数失败 streak=25
[13:43:06] iFinD 实时 errorcode=-1010
Exception in thread Thread-51 (_readerthread):
Traceback (most recent call last):
  File "C:\Users\66353\AppData\Roaming\uv\python\cpython-3.12-windows-x86_64-none\Lib\threading.py", line 1075, in _bootstrap_inner
    self.run()
  File "C:\Users\66353\AppData\Roaming\uv\python\cpython-3.12-windows-x86_64-none\Lib\threading.py", line 1012, in run
    self._target(*self._args, **self._kwargs)
  File "C:\Users\66353\AppData\Roaming\uv\python\cpython-3.12-windows-x86_64-none\Lib\subprocess.py", line 1599, in _readerthread
    buffer.append(fh.read())
                  ^^^^^^^^^
  File "<frozen codecs>", line 322, in decode
UnicodeDecodeError: 'utf-8' codec can't decode byte 0xbd in position 15: invalid start byte
[13:43:06] 腾讯实时异常: argument of type 'NoneType' is not iterable
[13:43:06] 取数失败 streak=26
[13:44:06] iFinD 实时 errorcode=-1010
Exception in thread Thread-53 (_readerthread):
Traceback (most recent call last):
  File "C:\Users\66353\AppData\Roaming\uv\python\cpython-3.12-windows-x86_64-none\Lib\threading.py", line 1075, in _bootstrap_inner
    self.run()
  File "C:\Users\66353\AppData\Roaming\uv\python\cpython-3.12-windows-x86_64-none\Lib\threading.py", line 1012, in run
    self._target(*self._args, **self._kwargs)
  File "C:\Users\66353\AppData\Roaming\uv\python\cpython-3.12-windows-x86_64-none\Lib\subprocess.py", line 1599, in _readerthread
    buffer.append(fh.read())
                  ^^^^^^^^^
  File "<frozen codecs>", line 322, in decode
UnicodeDecodeError: 'utf-8' codec can't decode byte 0xbd in position 15: invalid start byte
[13:44:06] 腾讯实时异常: argument of type 'NoneType' is not iterable
[13:44:06] 取数失败 streak=27
[13:45:06] iFinD 实时 errorcode=-1010
Exception in thread Thread-55 (_readerthread):
Traceback (most recent call last):
  File "C:\Users\66353\AppData\Roaming\uv\python\cpython-3.12-windows-x86_64-none\Lib\threading.py", line 1075, in _bootstrap_inner
    self.run()
  File "C:\Users\66353\AppData\Roaming\uv\python\cpython-3.12-windows-x86_64-none\Lib\threading.py", line 1012, in run
    self._target(*self._args, **self._kwargs)
  File "C:\Users\66353\AppData\Roaming\uv\python\cpython-3.12-windows-x86_64-none\Lib\subprocess.py", line 1599, in _readerthread
    buffer.append(fh.read())
                  ^^^^^^^^^
  File "<frozen codecs>", line 322, in decode
UnicodeDecodeError: 'utf-8' codec can't decode byte 0xbd in position 15: invalid start byte
[13:45:06] 腾讯实时异常: argument of type 'NoneType' is not iterable
[13:45:06] 取数失败 streak=28
[13:46:07] iFinD 实时 errorcode=-1010
Exception in thread Thread-57 (_readerthread):
Traceback (most recent call last):
  File "C:\Users\66353\AppData\Roaming\uv\python\cpython-3.12-windows-x86_64-none\Lib\threading.py", line 1075, in _bootstrap_inner
    self.run()
  File "C:\Users\66353\AppData\Roaming\uv\python\cpython-3.12-windows-x86_64-none\Lib\threading.py", line 1012, in run
    self._target(*self._args, **self._kwargs)
  File "C:\Users\66353\AppData\Roaming\uv\python\cpython-3.12-windows-x86_64-none\Lib\subprocess.py", line 1599, in _readerthread
    buffer.append(fh.read())
                  ^^^^^^^^^
  File "<frozen codecs>", line 322, in decode
UnicodeDecodeError: 'utf-8' codec can't decode byte 0xbd in position 15: invalid start byte
[13:46:07] 腾讯实时异常: argument of type 'NoneType' is not iterable
[13:46:07] 取数失败 streak=29
[13:47:07] iFinD 实时 errorcode=-1010
Exception in thread Thread-59 (_readerthread):
Traceback (most recent call last):
  File "C:\Users\66353\AppData\Roaming\uv\python\cpython-3.12-windows-x86_64-none\Lib\threading.py", line 1075, in _bootstrap_inner
    self.run()
  File "C:\Users\66353\AppData\Roaming\uv\python\cpython-3.12-windows-x86_64-none\Lib\threading.py", line 1012, in run
    self._target(*self._args, **self._kwargs)
  File "C:\Users\66353\AppData\Roaming\uv\python\cpython-3.12-windows-x86_64-none\Lib\subprocess.py", line 1599, in _readerthread
    buffer.append(fh.read())
                  ^^^^^^^^^
  File "<frozen codecs>", line 322, in decode
UnicodeDecodeError: 'utf-8' codec can't decode byte 0xbd in position 15: invalid start byte
[13:47:07] 腾讯实时异常: argument of type 'NoneType' is not iterable
[13:47:07] 取数失败 streak=30
[13:47:07] 连续30分钟全源失败, 报警退出
[09:14:09] 观察池=昨日涨停池 D:\股票数据\市场数据\20260831\zt_pool.csv (88只)
D:\股票数据\.venv312\Lib\site-packages\iFinDPy.pth
[09:14:30] iFinD login rc=-340
[09:14:30] iFinD 不可用, 仅腾讯降级(竞价轨迹可用但无 Level1 盘口)
[09:14:30] 连续段启动
Exception in thread Thread-1 (_readerthread):
Traceback (most recent call last):
  File "C:\Users\66353\AppData\Roaming\uv\python\cpython-3.12-windows-x86_64-none\Lib\threading.py", line 1075, in _bootstrap_inner
    self.run()
  File "C:\Users\66353\AppData\Roaming\uv\python\cpython-3.12-windows-x86_64-none\Lib\threading.py", line 1012, in run
    self._target(*self._args, **self._kwargs)
  File "C:\Users\66353\AppData\Roaming\uv\python\cpython-3.12-windows-x86_64-none\Lib\subprocess.py", line 1599, in _readerthread
    buffer.append(fh.read())
                  ^^^^^^^^^
  File "<frozen codecs>", line 322, in decode
UnicodeDecodeError: 'utf-8' codec can't decode byte 0xc9 in position 15: invalid continuation byte
[09:31:01] 腾讯实时异常: argument of type 'NoneType' is not iterable
[09:31:01] 取数失败 streak=1
Exception in thread Thread-3 (_readerthread):
Traceback (most recent call last):
  File "C:\Users\66353\AppData\Roaming\uv\python\cpython-3.12-windows-x86_64-none\Lib\threading.py", line 1075, in _bootstrap_inner
    self.run()
  File "C:\Users\66353\AppData\Roaming\uv\python\cpython-3.12-windows-x86_64-none\Lib\threading.py", line 1012, in run
    self._target(*self._args, **self._kwargs)
  File "C:\Users\66353\AppData\Roaming\uv\python\cpython-3.12-windows-x86_64-none\Lib\subprocess.py", line 1599, in _readerthread
    buffer.append(fh.read())
                  ^^^^^^^^^
  File "<frozen codecs>", line 322, in decode
UnicodeDecodeError: 'utf-8' codec can't decode byte 0xc9 in position 15: invalid continuation byte
[09:32:01] 腾讯实时异常: argument of type 'NoneType' is not iterable
[09:32:01] 取数失败 streak=2
Exception in thread Thread-5 (_readerthread):
Traceback (most recent call last):
  File "C:\Users\66353\AppData\Roaming\uv\python\cpython-3.12-windows-x86_64-none\Lib\threading.py", line 1075, in _bootstrap_inner
    self.run()
  File "C:\Users\66353\AppData\Roaming\uv\python\cpython-3.12-windows-x86_64-none\Lib\threading.py", line 1012, in run
    self._target(*self._args, **self._kwargs)
  File "C:\Users\66353\AppData\Roaming\uv\python\cpython-3.12-windows-x86_64-none\Lib\subprocess.py", line 1599, in _readerthread
    buffer.append(fh.read())
                  ^^^^^^^^^
  File "<frozen codecs>", line 322, in decode
UnicodeDecodeError: 'utf-8' codec can't decode byte 0xc9 in position 15: invalid continuation byte
[09:33:01] 腾讯实时异常: argument of type 'NoneType' is not iterable
[09:33:01] 取数失败 streak=3
Exception in thread Thread-7 (_readerthread):
Traceback (most recent call last):
  File "C:\Users\66353\AppData\Roaming\uv\python\cpython-3.12-windows-x86_64-none\Lib\threading.py", line 1075, in _bootstrap_inner
    self.run()
  File "C:\Users\66353\AppData\Roaming\uv\python\cpython-3.12-windows-x86_64-none\Lib\threading.py", line 1012, in run
    self._target(*self._args, **self._kwargs)
  File "C:\Users\66353\AppData\Roaming\uv\python\cpython-3.12-windows-x86_64-none\Lib\subprocess.py", line 1599, in _readerthread
    buffer.append(fh.read())
                  ^^^^^^^^^
  File "<frozen codecs>", line 322, in decode
UnicodeDecodeError: 'utf-8' codec can't decode byte 0xc9 in position 15: invalid continuation byte
[09:34:01] 腾讯实时异常: argument of type 'NoneType' is not iterable
[09:34:01] 取数失败 streak=4
Exception in thread Thread-9 (_readerthread):
Traceback (most recent call last):
  File "C:\Users\66353\AppData\Roaming\uv\python\cpython-3.12-windows-x86_64-none\Lib\threading.py", line 1075, in _bootstrap_inner
    self.run()
  File "C:\Users\66353\AppData\Roaming\uv\python\cpython-3.12-windows-x86_64-none\Lib\threading.py", line 1012, in run
    self._target(*self._args, **self._kwargs)
  File "C:\Users\66353\AppData\Roaming\uv\python\cpython-3.12-windows-x86_64-none\Lib\subprocess.py", line 1599, in _readerthread
    buffer.append(fh.read())
                  ^^^^^^^^^
  File "<frozen codecs>", line 322, in decode
UnicodeDecodeError: 'utf-8' codec can't decode byte 0xc9 in position 15: invalid continuation byte
[09:35:01] 腾讯实时异常: argument of type 'NoneType' is not iterable
[09:35:01] 取数失败 streak=5
Exception in thread Thread-11 (_readerthread):
Traceback (most recent call last):
  File "C:\Users\66353\AppData\Roaming\uv\python\cpython-3.12-windows-x86_64-none\Lib\threading.py", line 1075, in _bootstrap_inner
    self.run()
  File "C:\Users\66353\AppData\Roaming\uv\python\cpython-3.12-windows-x86_64-none\Lib\threading.py", line 1012, in run
    self._target(*self._args, **self._kwargs)
  File "C:\Users\66353\AppData\Roaming\uv\python\cpython-3.12-windows-x86_64-none\Lib\subprocess.py", line 1599, in _readerthread
    buffer.append(fh.read())
                  ^^^^^^^^^
  File "<frozen codecs>", line 322, in decode
UnicodeDecodeError: 'utf-8' codec can't decode byte 0xc9 in position 15: invalid continuation byte
[09:36:02] 腾讯实时异常: argument of type 'NoneType' is not iterable
[09:36:02] 取数失败 streak=6
Exception in thread Thread-13 (_readerthread):
Traceback (most recent call last):
  File "C:\Users\66353\AppData\Roaming\uv\python\cpython-3.12-windows-x86_64-none\Lib\threading.py", line 1075, in _bootstrap_inner
    self.run()
  File "C:\Users\66353\AppData\Roaming\uv\python\cpython-3.12-windows-x86_64-none\Lib\threading.py", line 1012, in run
    self._target(*self._args, **self._kwargs)
  File "C:\Users\66353\AppData\Roaming\uv\python\cpython-3.12-windows-x86_64-none\Lib\subprocess.py", line 1599, in _readerthread
    buffer.append(fh.read())
                  ^^^^^^^^^
  File "<frozen codecs>", line 322, in decode
UnicodeDecodeError: 'utf-8' codec can't decode byte 0xc9 in position 15: invalid continuation byte
[09:37:02] 腾讯实时异常: argument of type 'NoneType' is not iterable
[09:37:02] 取数失败 streak=7
Exception in thread Thread-15 (_readerthread):
Traceback (most recent call last):
  File "C:\Users\66353\AppData\Roaming\uv\python\cpython-3.12-windows-x86_64-none\Lib\threading.py", line 1075, in _bootstrap_inner
    self.run()
  File "C:\Users\66353\AppData\Roaming\uv\python\cpython-3.12-windows-x86_64-none\Lib\threading.py", line 1012, in run
    self._target(*self._args, **self._kwargs)
  File "C:\Users\66353\AppData\Roaming\uv\python\cpython-3.12-windows-x86_64-none\Lib\subprocess.py", line 1599, in _readerthread
    buffer.append(fh.read())
                  ^^^^^^^^^
  File "<frozen codecs>", line 322, in decode
UnicodeDecodeError: 'utf-8' codec can't decode byte 0xc9 in position 15: invalid continuation byte
[09:38:02] 腾讯实时异常: argument of type 'NoneType' is not iterable
[09:38:02] 取数失败 streak=8
Exception in thread Thread-17 (_readerthread):
Traceback (most recent call last):
  File "C:\Users\66353\AppData\Roaming\uv\python\cpython-3.12-windows-x86_64-none\Lib\threading.py", line 1075, in _bootstrap_inner
    self.run()
  File "C:\Users\66353\AppData\Roaming\uv\python\cpython-3.12-windows-x86_64-none\Lib\threading.py", line 1012, in run
    self._target(*self._args, **self._kwargs)
  File "C:\Users\66353\AppData\Roaming\uv\python\cpython-3.12-windows-x86_64-none\Lib\subprocess.py", line 1599, in _readerthread
    buffer.append(fh.read())
                  ^^^^^^^^^
  File "<frozen codecs>", line 322, in decode
UnicodeDecodeError: 'utf-8' codec can't decode byte 0xc9 in position 15: invalid continuation byte
[09:39:02] 腾讯实时异常: argument of type 'NoneType' is not iterable
[09:39:02] 取数失败 streak=9
Exception in thread Thread-19 (_readerthread):
Traceback (most recent call last):
  File "C:\Users\66353\AppData\Roaming\uv\python\cpython-3.12-windows-x86_64-none\Lib\threading.py", line 1075, in _bootstrap_inner
    self.run()
  File "C:\Users\66353\AppData\Roaming\uv\python\cpython-3.12-windows-x86_64-none\Lib\threading.py", line 1012, in run
    self._target(*self._args, **self._kwargs)
  File "C:\Users\66353\AppData\Roaming\uv\python\cpython-3.12-windows-x86_64-none\Lib\subprocess.py", line 1599, in _readerthread
    buffer.append(fh.read())
                  ^^^^^^^^^
  File "<frozen codecs>", line 322, in decode
UnicodeDecodeError: 'utf-8' codec can't decode byte 0xc9 in position 15: invalid continuation byte
[09:40:03] 腾讯实时异常: argument of type 'NoneType' is not iterable
[09:40:03] 取数失败 streak=10
Exception in thread Thread-21 (_readerthread):
Traceback (most recent call last):
  File "C:\Users\66353\AppData\Roaming\uv\python\cpython-3.12-windows-x86_64-none\Lib\threading.py", line 1075, in _bootstrap_inner
    self.run()
  File "C:\Users\66353\AppData\Roaming\uv\python\cpython-3.12-windows-x86_64-none\Lib\threading.py", line 1012, in run
    self._target(*self._args, **self._kwargs)
  File "C:\Users\66353\AppData\Roaming\uv\python\cpython-3.12-windows-x86_64-none\Lib\subprocess.py", line 1599, in _readerthread
    buffer.append(fh.read())
                  ^^^^^^^^^
  File "<frozen codecs>", line 322, in decode
UnicodeDecodeError: 'utf-8' codec can't decode byte 0xc9 in position 15: invalid continuation byte
[09:41:03] 腾讯实时异常: argument of type 'NoneType' is not iterable
[09:41:03] 取数失败 streak=11
Exception in thread Thread-23 (_readerthread):
Traceback (most recent call last):
  File "C:\Users\66353\AppData\Roaming\uv\python\cpython-3.12-windows-x86_64-none\Lib\threading.py", line 1075, in _bootstrap_inner
    self.run()
  File "C:\Users\66353\AppData\Roaming\uv\python\cpython-3.12-windows-x86_64-none\Lib\threading.py", line 1012, in run
    self._target(*self._args, **self._kwargs)
  File "C:\Users\66353\AppData\Roaming\uv\python\cpython-3.12-windows-x86_64-none\Lib\subprocess.py", line 1599, in _readerthread
    buffer.append(fh.read())
                  ^^^^^^^^^
  File "<frozen codecs>", line 322, in decode
UnicodeDecodeError: 'utf-8' codec can't decode byte 0xc9 in position 15: invalid continuation byte
[09:42:03] 腾讯实时异常: argument of type 'NoneType' is not iterable
[09:42:03] 取数失败 streak=12
Exception in thread Thread-25 (_readerthread):
Traceback (most recent call last):
  File "C:\Users\66353\AppData\Roaming\uv\python\cpython-3.12-windows-x86_64-none\Lib\threading.py", line 1075, in _bootstrap_inner
    self.run()
  File "C:\Users\66353\AppData\Roaming\uv\python\cpython-3.12-windows-x86_64-none\Lib\threading.py", line 1012, in run
    self._target(*self._args, **self._kwargs)
  File "C:\Users\66353\AppData\Roaming\uv\python\cpython-3.12-windows-x86_64-none\Lib\subprocess.py", line 1599, in _readerthread
    buffer.append(fh.read())
                  ^^^^^^^^^
  File "<frozen codecs>", line 322, in decode
UnicodeDecodeError: 'utf-8' codec can't decode byte 0xc9 in position 15: invalid continuation byte
[09:43:03] 腾讯实时异常: argument of type 'NoneType' is not iterable
[09:43:03] 取数失败 streak=13
Exception in thread Thread-27 (_readerthread):
Traceback (most recent call last):
  File "C:\Users\66353\AppData\Roaming\uv\python\cpython-3.12-windows-x86_64-none\Lib\threading.py", line 1075, in _bootstrap_inner
    self.run()
  File "C:\Users\66353\AppData\Roaming\uv\python\cpython-3.12-windows-x86_64-none\Lib\threading.py", line 1012, in run
    self._target(*self._args, **self._kwargs)
  File "C:\Users\66353\AppData\Roaming\uv\python\cpython-3.12-windows-x86_64-none\Lib\subprocess.py", line 1599, in _readerthread
    buffer.append(fh.read())
                  ^^^^^^^^^
  File "<frozen codecs>", line 322, in decode
UnicodeDecodeError: 'utf-8' codec can't decode byte 0xc9 in position 15: invalid continuation byte
[09:44:04] 腾讯实时异常: argument of type 'NoneType' is not iterable
[09:44:04] 取数失败 streak=14
Exception in thread Thread-29 (_readerthread):
Traceback (most recent call last):
  File "C:\Users\66353\AppData\Roaming\uv\python\cpython-3.12-windows-x86_64-none\Lib\threading.py", line 1075, in _bootstrap_inner
    self.run()
  File "C:\Users\66353\AppData\Roaming\uv\python\cpython-3.12-windows-x86_64-none\Lib\threading.py", line 1012, in run
    self._target(*self._args, **self._kwargs)
  File "C:\Users\66353\AppData\Roaming\uv\python\cpython-3.12-windows-x86_64-none\Lib\subprocess.py", line 1599, in _readerthread
    buffer.append(fh.read())
                  ^^^^^^^^^
  File "<frozen codecs>", line 322, in decode
UnicodeDecodeError: 'utf-8' codec can't decode byte 0xc9 in position 15: invalid continuation byte
[09:45:04] 腾讯实时异常: argument of type 'NoneType' is not iterable
[09:45:04] 取数失败 streak=15
Exception in thread Thread-31 (_readerthread):
Traceback (most recent call last):
  File "C:\Users\66353\AppData\Roaming\uv\python\cpython-3.12-windows-x86_64-none\Lib\threading.py", line 1075, in _bootstrap_inner
    self.run()
  File "C:\Users\66353\AppData\Roaming\uv\python\cpython-3.12-windows-x86_64-none\Lib\threading.py", line 1012, in run
    self._target(*self._args, **self._kwargs)
  File "C:\Users\66353\AppData\Roaming\uv\python\cpython-3.12-windows-x86_64-none\Lib\subprocess.py", line 1599, in _readerthread
    buffer.append(fh.read())
                  ^^^^^^^^^
  File "<frozen codecs>", line 322, in decode
UnicodeDecodeError: 'utf-8' codec can't decode byte 0xc9 in position 15: invalid continuation byte
[09:46:04] 腾讯实时异常: argument of type 'NoneType' is not iterable
[09:46:04] 取数失败 streak=16
Exception in thread Thread-33 (_readerthread):
Traceback (most recent call last):
  File "C:\Users\66353\AppData\Roaming\uv\python\cpython-3.12-windows-x86_64-none\Lib\threading.py", line 1075, in _bootstrap_inner
    self.run()
  File "C:\Users\66353\AppData\Roaming\uv\python\cpython-3.12-windows-x86_64-none\Lib\threading.py", line 1012, in run
    self._target(*self._args, **self._kwargs)
  File "C:\Users\66353\AppData\Roaming\uv\python\cpython-3.12-windows-x86_64-none\Lib\subprocess.py", line 1599, in _readerthread
    buffer.append(fh.read())
                  ^^^^^^^^^
  File "<frozen codecs>", line 322, in decode
UnicodeDecodeError: 'utf-8' codec can't decode byte 0xc9 in position 15: invalid continuation byte
[09:47:04] 腾讯实时异常: argument of type 'NoneType' is not iterable
[09:47:04] 取数失败 streak=17
Exception in thread Thread-35 (_readerthread):
Traceback (most recent call last):
  File "C:\Users\66353\AppData\Roaming\uv\python\cpython-3.12-windows-x86_64-none\Lib\threading.py", line 1075, in _bootstrap_inner
    self.run()
  File "C:\Users\66353\AppData\Roaming\uv\python\cpython-3.12-windows-x86_64-none\Lib\threading.py", line 1012, in run
    self._target(*self._args, **self._kwargs)
  File "C:\Users\66353\AppData\Roaming\uv\python\cpython-3.12-windows-x86_64-none\Lib\subprocess.py", line 1599, in _readerthread
    buffer.append(fh.read())
                  ^^^^^^^^^
  File "<frozen codecs>", line 322, in decode
UnicodeDecodeError: 'utf-8' codec can't decode byte 0xc9 in position 15: invalid continuation byte
[09:48:04] 腾讯实时异常: argument of type 'NoneType' is not iterable
[09:48:04] 取数失败 streak=18
Exception in thread Thread-37 (_readerthread):
Traceback (most recent call last):
  File "C:\Users\66353\AppData\Roaming\uv\python\cpython-3.12-windows-x86_64-none\Lib\threading.py", line 1075, in _bootstrap_inner
    self.run()
  File "C:\Users\66353\AppData\Roaming\uv\python\cpython-3.12-windows-x86_64-none\Lib\threading.py", line 1012, in run
    self._target(*self._args, **self._kwargs)
  File "C:\Users\66353\AppData\Roaming\uv\python\cpython-3.12-windows-x86_64-none\Lib\subprocess.py", line 1599, in _readerthread
    buffer.append(fh.read())
                  ^^^^^^^^^
  File "<frozen codecs>", line 322, in decode
UnicodeDecodeError: 'utf-8' codec can't decode byte 0xc9 in position 15: invalid continuation byte
[09:49:05] 腾讯实时异常: argument of type 'NoneType' is not iterable
[09:49:05] 取数失败 streak=19
Exception in thread Thread-39 (_readerthread):
Traceback (most recent call last):
  File "C:\Users\66353\AppData\Roaming\uv\python\cpython-3.12-windows-x86_64-none\Lib\threading.py", line 1075, in _bootstrap_inner
    self.run()
  File "C:\Users\66353\AppData\Roaming\uv\python\cpython-3.12-windows-x86_64-none\Lib\threading.py", line 1012, in run
    self._target(*self._args, **self._kwargs)
  File "C:\Users\66353\AppData\Roaming\uv\python\cpython-3.12-windows-x86_64-none\Lib\subprocess.py", line 1599, in _readerthread
    buffer.append(fh.read())
                  ^^^^^^^^^
  File "<frozen codecs>", line 322, in decode
UnicodeDecodeError: 'utf-8' codec can't decode byte 0xc9 in position 15: invalid continuation byte
[09:50:05] 腾讯实时异常: argument of type 'NoneType' is not iterable
[09:50:05] 取数失败 streak=20
Exception in thread Thread-41 (_readerthread):
Traceback (most recent call last):
  File "C:\Users\66353\AppData\Roaming\uv\python\cpython-3.12-windows-x86_64-none\Lib\threading.py", line 1075, in _bootstrap_inner
    self.run()
  File "C:\Users\66353\AppData\Roaming\uv\python\cpython-3.12-windows-x86_64-none\Lib\threading.py", line 1012, in run
    self._target(*self._args, **self._kwargs)
  File "C:\Users\66353\AppData\Roaming\uv\python\cpython-3.12-windows-x86_64-none\Lib\subprocess.py", line 1599, in _readerthread
    buffer.append(fh.read())
                  ^^^^^^^^^
  File "<frozen codecs>", line 322, in decode
UnicodeDecodeError: 'utf-8' codec can't decode byte 0xc9 in position 15: invalid continuation byte
[09:51:05] 腾讯实时异常: argument of type 'NoneType' is not iterable
[09:51:05] 取数失败 streak=21
Exception in thread Thread-43 (_readerthread):
Traceback (most recent call last):
  File "C:\Users\66353\AppData\Roaming\uv\python\cpython-3.12-windows-x86_64-none\Lib\threading.py", line 1075, in _bootstrap_inner
    self.run()
  File "C:\Users\66353\AppData\Roaming\uv\python\cpython-3.12-windows-x86_64-none\Lib\threading.py", line 1012, in run
    self._target(*self._args, **self._kwargs)
  File "C:\Users\66353\AppData\Roaming\uv\python\cpython-3.12-windows-x86_64-none\Lib\subprocess.py", line 1599, in _readerthread
    buffer.append(fh.read())
                  ^^^^^^^^^
  File "<frozen codecs>", line 322, in decode
UnicodeDecodeError: 'utf-8' codec can't decode byte 0xc9 in position 15: invalid continuation byte
[09:52:05] 腾讯实时异常: argument of type 'NoneType' is not iterable
[09:52:05] 取数失败 streak=22
Exception in thread Thread-45 (_readerthread):
Traceback (most recent call last):
  File "C:\Users\66353\AppData\Roaming\uv\python\cpython-3.12-windows-x86_64-none\Lib\threading.py", line 1075, in _bootstrap_inner
    self.run()
  File "C:\Users\66353\AppData\Roaming\uv\python\cpython-3.12-windows-x86_64-none\Lib\threading.py", line 1012, in run
    self._target(*self._args, **self._kwargs)
  File "C:\Users\66353\AppData\Roaming\uv\python\cpython-3.12-windows-x86_64-none\Lib\subprocess.py", line 1599, in _readerthread
    buffer.append(fh.read())
                  ^^^^^^^^^
  File "<frozen codecs>", line 322, in decode
UnicodeDecodeError: 'utf-8' codec can't decode byte 0xc9 in position 15: invalid continuation byte
[09:53:05] 腾讯实时异常: argument of type 'NoneType' is not iterable
[09:53:05] 取数失败 streak=23
Exception in thread Thread-47 (_readerthread):
Traceback (most recent call last):
  File "C:\Users\66353\AppData\Roaming\uv\python\cpython-3.12-windows-x86_64-none\Lib\threading.py", line 1075, in _bootstrap_inner
    self.run()
  File "C:\Users\66353\AppData\Roaming\uv\python\cpython-3.12-windows-x86_64-none\Lib\threading.py", line 1012, in run
    self._target(*self._args, **self._kwargs)
  File "C:\Users\66353\AppData\Roaming\uv\python\cpython-3.12-windows-x86_64-none\Lib\subprocess.py", line 1599, in _readerthread
    buffer.append(fh.read())
                  ^^^^^^^^^
  File "<frozen codecs>", line 322, in decode
UnicodeDecodeError: 'utf-8' codec can't decode byte 0xc9 in position 15: invalid continuation byte
[09:54:06] 腾讯实时异常: argument of type 'NoneType' is not iterable
[09:54:06] 取数失败 streak=24
Exception in thread Thread-49 (_readerthread):
Traceback (most recent call last):
  File "C:\Users\66353\AppData\Roaming\uv\python\cpython-3.12-windows-x86_64-none\Lib\threading.py", line 1075, in _bootstrap_inner
    self.run()
  File "C:\Users\66353\AppData\Roaming\uv\python\cpython-3.12-windows-x86_64-none\Lib\threading.py", line 1012, in run
    self._target(*self._args, **self._kwargs)
  File "C:\Users\66353\AppData\Roaming\uv\python\cpython-3.12-windows-x86_64-none\Lib\subprocess.py", line 1599, in _readerthread
    buffer.append(fh.read())
                  ^^^^^^^^^
  File "<frozen codecs>", line 322, in decode
UnicodeDecodeError: 'utf-8' codec can't decode byte 0xc9 in position 15: invalid continuation byte
[09:55:06] 腾讯实时异常: argument of type 'NoneType' is not iterable
[09:55:06] 取数失败 streak=25
Exception in thread Thread-51 (_readerthread):
Traceback (most recent call last):
  File "C:\Users\66353\AppData\Roaming\uv\python\cpython-3.12-windows-x86_64-none\Lib\threading.py", line 1075, in _bootstrap_inner
    self.run()
  File "C:\Users\66353\AppData\Roaming\uv\python\cpython-3.12-windows-x86_64-none\Lib\threading.py", line 1012, in run
    self._target(*self._args, **self._kwargs)
  File "C:\Users\66353\AppData\Roaming\uv\python\cpython-3.12-windows-x86_64-none\Lib\subprocess.py", line 1599, in _readerthread
    buffer.append(fh.read())
                  ^^^^^^^^^
  File "<frozen codecs>", line 322, in decode
UnicodeDecodeError: 'utf-8' codec can't decode byte 0xc9 in position 15: invalid continuation byte
[09:56:06] 腾讯实时异常: argument of type 'NoneType' is not iterable
[09:56:06] 取数失败 streak=26
Exception in thread Thread-53 (_readerthread):
Traceback (most recent call last):
  File "C:\Users\66353\AppData\Roaming\uv\python\cpython-3.12-windows-x86_64-none\Lib\threading.py", line 1075, in _bootstrap_inner
    self.run()
  File "C:\Users\66353\AppData\Roaming\uv\python\cpython-3.12-windows-x86_64-none\Lib\threading.py", line 1012, in run
    self._target(*self._args, **self._kwargs)
  File "C:\Users\66353\AppData\Roaming\uv\python\cpython-3.12-windows-x86_64-none\Lib\subprocess.py", line 1599, in _readerthread
    buffer.append(fh.read())
                  ^^^^^^^^^
  File "<frozen codecs>", line 322, in decode
UnicodeDecodeError: 'utf-8' codec can't decode byte 0xc9 in position 15: invalid continuation byte
[09:57:06] 腾讯实时异常: argument of type 'NoneType' is not iterable
[09:57:06] 取数失败 streak=27
Exception in thread Thread-55 (_readerthread):
Traceback (most recent call last):
  File "C:\Users\66353\AppData\Roaming\uv\python\cpython-3.12-windows-x86_64-none\Lib\threading.py", line 1075, in _bootstrap_inner
    self.run()
  File "C:\Users\66353\AppData\Roaming\uv\python\cpython-3.12-windows-x86_64-none\Lib\threading.py", line 1012, in run
    self._target(*self._args, **self._kwargs)
  File "C:\Users\66353\AppData\Roaming\uv\python\cpython-3.12-windows-x86_64-none\Lib\subprocess.py", line 1599, in _readerthread
    buffer.append(fh.read())
                  ^^^^^^^^^
  File "<frozen codecs>", line 322, in decode
UnicodeDecodeError: 'utf-8' codec can't decode byte 0xc9 in position 15: invalid continuation byte
[09:58:06] 腾讯实时异常: argument of type 'NoneType' is not iterable
[09:58:06] 取数失败 streak=28
Exception in thread Thread-57 (_readerthread):
Traceback (most recent call last):
  File "C:\Users\66353\AppData\Roaming\uv\python\cpython-3.12-windows-x86_64-none\Lib\threading.py", line 1075, in _bootstrap_inner
    self.run()
  File "C:\Users\66353\AppData\Roaming\uv\python\cpython-3.12-windows-x86_64-none\Lib\threading.py", line 1012, in run
    self._target(*self._args, **self._kwargs)
  File "C:\Users\66353\AppData\Roaming\uv\python\cpython-3.12-windows-x86_64-none\Lib\subprocess.py", line 1599, in _readerthread
    buffer.append(fh.read())
                  ^^^^^^^^^
  File "<frozen codecs>", line 322, in decode
UnicodeDecodeError: 'utf-8' codec can't decode byte 0xc9 in position 15: invalid continuation byte
[09:59:07] 腾讯实时异常: argument of type 'NoneType' is not iterable
[09:59:07] 取数失败 streak=29
Exception in thread Thread-59 (_readerthread):
Traceback (most recent call last):
  File "C:\Users\66353\AppData\Roaming\uv\python\cpython-3.12-windows-x86_64-none\Lib\threading.py", line 1075, in _bootstrap_inner
    self.run()
  File "C:\Users\66353\AppData\Roaming\uv\python\cpython-3.12-windows-x86_64-none\Lib\threading.py", line 1012, in run
    self._target(*self._args, **self._kwargs)
  File "C:\Users\66353\AppData\Roaming\uv\python\cpython-3.12-windows-x86_64-none\Lib\subprocess.py", line 1599, in _readerthread
    buffer.append(fh.read())
                  ^^^^^^^^^
  File "<frozen codecs>", line 322, in decode
UnicodeDecodeError: 'utf-8' codec can't decode byte 0xc9 in position 15: invalid continuation byte
[10:00:07] 腾讯实时异常: argument of type 'NoneType' is not iterable
[10:00:07] 取数失败 streak=30
[10:00:07] 连续30分钟全源失败, 报警退出
[09:14:30] 观察池=昨日涨停池 D:\股票数据\市场数据\20260901\zt_pool.csv (83只)
D:\股票数据\.venv312\Lib\site-packages\iFinDPy.pth
[09:14:33] iFinD login rc=0
[09:14:33] 连续段启动
[09:31:04] iFinD 实时 errorcode=-1010
Exception in thread Thread-1 (_readerthread):
Traceback (most recent call last):
  File "C:\Users\66353\AppData\Roaming\uv\python\cpython-3.12-windows-x86_64-none\Lib\threading.py", line 1075, in _bootstrap_inner
    self.run()
  File "C:\Users\66353\AppData\Roaming\uv\python\cpython-3.12-windows-x86_64-none\Lib\threading.py", line 1012, in run
    self._target(*self._args, **self._kwargs)
  File "C:\Users\66353\AppData\Roaming\uv\python\cpython-3.12-windows-x86_64-none\Lib\subprocess.py", line 1599, in _readerthread
    buffer.append(fh.read())
                  ^^^^^^^^^
  File "<frozen codecs>", line 322, in decode
UnicodeDecodeError: 'utf-8' codec can't decode byte 0xc1 in position 18: invalid start byte
[09:31:04] 腾讯实时异常: argument of type 'NoneType' is not iterable
[09:31:04] 取数失败 streak=1
[09:32:04] iFinD 实时 errorcode=-1010
Exception in thread Thread-3 (_readerthread):
Traceback (most recent call last):
  File "C:\Users\66353\AppData\Roaming\uv\python\cpython-3.12-windows-x86_64-none\Lib\threading.py", line 1075, in _bootstrap_inner
    self.run()
  File "C:\Users\66353\AppData\Roaming\uv\python\cpython-3.12-windows-x86_64-none\Lib\threading.py", line 1012, in run
    self._target(*self._args, **self._kwargs)
  File "C:\Users\66353\AppData\Roaming\uv\python\cpython-3.12-windows-x86_64-none\Lib\subprocess.py", line 1599, in _readerthread
    buffer.append(fh.read())
                  ^^^^^^^^^
  File "<frozen codecs>", line 322, in decode
UnicodeDecodeError: 'utf-8' codec can't decode byte 0xc1 in position 18: invalid start byte
[09:32:04] 腾讯实时异常: argument of type 'NoneType' is not iterable
[09:32:04] 取数失败 streak=2
[09:33:04] iFinD 实时 errorcode=-1010
Exception in thread Thread-5 (_readerthread):
Traceback (most recent call last):
  File "C:\Users\66353\AppData\Roaming\uv\python\cpython-3.12-windows-x86_64-none\Lib\threading.py", line 1075, in _bootstrap_inner
    self.run()
  File "C:\Users\66353\AppData\Roaming\uv\python\cpython-3.12-windows-x86_64-none\Lib\threading.py", line 1012, in run
    self._target(*self._args, **self._kwargs)
  File "C:\Users\66353\AppData\Roaming\uv\python\cpython-3.12-windows-x86_64-none\Lib\subprocess.py", line 1599, in _readerthread
    buffer.append(fh.read())
                  ^^^^^^^^^
  File "<frozen codecs>", line 322, in decode
UnicodeDecodeError: 'utf-8' codec can't decode byte 0xc1 in position 18: invalid start byte
[09:33:05] 腾讯实时异常: argument of type 'NoneType' is not iterable
[09:33:05] 取数失败 streak=3
[09:34:05] iFinD 实时 errorcode=-1010
Exception in thread Thread-7 (_readerthread):
Traceback (most recent call last):
  File "C:\Users\66353\AppData\Roaming\uv\python\cpython-3.12-windows-x86_64-none\Lib\threading.py", line 1075, in _bootstrap_inner
    self.run()
  File "C:\Users\66353\AppData\Roaming\uv\python\cpython-3.12-windows-x86_64-none\Lib\threading.py", line 1012, in run
    self._target(*self._args, **self._kwargs)
  File "C:\Users\66353\AppData\Roaming\uv\python\cpython-3.12-windows-x86_64-none\Lib\subprocess.py", line 1599, in _readerthread
    buffer.append(fh.read())
                  ^^^^^^^^^
  File "<frozen codecs>", line 322, in decode
UnicodeDecodeError: 'utf-8' codec can't decode byte 0xc1 in position 18: invalid start byte
[09:34:06] 腾讯实时异常: argument of type 'NoneType' is not iterable
[09:34:06] 取数失败 streak=4
[09:35:06] iFinD 实时 errorcode=-1010
Exception in thread Thread-9 (_readerthread):
Traceback (most recent call last):
  File "C:\Users\66353\AppData\Roaming\uv\python\cpython-3.12-windows-x86_64-none\Lib\threading.py", line 1075, in _bootstrap_inner
    self.run()
  File "C:\Users\66353\AppData\Roaming\uv\python\cpython-3.12-windows-x86_64-none\Lib\threading.py", line 1012, in run
    self._target(*self._args, **self._kwargs)
  File "C:\Users\66353\AppData\Roaming\uv\python\cpython-3.12-windows-x86_64-none\Lib\subprocess.py", line 1599, in _readerthread
    buffer.append(fh.read())
                  ^^^^^^^^^
  File "<frozen codecs>", line 322, in decode
UnicodeDecodeError: 'utf-8' codec can't decode byte 0xc1 in position 18: invalid start byte
[09:35:06] 腾讯实时异常: argument of type 'NoneType' is not iterable
[09:35:06] 取数失败 streak=5
[09:36:06] iFinD 实时 errorcode=-1010
Exception in thread Thread-11 (_readerthread):
Traceback (most recent call last):
  File "C:\Users\66353\AppData\Roaming\uv\python\cpython-3.12-windows-x86_64-none\Lib\threading.py", line 1075, in _bootstrap_inner
    self.run()
  File "C:\Users\66353\AppData\Roaming\uv\python\cpython-3.12-windows-x86_64-none\Lib\threading.py", line 1012, in run
    self._target(*self._args, **self._kwargs)
  File "C:\Users\66353\AppData\Roaming\uv\python\cpython-3.12-windows-x86_64-none\Lib\subprocess.py", line 1599, in _readerthread
    buffer.append(fh.read())
                  ^^^^^^^^^
  File "<frozen codecs>", line 322, in decode
UnicodeDecodeError: 'utf-8' codec can't decode byte 0xc1 in position 18: invalid start byte
[09:36:07] 腾讯实时异常: argument of type 'NoneType' is not iterable
[09:36:07] 取数失败 streak=6
[09:37:07] iFinD 实时 errorcode=-1010
Exception in thread Thread-13 (_readerthread):
Traceback (most recent call last):
  File "C:\Users\66353\AppData\Roaming\uv\python\cpython-3.12-windows-x86_64-none\Lib\threading.py", line 1075, in _bootstrap_inner
    self.run()
  File "C:\Users\66353\AppData\Roaming\uv\python\cpython-3.12-windows-x86_64-none\Lib\threading.py", line 1012, in run
    self._target(*self._args, **self._kwargs)
  File "C:\Users\66353\AppData\Roaming\uv\python\cpython-3.12-windows-x86_64-none\Lib\subprocess.py", line 1599, in _readerthread
    buffer.append(fh.read())
                  ^^^^^^^^^
  File "<frozen codecs>", line 322, in decode
UnicodeDecodeError: 'utf-8' codec can't decode byte 0xc1 in position 18: invalid start byte
[09:37:07] 腾讯实时异常: argument of type 'NoneType' is not iterable
[09:37:07] 取数失败 streak=7
[09:38:07] iFinD 实时 errorcode=-1010
Exception in thread Thread-15 (_readerthread):
Traceback (most recent call last):
  File "C:\Users\66353\AppData\Roaming\uv\python\cpython-3.12-windows-x86_64-none\Lib\threading.py", line 1075, in _bootstrap_inner
    self.run()
  File "C:\Users\66353\AppData\Roaming\uv\python\cpython-3.12-windows-x86_64-none\Lib\threading.py", line 1012, in run
    self._target(*self._args, **self._kwargs)
  File "C:\Users\66353\AppData\Roaming\uv\python\cpython-3.12-windows-x86_64-none\Lib\subprocess.py", line 1599, in _readerthread
    buffer.append(fh.read())
                  ^^^^^^^^^
  File "<frozen codecs>", line 322, in decode
UnicodeDecodeError: 'utf-8' codec can't decode byte 0xc1 in position 18: invalid start byte
[09:38:07] 腾讯实时异常: argument of type 'NoneType' is not iterable
[09:38:07] 取数失败 streak=8
[09:39:07] iFinD 实时 errorcode=-1010
Exception in thread Thread-17 (_readerthread):
Traceback (most recent call last):
  File "C:\Users\66353\AppData\Roaming\uv\python\cpython-3.12-windows-x86_64-none\Lib\threading.py", line 1075, in _bootstrap_inner
    self.run()
  File "C:\Users\66353\AppData\Roaming\uv\python\cpython-3.12-windows-x86_64-none\Lib\threading.py", line 1012, in run
    self._target(*self._args, **self._kwargs)
  File "C:\Users\66353\AppData\Roaming\uv\python\cpython-3.12-windows-x86_64-none\Lib\subprocess.py", line 1599, in _readerthread
    buffer.append(fh.read())
                  ^^^^^^^^^
  File "<frozen codecs>", line 322, in decode
UnicodeDecodeError: 'utf-8' codec can't decode byte 0xc1 in position 18: invalid start byte
[09:39:07] 腾讯实时异常: argument of type 'NoneType' is not iterable
[09:39:07] 取数失败 streak=9
[09:40:08] iFinD 实时 errorcode=-1010
Exception in thread Thread-19 (_readerthread):
Traceback (most recent call last):
  File "C:\Users\66353\AppData\Roaming\uv\python\cpython-3.12-windows-x86_64-none\Lib\threading.py", line 1075, in _bootstrap_inner
    self.run()
  File "C:\Users\66353\AppData\Roaming\uv\python\cpython-3.12-windows-x86_64-none\Lib\threading.py", line 1012, in run
    self._target(*self._args, **self._kwargs)
  File "C:\Users\66353\AppData\Roaming\uv\python\cpython-3.12-windows-x86_64-none\Lib\subprocess.py", line 1599, in _readerthread
    buffer.append(fh.read())
                  ^^^^^^^^^
  File "<frozen codecs>", line 322, in decode
UnicodeDecodeError: 'utf-8' codec can't decode byte 0xc1 in position 18: invalid start byte
[09:40:08] 腾讯实时异常: argument of type 'NoneType' is not iterable
[09:40:08] 取数失败 streak=10
[09:41:08] iFinD 实时 errorcode=-1010
Exception in thread Thread-21 (_readerthread):
Traceback (most recent call last):
  File "C:\Users\66353\AppData\Roaming\uv\python\cpython-3.12-windows-x86_64-none\Lib\threading.py", line 1075, in _bootstrap_inner
    self.run()
  File "C:\Users\66353\AppData\Roaming\uv\python\cpython-3.12-windows-x86_64-none\Lib\threading.py", line 1012, in run
    self._target(*self._args, **self._kwargs)
  File "C:\Users\66353\AppData\Roaming\uv\python\cpython-3.12-windows-x86_64-none\Lib\subprocess.py", line 1599, in _readerthread
    buffer.append(fh.read())
                  ^^^^^^^^^
  File "<frozen codecs>", line 322, in decode
UnicodeDecodeError: 'utf-8' codec can't decode byte 0xc1 in position 18: invalid start byte
[09:41:08] 腾讯实时异常: argument of type 'NoneType' is not iterable
[09:41:08] 取数失败 streak=11
[09:42:09] iFinD 实时 errorcode=-1010
Exception in thread Thread-23 (_readerthread):
Traceback (most recent call last):
  File "C:\Users\66353\AppData\Roaming\uv\python\cpython-3.12-windows-x86_64-none\Lib\threading.py", line 1075, in _bootstrap_inner
    self.run()
  File "C:\Users\66353\AppData\Roaming\uv\python\cpython-3.12-windows-x86_64-none\Lib\threading.py", line 1012, in run
    self._target(*self._args, **self._kwargs)
  File "C:\Users\66353\AppData\Roaming\uv\python\cpython-3.12-windows-x86_64-none\Lib\subprocess.py", line 1599, in _readerthread
    buffer.append(fh.read())
                  ^^^^^^^^^
  File "<frozen codecs>", line 322, in decode
UnicodeDecodeError: 'utf-8' codec can't decode byte 0xc1 in position 18: invalid start byte
[09:42:09] 腾讯实时异常: argument of type 'NoneType' is not iterable
[09:42:09] 取数失败 streak=12
[09:43:09] iFinD 实时 errorcode=-1010
Exception in thread Thread-25 (_readerthread):
Traceback (most recent call last):
  File "C:\Users\66353\AppData\Roaming\uv\python\cpython-3.12-windows-x86_64-none\Lib\threading.py", line 1075, in _bootstrap_inner
    self.run()
  File "C:\Users\66353\AppData\Roaming\uv\python\cpython-3.12-windows-x86_64-none\Lib\threading.py", line 1012, in run
    self._target(*self._args, **self._kwargs)
  File "C:\Users\66353\AppData\Roaming\uv\python\cpython-3.12-windows-x86_64-none\Lib\subprocess.py", line 1599, in _readerthread
    buffer.append(fh.read())
                  ^^^^^^^^^
  File "<frozen codecs>", line 322, in decode
UnicodeDecodeError: 'utf-8' codec can't decode byte 0xc1 in position 18: invalid start byte
[09:43:09] 腾讯实时异常: argument of type 'NoneType' is not iterable
[09:43:09] 取数失败 streak=13
[09:44:09] iFinD 实时 errorcode=-1010
Exception in thread Thread-27 (_readerthread):
Traceback (most recent call last):
  File "C:\Users\66353\AppData\Roaming\uv\python\cpython-3.12-windows-x86_64-none\Lib\threading.py", line 1075, in _bootstrap_inner
    self.run()
  File "C:\Users\66353\AppData\Roaming\uv\python\cpython-3.12-windows-x86_64-none\Lib\threading.py", line 1012, in run
    self._target(*self._args, **self._kwargs)
  File "C:\Users\66353\AppData\Roaming\uv\python\cpython-3.12-windows-x86_64-none\Lib\subprocess.py", line 1599, in _readerthread
    buffer.append(fh.read())
                  ^^^^^^^^^
  File "<frozen codecs>", line 322, in decode
UnicodeDecodeError: 'utf-8' codec can't decode byte 0xc1 in position 18: invalid start byte
[09:44:10] 腾讯实时异常: argument of type 'NoneType' is not iterable
[09:44:10] 取数失败 streak=14
[09:45:10] iFinD 实时 errorcode=-1010
Exception in thread Thread-29 (_readerthread):
Traceback (most recent call last):
  File "C:\Users\66353\AppData\Roaming\uv\python\cpython-3.12-windows-x86_64-none\Lib\threading.py", line 1075, in _bootstrap_inner
    self.run()
  File "C:\Users\66353\AppData\Roaming\uv\python\cpython-3.12-windows-x86_64-none\Lib\threading.py", line 1012, in run
    self._target(*self._args, **self._kwargs)
  File "C:\Users\66353\AppData\Roaming\uv\python\cpython-3.12-windows-x86_64-none\Lib\subprocess.py", line 1599, in _readerthread
    buffer.append(fh.read())
                  ^^^^^^^^^
  File "<frozen codecs>", line 322, in decode
UnicodeDecodeError: 'utf-8' codec can't decode byte 0xc1 in position 18: invalid start byte
[09:45:10] 腾讯实时异常: argument of type 'NoneType' is not iterable
[09:45:10] 取数失败 streak=15
[09:46:10] iFinD 实时 errorcode=-1010
Exception in thread Thread-31 (_readerthread):
Traceback (most recent call last):
  File "C:\Users\66353\AppData\Roaming\uv\python\cpython-3.12-windows-x86_64-none\Lib\threading.py", line 1075, in _bootstrap_inner
    self.run()
  File "C:\Users\66353\AppData\Roaming\uv\python\cpython-3.12-windows-x86_64-none\Lib\threading.py", line 1012, in run
    self._target(*self._args, **self._kwargs)
  File "C:\Users\66353\AppData\Roaming\uv\python\cpython-3.12-windows-x86_64-none\Lib\subprocess.py", line 1599, in _readerthread
    buffer.append(fh.read())
                  ^^^^^^^^^
  File "<frozen codecs>", line 322, in decode
UnicodeDecodeError: 'utf-8' codec can't decode byte 0xc1 in position 18: invalid start byte
[09:46:10] 腾讯实时异常: argument of type 'NoneType' is not iterable
[09:46:10] 取数失败 streak=16
[09:47:11] iFinD 实时 errorcode=-1010
Exception in thread Thread-33 (_readerthread):
Traceback (most recent call last):
  File "C:\Users\66353\AppData\Roaming\uv\python\cpython-3.12-windows-x86_64-none\Lib\threading.py", line 1075, in _bootstrap_inner
    self.run()
  File "C:\Users\66353\AppData\Roaming\uv\python\cpython-3.12-windows-x86_64-none\Lib\threading.py", line 1012, in run
    self._target(*self._args, **self._kwargs)
  File "C:\Users\66353\AppData\Roaming\uv\python\cpython-3.12-windows-x86_64-none\Lib\subprocess.py", line 1599, in _readerthread
    buffer.append(fh.read())
                  ^^^^^^^^^
  File "<frozen codecs>", line 322, in decode
UnicodeDecodeError: 'utf-8' codec can't decode byte 0xc1 in position 18: invalid start byte
[09:47:11] 腾讯实时异常: argument of type 'NoneType' is not iterable
[09:47:11] 取数失败 streak=17
[09:48:11] iFinD 实时 errorcode=-1010
Exception in thread Thread-35 (_readerthread):
Traceback (most recent call last):
  File "C:\Users\66353\AppData\Roaming\uv\python\cpython-3.12-windows-x86_64-none\Lib\threading.py", line 1075, in _bootstrap_inner
    self.run()
  File "C:\Users\66353\AppData\Roaming\uv\python\cpython-3.12-windows-x86_64-none\Lib\threading.py", line 1012, in run
    self._target(*self._args, **self._kwargs)
  File "C:\Users\66353\AppData\Roaming\uv\python\cpython-3.12-windows-x86_64-none\Lib\subprocess.py", line 1599, in _readerthread
    buffer.append(fh.read())
                  ^^^^^^^^^
  File "<frozen codecs>", line 322, in decode
UnicodeDecodeError: 'utf-8' codec can't decode byte 0xc1 in position 18: invalid start byte
[09:48:11] 腾讯实时异常: argument of type 'NoneType' is not iterable
[09:48:11] 取数失败 streak=18
[09:49:11] iFinD 实时 errorcode=-1010
Exception in thread Thread-37 (_readerthread):
Traceback (most recent call last):
  File "C:\Users\66353\AppData\Roaming\uv\python\cpython-3.12-windows-x86_64-none\Lib\threading.py", line 1075, in _bootstrap_inner
    self.run()
  File "C:\Users\66353\AppData\Roaming\uv\python\cpython-3.12-windows-x86_64-none\Lib\threading.py", line 1012, in run
    self._target(*self._args, **self._kwargs)
  File "C:\Users\66353\AppData\Roaming\uv\python\cpython-3.12-windows-x86_64-none\Lib\subprocess.py", line 1599, in _readerthread
    buffer.append(fh.read())
                  ^^^^^^^^^
  File "<frozen codecs>", line 322, in decode
UnicodeDecodeError: 'utf-8' codec can't decode byte 0xc1 in position 18: invalid start byte
[09:49:12] 腾讯实时异常: argument of type 'NoneType' is not iterable
[09:49:12] 取数失败 streak=19
[09:50:12] iFinD 实时 errorcode=-1010
Exception in thread Thread-39 (_readerthread):
Traceback (most recent call last):
  File "C:\Users\66353\AppData\Roaming\uv\python\cpython-3.12-windows-x86_64-none\Lib\threading.py", line 1075, in _bootstrap_inner
    self.run()
  File "C:\Users\66353\AppData\Roaming\uv\python\cpython-3.12-windows-x86_64-none\Lib\threading.py", line 1012, in run
    self._target(*self._args, **self._kwargs)
  File "C:\Users\66353\AppData\Roaming\uv\python\cpython-3.12-windows-x86_64-none\Lib\subprocess.py", line 1599, in _readerthread
    buffer.append(fh.read())
                  ^^^^^^^^^
  File "<frozen codecs>", line 322, in decode
UnicodeDecodeError: 'utf-8' codec can't decode byte 0xc1 in position 18: invalid start byte
[09:50:12] 腾讯实时异常: argument of type 'NoneType' is not iterable
[09:50:12] 取数失败 streak=20
[09:51:12] iFinD 实时 errorcode=-1010
Exception in thread Thread-41 (_readerthread):
Traceback (most recent call last):
  File "C:\Users\66353\AppData\Roaming\uv\python\cpython-3.12-windows-x86_64-none\Lib\threading.py", line 1075, in _bootstrap_inner
    self.run()
  File "C:\Users\66353\AppData\Roaming\uv\python\cpython-3.12-windows-x86_64-none\Lib\threading.py", line 1012, in run
    self._target(*self._args, **self._kwargs)
  File "C:\Users\66353\AppData\Roaming\uv\python\cpython-3.12-windows-x86_64-none\Lib\subprocess.py", line 1599, in _readerthread
    buffer.append(fh.read())
                  ^^^^^^^^^
  File "<frozen codecs>", line 322, in decode
UnicodeDecodeError: 'utf-8' codec can't decode byte 0xc1 in position 18: invalid start byte
[09:51:12] 腾讯实时异常: argument of type 'NoneType' is not iterable
[09:51:12] 取数失败 streak=21
[09:52:12] iFinD 实时 errorcode=-1010
Exception in thread Thread-43 (_readerthread):
Traceback (most recent call last):
  File "C:\Users\66353\AppData\Roaming\uv\python\cpython-3.12-windows-x86_64-none\Lib\threading.py", line 1075, in _bootstrap_inner
    self.run()
  File "C:\Users\66353\AppData\Roaming\uv\python\cpython-3.12-windows-x86_64-none\Lib\threading.py", line 1012, in run
    self._target(*self._args, **self._kwargs)
  File "C:\Users\66353\AppData\Roaming\uv\python\cpython-3.12-windows-x86_64-none\Lib\subprocess.py", line 1599, in _readerthread
    buffer.append(fh.read())
                  ^^^^^^^^^
  File "<frozen codecs>", line 322, in decode
UnicodeDecodeError: 'utf-8' codec can't decode byte 0xc1 in position 18: invalid start byte
[09:52:13] 腾讯实时异常: argument of type 'NoneType' is not iterable
[09:52:13] 取数失败 streak=22
[09:53:13] iFinD 实时 errorcode=-1010
Exception in thread Thread-45 (_readerthread):
Traceback (most recent call last):
  File "C:\Users\66353\AppData\Roaming\uv\python\cpython-3.12-windows-x86_64-none\Lib\threading.py", line 1075, in _bootstrap_inner
    self.run()
  File "C:\Users\66353\AppData\Roaming\uv\python\cpython-3.12-windows-x86_64-none\Lib\threading.py", line 1012, in run
    self._target(*self._args, **self._kwargs)
  File "C:\Users\66353\AppData\Roaming\uv\python\cpython-3.12-windows-x86_64-none\Lib\subprocess.py", line 1599, in _readerthread
    buffer.append(fh.read())
                  ^^^^^^^^^
  File "<frozen codecs>", line 322, in decode
UnicodeDecodeError: 'utf-8' codec can't decode byte 0xc1 in position 18: invalid start byte
[09:53:13] 腾讯实时异常: argument of type 'NoneType' is not iterable
[09:53:13] 取数失败 streak=23
[09:54:13] iFinD 实时 errorcode=-1010
Exception in thread Thread-47 (_readerthread):
Traceback (most recent call last):
  File "C:\Users\66353\AppData\Roaming\uv\python\cpython-3.12-windows-x86_64-none\Lib\threading.py", line 1075, in _bootstrap_inner
    self.run()
  File "C:\Users\66353\AppData\Roaming\uv\python\cpython-3.12-windows-x86_64-none\Lib\threading.py", line 1012, in run
    self._target(*self._args, **self._kwargs)
  File "C:\Users\66353\AppData\Roaming\uv\python\cpython-3.12-windows-x86_64-none\Lib\subprocess.py", line 1599, in _readerthread
    buffer.append(fh.read())
                  ^^^^^^^^^
  File "<frozen codecs>", line 322, in decode
UnicodeDecodeError: 'utf-8' codec can't decode byte 0xc1 in position 18: invalid start byte
[09:54:13] 腾讯实时异常: argument of type 'NoneType' is not iterable
[09:54:13] 取数失败 streak=24
[09:55:13] iFinD 实时 errorcode=-1010
Exception in thread Thread-49 (_readerthread):
Traceback (most recent call last):
  File "C:\Users\66353\AppData\Roaming\uv\python\cpython-3.12-windows-x86_64-none\Lib\threading.py", line 1075, in _bootstrap_inner
    self.run()
  File "C:\Users\66353\AppData\Roaming\uv\python\cpython-3.12-windows-x86_64-none\Lib\threading.py", line 1012, in run
    self._target(*self._args, **self._kwargs)
  File "C:\Users\66353\AppData\Roaming\uv\python\cpython-3.12-windows-x86_64-none\Lib\subprocess.py", line 1599, in _readerthread
    buffer.append(fh.read())
                  ^^^^^^^^^
  File "<frozen codecs>", line 322, in decode
UnicodeDecodeError: 'utf-8' codec can't decode byte 0xc1 in position 18: invalid start byte
[09:55:14] 腾讯实时异常: argument of type 'NoneType' is not iterable
[09:55:14] 取数失败 streak=25
[09:56:14] iFinD 实时 errorcode=-1010
Exception in thread Thread-51 (_readerthread):
Traceback (most recent call last):
  File "C:\Users\66353\AppData\Roaming\uv\python\cpython-3.12-windows-x86_64-none\Lib\threading.py", line 1075, in _bootstrap_inner
    self.run()
  File "C:\Users\66353\AppData\Roaming\uv\python\cpython-3.12-windows-x86_64-none\Lib\threading.py", line 1012, in run
    self._target(*self._args, **self._kwargs)
  File "C:\Users\66353\AppData\Roaming\uv\python\cpython-3.12-windows-x86_64-none\Lib\subprocess.py", line 1599, in _readerthread
    buffer.append(fh.read())
                  ^^^^^^^^^
  File "<frozen codecs>", line 322, in decode
UnicodeDecodeError: 'utf-8' codec can't decode byte 0xc1 in position 18: invalid start byte
[09:56:14] 腾讯实时异常: argument of type 'NoneType' is not iterable
[09:56:14] 取数失败 streak=26
[09:57:14] iFinD 实时 errorcode=-1010
Exception in thread Thread-53 (_readerthread):
Traceback (most recent call last):
  File "C:\Users\66353\AppData\Roaming\uv\python\cpython-3.12-windows-x86_64-none\Lib\threading.py", line 1075, in _bootstrap_inner
    self.run()
  File "C:\Users\66353\AppData\Roaming\uv\python\cpython-3.12-windows-x86_64-none\Lib\threading.py", line 1012, in run
    self._target(*self._args, **self._kwargs)
  File "C:\Users\66353\AppData\Roaming\uv\python\cpython-3.12-windows-x86_64-none\Lib\subprocess.py", line 1599, in _readerthread
    buffer.append(fh.read())
                  ^^^^^^^^^
  File "<frozen codecs>", line 322, in decode
UnicodeDecodeError: 'utf-8' codec can't decode byte 0xc1 in position 18: invalid start byte
[09:57:14] 腾讯实时异常: argument of type 'NoneType' is not iterable
[09:57:14] 取数失败 streak=27
[09:58:14] iFinD 实时 errorcode=-1010
Exception in thread Thread-55 (_readerthread):
Traceback (most recent call last):
  File "C:\Users\66353\AppData\Roaming\uv\python\cpython-3.12-windows-x86_64-none\Lib\threading.py", line 1075, in _bootstrap_inner
    self.run()
  File "C:\Users\66353\AppData\Roaming\uv\python\cpython-3.12-windows-x86_64-none\Lib\threading.py", line 1012, in run
    self._target(*self._args, **self._kwargs)
  File "C:\Users\66353\AppData\Roaming\uv\python\cpython-3.12-windows-x86_64-none\Lib\subprocess.py", line 1599, in _readerthread
    buffer.append(fh.read())
                  ^^^^^^^^^
  File "<frozen codecs>", line 322, in decode
UnicodeDecodeError: 'utf-8' codec can't decode byte 0xc1 in position 18: invalid start byte
[09:58:14] 腾讯实时异常: argument of type 'NoneType' is not iterable
[09:58:14] 取数失败 streak=28
[09:59:15] iFinD 实时 errorcode=-1010
Exception in thread Thread-57 (_readerthread):
Traceback (most recent call last):
  File "C:\Users\66353\AppData\Roaming\uv\python\cpython-3.12-windows-x86_64-none\Lib\threading.py", line 1075, in _bootstrap_inner
    self.run()
  File "C:\Users\66353\AppData\Roaming\uv\python\cpython-3.12-windows-x86_64-none\Lib\threading.py", line 1012, in run
    self._target(*self._args, **self._kwargs)
  File "C:\Users\66353\AppData\Roaming\uv\python\cpython-3.12-windows-x86_64-none\Lib\subprocess.py", line 1599, in _readerthread
    buffer.append(fh.read())
                  ^^^^^^^^^
  File "<frozen codecs>", line 322, in decode
UnicodeDecodeError: 'utf-8' codec can't decode byte 0xc1 in position 18: invalid start byte
[09:59:15] 腾讯实时异常: argument of type 'NoneType' is not iterable
[09:59:15] 取数失败 streak=29
[10:00:15] iFinD 实时 errorcode=-1010
Exception in thread Thread-59 (_readerthread):
Traceback (most recent call last):
  File "C:\Users\66353\AppData\Roaming\uv\python\cpython-3.12-windows-x86_64-none\Lib\threading.py", line 1075, in _bootstrap_inner
    self.run()
  File "C:\Users\66353\AppData\Roaming\uv\python\cpython-3.12-windows-x86_64-none\Lib\threading.py", line 1012, in run
    self._target(*self._args, **self._kwargs)
  File "C:\Users\66353\AppData\Roaming\uv\python\cpython-3.12-windows-x86_64-none\Lib\subprocess.py", line 1599, in _readerthread
    buffer.append(fh.read())
                  ^^^^^^^^^
  File "<frozen codecs>", line 322, in decode
UnicodeDecodeError: 'utf-8' codec can't decode byte 0xc1 in position 18: invalid start byte
[10:00:15] 腾讯实时异常: argument of type 'NoneType' is not iterable
[10:00:15] 取数失败 streak=30
[10:00:15] 连续30分钟全源失败, 报警退出
[09:14:01] 观察池=昨日涨停池 D:\股票数据\市场数据\20260902\zt_pool.csv (52只)
D:\股票数据\.venv312\Lib\site-packages\iFinDPy.pth
[09:14:04] iFinD login rc=0
[09:14:04] 连续段启动
[09:31:04] iFinD 实时 errorcode=-1010
Exception in thread Thread-1 (_readerthread):
Traceback (most recent call last):
  File "C:\Users\66353\AppData\Roaming\uv\python\cpython-3.12-windows-x86_64-none\Lib\threading.py", line 1075, in _bootstrap_inner
    self.run()
  File "C:\Users\66353\AppData\Roaming\uv\python\cpython-3.12-windows-x86_64-none\Lib\threading.py", line 1012, in run
    self._target(*self._args, **self._kwargs)
  File "C:\Users\66353\AppData\Roaming\uv\python\cpython-3.12-windows-x86_64-none\Lib\subprocess.py", line 1599, in _readerthread
    buffer.append(fh.read())
                  ^^^^^^^^^
  File "<frozen codecs>", line 322, in decode
UnicodeDecodeError: 'utf-8' codec can't decode byte 0xc1 in position 18: invalid start byte
[09:31:04] 腾讯实时异常: argument of type 'NoneType' is not iterable
[09:31:04] 取数失败 streak=1
[09:32:05] iFinD 实时 errorcode=-1010
Exception in thread Thread-3 (_readerthread):
Traceback (most recent call last):
  File "C:\Users\66353\AppData\Roaming\uv\python\cpython-3.12-windows-x86_64-none\Lib\threading.py", line 1075, in _bootstrap_inner
    self.run()
  File "C:\Users\66353\AppData\Roaming\uv\python\cpython-3.12-windows-x86_64-none\Lib\threading.py", line 1012, in run
    self._target(*self._args, **self._kwargs)
  File "C:\Users\66353\AppData\Roaming\uv\python\cpython-3.12-windows-x86_64-none\Lib\subprocess.py", line 1599, in _readerthread
    buffer.append(fh.read())
                  ^^^^^^^^^
  File "<frozen codecs>", line 322, in decode
UnicodeDecodeError: 'utf-8' codec can't decode byte 0xc1 in position 18: invalid start byte
[09:32:05] 腾讯实时异常: argument of type 'NoneType' is not iterable
[09:32:05] 取数失败 streak=2
[09:33:05] iFinD 实时 errorcode=-1010
Exception in thread Thread-5 (_readerthread):
Traceback (most recent call last):
  File "C:\Users\66353\AppData\Roaming\uv\python\cpython-3.12-windows-x86_64-none\Lib\threading.py", line 1075, in _bootstrap_inner
    self.run()
  File "C:\Users\66353\AppData\Roaming\uv\python\cpython-3.12-windows-x86_64-none\Lib\threading.py", line 1012, in run
    self._target(*self._args, **self._kwargs)
  File "C:\Users\66353\AppData\Roaming\uv\python\cpython-3.12-windows-x86_64-none\Lib\subprocess.py", line 1599, in _readerthread
    buffer.append(fh.read())
                  ^^^^^^^^^
  File "<frozen codecs>", line 322, in decode
UnicodeDecodeError: 'utf-8' codec can't decode byte 0xc1 in position 18: invalid start byte
[09:33:05] 腾讯实时异常: argument of type 'NoneType' is not iterable
[09:33:05] 取数失败 streak=3
[09:34:05] iFinD 实时 errorcode=-1010
Exception in thread Thread-7 (_readerthread):
Traceback (most recent call last):
  File "C:\Users\66353\AppData\Roaming\uv\python\cpython-3.12-windows-x86_64-none\Lib\threading.py", line 1075, in _bootstrap_inner
    self.run()
  File "C:\Users\66353\AppData\Roaming\uv\python\cpython-3.12-windows-x86_64-none\Lib\threading.py", line 1012, in run
    self._target(*self._args, **self._kwargs)
  File "C:\Users\66353\AppData\Roaming\uv\python\cpython-3.12-windows-x86_64-none\Lib\subprocess.py", line 1599, in _readerthread
    buffer.append(fh.read())
                  ^^^^^^^^^
  File "<frozen codecs>", line 322, in decode
UnicodeDecodeError: 'utf-8' codec can't decode byte 0xc1 in position 18: invalid start byte
[09:34:06] 腾讯实时异常: argument of type 'NoneType' is not iterable
[09:34:06] 取数失败 streak=4
[09:35:06] iFinD 实时 errorcode=-1010
Exception in thread Thread-9 (_readerthread):
Traceback (most recent call last):
  File "C:\Users\66353\AppData\Roaming\uv\python\cpython-3.12-windows-x86_64-none\Lib\threading.py", line 1075, in _bootstrap_inner
    self.run()
  File "C:\Users\66353\AppData\Roaming\uv\python\cpython-3.12-windows-x86_64-none\Lib\threading.py", line 1012, in run
    self._target(*self._args, **self._kwargs)
  File "C:\Users\66353\AppData\Roaming\uv\python\cpython-3.12-windows-x86_64-none\Lib\subprocess.py", line 1599, in _readerthread
    buffer.append(fh.read())
                  ^^^^^^^^^
  File "<frozen codecs>", line 322, in decode
UnicodeDecodeError: 'utf-8' codec can't decode byte 0xc1 in position 18: invalid start byte
[09:35:06] 腾讯实时异常: argument of type 'NoneType' is not iterable
[09:35:06] 取数失败 streak=5
[09:36:06] iFinD 实时 errorcode=-1010
Exception in thread Thread-11 (_readerthread):
Traceback (most recent call last):
  File "C:\Users\66353\AppData\Roaming\uv\python\cpython-3.12-windows-x86_64-none\Lib\threading.py", line 1075, in _bootstrap_inner
    self.run()
  File "C:\Users\66353\AppData\Roaming\uv\python\cpython-3.12-windows-x86_64-none\Lib\threading.py", line 1012, in run
    self._target(*self._args, **self._kwargs)
  File "C:\Users\66353\AppData\Roaming\uv\python\cpython-3.12-windows-x86_64-none\Lib\subprocess.py", line 1599, in _readerthread
    buffer.append(fh.read())
                  ^^^^^^^^^
  File "<frozen codecs>", line 322, in decode
UnicodeDecodeError: 'utf-8' codec can't decode byte 0xc1 in position 18: invalid start byte
[09:36:06] 腾讯实时异常: argument of type 'NoneType' is not iterable
[09:36:06] 取数失败 streak=6
[09:37:07] iFinD 实时 errorcode=-1010
Exception in thread Thread-13 (_readerthread):
Traceback (most recent call last):
  File "C:\Users\66353\AppData\Roaming\uv\python\cpython-3.12-windows-x86_64-none\Lib\threading.py", line 1075, in _bootstrap_inner
    self.run()
  File "C:\Users\66353\AppData\Roaming\uv\python\cpython-3.12-windows-x86_64-none\Lib\threading.py", line 1012, in run
    self._target(*self._args, **self._kwargs)
  File "C:\Users\66353\AppData\Roaming\uv\python\cpython-3.12-windows-x86_64-none\Lib\subprocess.py", line 1599, in _readerthread
    buffer.append(fh.read())
                  ^^^^^^^^^
  File "<frozen codecs>", line 322, in decode
UnicodeDecodeError: 'utf-8' codec can't decode byte 0xc1 in position 18: invalid start byte
[09:37:07] 腾讯实时异常: argument of type 'NoneType' is not iterable
[09:37:07] 取数失败 streak=7
[09:38:07] iFinD 实时 errorcode=-1010
Exception in thread Thread-15 (_readerthread):
Traceback (most recent call last):
  File "C:\Users\66353\AppData\Roaming\uv\python\cpython-3.12-windows-x86_64-none\Lib\threading.py", line 1075, in _bootstrap_inner
    self.run()
  File "C:\Users\66353\AppData\Roaming\uv\python\cpython-3.12-windows-x86_64-none\Lib\threading.py", line 1012, in run
    self._target(*self._args, **self._kwargs)
  File "C:\Users\66353\AppData\Roaming\uv\python\cpython-3.12-windows-x86_64-none\Lib\subprocess.py", line 1599, in _readerthread
    buffer.append(fh.read())
                  ^^^^^^^^^
  File "<frozen codecs>", line 322, in decode
UnicodeDecodeError: 'utf-8' codec can't decode byte 0xc1 in position 18: invalid start byte
[09:38:07] 腾讯实时异常: argument of type 'NoneType' is not iterable
[09:38:07] 取数失败 streak=8
[09:39:07] iFinD 实时 errorcode=-1010
Exception in thread Thread-17 (_readerthread):
Traceback (most recent call last):
  File "C:\Users\66353\AppData\Roaming\uv\python\cpython-3.12-windows-x86_64-none\Lib\threading.py", line 1075, in _bootstrap_inner
    self.run()
  File "C:\Users\66353\AppData\Roaming\uv\python\cpython-3.12-windows-x86_64-none\Lib\threading.py", line 1012, in run
    self._target(*self._args, **self._kwargs)
  File "C:\Users\66353\AppData\Roaming\uv\python\cpython-3.12-windows-x86_64-none\Lib\subprocess.py", line 1599, in _readerthread
    buffer.append(fh.read())
                  ^^^^^^^^^
  File "<frozen codecs>", line 322, in decode
UnicodeDecodeError: 'utf-8' codec can't decode byte 0xc1 in position 18: invalid start byte
[09:39:07] 腾讯实时异常: argument of type 'NoneType' is not iterable
[09:39:07] 取数失败 streak=9
[09:40:08] iFinD 实时 errorcode=-1010
Exception in thread Thread-19 (_readerthread):
Traceback (most recent call last):
  File "C:\Users\66353\AppData\Roaming\uv\python\cpython-3.12-windows-x86_64-none\Lib\threading.py", line 1075, in _bootstrap_inner
    self.run()
  File "C:\Users\66353\AppData\Roaming\uv\python\cpython-3.12-windows-x86_64-none\Lib\threading.py", line 1012, in run
    self._target(*self._args, **self._kwargs)
  File "C:\Users\66353\AppData\Roaming\uv\python\cpython-3.12-windows-x86_64-none\Lib\subprocess.py", line 1599, in _readerthread
    buffer.append(fh.read())
                  ^^^^^^^^^
  File "<frozen codecs>", line 322, in decode
UnicodeDecodeError: 'utf-8' codec can't decode byte 0xc1 in position 18: invalid start byte
[09:40:08] 腾讯实时异常: argument of type 'NoneType' is not iterable
[09:40:08] 取数失败 streak=10
[09:41:09] iFinD 实时 errorcode=-1010
Exception in thread Thread-21 (_readerthread):
Traceback (most recent call last):
  File "C:\Users\66353\AppData\Roaming\uv\python\cpython-3.12-windows-x86_64-none\Lib\threading.py", line 1075, in _bootstrap_inner
    self.run()
  File "C:\Users\66353\AppData\Roaming\uv\python\cpython-3.12-windows-x86_64-none\Lib\threading.py", line 1012, in run
    self._target(*self._args, **self._kwargs)
  File "C:\Users\66353\AppData\Roaming\uv\python\cpython-3.12-windows-x86_64-none\Lib\subprocess.py", line 1599, in _readerthread
    buffer.append(fh.read())
                  ^^^^^^^^^
  File "<frozen codecs>", line 322, in decode
UnicodeDecodeError: 'utf-8' codec can't decode byte 0xc1 in position 18: invalid start byte
[09:41:09] 腾讯实时异常: argument of type 'NoneType' is not iterable
[09:41:09] 取数失败 streak=11
[09:42:09] iFinD 实时 errorcode=-1010
Exception in thread Thread-23 (_readerthread):
Traceback (most recent call last):
  File "C:\Users\66353\AppData\Roaming\uv\python\cpython-3.12-windows-x86_64-none\Lib\threading.py", line 1075, in _bootstrap_inner
    self.run()
  File "C:\Users\66353\AppData\Roaming\uv\python\cpython-3.12-windows-x86_64-none\Lib\threading.py", line 1012, in run
    self._target(*self._args, **self._kwargs)
  File "C:\Users\66353\AppData\Roaming\uv\python\cpython-3.12-windows-x86_64-none\Lib\subprocess.py", line 1599, in _readerthread
    buffer.append(fh.read())
                  ^^^^^^^^^
  File "<frozen codecs>", line 322, in decode
UnicodeDecodeError: 'utf-8' codec can't decode byte 0xc1 in position 18: invalid start byte
[09:42:09] 腾讯实时异常: argument of type 'NoneType' is not iterable
[09:42:09] 取数失败 streak=12
[09:43:09] iFinD 实时 errorcode=-1010
Exception in thread Thread-25 (_readerthread):
Traceback (most recent call last):
  File "C:\Users\66353\AppData\Roaming\uv\python\cpython-3.12-windows-x86_64-none\Lib\threading.py", line 1075, in _bootstrap_inner
    self.run()
  File "C:\Users\66353\AppData\Roaming\uv\python\cpython-3.12-windows-x86_64-none\Lib\threading.py", line 1012, in run
    self._target(*self._args, **self._kwargs)
  File "C:\Users\66353\AppData\Roaming\uv\python\cpython-3.12-windows-x86_64-none\Lib\subprocess.py", line 1599, in _readerthread
    buffer.append(fh.read())
                  ^^^^^^^^^
  File "<frozen codecs>", line 322, in decode
UnicodeDecodeError: 'utf-8' codec can't decode byte 0xc1 in position 18: invalid start byte
[09:43:10] 腾讯实时异常: argument of type 'NoneType' is not iterable
[09:43:10] 取数失败 streak=13
[09:44:10] iFinD 实时 errorcode=-1010
Exception in thread Thread-27 (_readerthread):
Traceback (most recent call last):
  File "C:\Users\66353\AppData\Roaming\uv\python\cpython-3.12-windows-x86_64-none\Lib\threading.py", line 1075, in _bootstrap_inner
    self.run()
  File "C:\Users\66353\AppData\Roaming\uv\python\cpython-3.12-windows-x86_64-none\Lib\threading.py", line 1012, in run
    self._target(*self._args, **self._kwargs)
  File "C:\Users\66353\AppData\Roaming\uv\python\cpython-3.12-windows-x86_64-none\Lib\subprocess.py", line 1599, in _readerthread
    buffer.append(fh.read())
                  ^^^^^^^^^
  File "<frozen codecs>", line 322, in decode
UnicodeDecodeError: 'utf-8' codec can't decode byte 0xc1 in position 18: invalid start byte
[09:44:10] 腾讯实时异常: argument of type 'NoneType' is not iterable
[09:44:10] 取数失败 streak=14
[09:45:10] iFinD 实时 errorcode=-1010
Exception in thread Thread-29 (_readerthread):
Traceback (most recent call last):
  File "C:\Users\66353\AppData\Roaming\uv\python\cpython-3.12-windows-x86_64-none\Lib\threading.py", line 1075, in _bootstrap_inner
    self.run()
  File "C:\Users\66353\AppData\Roaming\uv\python\cpython-3.12-windows-x86_64-none\Lib\threading.py", line 1012, in run
    self._target(*self._args, **self._kwargs)
  File "C:\Users\66353\AppData\Roaming\uv\python\cpython-3.12-windows-x86_64-none\Lib\subprocess.py", line 1599, in _readerthread
    buffer.append(fh.read())
                  ^^^^^^^^^
  File "<frozen codecs>", line 322, in decode
UnicodeDecodeError: 'utf-8' codec can't decode byte 0xc1 in position 18: invalid start byte
[09:45:10] 腾讯实时异常: argument of type 'NoneType' is not iterable
[09:45:10] 取数失败 streak=15
[09:46:10] iFinD 实时 errorcode=-1010
Exception in thread Thread-31 (_readerthread):
Traceback (most recent call last):
  File "C:\Users\66353\AppData\Roaming\uv\python\cpython-3.12-windows-x86_64-none\Lib\threading.py", line 1075, in _bootstrap_inner
    self.run()
  File "C:\Users\66353\AppData\Roaming\uv\python\cpython-3.12-windows-x86_64-none\Lib\threading.py", line 1012, in run
    self._target(*self._args, **self._kwargs)
  File "C:\Users\66353\AppData\Roaming\uv\python\cpython-3.12-windows-x86_64-none\Lib\subprocess.py", line 1599, in _readerthread
    buffer.append(fh.read())
                  ^^^^^^^^^
  File "<frozen codecs>", line 322, in decode
UnicodeDecodeError: 'utf-8' codec can't decode byte 0xc1 in position 18: invalid start byte
[09:46:11] 腾讯实时异常: argument of type 'NoneType' is not iterable
[09:46:11] 取数失败 streak=16
[09:47:11] iFinD 实时 errorcode=-1010
Exception in thread Thread-33 (_readerthread):
Traceback (most recent call last):
  File "C:\Users\66353\AppData\Roaming\uv\python\cpython-3.12-windows-x86_64-none\Lib\threading.py", line 1075, in _bootstrap_inner
    self.run()
  File "C:\Users\66353\AppData\Roaming\uv\python\cpython-3.12-windows-x86_64-none\Lib\threading.py", line 1012, in run
    self._target(*self._args, **self._kwargs)
  File "C:\Users\66353\AppData\Roaming\uv\python\cpython-3.12-windows-x86_64-none\Lib\subprocess.py", line 1599, in _readerthread
    buffer.append(fh.read())
                  ^^^^^^^^^
  File "<frozen codecs>", line 322, in decode
UnicodeDecodeError: 'utf-8' codec can't decode byte 0xc1 in position 18: invalid start byte
[09:47:11] 腾讯实时异常: argument of type 'NoneType' is not iterable
[09:47:11] 取数失败 streak=17
[09:48:11] iFinD 实时 errorcode=-1010
Exception in thread Thread-35 (_readerthread):
Traceback (most recent call last):
  File "C:\Users\66353\AppData\Roaming\uv\python\cpython-3.12-windows-x86_64-none\Lib\threading.py", line 1075, in _bootstrap_inner
    self.run()
  File "C:\Users\66353\AppData\Roaming\uv\python\cpython-3.12-windows-x86_64-none\Lib\threading.py", line 1012, in run
    self._target(*self._args, **self._kwargs)
  File "C:\Users\66353\AppData\Roaming\uv\python\cpython-3.12-windows-x86_64-none\Lib\subprocess.py", line 1599, in _readerthread
    buffer.append(fh.read())
                  ^^^^^^^^^
  File "<frozen codecs>", line 322, in decode
UnicodeDecodeError: 'utf-8' codec can't decode byte 0xc1 in position 18: invalid start byte
[09:48:11] 腾讯实时异常: argument of type 'NoneType' is not iterable
[09:48:11] 取数失败 streak=18
[09:49:11] iFinD 实时 errorcode=-1010
Exception in thread Thread-37 (_readerthread):
Traceback (most recent call last):
  File "C:\Users\66353\AppData\Roaming\uv\python\cpython-3.12-windows-x86_64-none\Lib\threading.py", line 1075, in _bootstrap_inner
    self.run()
  File "C:\Users\66353\AppData\Roaming\uv\python\cpython-3.12-windows-x86_64-none\Lib\threading.py", line 1012, in run
    self._target(*self._args, **self._kwargs)
  File "C:\Users\66353\AppData\Roaming\uv\python\cpython-3.12-windows-x86_64-none\Lib\subprocess.py", line 1599, in _readerthread
    buffer.append(fh.read())
                  ^^^^^^^^^
  File "<frozen codecs>", line 322, in decode
UnicodeDecodeError: 'utf-8' codec can't decode byte 0xc1 in position 18: invalid start byte
[09:49:12] 腾讯实时异常: argument of type 'NoneType' is not iterable
[09:49:12] 取数失败 streak=19
[09:50:12] iFinD 实时 errorcode=-1010
Exception in thread Thread-39 (_readerthread):
Traceback (most recent call last):
  File "C:\Users\66353\AppData\Roaming\uv\python\cpython-3.12-windows-x86_64-none\Lib\threading.py", line 1075, in _bootstrap_inner
    self.run()
  File "C:\Users\66353\AppData\Roaming\uv\python\cpython-3.12-windows-x86_64-none\Lib\threading.py", line 1012, in run
    self._target(*self._args, **self._kwargs)
  File "C:\Users\66353\AppData\Roaming\uv\python\cpython-3.12-windows-x86_64-none\Lib\subprocess.py", line 1599, in _readerthread
    buffer.append(fh.read())
                  ^^^^^^^^^
  File "<frozen codecs>", line 322, in decode
UnicodeDecodeError: 'utf-8' codec can't decode byte 0xc1 in position 18: invalid start byte
[09:50:13] 腾讯实时异常: argument of type 'NoneType' is not iterable
[09:50:13] 取数失败 streak=20
[09:51:13] iFinD 实时 errorcode=-1010
Exception in thread Thread-41 (_readerthread):
Traceback (most recent call last):
  File "C:\Users\66353\AppData\Roaming\uv\python\cpython-3.12-windows-x86_64-none\Lib\threading.py", line 1075, in _bootstrap_inner
    self.run()
  File "C:\Users\66353\AppData\Roaming\uv\python\cpython-3.12-windows-x86_64-none\Lib\threading.py", line 1012, in run
    self._target(*self._args, **self._kwargs)
  File "C:\Users\66353\AppData\Roaming\uv\python\cpython-3.12-windows-x86_64-none\Lib\subprocess.py", line 1599, in _readerthread
    buffer.append(fh.read())
                  ^^^^^^^^^
  File "<frozen codecs>", line 322, in decode
UnicodeDecodeError: 'utf-8' codec can't decode byte 0xc1 in position 18: invalid start byte
[09:51:13] 腾讯实时异常: argument of type 'NoneType' is not iterable
[09:51:13] 取数失败 streak=21
[09:52:13] iFinD 实时 errorcode=-1010
Exception in thread Thread-43 (_readerthread):
Traceback (most recent call last):
  File "C:\Users\66353\AppData\Roaming\uv\python\cpython-3.12-windows-x86_64-none\Lib\threading.py", line 1075, in _bootstrap_inner
    self.run()
  File "C:\Users\66353\AppData\Roaming\uv\python\cpython-3.12-windows-x86_64-none\Lib\threading.py", line 1012, in run
    self._target(*self._args, **self._kwargs)
  File "C:\Users\66353\AppData\Roaming\uv\python\cpython-3.12-windows-x86_64-none\Lib\subprocess.py", line 1599, in _readerthread
    buffer.append(fh.read())
                  ^^^^^^^^^
  File "<frozen codecs>", line 322, in decode
UnicodeDecodeError: 'utf-8' codec can't decode byte 0xc1 in position 18: invalid start byte
[09:52:13] 腾讯实时异常: argument of type 'NoneType' is not iterable
[09:52:13] 取数失败 streak=22
[09:53:14] iFinD 实时 errorcode=-1010
Exception in thread Thread-45 (_readerthread):
Traceback (most recent call last):
  File "C:\Users\66353\AppData\Roaming\uv\python\cpython-3.12-windows-x86_64-none\Lib\threading.py", line 1075, in _bootstrap_inner
    self.run()
  File "C:\Users\66353\AppData\Roaming\uv\python\cpython-3.12-windows-x86_64-none\Lib\threading.py", line 1012, in run
    self._target(*self._args, **self._kwargs)
  File "C:\Users\66353\AppData\Roaming\uv\python\cpython-3.12-windows-x86_64-none\Lib\subprocess.py", line 1599, in _readerthread
    buffer.append(fh.read())
                  ^^^^^^^^^
  File "<frozen codecs>", line 322, in decode
UnicodeDecodeError: 'utf-8' codec can't decode byte 0xc1 in position 18: invalid start byte
[09:53:14] 腾讯实时异常: argument of type 'NoneType' is not iterable
[09:53:14] 取数失败 streak=23
[09:54:14] iFinD 实时 errorcode=-1010
Exception in thread Thread-47 (_readerthread):
Traceback (most recent call last):
  File "C:\Users\66353\AppData\Roaming\uv\python\cpython-3.12-windows-x86_64-none\Lib\threading.py", line 1075, in _bootstrap_inner
    self.run()
  File "C:\Users\66353\AppData\Roaming\uv\python\cpython-3.12-windows-x86_64-none\Lib\threading.py", line 1012, in run
    self._target(*self._args, **self._kwargs)
  File "C:\Users\66353\AppData\Roaming\uv\python\cpython-3.12-windows-x86_64-none\Lib\subprocess.py", line 1599, in _readerthread
    buffer.append(fh.read())
                  ^^^^^^^^^
  File "<frozen codecs>", line 322, in decode
UnicodeDecodeError: 'utf-8' codec can't decode byte 0xc1 in position 18: invalid start byte
[09:54:14] 腾讯实时异常: argument of type 'NoneType' is not iterable
[09:54:14] 取数失败 streak=24
[09:55:14] iFinD 实时 errorcode=-1010
Exception in thread Thread-49 (_readerthread):
Traceback (most recent call last):
  File "C:\Users\66353\AppData\Roaming\uv\python\cpython-3.12-windows-x86_64-none\Lib\threading.py", line 1075, in _bootstrap_inner
    self.run()
  File "C:\Users\66353\AppData\Roaming\uv\python\cpython-3.12-windows-x86_64-none\Lib\threading.py", line 1012, in run
    self._target(*self._args, **self._kwargs)
  File "C:\Users\66353\AppData\Roaming\uv\python\cpython-3.12-windows-x86_64-none\Lib\subprocess.py", line 1599, in _readerthread
    buffer.append(fh.read())
                  ^^^^^^^^^
  File "<frozen codecs>", line 322, in decode
UnicodeDecodeError: 'utf-8' codec can't decode byte 0xc1 in position 18: invalid start byte
[09:55:14] 腾讯实时异常: argument of type 'NoneType' is not iterable
[09:55:14] 取数失败 streak=25
[09:56:14] iFinD 实时 errorcode=-1010
Exception in thread Thread-51 (_readerthread):
Traceback (most recent call last):
  File "C:\Users\66353\AppData\Roaming\uv\python\cpython-3.12-windows-x86_64-none\Lib\threading.py", line 1075, in _bootstrap_inner
    self.run()
  File "C:\Users\66353\AppData\Roaming\uv\python\cpython-3.12-windows-x86_64-none\Lib\threading.py", line 1012, in run
    self._target(*self._args, **self._kwargs)
  File "C:\Users\66353\AppData\Roaming\uv\python\cpython-3.12-windows-x86_64-none\Lib\subprocess.py", line 1599, in _readerthread
    buffer.append(fh.read())
                  ^^^^^^^^^
  File "<frozen codecs>", line 322, in decode
UnicodeDecodeError: 'utf-8' codec can't decode byte 0xc1 in position 18: invalid start byte
[09:56:15] 腾讯实时异常: argument of type 'NoneType' is not iterable
[09:56:15] 取数失败 streak=26
[09:57:15] iFinD 实时 errorcode=-1010
Exception in thread Thread-53 (_readerthread):
Traceback (most recent call last):
  File "C:\Users\66353\AppData\Roaming\uv\python\cpython-3.12-windows-x86_64-none\Lib\threading.py", line 1075, in _bootstrap_inner
    self.run()
  File "C:\Users\66353\AppData\Roaming\uv\python\cpython-3.12-windows-x86_64-none\Lib\threading.py", line 1012, in run
    self._target(*self._args, **self._kwargs)
  File "C:\Users\66353\AppData\Roaming\uv\python\cpython-3.12-windows-x86_64-none\Lib\subprocess.py", line 1599, in _readerthread
    buffer.append(fh.read())
                  ^^^^^^^^^
  File "<frozen codecs>", line 322, in decode
UnicodeDecodeError: 'utf-8' codec can't decode byte 0xc1 in position 18: invalid start byte
[09:57:15] 腾讯实时异常: argument of type 'NoneType' is not iterable
[09:57:15] 取数失败 streak=27
[09:58:15] iFinD 实时 errorcode=-1010
Exception in thread Thread-55 (_readerthread):
Traceback (most recent call last):
  File "C:\Users\66353\AppData\Roaming\uv\python\cpython-3.12-windows-x86_64-none\Lib\threading.py", line 1075, in _bootstrap_inner
    self.run()
  File "C:\Users\66353\AppData\Roaming\uv\python\cpython-3.12-windows-x86_64-none\Lib\threading.py", line 1012, in run
    self._target(*self._args, **self._kwargs)
  File "C:\Users\66353\AppData\Roaming\uv\python\cpython-3.12-windows-x86_64-none\Lib\subprocess.py", line 1599, in _readerthread
    buffer.append(fh.read())
                  ^^^^^^^^^
  File "<frozen codecs>", line 322, in decode
UnicodeDecodeError: 'utf-8' codec can't decode byte 0xc1 in position 18: invalid start byte
[09:58:15] 腾讯实时异常: argument of type 'NoneType' is not iterable
[09:58:15] 取数失败 streak=28
[09:59:15] iFinD 实时 errorcode=-1010
Exception in thread Thread-57 (_readerthread):
Traceback (most recent call last):
  File "C:\Users\66353\AppData\Roaming\uv\python\cpython-3.12-windows-x86_64-none\Lib\threading.py", line 1075, in _bootstrap_inner
    self.run()
  File "C:\Users\66353\AppData\Roaming\uv\python\cpython-3.12-windows-x86_64-none\Lib\threading.py", line 1012, in run
    self._target(*self._args, **self._kwargs)
  File "C:\Users\66353\AppData\Roaming\uv\python\cpython-3.12-windows-x86_64-none\Lib\subprocess.py", line 1599, in _readerthread
    buffer.append(fh.read())
                  ^^^^^^^^^
  File "<frozen codecs>", line 322, in decode
UnicodeDecodeError: 'utf-8' codec can't decode byte 0xc1 in position 18: invalid start byte
[09:59:15] 腾讯实时异常: argument of type 'NoneType' is not iterable
[09:59:15] 取数失败 streak=29
[10:00:16] iFinD 实时 errorcode=-1010
Exception in thread Thread-59 (_readerthread):
Traceback (most recent call last):
  File "C:\Users\66353\AppData\Roaming\uv\python\cpython-3.12-windows-x86_64-none\Lib\threading.py", line 1075, in _bootstrap_inner
    self.run()
  File "C:\Users\66353\AppData\Roaming\uv\python\cpython-3.12-windows-x86_64-none\Lib\threading.py", line 1012, in run
    self._target(*self._args, **self._kwargs)
  File "C:\Users\66353\AppData\Roaming\uv\python\cpython-3.12-windows-x86_64-none\Lib\subprocess.py", line 1599, in _readerthread
    buffer.append(fh.read())
                  ^^^^^^^^^
  File "<frozen codecs>", line 322, in decode
UnicodeDecodeError: 'utf-8' codec can't decode byte 0xc1 in position 18: invalid start byte
[10:00:16] 腾讯实时异常: argument of type 'NoneType' is not iterable
[10:00:16] 取数失败 streak=30
[10:00:16] 连续30分钟全源失败, 报警退出
[09:14:01] 观察池=昨日涨停池 D:\股票数据\市场数据\20260903\zt_pool.csv (44只)
D:\股票数据\.venv312\Lib\site-packages\iFinDPy.pth
[09:14:21] iFinD login rc=-340
[09:14:21] iFinD 不可用, 仅腾讯降级(竞价轨迹可用但无 Level1 盘口)
[09:14:21] 连续段启动
Exception in thread Thread-1 (_readerthread):
Traceback (most recent call last):
  File "C:\Users\66353\AppData\Roaming\uv\python\cpython-3.12-windows-x86_64-none\Lib\threading.py", line 1075, in _bootstrap_inner
    self.run()
  File "C:\Users\66353\AppData\Roaming\uv\python\cpython-3.12-windows-x86_64-none\Lib\threading.py", line 1012, in run
    self._target(*self._args, **self._kwargs)
  File "C:\Users\66353\AppData\Roaming\uv\python\cpython-3.12-windows-x86_64-none\Lib\subprocess.py", line 1599, in _readerthread
    buffer.append(fh.read())
                  ^^^^^^^^^
  File "<frozen codecs>", line 322, in decode
UnicodeDecodeError: 'utf-8' codec can't decode byte 0xd4 in position 15: invalid continuation byte
[09:31:02] 腾讯实时异常: argument of type 'NoneType' is not iterable
[09:31:02] 取数失败 streak=1
Exception in thread Thread-3 (_readerthread):
Traceback (most recent call last):
  File "C:\Users\66353\AppData\Roaming\uv\python\cpython-3.12-windows-x86_64-none\Lib\threading.py", line 1075, in _bootstrap_inner
    self.run()
  File "C:\Users\66353\AppData\Roaming\uv\python\cpython-3.12-windows-x86_64-none\Lib\threading.py", line 1012, in run
    self._target(*self._args, **self._kwargs)
  File "C:\Users\66353\AppData\Roaming\uv\python\cpython-3.12-windows-x86_64-none\Lib\subprocess.py", line 1599, in _readerthread
    buffer.append(fh.read())
                  ^^^^^^^^^
  File "<frozen codecs>", line 322, in decode
UnicodeDecodeError: 'utf-8' codec can't decode byte 0xd4 in position 15: invalid continuation byte
[09:32:02] 腾讯实时异常: argument of type 'NoneType' is not iterable
[09:32:02] 取数失败 streak=2
Exception in thread Thread-5 (_readerthread):
Traceback (most recent call last):
  File "C:\Users\66353\AppData\Roaming\uv\python\cpython-3.12-windows-x86_64-none\Lib\threading.py", line 1075, in _bootstrap_inner
    self.run()
  File "C:\Users\66353\AppData\Roaming\uv\python\cpython-3.12-windows-x86_64-none\Lib\threading.py", line 1012, in run
    self._target(*self._args, **self._kwargs)
  File "C:\Users\66353\AppData\Roaming\uv\python\cpython-3.12-windows-x86_64-none\Lib\subprocess.py", line 1599, in _readerthread
    buffer.append(fh.read())
                  ^^^^^^^^^
  File "<frozen codecs>", line 322, in decode
UnicodeDecodeError: 'utf-8' codec can't decode byte 0xd4 in position 15: invalid continuation byte
[09:33:02] 腾讯实时异常: argument of type 'NoneType' is not iterable
[09:33:02] 取数失败 streak=3
Exception in thread Thread-7 (_readerthread):
Traceback (most recent call last):
  File "C:\Users\66353\AppData\Roaming\uv\python\cpython-3.12-windows-x86_64-none\Lib\threading.py", line 1075, in _bootstrap_inner
    self.run()
  File "C:\Users\66353\AppData\Roaming\uv\python\cpython-3.12-windows-x86_64-none\Lib\threading.py", line 1012, in run
    self._target(*self._args, **self._kwargs)
  File "C:\Users\66353\AppData\Roaming\uv\python\cpython-3.12-windows-x86_64-none\Lib\subprocess.py", line 1599, in _readerthread
    buffer.append(fh.read())
                  ^^^^^^^^^
  File "<frozen codecs>", line 322, in decode
UnicodeDecodeError: 'utf-8' codec can't decode byte 0xd4 in position 15: invalid continuation byte
[09:34:02] 腾讯实时异常: argument of type 'NoneType' is not iterable
[09:34:02] 取数失败 streak=4
Exception in thread Thread-9 (_readerthread):
Traceback (most recent call last):
  File "C:\Users\66353\AppData\Roaming\uv\python\cpython-3.12-windows-x86_64-none\Lib\threading.py", line 1075, in _bootstrap_inner
    self.run()
  File "C:\Users\66353\AppData\Roaming\uv\python\cpython-3.12-windows-x86_64-none\Lib\threading.py", line 1012, in run
    self._target(*self._args, **self._kwargs)
  File "C:\Users\66353\AppData\Roaming\uv\python\cpython-3.12-windows-x86_64-none\Lib\subprocess.py", line 1599, in _readerthread
    buffer.append(fh.read())
                  ^^^^^^^^^
  File "<frozen codecs>", line 322, in decode
UnicodeDecodeError: 'utf-8' codec can't decode byte 0xd4 in position 15: invalid continuation byte
[09:35:02] 腾讯实时异常: argument of type 'NoneType' is not iterable
[09:35:02] 取数失败 streak=5
Exception in thread Thread-11 (_readerthread):
Traceback (most recent call last):
  File "C:\Users\66353\AppData\Roaming\uv\python\cpython-3.12-windows-x86_64-none\Lib\threading.py", line 1075, in _bootstrap_inner
    self.run()
  File "C:\Users\66353\AppData\Roaming\uv\python\cpython-3.12-windows-x86_64-none\Lib\threading.py", line 1012, in run
    self._target(*self._args, **self._kwargs)
  File "C:\Users\66353\AppData\Roaming\uv\python\cpython-3.12-windows-x86_64-none\Lib\subprocess.py", line 1599, in _readerthread
    buffer.append(fh.read())
                  ^^^^^^^^^
  File "<frozen codecs>", line 322, in decode
UnicodeDecodeError: 'utf-8' codec can't decode byte 0xd4 in position 15: invalid continuation byte
[09:36:03] 腾讯实时异常: argument of type 'NoneType' is not iterable
[09:36:03] 取数失败 streak=6
Exception in thread Thread-13 (_readerthread):
Traceback (most recent call last):
  File "C:\Users\66353\AppData\Roaming\uv\python\cpython-3.12-windows-x86_64-none\Lib\threading.py", line 1075, in _bootstrap_inner
    self.run()
  File "C:\Users\66353\AppData\Roaming\uv\python\cpython-3.12-windows-x86_64-none\Lib\threading.py", line 1012, in run
    self._target(*self._args, **self._kwargs)
  File "C:\Users\66353\AppData\Roaming\uv\python\cpython-3.12-windows-x86_64-none\Lib\subprocess.py", line 1599, in _readerthread
    buffer.append(fh.read())
                  ^^^^^^^^^
  File "<frozen codecs>", line 322, in decode
UnicodeDecodeError: 'utf-8' codec can't decode byte 0xd4 in position 15: invalid continuation byte
[09:37:03] 腾讯实时异常: argument of type 'NoneType' is not iterable
[09:37:03] 取数失败 streak=7
Exception in thread Thread-15 (_readerthread):
Traceback (most recent call last):
  File "C:\Users\66353\AppData\Roaming\uv\python\cpython-3.12-windows-x86_64-none\Lib\threading.py", line 1075, in _bootstrap_inner
    self.run()
  File "C:\Users\66353\AppData\Roaming\uv\python\cpython-3.12-windows-x86_64-none\Lib\threading.py", line 1012, in run
    self._target(*self._args, **self._kwargs)
  File "C:\Users\66353\AppData\Roaming\uv\python\cpython-3.12-windows-x86_64-none\Lib\subprocess.py", line 1599, in _readerthread
    buffer.append(fh.read())
                  ^^^^^^^^^
  File "<frozen codecs>", line 322, in decode
UnicodeDecodeError: 'utf-8' codec can't decode byte 0xd4 in position 15: invalid continuation byte
[09:38:03] 腾讯实时异常: argument of type 'NoneType' is not iterable
[09:38:03] 取数失败 streak=8
Exception in thread Thread-17 (_readerthread):
Traceback (most recent call last):
  File "C:\Users\66353\AppData\Roaming\uv\python\cpython-3.12-windows-x86_64-none\Lib\threading.py", line 1075, in _bootstrap_inner
    self.run()
  File "C:\Users\66353\AppData\Roaming\uv\python\cpython-3.12-windows-x86_64-none\Lib\threading.py", line 1012, in run
    self._target(*self._args, **self._kwargs)
  File "C:\Users\66353\AppData\Roaming\uv\python\cpython-3.12-windows-x86_64-none\Lib\subprocess.py", line 1599, in _readerthread
    buffer.append(fh.read())
                  ^^^^^^^^^
  File "<frozen codecs>", line 322, in decode
UnicodeDecodeError: 'utf-8' codec can't decode byte 0xd4 in position 15: invalid continuation byte
[09:39:03] 腾讯实时异常: argument of type 'NoneType' is not iterable
[09:39:03] 取数失败 streak=9
Exception in thread Thread-19 (_readerthread):
Traceback (most recent call last):
  File "C:\Users\66353\AppData\Roaming\uv\python\cpython-3.12-windows-x86_64-none\Lib\threading.py", line 1075, in _bootstrap_inner
    self.run()
  File "C:\Users\66353\AppData\Roaming\uv\python\cpython-3.12-windows-x86_64-none\Lib\threading.py", line 1012, in run
    self._target(*self._args, **self._kwargs)
  File "C:\Users\66353\AppData\Roaming\uv\python\cpython-3.12-windows-x86_64-none\Lib\subprocess.py", line 1599, in _readerthread
    buffer.append(fh.read())
                  ^^^^^^^^^
  File "<frozen codecs>", line 322, in decode
UnicodeDecodeError: 'utf-8' codec can't decode byte 0xd4 in position 15: invalid continuation byte
[09:40:03] 腾讯实时异常: argument of type 'NoneType' is not iterable
[09:40:03] 取数失败 streak=10
Exception in thread Thread-21 (_readerthread):
Traceback (most recent call last):
  File "C:\Users\66353\AppData\Roaming\uv\python\cpython-3.12-windows-x86_64-none\Lib\threading.py", line 1075, in _bootstrap_inner
    self.run()
  File "C:\Users\66353\AppData\Roaming\uv\python\cpython-3.12-windows-x86_64-none\Lib\threading.py", line 1012, in run
    self._target(*self._args, **self._kwargs)
  File "C:\Users\66353\AppData\Roaming\uv\python\cpython-3.12-windows-x86_64-none\Lib\subprocess.py", line 1599, in _readerthread
    buffer.append(fh.read())
                  ^^^^^^^^^
  File "<frozen codecs>", line 322, in decode
UnicodeDecodeError: 'utf-8' codec can't decode byte 0xd4 in position 15: invalid continuation byte
[09:41:03] 腾讯实时异常: argument of type 'NoneType' is not iterable
[09:41:03] 取数失败 streak=11
Exception in thread Thread-23 (_readerthread):
Traceback (most recent call last):
  File "C:\Users\66353\AppData\Roaming\uv\python\cpython-3.12-windows-x86_64-none\Lib\threading.py", line 1075, in _bootstrap_inner
    self.run()
  File "C:\Users\66353\AppData\Roaming\uv\python\cpython-3.12-windows-x86_64-none\Lib\threading.py", line 1012, in run
    self._target(*self._args, **self._kwargs)
  File "C:\Users\66353\AppData\Roaming\uv\python\cpython-3.12-windows-x86_64-none\Lib\subprocess.py", line 1599, in _readerthread
    buffer.append(fh.read())
                  ^^^^^^^^^
  File "<frozen codecs>", line 322, in decode
UnicodeDecodeError: 'utf-8' codec can't decode byte 0xd4 in position 15: invalid continuation byte
[09:42:04] 腾讯实时异常: argument of type 'NoneType' is not iterable
[09:42:04] 取数失败 streak=12
Exception in thread Thread-25 (_readerthread):
Traceback (most recent call last):
  File "C:\Users\66353\AppData\Roaming\uv\python\cpython-3.12-windows-x86_64-none\Lib\threading.py", line 1075, in _bootstrap_inner
    self.run()
  File "C:\Users\66353\AppData\Roaming\uv\python\cpython-3.12-windows-x86_64-none\Lib\threading.py", line 1012, in run
    self._target(*self._args, **self._kwargs)
  File "C:\Users\66353\AppData\Roaming\uv\python\cpython-3.12-windows-x86_64-none\Lib\subprocess.py", line 1599, in _readerthread
    buffer.append(fh.read())
                  ^^^^^^^^^
  File "<frozen codecs>", line 322, in decode
UnicodeDecodeError: 'utf-8' codec can't decode byte 0xd4 in position 15: invalid continuation byte
[09:43:04] 腾讯实时异常: argument of type 'NoneType' is not iterable
[09:43:04] 取数失败 streak=13
Exception in thread Thread-27 (_readerthread):
Traceback (most recent call last):
  File "C:\Users\66353\AppData\Roaming\uv\python\cpython-3.12-windows-x86_64-none\Lib\threading.py", line 1075, in _bootstrap_inner
    self.run()
  File "C:\Users\66353\AppData\Roaming\uv\python\cpython-3.12-windows-x86_64-none\Lib\threading.py", line 1012, in run
    self._target(*self._args, **self._kwargs)
  File "C:\Users\66353\AppData\Roaming\uv\python\cpython-3.12-windows-x86_64-none\Lib\subprocess.py", line 1599, in _readerthread
    buffer.append(fh.read())
                  ^^^^^^^^^
  File "<frozen codecs>", line 322, in decode
UnicodeDecodeError: 'utf-8' codec can't decode byte 0xd4 in position 15: invalid continuation byte
[09:44:04] 腾讯实时异常: argument of type 'NoneType' is not iterable
[09:44:04] 取数失败 streak=14
Exception in thread Thread-29 (_readerthread):
Traceback (most recent call last):
  File "C:\Users\66353\AppData\Roaming\uv\python\cpython-3.12-windows-x86_64-none\Lib\threading.py", line 1075, in _bootstrap_inner
    self.run()
  File "C:\Users\66353\AppData\Roaming\uv\python\cpython-3.12-windows-x86_64-none\Lib\threading.py", line 1012, in run
    self._target(*self._args, **self._kwargs)
  File "C:\Users\66353\AppData\Roaming\uv\python\cpython-3.12-windows-x86_64-none\Lib\subprocess.py", line 1599, in _readerthread
    buffer.append(fh.read())
                  ^^^^^^^^^
  File "<frozen codecs>", line 322, in decode
UnicodeDecodeError: 'utf-8' codec can't decode byte 0xd4 in position 15: invalid continuation byte
[09:45:04] 腾讯实时异常: argument of type 'NoneType' is not iterable
[09:45:04] 取数失败 streak=15
Exception in thread Thread-31 (_readerthread):
Traceback (most recent call last):
  File "C:\Users\66353\AppData\Roaming\uv\python\cpython-3.12-windows-x86_64-none\Lib\threading.py", line 1075, in _bootstrap_inner
    self.run()
  File "C:\Users\66353\AppData\Roaming\uv\python\cpython-3.12-windows-x86_64-none\Lib\threading.py", line 1012, in run
    self._target(*self._args, **self._kwargs)
  File "C:\Users\66353\AppData\Roaming\uv\python\cpython-3.12-windows-x86_64-none\Lib\subprocess.py", line 1599, in _readerthread
    buffer.append(fh.read())
                  ^^^^^^^^^
  File "<frozen codecs>", line 322, in decode
UnicodeDecodeError: 'utf-8' codec can't decode byte 0xd4 in position 15: invalid continuation byte
[09:46:04] 腾讯实时异常: argument of type 'NoneType' is not iterable
[09:46:04] 取数失败 streak=16
Exception in thread Thread-33 (_readerthread):
Traceback (most recent call last):
  File "C:\Users\66353\AppData\Roaming\uv\python\cpython-3.12-windows-x86_64-none\Lib\threading.py", line 1075, in _bootstrap_inner
    self.run()
  File "C:\Users\66353\AppData\Roaming\uv\python\cpython-3.12-windows-x86_64-none\Lib\threading.py", line 1012, in run
    self._target(*self._args, **self._kwargs)
  File "C:\Users\66353\AppData\Roaming\uv\python\cpython-3.12-windows-x86_64-none\Lib\subprocess.py", line 1599, in _readerthread
    buffer.append(fh.read())
                  ^^^^^^^^^
  File "<frozen codecs>", line 322, in decode
UnicodeDecodeError: 'utf-8' codec can't decode byte 0xd4 in position 15: invalid continuation byte
[09:47:04] 腾讯实时异常: argument of type 'NoneType' is not iterable
[09:47:04] 取数失败 streak=17
Exception in thread Thread-35 (_readerthread):
Traceback (most recent call last):
  File "C:\Users\66353\AppData\Roaming\uv\python\cpython-3.12-windows-x86_64-none\Lib\threading.py", line 1075, in _bootstrap_inner
    self.run()
  File "C:\Users\66353\AppData\Roaming\uv\python\cpython-3.12-windows-x86_64-none\Lib\threading.py", line 1012, in run
    self._target(*self._args, **self._kwargs)
  File "C:\Users\66353\AppData\Roaming\uv\python\cpython-3.12-windows-x86_64-none\Lib\subprocess.py", line 1599, in _readerthread
    buffer.append(fh.read())
                  ^^^^^^^^^
  File "<frozen codecs>", line 322, in decode
UnicodeDecodeError: 'utf-8' codec can't decode byte 0xd4 in position 15: invalid continuation byte
[09:48:05] 腾讯实时异常: argument of type 'NoneType' is not iterable
[09:48:05] 取数失败 streak=18
Exception in thread Thread-37 (_readerthread):
Traceback (most recent call last):
  File "C:\Users\66353\AppData\Roaming\uv\python\cpython-3.12-windows-x86_64-none\Lib\threading.py", line 1075, in _bootstrap_inner
    self.run()
  File "C:\Users\66353\AppData\Roaming\uv\python\cpython-3.12-windows-x86_64-none\Lib\threading.py", line 1012, in run
    self._target(*self._args, **self._kwargs)
  File "C:\Users\66353\AppData\Roaming\uv\python\cpython-3.12-windows-x86_64-none\Lib\subprocess.py", line 1599, in _readerthread
    buffer.append(fh.read())
                  ^^^^^^^^^
  File "<frozen codecs>", line 322, in decode
UnicodeDecodeError: 'utf-8' codec can't decode byte 0xd4 in position 15: invalid continuation byte
[09:49:05] 腾讯实时异常: argument of type 'NoneType' is not iterable
[09:49:05] 取数失败 streak=19
Exception in thread Thread-39 (_readerthread):
Traceback (most recent call last):
  File "C:\Users\66353\AppData\Roaming\uv\python\cpython-3.12-windows-x86_64-none\Lib\threading.py", line 1075, in _bootstrap_inner
    self.run()
  File "C:\Users\66353\AppData\Roaming\uv\python\cpython-3.12-windows-x86_64-none\Lib\threading.py", line 1012, in run
    self._target(*self._args, **self._kwargs)
  File "C:\Users\66353\AppData\Roaming\uv\python\cpython-3.12-windows-x86_64-none\Lib\subprocess.py", line 1599, in _readerthread
    buffer.append(fh.read())
                  ^^^^^^^^^
  File "<frozen codecs>", line 322, in decode
UnicodeDecodeError: 'utf-8' codec can't decode byte 0xd4 in position 15: invalid continuation byte
[09:50:05] 腾讯实时异常: argument of type 'NoneType' is not iterable
[09:50:05] 取数失败 streak=20
Exception in thread Thread-41 (_readerthread):
Traceback (most recent call last):
  File "C:\Users\66353\AppData\Roaming\uv\python\cpython-3.12-windows-x86_64-none\Lib\threading.py", line 1075, in _bootstrap_inner
    self.run()
  File "C:\Users\66353\AppData\Roaming\uv\python\cpython-3.12-windows-x86_64-none\Lib\threading.py", line 1012, in run
    self._target(*self._args, **self._kwargs)
  File "C:\Users\66353\AppData\Roaming\uv\python\cpython-3.12-windows-x86_64-none\Lib\subprocess.py", line 1599, in _readerthread
    buffer.append(fh.read())
                  ^^^^^^^^^
  File "<frozen codecs>", line 322, in decode
UnicodeDecodeError: 'utf-8' codec can't decode byte 0xd4 in position 15: invalid continuation byte
[09:51:05] 腾讯实时异常: argument of type 'NoneType' is not iterable
[09:51:05] 取数失败 streak=21
Exception in thread Thread-43 (_readerthread):
Traceback (most recent call last):
  File "C:\Users\66353\AppData\Roaming\uv\python\cpython-3.12-windows-x86_64-none\Lib\threading.py", line 1075, in _bootstrap_inner
    self.run()
  File "C:\Users\66353\AppData\Roaming\uv\python\cpython-3.12-windows-x86_64-none\Lib\threading.py", line 1012, in run
    self._target(*self._args, **self._kwargs)
  File "C:\Users\66353\AppData\Roaming\uv\python\cpython-3.12-windows-x86_64-none\Lib\subprocess.py", line 1599, in _readerthread
    buffer.append(fh.read())
                  ^^^^^^^^^
  File "<frozen codecs>", line 322, in decode
UnicodeDecodeError: 'utf-8' codec can't decode byte 0xd4 in position 15: invalid continuation byte
[09:52:05] 腾讯实时异常: argument of type 'NoneType' is not iterable
[09:52:05] 取数失败 streak=22
Exception in thread Thread-45 (_readerthread):
Traceback (most recent call last):
  File "C:\Users\66353\AppData\Roaming\uv\python\cpython-3.12-windows-x86_64-none\Lib\threading.py", line 1075, in _bootstrap_inner
    self.run()
  File "C:\Users\66353\AppData\Roaming\uv\python\cpython-3.12-windows-x86_64-none\Lib\threading.py", line 1012, in run
    self._target(*self._args, **self._kwargs)
  File "C:\Users\66353\AppData\Roaming\uv\python\cpython-3.12-windows-x86_64-none\Lib\subprocess.py", line 1599, in _readerthread
    buffer.append(fh.read())
                  ^^^^^^^^^
  File "<frozen codecs>", line 322, in decode
UnicodeDecodeError: 'utf-8' codec can't decode byte 0xd4 in position 15: invalid continuation byte
[09:53:05] 腾讯实时异常: argument of type 'NoneType' is not iterable
[09:53:05] 取数失败 streak=23
Exception in thread Thread-47 (_readerthread):
Traceback (most recent call last):
  File "C:\Users\66353\AppData\Roaming\uv\python\cpython-3.12-windows-x86_64-none\Lib\threading.py", line 1075, in _bootstrap_inner
    self.run()
  File "C:\Users\66353\AppData\Roaming\uv\python\cpython-3.12-windows-x86_64-none\Lib\threading.py", line 1012, in run
    self._target(*self._args, **self._kwargs)
  File "C:\Users\66353\AppData\Roaming\uv\python\cpython-3.12-windows-x86_64-none\Lib\subprocess.py", line 1599, in _readerthread
    buffer.append(fh.read())
                  ^^^^^^^^^
  File "<frozen codecs>", line 322, in decode
UnicodeDecodeError: 'utf-8' codec can't decode byte 0xd4 in position 15: invalid continuation byte
[09:54:06] 腾讯实时异常: argument of type 'NoneType' is not iterable
[09:54:06] 取数失败 streak=24
Exception in thread Thread-49 (_readerthread):
Traceback (most recent call last):
  File "C:\Users\66353\AppData\Roaming\uv\python\cpython-3.12-windows-x86_64-none\Lib\threading.py", line 1075, in _bootstrap_inner
    self.run()
  File "C:\Users\66353\AppData\Roaming\uv\python\cpython-3.12-windows-x86_64-none\Lib\threading.py", line 1012, in run
    self._target(*self._args, **self._kwargs)
  File "C:\Users\66353\AppData\Roaming\uv\python\cpython-3.12-windows-x86_64-none\Lib\subprocess.py", line 1599, in _readerthread
    buffer.append(fh.read())
                  ^^^^^^^^^
  File "<frozen codecs>", line 322, in decode
UnicodeDecodeError: 'utf-8' codec can't decode byte 0xd4 in position 15: invalid continuation byte
[09:55:06] 腾讯实时异常: argument of type 'NoneType' is not iterable
[09:55:06] 取数失败 streak=25
Exception in thread Thread-51 (_readerthread):
Traceback (most recent call last):
  File "C:\Users\66353\AppData\Roaming\uv\python\cpython-3.12-windows-x86_64-none\Lib\threading.py", line 1075, in _bootstrap_inner
    self.run()
  File "C:\Users\66353\AppData\Roaming\uv\python\cpython-3.12-windows-x86_64-none\Lib\threading.py", line 1012, in run
    self._target(*self._args, **self._kwargs)
  File "C:\Users\66353\AppData\Roaming\uv\python\cpython-3.12-windows-x86_64-none\Lib\subprocess.py", line 1599, in _readerthread
    buffer.append(fh.read())
                  ^^^^^^^^^
  File "<frozen codecs>", line 322, in decode
UnicodeDecodeError: 'utf-8' codec can't decode byte 0xd4 in position 15: invalid continuation byte
[09:56:06] 腾讯实时异常: argument of type 'NoneType' is not iterable
[09:56:06] 取数失败 streak=26
Exception in thread Thread-53 (_readerthread):
Traceback (most recent call last):
  File "C:\Users\66353\AppData\Roaming\uv\python\cpython-3.12-windows-x86_64-none\Lib\threading.py", line 1075, in _bootstrap_inner
    self.run()
  File "C:\Users\66353\AppData\Roaming\uv\python\cpython-3.12-windows-x86_64-none\Lib\threading.py", line 1012, in run
    self._target(*self._args, **self._kwargs)
  File "C:\Users\66353\AppData\Roaming\uv\python\cpython-3.12-windows-x86_64-none\Lib\subprocess.py", line 1599, in _readerthread
    buffer.append(fh.read())
                  ^^^^^^^^^
  File "<frozen codecs>", line 322, in decode
UnicodeDecodeError: 'utf-8' codec can't decode byte 0xd4 in position 15: invalid continuation byte
[09:57:06] 腾讯实时异常: argument of type 'NoneType' is not iterable
[09:57:06] 取数失败 streak=27
Exception in thread Thread-55 (_readerthread):
Traceback (most recent call last):
  File "C:\Users\66353\AppData\Roaming\uv\python\cpython-3.12-windows-x86_64-none\Lib\threading.py", line 1075, in _bootstrap_inner
    self.run()
  File "C:\Users\66353\AppData\Roaming\uv\python\cpython-3.12-windows-x86_64-none\Lib\threading.py", line 1012, in run
    self._target(*self._args, **self._kwargs)
  File "C:\Users\66353\AppData\Roaming\uv\python\cpython-3.12-windows-x86_64-none\Lib\subprocess.py", line 1599, in _readerthread
    buffer.append(fh.read())
                  ^^^^^^^^^
  File "<frozen codecs>", line 322, in decode
UnicodeDecodeError: 'utf-8' codec can't decode byte 0xd4 in position 15: invalid continuation byte
[09:58:06] 腾讯实时异常: argument of type 'NoneType' is not iterable
[09:58:06] 取数失败 streak=28
Exception in thread Thread-57 (_readerthread):
Traceback (most recent call last):
  File "C:\Users\66353\AppData\Roaming\uv\python\cpython-3.12-windows-x86_64-none\Lib\threading.py", line 1075, in _bootstrap_inner
    self.run()
  File "C:\Users\66353\AppData\Roaming\uv\python\cpython-3.12-windows-x86_64-none\Lib\threading.py", line 1012, in run
    self._target(*self._args, **self._kwargs)
  File "C:\Users\66353\AppData\Roaming\uv\python\cpython-3.12-windows-x86_64-none\Lib\subprocess.py", line 1599, in _readerthread
    buffer.append(fh.read())
                  ^^^^^^^^^
  File "<frozen codecs>", line 322, in decode
UnicodeDecodeError: 'utf-8' codec can't decode byte 0xd4 in position 15: invalid continuation byte
[09:59:06] 腾讯实时异常: argument of type 'NoneType' is not iterable
[09:59:06] 取数失败 streak=29
Exception in thread Thread-59 (_readerthread):
Traceback (most recent call last):
  File "C:\Users\66353\AppData\Roaming\uv\python\cpython-3.12-windows-x86_64-none\Lib\threading.py", line 1075, in _bootstrap_inner
    self.run()
  File "C:\Users\66353\AppData\Roaming\uv\python\cpython-3.12-windows-x86_64-none\Lib\threading.py", line 1012, in run
    self._target(*self._args, **self._kwargs)
  File "C:\Users\66353\AppData\Roaming\uv\python\cpython-3.12-windows-x86_64-none\Lib\subprocess.py", line 1599, in _readerthread
    buffer.append(fh.read())
                  ^^^^^^^^^
  File "<frozen codecs>", line 322, in decode
UnicodeDecodeError: 'utf-8' codec can't decode byte 0xd4 in position 15: invalid continuation byte
[10:00:07] 腾讯实时异常: argument of type 'NoneType' is not iterable
[10:00:07] 取数失败 streak=30
[10:00:07] 连续30分钟全源失败, 报警退出
[09:14:04] 观察池=昨日涨停池 D:\股票数据\市场数据\20260904\zt_pool.csv (39只)
D:\股票数据\.venv312\Lib\site-packages\iFinDPy.pth
[09:14:07] iFinD login rc=0
[09:14:07] 连续段启动
[09:31:08] iFinD 实时 errorcode=-1010
Exception in thread Thread-1 (_readerthread):
Traceback (most recent call last):
  File "C:\Users\66353\AppData\Roaming\uv\python\cpython-3.12-windows-x86_64-none\Lib\threading.py", line 1075, in _bootstrap_inner
    self.run()
  File "C:\Users\66353\AppData\Roaming\uv\python\cpython-3.12-windows-x86_64-none\Lib\threading.py", line 1012, in run
    self._target(*self._args, **self._kwargs)
  File "C:\Users\66353\AppData\Roaming\uv\python\cpython-3.12-windows-x86_64-none\Lib\subprocess.py", line 1599, in _readerthread
    buffer.append(fh.read())
                  ^^^^^^^^^
  File "<frozen codecs>", line 322, in decode
UnicodeDecodeError: 'utf-8' codec can't decode byte 0xd0 in position 14: invalid continuation byte
[09:31:08] 腾讯实时异常: argument of type 'NoneType' is not iterable
[09:31:08] 取数失败 streak=1
[09:32:08] iFinD 实时 errorcode=-1010
Exception in thread Thread-3 (_readerthread):
Traceback (most recent call last):
  File "C:\Users\66353\AppData\Roaming\uv\python\cpython-3.12-windows-x86_64-none\Lib\threading.py", line 1075, in _bootstrap_inner
    self.run()
  File "C:\Users\66353\AppData\Roaming\uv\python\cpython-3.12-windows-x86_64-none\Lib\threading.py", line 1012, in run
    self._target(*self._args, **self._kwargs)
  File "C:\Users\66353\AppData\Roaming\uv\python\cpython-3.12-windows-x86_64-none\Lib\subprocess.py", line 1599, in _readerthread
    buffer.append(fh.read())
                  ^^^^^^^^^
  File "<frozen codecs>", line 322, in decode
UnicodeDecodeError: 'utf-8' codec can't decode byte 0xd0 in position 14: invalid continuation byte
[09:32:08] 腾讯实时异常: argument of type 'NoneType' is not iterable
[09:32:08] 取数失败 streak=2
[09:33:08] iFinD 实时 errorcode=-1010
Exception in thread Thread-5 (_readerthread):
Traceback (most recent call last):
  File "C:\Users\66353\AppData\Roaming\uv\python\cpython-3.12-windows-x86_64-none\Lib\threading.py", line 1075, in _bootstrap_inner
    self.run()
  File "C:\Users\66353\AppData\Roaming\uv\python\cpython-3.12-windows-x86_64-none\Lib\threading.py", line 1012, in run
    self._target(*self._args, **self._kwargs)
  File "C:\Users\66353\AppData\Roaming\uv\python\cpython-3.12-windows-x86_64-none\Lib\subprocess.py", line 1599, in _readerthread
    buffer.append(fh.read())
                  ^^^^^^^^^
  File "<frozen codecs>", line 322, in decode
UnicodeDecodeError: 'utf-8' codec can't decode byte 0xd0 in position 14: invalid continuation byte
[09:33:08] 腾讯实时异常: argument of type 'NoneType' is not iterable
[09:33:08] 取数失败 streak=3
[09:34:09] iFinD 实时 errorcode=-1010
Exception in thread Thread-7 (_readerthread):
Traceback (most recent call last):
  File "C:\Users\66353\AppData\Roaming\uv\python\cpython-3.12-windows-x86_64-none\Lib\threading.py", line 1075, in _bootstrap_inner
    self.run()
  File "C:\Users\66353\AppData\Roaming\uv\python\cpython-3.12-windows-x86_64-none\Lib\threading.py", line 1012, in run
    self._target(*self._args, **self._kwargs)
  File "C:\Users\66353\AppData\Roaming\uv\python\cpython-3.12-windows-x86_64-none\Lib\subprocess.py", line 1599, in _readerthread
    buffer.append(fh.read())
                  ^^^^^^^^^
  File "<frozen codecs>", line 322, in decode
UnicodeDecodeError: 'utf-8' codec can't decode byte 0xd0 in position 14: invalid continuation byte
[09:34:09] 腾讯实时异常: argument of type 'NoneType' is not iterable
[09:34:09] 取数失败 streak=4
[09:35:09] iFinD 实时 errorcode=-1010
Exception in thread Thread-9 (_readerthread):
Traceback (most recent call last):
  File "C:\Users\66353\AppData\Roaming\uv\python\cpython-3.12-windows-x86_64-none\Lib\threading.py", line 1075, in _bootstrap_inner
    self.run()
  File "C:\Users\66353\AppData\Roaming\uv\python\cpython-3.12-windows-x86_64-none\Lib\threading.py", line 1012, in run
    self._target(*self._args, **self._kwargs)
  File "C:\Users\66353\AppData\Roaming\uv\python\cpython-3.12-windows-x86_64-none\Lib\subprocess.py", line 1599, in _readerthread
    buffer.append(fh.read())
                  ^^^^^^^^^
  File "<frozen codecs>", line 322, in decode
UnicodeDecodeError: 'utf-8' codec can't decode byte 0xd0 in position 14: invalid continuation byte
[09:35:10] 腾讯实时异常: argument of type 'NoneType' is not iterable
[09:35:10] 取数失败 streak=5
[09:36:10] iFinD 实时 errorcode=-1010
Exception in thread Thread-11 (_readerthread):
Traceback (most recent call last):
  File "C:\Users\66353\AppData\Roaming\uv\python\cpython-3.12-windows-x86_64-none\Lib\threading.py", line 1075, in _bootstrap_inner
    self.run()
  File "C:\Users\66353\AppData\Roaming\uv\python\cpython-3.12-windows-x86_64-none\Lib\threading.py", line 1012, in run
    self._target(*self._args, **self._kwargs)
  File "C:\Users\66353\AppData\Roaming\uv\python\cpython-3.12-windows-x86_64-none\Lib\subprocess.py", line 1599, in _readerthread
    buffer.append(fh.read())
                  ^^^^^^^^^
  File "<frozen codecs>", line 322, in decode
UnicodeDecodeError: 'utf-8' codec can't decode byte 0xd0 in position 14: invalid continuation byte
[09:36:10] 腾讯实时异常: argument of type 'NoneType' is not iterable
[09:36:10] 取数失败 streak=6
[09:37:10] iFinD 实时 errorcode=-1010
Exception in thread Thread-13 (_readerthread):
Traceback (most recent call last):
  File "C:\Users\66353\AppData\Roaming\uv\python\cpython-3.12-windows-x86_64-none\Lib\threading.py", line 1075, in _bootstrap_inner
    self.run()
  File "C:\Users\66353\AppData\Roaming\uv\python\cpython-3.12-windows-x86_64-none\Lib\threading.py", line 1012, in run
    self._target(*self._args, **self._kwargs)
  File "C:\Users\66353\AppData\Roaming\uv\python\cpython-3.12-windows-x86_64-none\Lib\subprocess.py", line 1599, in _readerthread
    buffer.append(fh.read())
                  ^^^^^^^^^
  File "<frozen codecs>", line 322, in decode
UnicodeDecodeError: 'utf-8' codec can't decode byte 0xd0 in position 14: invalid continuation byte
[09:37:10] 腾讯实时异常: argument of type 'NoneType' is not iterable
[09:37:10] 取数失败 streak=7
[09:38:10] iFinD 实时 errorcode=-1010
Exception in thread Thread-15 (_readerthread):
Traceback (most recent call last):
  File "C:\Users\66353\AppData\Roaming\uv\python\cpython-3.12-windows-x86_64-none\Lib\threading.py", line 1075, in _bootstrap_inner
    self.run()
  File "C:\Users\66353\AppData\Roaming\uv\python\cpython-3.12-windows-x86_64-none\Lib\threading.py", line 1012, in run
    self._target(*self._args, **self._kwargs)
  File "C:\Users\66353\AppData\Roaming\uv\python\cpython-3.12-windows-x86_64-none\Lib\subprocess.py", line 1599, in _readerthread
    buffer.append(fh.read())
                  ^^^^^^^^^
  File "<frozen codecs>", line 322, in decode
UnicodeDecodeError: 'utf-8' codec can't decode byte 0xd0 in position 14: invalid continuation byte
[09:38:11] 腾讯实时异常: argument of type 'NoneType' is not iterable
[09:38:11] 取数失败 streak=8
[09:39:11] iFinD 实时 errorcode=-1010
Exception in thread Thread-17 (_readerthread):
Traceback (most recent call last):
  File "C:\Users\66353\AppData\Roaming\uv\python\cpython-3.12-windows-x86_64-none\Lib\threading.py", line 1075, in _bootstrap_inner
    self.run()
  File "C:\Users\66353\AppData\Roaming\uv\python\cpython-3.12-windows-x86_64-none\Lib\threading.py", line 1012, in run
    self._target(*self._args, **self._kwargs)
  File "C:\Users\66353\AppData\Roaming\uv\python\cpython-3.12-windows-x86_64-none\Lib\subprocess.py", line 1599, in _readerthread
    buffer.append(fh.read())
                  ^^^^^^^^^
  File "<frozen codecs>", line 322, in decode
UnicodeDecodeError: 'utf-8' codec can't decode byte 0xd0 in position 14: invalid continuation byte
[09:39:11] 腾讯实时异常: argument of type 'NoneType' is not iterable
[09:39:11] 取数失败 streak=9
[09:40:11] iFinD 实时 errorcode=-1010
Exception in thread Thread-19 (_readerthread):
Traceback (most recent call last):
  File "C:\Users\66353\AppData\Roaming\uv\python\cpython-3.12-windows-x86_64-none\Lib\threading.py", line 1075, in _bootstrap_inner
    self.run()
  File "C:\Users\66353\AppData\Roaming\uv\python\cpython-3.12-windows-x86_64-none\Lib\threading.py", line 1012, in run
    self._target(*self._args, **self._kwargs)
  File "C:\Users\66353\AppData\Roaming\uv\python\cpython-3.12-windows-x86_64-none\Lib\subprocess.py", line 1599, in _readerthread
    buffer.append(fh.read())
                  ^^^^^^^^^
  File "<frozen codecs>", line 322, in decode
UnicodeDecodeError: 'utf-8' codec can't decode byte 0xd0 in position 14: invalid continuation byte
[09:40:11] 腾讯实时异常: argument of type 'NoneType' is not iterable
[09:40:11] 取数失败 streak=10
[09:41:11] iFinD 实时 errorcode=-1010
Exception in thread Thread-21 (_readerthread):
Traceback (most recent call last):
  File "C:\Users\66353\AppData\Roaming\uv\python\cpython-3.12-windows-x86_64-none\Lib\threading.py", line 1075, in _bootstrap_inner
    self.run()
  File "C:\Users\66353\AppData\Roaming\uv\python\cpython-3.12-windows-x86_64-none\Lib\threading.py", line 1012, in run
    self._target(*self._args, **self._kwargs)
  File "C:\Users\66353\AppData\Roaming\uv\python\cpython-3.12-windows-x86_64-none\Lib\subprocess.py", line 1599, in _readerthread
    buffer.append(fh.read())
                  ^^^^^^^^^
  File "<frozen codecs>", line 322, in decode
UnicodeDecodeError: 'utf-8' codec can't decode byte 0xd0 in position 14: invalid continuation byte
[09:41:12] 腾讯实时异常: argument of type 'NoneType' is not iterable
[09:41:12] 取数失败 streak=11
[09:42:12] iFinD 实时 errorcode=-1010
Exception in thread Thread-23 (_readerthread):
Traceback (most recent call last):
  File "C:\Users\66353\AppData\Roaming\uv\python\cpython-3.12-windows-x86_64-none\Lib\threading.py", line 1075, in _bootstrap_inner
    self.run()
  File "C:\Users\66353\AppData\Roaming\uv\python\cpython-3.12-windows-x86_64-none\Lib\threading.py", line 1012, in run
    self._target(*self._args, **self._kwargs)
  File "C:\Users\66353\AppData\Roaming\uv\python\cpython-3.12-windows-x86_64-none\Lib\subprocess.py", line 1599, in _readerthread
    buffer.append(fh.read())
                  ^^^^^^^^^
  File "<frozen codecs>", line 322, in decode
UnicodeDecodeError: 'utf-8' codec can't decode byte 0xd0 in position 14: invalid continuation byte
[09:42:12] 腾讯实时异常: argument of type 'NoneType' is not iterable
[09:42:12] 取数失败 streak=12
[09:43:12] iFinD 实时 errorcode=-1010
Exception in thread Thread-25 (_readerthread):
Traceback (most recent call last):
  File "C:\Users\66353\AppData\Roaming\uv\python\cpython-3.12-windows-x86_64-none\Lib\threading.py", line 1075, in _bootstrap_inner
    self.run()
  File "C:\Users\66353\AppData\Roaming\uv\python\cpython-3.12-windows-x86_64-none\Lib\threading.py", line 1012, in run
    self._target(*self._args, **self._kwargs)
  File "C:\Users\66353\AppData\Roaming\uv\python\cpython-3.12-windows-x86_64-none\Lib\subprocess.py", line 1599, in _readerthread
    buffer.append(fh.read())
                  ^^^^^^^^^
  File "<frozen codecs>", line 322, in decode
UnicodeDecodeError: 'utf-8' codec can't decode byte 0xd0 in position 14: invalid continuation byte
[09:43:12] 腾讯实时异常: argument of type 'NoneType' is not iterable
[09:43:12] 取数失败 streak=13
[09:44:12] iFinD 实时 errorcode=-1010
Exception in thread Thread-27 (_readerthread):
Traceback (most recent call last):
  File "C:\Users\66353\AppData\Roaming\uv\python\cpython-3.12-windows-x86_64-none\Lib\threading.py", line 1075, in _bootstrap_inner
    self.run()
  File "C:\Users\66353\AppData\Roaming\uv\python\cpython-3.12-windows-x86_64-none\Lib\threading.py", line 1012, in run
    self._target(*self._args, **self._kwargs)
  File "C:\Users\66353\AppData\Roaming\uv\python\cpython-3.12-windows-x86_64-none\Lib\subprocess.py", line 1599, in _readerthread
    buffer.append(fh.read())
                  ^^^^^^^^^
  File "<frozen codecs>", line 322, in decode
UnicodeDecodeError: 'utf-8' codec can't decode byte 0xd0 in position 14: invalid continuation byte
[09:44:13] 腾讯实时异常: argument of type 'NoneType' is not iterable
[09:44:13] 取数失败 streak=14
[09:45:13] iFinD 实时 errorcode=-1010
Exception in thread Thread-29 (_readerthread):
Traceback (most recent call last):
  File "C:\Users\66353\AppData\Roaming\uv\python\cpython-3.12-windows-x86_64-none\Lib\threading.py", line 1075, in _bootstrap_inner
    self.run()
  File "C:\Users\66353\AppData\Roaming\uv\python\cpython-3.12-windows-x86_64-none\Lib\threading.py", line 1012, in run
    self._target(*self._args, **self._kwargs)
  File "C:\Users\66353\AppData\Roaming\uv\python\cpython-3.12-windows-x86_64-none\Lib\subprocess.py", line 1599, in _readerthread
    buffer.append(fh.read())
                  ^^^^^^^^^
  File "<frozen codecs>", line 322, in decode
UnicodeDecodeError: 'utf-8' codec can't decode byte 0xd0 in position 14: invalid continuation byte
[09:45:13] 腾讯实时异常: argument of type 'NoneType' is not iterable
[09:45:13] 取数失败 streak=15
[09:46:13] iFinD 实时 errorcode=-1010
Exception in thread Thread-31 (_readerthread):
Traceback (most recent call last):
  File "C:\Users\66353\AppData\Roaming\uv\python\cpython-3.12-windows-x86_64-none\Lib\threading.py", line 1075, in _bootstrap_inner
    self.run()
  File "C:\Users\66353\AppData\Roaming\uv\python\cpython-3.12-windows-x86_64-none\Lib\threading.py", line 1012, in run
    self._target(*self._args, **self._kwargs)
  File "C:\Users\66353\AppData\Roaming\uv\python\cpython-3.12-windows-x86_64-none\Lib\subprocess.py", line 1599, in _readerthread
    buffer.append(fh.read())
                  ^^^^^^^^^
  File "<frozen codecs>", line 322, in decode
UnicodeDecodeError: 'utf-8' codec can't decode byte 0xd0 in position 14: invalid continuation byte
[09:46:13] 腾讯实时异常: argument of type 'NoneType' is not iterable
[09:46:13] 取数失败 streak=16
[09:47:14] iFinD 实时 errorcode=-1010
Exception in thread Thread-33 (_readerthread):
Traceback (most recent call last):
  File "C:\Users\66353\AppData\Roaming\uv\python\cpython-3.12-windows-x86_64-none\Lib\threading.py", line 1075, in _bootstrap_inner
    self.run()
  File "C:\Users\66353\AppData\Roaming\uv\python\cpython-3.12-windows-x86_64-none\Lib\threading.py", line 1012, in run
    self._target(*self._args, **self._kwargs)
  File "C:\Users\66353\AppData\Roaming\uv\python\cpython-3.12-windows-x86_64-none\Lib\subprocess.py", line 1599, in _readerthread
    buffer.append(fh.read())
                  ^^^^^^^^^
  File "<frozen codecs>", line 322, in decode
UnicodeDecodeError: 'utf-8' codec can't decode byte 0xd0 in position 14: invalid continuation byte
[09:47:14] 腾讯实时异常: argument of type 'NoneType' is not iterable
[09:47:14] 取数失败 streak=17
[09:48:14] iFinD 实时 errorcode=-1010
Exception in thread Thread-35 (_readerthread):
Traceback (most recent call last):
  File "C:\Users\66353\AppData\Roaming\uv\python\cpython-3.12-windows-x86_64-none\Lib\threading.py", line 1075, in _bootstrap_inner
    self.run()
  File "C:\Users\66353\AppData\Roaming\uv\python\cpython-3.12-windows-x86_64-none\Lib\threading.py", line 1012, in run
    self._target(*self._args, **self._kwargs)
  File "C:\Users\66353\AppData\Roaming\uv\python\cpython-3.12-windows-x86_64-none\Lib\subprocess.py", line 1599, in _readerthread
    buffer.append(fh.read())
                  ^^^^^^^^^
  File "<frozen codecs>", line 322, in decode
UnicodeDecodeError: 'utf-8' codec can't decode byte 0xd0 in position 14: invalid continuation byte
[09:48:14] 腾讯实时异常: argument of type 'NoneType' is not iterable
[09:48:14] 取数失败 streak=18
[09:49:14] iFinD 实时 errorcode=-1010
Exception in thread Thread-37 (_readerthread):
Traceback (most recent call last):
  File "C:\Users\66353\AppData\Roaming\uv\python\cpython-3.12-windows-x86_64-none\Lib\threading.py", line 1075, in _bootstrap_inner
    self.run()
  File "C:\Users\66353\AppData\Roaming\uv\python\cpython-3.12-windows-x86_64-none\Lib\threading.py", line 1012, in run
    self._target(*self._args, **self._kwargs)
  File "C:\Users\66353\AppData\Roaming\uv\python\cpython-3.12-windows-x86_64-none\Lib\subprocess.py", line 1599, in _readerthread
    buffer.append(fh.read())
                  ^^^^^^^^^
  File "<frozen codecs>", line 322, in decode
UnicodeDecodeError: 'utf-8' codec can't decode byte 0xd0 in position 14: invalid continuation byte
[09:49:14] 腾讯实时异常: argument of type 'NoneType' is not iterable
[09:49:14] 取数失败 streak=19
[09:50:15] iFinD 实时 errorcode=-1010
Exception in thread Thread-39 (_readerthread):
Traceback (most recent call last):
  File "C:\Users\66353\AppData\Roaming\uv\python\cpython-3.12-windows-x86_64-none\Lib\threading.py", line 1075, in _bootstrap_inner
    self.run()
  File "C:\Users\66353\AppData\Roaming\uv\python\cpython-3.12-windows-x86_64-none\Lib\threading.py", line 1012, in run
    self._target(*self._args, **self._kwargs)
  File "C:\Users\66353\AppData\Roaming\uv\python\cpython-3.12-windows-x86_64-none\Lib\subprocess.py", line 1599, in _readerthread
    buffer.append(fh.read())
                  ^^^^^^^^^
  File "<frozen codecs>", line 322, in decode
UnicodeDecodeError: 'utf-8' codec can't decode byte 0xd0 in position 14: invalid continuation byte
[09:50:15] 腾讯实时异常: argument of type 'NoneType' is not iterable
[09:50:15] 取数失败 streak=20
[09:51:15] iFinD 实时 errorcode=-1010
Exception in thread Thread-41 (_readerthread):
Traceback (most recent call last):
  File "C:\Users\66353\AppData\Roaming\uv\python\cpython-3.12-windows-x86_64-none\Lib\threading.py", line 1075, in _bootstrap_inner
    self.run()
  File "C:\Users\66353\AppData\Roaming\uv\python\cpython-3.12-windows-x86_64-none\Lib\threading.py", line 1012, in run
    self._target(*self._args, **self._kwargs)
  File "C:\Users\66353\AppData\Roaming\uv\python\cpython-3.12-windows-x86_64-none\Lib\subprocess.py", line 1599, in _readerthread
    buffer.append(fh.read())
                  ^^^^^^^^^
  File "<frozen codecs>", line 322, in decode
UnicodeDecodeError: 'utf-8' codec can't decode byte 0xd0 in position 14: invalid continuation byte
[09:51:15] 腾讯实时异常: argument of type 'NoneType' is not iterable
[09:51:15] 取数失败 streak=21
[09:52:15] iFinD 实时 errorcode=-1010
Exception in thread Thread-43 (_readerthread):
Traceback (most recent call last):
  File "C:\Users\66353\AppData\Roaming\uv\python\cpython-3.12-windows-x86_64-none\Lib\threading.py", line 1075, in _bootstrap_inner
    self.run()
  File "C:\Users\66353\AppData\Roaming\uv\python\cpython-3.12-windows-x86_64-none\Lib\threading.py", line 1012, in run
    self._target(*self._args, **self._kwargs)
  File "C:\Users\66353\AppData\Roaming\uv\python\cpython-3.12-windows-x86_64-none\Lib\subprocess.py", line 1599, in _readerthread
    buffer.append(fh.read())
                  ^^^^^^^^^
  File "<frozen codecs>", line 322, in decode
UnicodeDecodeError: 'utf-8' codec can't decode byte 0xd0 in position 14: invalid continuation byte
[09:52:15] 腾讯实时异常: argument of type 'NoneType' is not iterable
[09:52:15] 取数失败 streak=22
[09:53:16] iFinD 实时 errorcode=-1010
Exception in thread Thread-45 (_readerthread):
Traceback (most recent call last):
  File "C:\Users\66353\AppData\Roaming\uv\python\cpython-3.12-windows-x86_64-none\Lib\threading.py", line 1075, in _bootstrap_inner
    self.run()
  File "C:\Users\66353\AppData\Roaming\uv\python\cpython-3.12-windows-x86_64-none\Lib\threading.py", line 1012, in run
    self._target(*self._args, **self._kwargs)
  File "C:\Users\66353\AppData\Roaming\uv\python\cpython-3.12-windows-x86_64-none\Lib\subprocess.py", line 1599, in _readerthread
    buffer.append(fh.read())
                  ^^^^^^^^^
  File "<frozen codecs>", line 322, in decode
UnicodeDecodeError: 'utf-8' codec can't decode byte 0xd0 in position 14: invalid continuation byte
[09:53:16] 腾讯实时异常: argument of type 'NoneType' is not iterable
[09:53:16] 取数失败 streak=23
[09:54:16] iFinD 实时 errorcode=-1010
Exception in thread Thread-47 (_readerthread):
Traceback (most recent call last):
  File "C:\Users\66353\AppData\Roaming\uv\python\cpython-3.12-windows-x86_64-none\Lib\threading.py", line 1075, in _bootstrap_inner
    self.run()
  File "C:\Users\66353\AppData\Roaming\uv\python\cpython-3.12-windows-x86_64-none\Lib\threading.py", line 1012, in run
    self._target(*self._args, **self._kwargs)
  File "C:\Users\66353\AppData\Roaming\uv\python\cpython-3.12-windows-x86_64-none\Lib\subprocess.py", line 1599, in _readerthread
    buffer.append(fh.read())
                  ^^^^^^^^^
  File "<frozen codecs>", line 322, in decode
UnicodeDecodeError: 'utf-8' codec can't decode byte 0xd0 in position 14: invalid continuation byte
[09:54:16] 腾讯实时异常: argument of type 'NoneType' is not iterable
[09:54:16] 取数失败 streak=24
[09:55:16] iFinD 实时 errorcode=-1010
Exception in thread Thread-49 (_readerthread):
Traceback (most recent call last):
  File "C:\Users\66353\AppData\Roaming\uv\python\cpython-3.12-windows-x86_64-none\Lib\threading.py", line 1075, in _bootstrap_inner
    self.run()
  File "C:\Users\66353\AppData\Roaming\uv\python\cpython-3.12-windows-x86_64-none\Lib\threading.py", line 1012, in run
    self._target(*self._args, **self._kwargs)
  File "C:\Users\66353\AppData\Roaming\uv\python\cpython-3.12-windows-x86_64-none\Lib\subprocess.py", line 1599, in _readerthread
    buffer.append(fh.read())
                  ^^^^^^^^^
  File "<frozen codecs>", line 322, in decode
UnicodeDecodeError: 'utf-8' codec can't decode byte 0xd0 in position 14: invalid continuation byte
[09:55:16] 腾讯实时异常: argument of type 'NoneType' is not iterable
[09:55:16] 取数失败 streak=25
[09:56:16] iFinD 实时 errorcode=-1010
Exception in thread Thread-51 (_readerthread):
Traceback (most recent call last):
  File "C:\Users\66353\AppData\Roaming\uv\python\cpython-3.12-windows-x86_64-none\Lib\threading.py", line 1075, in _bootstrap_inner
    self.run()
  File "C:\Users\66353\AppData\Roaming\uv\python\cpython-3.12-windows-x86_64-none\Lib\threading.py", line 1012, in run
    self._target(*self._args, **self._kwargs)
  File "C:\Users\66353\AppData\Roaming\uv\python\cpython-3.12-windows-x86_64-none\Lib\subprocess.py", line 1599, in _readerthread
    buffer.append(fh.read())
                  ^^^^^^^^^
  File "<frozen codecs>", line 322, in decode
UnicodeDecodeError: 'utf-8' codec can't decode byte 0xd0 in position 14: invalid continuation byte
[09:56:17] 腾讯实时异常: argument of type 'NoneType' is not iterable
[09:56:17] 取数失败 streak=26
[09:57:17] iFinD 实时 errorcode=-1010
Exception in thread Thread-53 (_readerthread):
Traceback (most recent call last):
  File "C:\Users\66353\AppData\Roaming\uv\python\cpython-3.12-windows-x86_64-none\Lib\threading.py", line 1075, in _bootstrap_inner
    self.run()
  File "C:\Users\66353\AppData\Roaming\uv\python\cpython-3.12-windows-x86_64-none\Lib\threading.py", line 1012, in run
    self._target(*self._args, **self._kwargs)
  File "C:\Users\66353\AppData\Roaming\uv\python\cpython-3.12-windows-x86_64-none\Lib\subprocess.py", line 1599, in _readerthread
    buffer.append(fh.read())
                  ^^^^^^^^^
  File "<frozen codecs>", line 322, in decode
UnicodeDecodeError: 'utf-8' codec can't decode byte 0xd0 in position 14: invalid continuation byte
[09:57:17] 腾讯实时异常: argument of type 'NoneType' is not iterable
[09:57:17] 取数失败 streak=27
[09:58:18] iFinD 实时 errorcode=-1010
Exception in thread Thread-55 (_readerthread):
Traceback (most recent call last):
  File "C:\Users\66353\AppData\Roaming\uv\python\cpython-3.12-windows-x86_64-none\Lib\threading.py", line 1075, in _bootstrap_inner
    self.run()
  File "C:\Users\66353\AppData\Roaming\uv\python\cpython-3.12-windows-x86_64-none\Lib\threading.py", line 1012, in run
    self._target(*self._args, **self._kwargs)
  File "C:\Users\66353\AppData\Roaming\uv\python\cpython-3.12-windows-x86_64-none\Lib\subprocess.py", line 1599, in _readerthread
    buffer.append(fh.read())
                  ^^^^^^^^^
  File "<frozen codecs>", line 322, in decode
UnicodeDecodeError: 'utf-8' codec can't decode byte 0xd0 in position 14: invalid continuation byte
[09:58:18] 腾讯实时异常: argument of type 'NoneType' is not iterable
[09:58:18] 取数失败 streak=28
[09:59:18] iFinD 实时 errorcode=-1010
Exception in thread Thread-57 (_readerthread):
Traceback (most recent call last):
  File "C:\Users\66353\AppData\Roaming\uv\python\cpython-3.12-windows-x86_64-none\Lib\threading.py", line 1075, in _bootstrap_inner
    self.run()
  File "C:\Users\66353\AppData\Roaming\uv\python\cpython-3.12-windows-x86_64-none\Lib\threading.py", line 1012, in run
    self._target(*self._args, **self._kwargs)
  File "C:\Users\66353\AppData\Roaming\uv\python\cpython-3.12-windows-x86_64-none\Lib\subprocess.py", line 1599, in _readerthread
    buffer.append(fh.read())
                  ^^^^^^^^^
  File "<frozen codecs>", line 322, in decode
UnicodeDecodeError: 'utf-8' codec can't decode byte 0xd0 in position 14: invalid continuation byte
[09:59:19] 腾讯实时异常: argument of type 'NoneType' is not iterable
[09:59:19] 取数失败 streak=29
[10:00:19] iFinD 实时 errorcode=-1010
Exception in thread Thread-59 (_readerthread):
Traceback (most recent call last):
  File "C:\Users\66353\AppData\Roaming\uv\python\cpython-3.12-windows-x86_64-none\Lib\threading.py", line 1075, in _bootstrap_inner
    self.run()
  File "C:\Users\66353\AppData\Roaming\uv\python\cpython-3.12-windows-x86_64-none\Lib\threading.py", line 1012, in run
    self._target(*self._args, **self._kwargs)
  File "C:\Users\66353\AppData\Roaming\uv\python\cpython-3.12-windows-x86_64-none\Lib\subprocess.py", line 1599, in _readerthread
    buffer.append(fh.read())
                  ^^^^^^^^^
  File "<frozen codecs>", line 322, in decode
UnicodeDecodeError: 'utf-8' codec can't decode byte 0xd0 in position 14: invalid continuation byte
[10:00:19] 腾讯实时异常: argument of type 'NoneType' is not iterable
[10:00:19] 取数失败 streak=30
[10:00:19] 连续30分钟全源失败, 报警退出
[09:14:02] 观察池=昨日涨停池 D:\股票数据\市场数据\20260907\zt_pool.csv (93只)
D:\股票数据\.venv312\Lib\site-packages\iFinDPy.pth
[09:14:05] iFinD login rc=0
[09:14:05] 连续段启动
[09:31:06] iFinD 实时 errorcode=-1010
Exception in thread Thread-1 (_readerthread):
Traceback (most recent call last):
  File "C:\Users\66353\AppData\Roaming\uv\python\cpython-3.12-windows-x86_64-none\Lib\threading.py", line 1075, in _bootstrap_inner
    self.run()
  File "C:\Users\66353\AppData\Roaming\uv\python\cpython-3.12-windows-x86_64-none\Lib\threading.py", line 1012, in run
    self._target(*self._args, **self._kwargs)
  File "C:\Users\66353\AppData\Roaming\uv\python\cpython-3.12-windows-x86_64-none\Lib\subprocess.py", line 1599, in _readerthread
    buffer.append(fh.read())
                  ^^^^^^^^^
  File "<frozen codecs>", line 322, in decode
UnicodeDecodeError: 'utf-8' codec can't decode byte 0xba in position 15: invalid start byte
[09:31:06] 腾讯实时异常: argument of type 'NoneType' is not iterable
[09:31:06] 取数失败 streak=1
[09:32:06] iFinD 实时 errorcode=-1010
Exception in thread Thread-3 (_readerthread):
Traceback (most recent call last):
  File "C:\Users\66353\AppData\Roaming\uv\python\cpython-3.12-windows-x86_64-none\Lib\threading.py", line 1075, in _bootstrap_inner
    self.run()
  File "C:\Users\66353\AppData\Roaming\uv\python\cpython-3.12-windows-x86_64-none\Lib\threading.py", line 1012, in run
    self._target(*self._args, **self._kwargs)
  File "C:\Users\66353\AppData\Roaming\uv\python\cpython-3.12-windows-x86_64-none\Lib\subprocess.py", line 1599, in _readerthread
    buffer.append(fh.read())
                  ^^^^^^^^^
  File "<frozen codecs>", line 322, in decode
UnicodeDecodeError: 'utf-8' codec can't decode byte 0xba in position 15: invalid start byte
[09:32:06] 腾讯实时异常: argument of type 'NoneType' is not iterable
[09:32:06] 取数失败 streak=2
[09:33:07] iFinD 实时 errorcode=-1010
Exception in thread Thread-5 (_readerthread):
Traceback (most recent call last):
  File "C:\Users\66353\AppData\Roaming\uv\python\cpython-3.12-windows-x86_64-none\Lib\threading.py", line 1075, in _bootstrap_inner
    self.run()
  File "C:\Users\66353\AppData\Roaming\uv\python\cpython-3.12-windows-x86_64-none\Lib\threading.py", line 1012, in run
    self._target(*self._args, **self._kwargs)
  File "C:\Users\66353\AppData\Roaming\uv\python\cpython-3.12-windows-x86_64-none\Lib\subprocess.py", line 1599, in _readerthread
    buffer.append(fh.read())
                  ^^^^^^^^^
  File "<frozen codecs>", line 322, in decode
UnicodeDecodeError: 'utf-8' codec can't decode byte 0xba in position 15: invalid start byte
[09:33:07] 腾讯实时异常: argument of type 'NoneType' is not iterable
[09:33:07] 取数失败 streak=3
[09:34:08] iFinD 实时 errorcode=-1010
Exception in thread Thread-7 (_readerthread):
Traceback (most recent call last):
  File "C:\Users\66353\AppData\Roaming\uv\python\cpython-3.12-windows-x86_64-none\Lib\threading.py", line 1075, in _bootstrap_inner
    self.run()
  File "C:\Users\66353\AppData\Roaming\uv\python\cpython-3.12-windows-x86_64-none\Lib\threading.py", line 1012, in run
    self._target(*self._args, **self._kwargs)
  File "C:\Users\66353\AppData\Roaming\uv\python\cpython-3.12-windows-x86_64-none\Lib\subprocess.py", line 1599, in _readerthread
    buffer.append(fh.read())
                  ^^^^^^^^^
  File "<frozen codecs>", line 322, in decode
UnicodeDecodeError: 'utf-8' codec can't decode byte 0xba in position 15: invalid start byte
[09:34:08] 腾讯实时异常: argument of type 'NoneType' is not iterable
[09:34:08] 取数失败 streak=4
[09:35:08] iFinD 实时 errorcode=-1010
Exception in thread Thread-9 (_readerthread):
Traceback (most recent call last):
  File "C:\Users\66353\AppData\Roaming\uv\python\cpython-3.12-windows-x86_64-none\Lib\threading.py", line 1075, in _bootstrap_inner
    self.run()
  File "C:\Users\66353\AppData\Roaming\uv\python\cpython-3.12-windows-x86_64-none\Lib\threading.py", line 1012, in run
    self._target(*self._args, **self._kwargs)
  File "C:\Users\66353\AppData\Roaming\uv\python\cpython-3.12-windows-x86_64-none\Lib\subprocess.py", line 1599, in _readerthread
    buffer.append(fh.read())
                  ^^^^^^^^^
  File "<frozen codecs>", line 322, in decode
UnicodeDecodeError: 'utf-8' codec can't decode byte 0xba in position 15: invalid start byte
[09:35:08] 腾讯实时异常: argument of type 'NoneType' is not iterable
[09:35:08] 取数失败 streak=5
[09:36:09] iFinD 实时 errorcode=-1010
Exception in thread Thread-11 (_readerthread):
Traceback (most recent call last):
  File "C:\Users\66353\AppData\Roaming\uv\python\cpython-3.12-windows-x86_64-none\Lib\threading.py", line 1075, in _bootstrap_inner
    self.run()
  File "C:\Users\66353\AppData\Roaming\uv\python\cpython-3.12-windows-x86_64-none\Lib\threading.py", line 1012, in run
    self._target(*self._args, **self._kwargs)
  File "C:\Users\66353\AppData\Roaming\uv\python\cpython-3.12-windows-x86_64-none\Lib\subprocess.py", line 1599, in _readerthread
    buffer.append(fh.read())
                  ^^^^^^^^^
  File "<frozen codecs>", line 322, in decode
UnicodeDecodeError: 'utf-8' codec can't decode byte 0xba in position 15: invalid start byte
[09:36:09] 腾讯实时异常: argument of type 'NoneType' is not iterable
[09:36:09] 取数失败 streak=6
[09:37:09] iFinD 实时 errorcode=-1010
Exception in thread Thread-13 (_readerthread):
Traceback (most recent call last):
  File "C:\Users\66353\AppData\Roaming\uv\python\cpython-3.12-windows-x86_64-none\Lib\threading.py", line 1075, in _bootstrap_inner
    self.run()
  File "C:\Users\66353\AppData\Roaming\uv\python\cpython-3.12-windows-x86_64-none\Lib\threading.py", line 1012, in run
    self._target(*self._args, **self._kwargs)
  File "C:\Users\66353\AppData\Roaming\uv\python\cpython-3.12-windows-x86_64-none\Lib\subprocess.py", line 1599, in _readerthread
    buffer.append(fh.read())
                  ^^^^^^^^^
  File "<frozen codecs>", line 322, in decode
UnicodeDecodeError: 'utf-8' codec can't decode byte 0xba in position 15: invalid start byte
[09:37:09] 腾讯实时异常: argument of type 'NoneType' is not iterable
[09:37:09] 取数失败 streak=7
[09:38:09] iFinD 实时 errorcode=-1010
Exception in thread Thread-15 (_readerthread):
Traceback (most recent call last):
  File "C:\Users\66353\AppData\Roaming\uv\python\cpython-3.12-windows-x86_64-none\Lib\threading.py", line 1075, in _bootstrap_inner
    self.run()
  File "C:\Users\66353\AppData\Roaming\uv\python\cpython-3.12-windows-x86_64-none\Lib\threading.py", line 1012, in run
    self._target(*self._args, **self._kwargs)
  File "C:\Users\66353\AppData\Roaming\uv\python\cpython-3.12-windows-x86_64-none\Lib\subprocess.py", line 1599, in _readerthread
    buffer.append(fh.read())
                  ^^^^^^^^^
  File "<frozen codecs>", line 322, in decode
UnicodeDecodeError: 'utf-8' codec can't decode byte 0xba in position 15: invalid start byte
[09:38:10] 腾讯实时异常: argument of type 'NoneType' is not iterable
[09:38:10] 取数失败 streak=8
[09:39:10] iFinD 实时 errorcode=-1010
Exception in thread Thread-17 (_readerthread):
Traceback (most recent call last):
  File "C:\Users\66353\AppData\Roaming\uv\python\cpython-3.12-windows-x86_64-none\Lib\threading.py", line 1075, in _bootstrap_inner
    self.run()
  File "C:\Users\66353\AppData\Roaming\uv\python\cpython-3.12-windows-x86_64-none\Lib\threading.py", line 1012, in run
    self._target(*self._args, **self._kwargs)
  File "C:\Users\66353\AppData\Roaming\uv\python\cpython-3.12-windows-x86_64-none\Lib\subprocess.py", line 1599, in _readerthread
    buffer.append(fh.read())
                  ^^^^^^^^^
  File "<frozen codecs>", line 322, in decode
UnicodeDecodeError: 'utf-8' codec can't decode byte 0xba in position 15: invalid start byte
[09:39:10] 腾讯实时异常: argument of type 'NoneType' is not iterable
[09:39:10] 取数失败 streak=9
[09:40:10] iFinD 实时 errorcode=-1010
Exception in thread Thread-19 (_readerthread):
Traceback (most recent call last):
  File "C:\Users\66353\AppData\Roaming\uv\python\cpython-3.12-windows-x86_64-none\Lib\threading.py", line 1075, in _bootstrap_inner
    self.run()
  File "C:\Users\66353\AppData\Roaming\uv\python\cpython-3.12-windows-x86_64-none\Lib\threading.py", line 1012, in run
    self._target(*self._args, **self._kwargs)
  File "C:\Users\66353\AppData\Roaming\uv\python\cpython-3.12-windows-x86_64-none\Lib\subprocess.py", line 1599, in _readerthread
    buffer.append(fh.read())
                  ^^^^^^^^^
  File "<frozen codecs>", line 322, in decode
UnicodeDecodeError: 'utf-8' codec can't decode byte 0xba in position 15: invalid start byte
[09:40:10] 腾讯实时异常: argument of type 'NoneType' is not iterable
[09:40:10] 取数失败 streak=10
[09:41:11] iFinD 实时 errorcode=-1010
Exception in thread Thread-21 (_readerthread):
Traceback (most recent call last):
  File "C:\Users\66353\AppData\Roaming\uv\python\cpython-3.12-windows-x86_64-none\Lib\threading.py", line 1075, in _bootstrap_inner
    self.run()
  File "C:\Users\66353\AppData\Roaming\uv\python\cpython-3.12-windows-x86_64-none\Lib\threading.py", line 1012, in run
    self._target(*self._args, **self._kwargs)
  File "C:\Users\66353\AppData\Roaming\uv\python\cpython-3.12-windows-x86_64-none\Lib\subprocess.py", line 1599, in _readerthread
    buffer.append(fh.read())
                  ^^^^^^^^^
  File "<frozen codecs>", line 322, in decode
UnicodeDecodeError: 'utf-8' codec can't decode byte 0xba in position 15: invalid start byte
[09:41:11] 腾讯实时异常: argument of type 'NoneType' is not iterable
[09:41:11] 取数失败 streak=11
[09:42:11] iFinD 实时 errorcode=-1010
Exception in thread Thread-23 (_readerthread):
Traceback (most recent call last):
  File "C:\Users\66353\AppData\Roaming\uv\python\cpython-3.12-windows-x86_64-none\Lib\threading.py", line 1075, in _bootstrap_inner
    self.run()
  File "C:\Users\66353\AppData\Roaming\uv\python\cpython-3.12-windows-x86_64-none\Lib\threading.py", line 1012, in run
    self._target(*self._args, **self._kwargs)
  File "C:\Users\66353\AppData\Roaming\uv\python\cpython-3.12-windows-x86_64-none\Lib\subprocess.py", line 1599, in _readerthread
    buffer.append(fh.read())
                  ^^^^^^^^^
  File "<frozen codecs>", line 322, in decode
UnicodeDecodeError: 'utf-8' codec can't decode byte 0xba in position 15: invalid start byte
[09:42:11] 腾讯实时异常: argument of type 'NoneType' is not iterable
[09:42:11] 取数失败 streak=12
[09:43:11] iFinD 实时 errorcode=-1010
Exception in thread Thread-25 (_readerthread):
Traceback (most recent call last):
  File "C:\Users\66353\AppData\Roaming\uv\python\cpython-3.12-windows-x86_64-none\Lib\threading.py", line 1075, in _bootstrap_inner
    self.run()
  File "C:\Users\66353\AppData\Roaming\uv\python\cpython-3.12-windows-x86_64-none\Lib\threading.py", line 1012, in run
    self._target(*self._args, **self._kwargs)
  File "C:\Users\66353\AppData\Roaming\uv\python\cpython-3.12-windows-x86_64-none\Lib\subprocess.py", line 1599, in _readerthread
    buffer.append(fh.read())
                  ^^^^^^^^^
  File "<frozen codecs>", line 322, in decode
UnicodeDecodeError: 'utf-8' codec can't decode byte 0xba in position 15: invalid start byte
[09:43:11] 腾讯实时异常: argument of type 'NoneType' is not iterable
[09:43:11] 取数失败 streak=13
[09:44:12] iFinD 实时 errorcode=-1010
Exception in thread Thread-27 (_readerthread):
Traceback (most recent call last):
  File "C:\Users\66353\AppData\Roaming\uv\python\cpython-3.12-windows-x86_64-none\Lib\threading.py", line 1075, in _bootstrap_inner
    self.run()
  File "C:\Users\66353\AppData\Roaming\uv\python\cpython-3.12-windows-x86_64-none\Lib\threading.py", line 1012, in run
    self._target(*self._args, **self._kwargs)
  File "C:\Users\66353\AppData\Roaming\uv\python\cpython-3.12-windows-x86_64-none\Lib\subprocess.py", line 1599, in _readerthread
    buffer.append(fh.read())
                  ^^^^^^^^^
  File "<frozen codecs>", line 322, in decode
UnicodeDecodeError: 'utf-8' codec can't decode byte 0xba in position 15: invalid start byte
[09:44:12] 腾讯实时异常: argument of type 'NoneType' is not iterable
[09:44:12] 取数失败 streak=14
[09:45:12] iFinD 实时 errorcode=-1010
Exception in thread Thread-29 (_readerthread):
Traceback (most recent call last):
  File "C:\Users\66353\AppData\Roaming\uv\python\cpython-3.12-windows-x86_64-none\Lib\threading.py", line 1075, in _bootstrap_inner
    self.run()
  File "C:\Users\66353\AppData\Roaming\uv\python\cpython-3.12-windows-x86_64-none\Lib\threading.py", line 1012, in run
    self._target(*self._args, **self._kwargs)
  File "C:\Users\66353\AppData\Roaming\uv\python\cpython-3.12-windows-x86_64-none\Lib\subprocess.py", line 1599, in _readerthread
    buffer.append(fh.read())
                  ^^^^^^^^^
  File "<frozen codecs>", line 322, in decode
UnicodeDecodeError: 'utf-8' codec can't decode byte 0xba in position 15: invalid start byte
[09:45:12] 腾讯实时异常: argument of type 'NoneType' is not iterable
[09:45:12] 取数失败 streak=15
[09:46:12] iFinD 实时 errorcode=-1010
Exception in thread Thread-31 (_readerthread):
Traceback (most recent call last):
  File "C:\Users\66353\AppData\Roaming\uv\python\cpython-3.12-windows-x86_64-none\Lib\threading.py", line 1075, in _bootstrap_inner
    self.run()
  File "C:\Users\66353\AppData\Roaming\uv\python\cpython-3.12-windows-x86_64-none\Lib\threading.py", line 1012, in run
    self._target(*self._args, **self._kwargs)
  File "C:\Users\66353\AppData\Roaming\uv\python\cpython-3.12-windows-x86_64-none\Lib\subprocess.py", line 1599, in _readerthread
    buffer.append(fh.read())
                  ^^^^^^^^^
  File "<frozen codecs>", line 322, in decode
UnicodeDecodeError: 'utf-8' codec can't decode byte 0xba in position 15: invalid start byte
[09:46:13] 腾讯实时异常: argument of type 'NoneType' is not iterable
[09:46:13] 取数失败 streak=16
[09:47:13] iFinD 实时 errorcode=-1010
Exception in thread Thread-33 (_readerthread):
Traceback (most recent call last):
  File "C:\Users\66353\AppData\Roaming\uv\python\cpython-3.12-windows-x86_64-none\Lib\threading.py", line 1075, in _bootstrap_inner
    self.run()
  File "C:\Users\66353\AppData\Roaming\uv\python\cpython-3.12-windows-x86_64-none\Lib\threading.py", line 1012, in run
    self._target(*self._args, **self._kwargs)
  File "C:\Users\66353\AppData\Roaming\uv\python\cpython-3.12-windows-x86_64-none\Lib\subprocess.py", line 1599, in _readerthread
    buffer.append(fh.read())
                  ^^^^^^^^^
  File "<frozen codecs>", line 322, in decode
UnicodeDecodeError: 'utf-8' codec can't decode byte 0xba in position 15: invalid start byte
[09:47:13] 腾讯实时异常: argument of type 'NoneType' is not iterable
[09:47:13] 取数失败 streak=17
[09:48:13] iFinD 实时 errorcode=-1010
Exception in thread Thread-35 (_readerthread):
Traceback (most recent call last):
  File "C:\Users\66353\AppData\Roaming\uv\python\cpython-3.12-windows-x86_64-none\Lib\threading.py", line 1075, in _bootstrap_inner
    self.run()
  File "C:\Users\66353\AppData\Roaming\uv\python\cpython-3.12-windows-x86_64-none\Lib\threading.py", line 1012, in run
    self._target(*self._args, **self._kwargs)
  File "C:\Users\66353\AppData\Roaming\uv\python\cpython-3.12-windows-x86_64-none\Lib\subprocess.py", line 1599, in _readerthread
    buffer.append(fh.read())
                  ^^^^^^^^^
  File "<frozen codecs>", line 322, in decode
UnicodeDecodeError: 'utf-8' codec can't decode byte 0xba in position 15: invalid start byte
[09:48:13] 腾讯实时异常: argument of type 'NoneType' is not iterable
[09:48:13] 取数失败 streak=18
[09:49:13] iFinD 实时 errorcode=-1010
Exception in thread Thread-37 (_readerthread):
Traceback (most recent call last):
  File "C:\Users\66353\AppData\Roaming\uv\python\cpython-3.12-windows-x86_64-none\Lib\threading.py", line 1075, in _bootstrap_inner
    self.run()
  File "C:\Users\66353\AppData\Roaming\uv\python\cpython-3.12-windows-x86_64-none\Lib\threading.py", line 1012, in run
    self._target(*self._args, **self._kwargs)
  File "C:\Users\66353\AppData\Roaming\uv\python\cpython-3.12-windows-x86_64-none\Lib\subprocess.py", line 1599, in _readerthread
    buffer.append(fh.read())
                  ^^^^^^^^^
  File "<frozen codecs>", line 322, in decode
UnicodeDecodeError: 'utf-8' codec can't decode byte 0xba in position 15: invalid start byte
[09:49:14] 腾讯实时异常: argument of type 'NoneType' is not iterable
[09:49:14] 取数失败 streak=19
[09:50:14] iFinD 实时 errorcode=-1010
Exception in thread Thread-39 (_readerthread):
Traceback (most recent call last):
  File "C:\Users\66353\AppData\Roaming\uv\python\cpython-3.12-windows-x86_64-none\Lib\threading.py", line 1075, in _bootstrap_inner
    self.run()
  File "C:\Users\66353\AppData\Roaming\uv\python\cpython-3.12-windows-x86_64-none\Lib\threading.py", line 1012, in run
    self._target(*self._args, **self._kwargs)
  File "C:\Users\66353\AppData\Roaming\uv\python\cpython-3.12-windows-x86_64-none\Lib\subprocess.py", line 1599, in _readerthread
    buffer.append(fh.read())
                  ^^^^^^^^^
  File "<frozen codecs>", line 322, in decode
UnicodeDecodeError: 'utf-8' codec can't decode byte 0xba in position 15: invalid start byte
[09:50:14] 腾讯实时异常: argument of type 'NoneType' is not iterable
[09:50:14] 取数失败 streak=20
[09:51:14] iFinD 实时 errorcode=-1010
Exception in thread Thread-41 (_readerthread):
Traceback (most recent call last):
  File "C:\Users\66353\AppData\Roaming\uv\python\cpython-3.12-windows-x86_64-none\Lib\threading.py", line 1075, in _bootstrap_inner
    self.run()
  File "C:\Users\66353\AppData\Roaming\uv\python\cpython-3.12-windows-x86_64-none\Lib\threading.py", line 1012, in run
    self._target(*self._args, **self._kwargs)
  File "C:\Users\66353\AppData\Roaming\uv\python\cpython-3.12-windows-x86_64-none\Lib\subprocess.py", line 1599, in _readerthread
    buffer.append(fh.read())
                  ^^^^^^^^^
  File "<frozen codecs>", line 322, in decode
UnicodeDecodeError: 'utf-8' codec can't decode byte 0xba in position 15: invalid start byte
[09:51:14] 腾讯实时异常: argument of type 'NoneType' is not iterable
[09:51:14] 取数失败 streak=21
[09:52:15] iFinD 实时 errorcode=-1010
Exception in thread Thread-43 (_readerthread):
Traceback (most recent call last):
  File "C:\Users\66353\AppData\Roaming\uv\python\cpython-3.12-windows-x86_64-none\Lib\threading.py", line 1075, in _bootstrap_inner
    self.run()
  File "C:\Users\66353\AppData\Roaming\uv\python\cpython-3.12-windows-x86_64-none\Lib\threading.py", line 1012, in run
    self._target(*self._args, **self._kwargs)
  File "C:\Users\66353\AppData\Roaming\uv\python\cpython-3.12-windows-x86_64-none\Lib\subprocess.py", line 1599, in _readerthread
    buffer.append(fh.read())
                  ^^^^^^^^^
  File "<frozen codecs>", line 322, in decode
UnicodeDecodeError: 'utf-8' codec can't decode byte 0xba in position 15: invalid start byte
[09:52:15] 腾讯实时异常: argument of type 'NoneType' is not iterable
[09:52:15] 取数失败 streak=22
[09:53:15] iFinD 实时 errorcode=-1010
Exception in thread Thread-45 (_readerthread):
Traceback (most recent call last):
  File "C:\Users\66353\AppData\Roaming\uv\python\cpython-3.12-windows-x86_64-none\Lib\threading.py", line 1075, in _bootstrap_inner
    self.run()
  File "C:\Users\66353\AppData\Roaming\uv\python\cpython-3.12-windows-x86_64-none\Lib\threading.py", line 1012, in run
    self._target(*self._args, **self._kwargs)
  File "C:\Users\66353\AppData\Roaming\uv\python\cpython-3.12-windows-x86_64-none\Lib\subprocess.py", line 1599, in _readerthread
    buffer.append(fh.read())
                  ^^^^^^^^^
  File "<frozen codecs>", line 322, in decode
UnicodeDecodeError: 'utf-8' codec can't decode byte 0xba in position 15: invalid start byte
[09:53:15] 腾讯实时异常: argument of type 'NoneType' is not iterable
[09:53:15] 取数失败 streak=23
[09:54:15] iFinD 实时 errorcode=-1010
Exception in thread Thread-47 (_readerthread):
Traceback (most recent call last):
  File "C:\Users\66353\AppData\Roaming\uv\python\cpython-3.12-windows-x86_64-none\Lib\threading.py", line 1075, in _bootstrap_inner
    self.run()
  File "C:\Users\66353\AppData\Roaming\uv\python\cpython-3.12-windows-x86_64-none\Lib\threading.py", line 1012, in run
    self._target(*self._args, **self._kwargs)
  File "C:\Users\66353\AppData\Roaming\uv\python\cpython-3.12-windows-x86_64-none\Lib\subprocess.py", line 1599, in _readerthread
    buffer.append(fh.read())
                  ^^^^^^^^^
  File "<frozen codecs>", line 322, in decode
UnicodeDecodeError: 'utf-8' codec can't decode byte 0xba in position 15: invalid start byte
[09:54:15] 腾讯实时异常: argument of type 'NoneType' is not iterable
[09:54:15] 取数失败 streak=24
[09:55:16] iFinD 实时 errorcode=-1010
Exception in thread Thread-49 (_readerthread):
Traceback (most recent call last):
  File "C:\Users\66353\AppData\Roaming\uv\python\cpython-3.12-windows-x86_64-none\Lib\threading.py", line 1075, in _bootstrap_inner
    self.run()
  File "C:\Users\66353\AppData\Roaming\uv\python\cpython-3.12-windows-x86_64-none\Lib\threading.py", line 1012, in run
    self._target(*self._args, **self._kwargs)
  File "C:\Users\66353\AppData\Roaming\uv\python\cpython-3.12-windows-x86_64-none\Lib\subprocess.py", line 1599, in _readerthread
    buffer.append(fh.read())
                  ^^^^^^^^^
  File "<frozen codecs>", line 322, in decode
UnicodeDecodeError: 'utf-8' codec can't decode byte 0xba in position 15: invalid start byte
[09:55:16] 腾讯实时异常: argument of type 'NoneType' is not iterable
[09:55:16] 取数失败 streak=25
[09:56:16] iFinD 实时 errorcode=-1010
Exception in thread Thread-51 (_readerthread):
Traceback (most recent call last):
  File "C:\Users\66353\AppData\Roaming\uv\python\cpython-3.12-windows-x86_64-none\Lib\threading.py", line 1075, in _bootstrap_inner
    self.run()
  File "C:\Users\66353\AppData\Roaming\uv\python\cpython-3.12-windows-x86_64-none\Lib\threading.py", line 1012, in run
    self._target(*self._args, **self._kwargs)
  File "C:\Users\66353\AppData\Roaming\uv\python\cpython-3.12-windows-x86_64-none\Lib\subprocess.py", line 1599, in _readerthread
    buffer.append(fh.read())
                  ^^^^^^^^^
  File "<frozen codecs>", line 322, in decode
UnicodeDecodeError: 'utf-8' codec can't decode byte 0xba in position 15: invalid start byte
[09:56:16] 腾讯实时异常: argument of type 'NoneType' is not iterable
[09:56:16] 取数失败 streak=26
[09:57:16] iFinD 实时 errorcode=-1010
Exception in thread Thread-53 (_readerthread):
Traceback (most recent call last):
  File "C:\Users\66353\AppData\Roaming\uv\python\cpython-3.12-windows-x86_64-none\Lib\threading.py", line 1075, in _bootstrap_inner
    self.run()
  File "C:\Users\66353\AppData\Roaming\uv\python\cpython-3.12-windows-x86_64-none\Lib\threading.py", line 1012, in run
    self._target(*self._args, **self._kwargs)
  File "C:\Users\66353\AppData\Roaming\uv\python\cpython-3.12-windows-x86_64-none\Lib\subprocess.py", line 1599, in _readerthread
    buffer.append(fh.read())
                  ^^^^^^^^^
  File "<frozen codecs>", line 322, in decode
UnicodeDecodeError: 'utf-8' codec can't decode byte 0xba in position 15: invalid start byte
[09:57:16] 腾讯实时异常: argument of type 'NoneType' is not iterable
[09:57:16] 取数失败 streak=27
[09:58:17] iFinD 实时 errorcode=-1010
Exception in thread Thread-55 (_readerthread):
Traceback (most recent call last):
  File "C:\Users\66353\AppData\Roaming\uv\python\cpython-3.12-windows-x86_64-none\Lib\threading.py", line 1075, in _bootstrap_inner
    self.run()
  File "C:\Users\66353\AppData\Roaming\uv\python\cpython-3.12-windows-x86_64-none\Lib\threading.py", line 1012, in run
    self._target(*self._args, **self._kwargs)
  File "C:\Users\66353\AppData\Roaming\uv\python\cpython-3.12-windows-x86_64-none\Lib\subprocess.py", line 1599, in _readerthread
    buffer.append(fh.read())
                  ^^^^^^^^^
  File "<frozen codecs>", line 322, in decode
UnicodeDecodeError: 'utf-8' codec can't decode byte 0xba in position 15: invalid start byte
[09:58:17] 腾讯实时异常: argument of type 'NoneType' is not iterable
[09:58:17] 取数失败 streak=28
[09:59:17] iFinD 实时 errorcode=-1010
Exception in thread Thread-57 (_readerthread):
Traceback (most recent call last):
  File "C:\Users\66353\AppData\Roaming\uv\python\cpython-3.12-windows-x86_64-none\Lib\threading.py", line 1075, in _bootstrap_inner
    self.run()
  File "C:\Users\66353\AppData\Roaming\uv\python\cpython-3.12-windows-x86_64-none\Lib\threading.py", line 1012, in run
    self._target(*self._args, **self._kwargs)
  File "C:\Users\66353\AppData\Roaming\uv\python\cpython-3.12-windows-x86_64-none\Lib\subprocess.py", line 1599, in _readerthread
    buffer.append(fh.read())
                  ^^^^^^^^^
  File "<frozen codecs>", line 322, in decode
UnicodeDecodeError: 'utf-8' codec can't decode byte 0xba in position 15: invalid start byte
[09:59:17] 腾讯实时异常: argument of type 'NoneType' is not iterable
[09:59:17] 取数失败 streak=29
[10:00:17] iFinD 实时 errorcode=-1010
Exception in thread Thread-59 (_readerthread):
Traceback (most recent call last):
  File "C:\Users\66353\AppData\Roaming\uv\python\cpython-3.12-windows-x86_64-none\Lib\threading.py", line 1075, in _bootstrap_inner
    self.run()
  File "C:\Users\66353\AppData\Roaming\uv\python\cpython-3.12-windows-x86_64-none\Lib\threading.py", line 1012, in run
    self._target(*self._args, **self._kwargs)
  File "C:\Users\66353\AppData\Roaming\uv\python\cpython-3.12-windows-x86_64-none\Lib\subprocess.py", line 1599, in _readerthread
    buffer.append(fh.read())
                  ^^^^^^^^^
  File "<frozen codecs>", line 322, in decode
UnicodeDecodeError: 'utf-8' codec can't decode byte 0xba in position 15: invalid start byte
[10:00:18] 腾讯实时异常: argument of type 'NoneType' is not iterable
[10:00:18] 取数失败 streak=30
[10:00:18] 连续30分钟全源失败, 报警退出
[09:14:13] 观察池=昨日涨停池 D:\股票数据\市场数据\20260908\zt_pool.csv (73只)
D:\股票数据\.venv312\Lib\site-packages\iFinDPy.pth
[09:14:16] iFinD login rc=0
[09:14:16] 连续段启动
[09:31:06] iFinD 实时 errorcode=-1010
Exception in thread Thread-1 (_readerthread):
Traceback (most recent call last):
  File "C:\Users\66353\AppData\Roaming\uv\python\cpython-3.12-windows-x86_64-none\Lib\threading.py", line 1075, in _bootstrap_inner
    self.run()
  File "C:\Users\66353\AppData\Roaming\uv\python\cpython-3.12-windows-x86_64-none\Lib\threading.py", line 1012, in run
    self._target(*self._args, **self._kwargs)
  File "C:\Users\66353\AppData\Roaming\uv\python\cpython-3.12-windows-x86_64-none\Lib\subprocess.py", line 1599, in _readerthread
    buffer.append(fh.read())
                  ^^^^^^^^^
  File "<frozen codecs>", line 322, in decode
UnicodeDecodeError: 'utf-8' codec can't decode byte 0xba in position 15: invalid start byte
[09:31:06] 腾讯实时异常: argument of type 'NoneType' is not iterable
[09:31:06] 取数失败 streak=1
[09:32:07] iFinD 实时 errorcode=-1010
Exception in thread Thread-3 (_readerthread):
Traceback (most recent call last):
  File "C:\Users\66353\AppData\Roaming\uv\python\cpython-3.12-windows-x86_64-none\Lib\threading.py", line 1075, in _bootstrap_inner
    self.run()
  File "C:\Users\66353\AppData\Roaming\uv\python\cpython-3.12-windows-x86_64-none\Lib\threading.py", line 1012, in run
    self._target(*self._args, **self._kwargs)
  File "C:\Users\66353\AppData\Roaming\uv\python\cpython-3.12-windows-x86_64-none\Lib\subprocess.py", line 1599, in _readerthread
    buffer.append(fh.read())
                  ^^^^^^^^^
  File "<frozen codecs>", line 322, in decode
UnicodeDecodeError: 'utf-8' codec can't decode byte 0xba in position 15: invalid start byte
[09:32:07] 腾讯实时异常: argument of type 'NoneType' is not iterable
[09:32:07] 取数失败 streak=2
[09:33:07] iFinD 实时 errorcode=-1010
Exception in thread Thread-5 (_readerthread):
Traceback (most recent call last):
  File "C:\Users\66353\AppData\Roaming\uv\python\cpython-3.12-windows-x86_64-none\Lib\threading.py", line 1075, in _bootstrap_inner
    self.run()
  File "C:\Users\66353\AppData\Roaming\uv\python\cpython-3.12-windows-x86_64-none\Lib\threading.py", line 1012, in run
    self._target(*self._args, **self._kwargs)
  File "C:\Users\66353\AppData\Roaming\uv\python\cpython-3.12-windows-x86_64-none\Lib\subprocess.py", line 1599, in _readerthread
    buffer.append(fh.read())
                  ^^^^^^^^^
  File "<frozen codecs>", line 322, in decode
UnicodeDecodeError: 'utf-8' codec can't decode byte 0xba in position 15: invalid start byte
[09:33:07] 腾讯实时异常: argument of type 'NoneType' is not iterable
[09:33:07] 取数失败 streak=3
[09:34:07] iFinD 实时 errorcode=-1010
Exception in thread Thread-7 (_readerthread):
Traceback (most recent call last):
  File "C:\Users\66353\AppData\Roaming\uv\python\cpython-3.12-windows-x86_64-none\Lib\threading.py", line 1075, in _bootstrap_inner
    self.run()
  File "C:\Users\66353\AppData\Roaming\uv\python\cpython-3.12-windows-x86_64-none\Lib\threading.py", line 1012, in run
    self._target(*self._args, **self._kwargs)
  File "C:\Users\66353\AppData\Roaming\uv\python\cpython-3.12-windows-x86_64-none\Lib\subprocess.py", line 1599, in _readerthread
    buffer.append(fh.read())
                  ^^^^^^^^^
  File "<frozen codecs>", line 322, in decode
UnicodeDecodeError: 'utf-8' codec can't decode byte 0xba in position 15: invalid start byte
[09:34:08] 腾讯实时异常: argument of type 'NoneType' is not iterable
[09:34:08] 取数失败 streak=4
[09:35:08] iFinD 实时 errorcode=-1010
Exception in thread Thread-9 (_readerthread):
Traceback (most recent call last):
  File "C:\Users\66353\AppData\Roaming\uv\python\cpython-3.12-windows-x86_64-none\Lib\threading.py", line 1075, in _bootstrap_inner
    self.run()
  File "C:\Users\66353\AppData\Roaming\uv\python\cpython-3.12-windows-x86_64-none\Lib\threading.py", line 1012, in run
    self._target(*self._args, **self._kwargs)
  File "C:\Users\66353\AppData\Roaming\uv\python\cpython-3.12-windows-x86_64-none\Lib\subprocess.py", line 1599, in _readerthread
    buffer.append(fh.read())
                  ^^^^^^^^^
  File "<frozen codecs>", line 322, in decode
UnicodeDecodeError: 'utf-8' codec can't decode byte 0xba in position 15: invalid start byte
[09:35:08] 腾讯实时异常: argument of type 'NoneType' is not iterable
[09:35:08] 取数失败 streak=5
[09:36:08] iFinD 实时 errorcode=-1010
Exception in thread Thread-11 (_readerthread):
Traceback (most recent call last):
  File "C:\Users\66353\AppData\Roaming\uv\python\cpython-3.12-windows-x86_64-none\Lib\threading.py", line 1075, in _bootstrap_inner
    self.run()
  File "C:\Users\66353\AppData\Roaming\uv\python\cpython-3.12-windows-x86_64-none\Lib\threading.py", line 1012, in run
    self._target(*self._args, **self._kwargs)
  File "C:\Users\66353\AppData\Roaming\uv\python\cpython-3.12-windows-x86_64-none\Lib\subprocess.py", line 1599, in _readerthread
    buffer.append(fh.read())
                  ^^^^^^^^^
  File "<frozen codecs>", line 322, in decode
UnicodeDecodeError: 'utf-8' codec can't decode byte 0xba in position 15: invalid start byte
[09:36:08] 腾讯实时异常: argument of type 'NoneType' is not iterable
[09:36:08] 取数失败 streak=6
[09:37:09] iFinD 实时 errorcode=-1010
Exception in thread Thread-13 (_readerthread):
Traceback (most recent call last):
  File "C:\Users\66353\AppData\Roaming\uv\python\cpython-3.12-windows-x86_64-none\Lib\threading.py", line 1075, in _bootstrap_inner
    self.run()
  File "C:\Users\66353\AppData\Roaming\uv\python\cpython-3.12-windows-x86_64-none\Lib\threading.py", line 1012, in run
    self._target(*self._args, **self._kwargs)
  File "C:\Users\66353\AppData\Roaming\uv\python\cpython-3.12-windows-x86_64-none\Lib\subprocess.py", line 1599, in _readerthread
    buffer.append(fh.read())
                  ^^^^^^^^^
  File "<frozen codecs>", line 322, in decode
UnicodeDecodeError: 'utf-8' codec can't decode byte 0xba in position 15: invalid start byte
[09:37:10] 腾讯实时异常: argument of type 'NoneType' is not iterable
[09:37:10] 取数失败 streak=7
[09:38:10] iFinD 实时 errorcode=-1010
Exception in thread Thread-15 (_readerthread):
Traceback (most recent call last):
  File "C:\Users\66353\AppData\Roaming\uv\python\cpython-3.12-windows-x86_64-none\Lib\threading.py", line 1075, in _bootstrap_inner
    self.run()
  File "C:\Users\66353\AppData\Roaming\uv\python\cpython-3.12-windows-x86_64-none\Lib\threading.py", line 1012, in run
    self._target(*self._args, **self._kwargs)
  File "C:\Users\66353\AppData\Roaming\uv\python\cpython-3.12-windows-x86_64-none\Lib\subprocess.py", line 1599, in _readerthread
    buffer.append(fh.read())
                  ^^^^^^^^^
  File "<frozen codecs>", line 322, in decode
UnicodeDecodeError: 'utf-8' codec can't decode byte 0xba in position 15: invalid start byte
[09:38:10] 腾讯实时异常: argument of type 'NoneType' is not iterable
[09:38:10] 取数失败 streak=8
[09:39:10] iFinD 实时 errorcode=-1010
Exception in thread Thread-17 (_readerthread):
Traceback (most recent call last):
  File "C:\Users\66353\AppData\Roaming\uv\python\cpython-3.12-windows-x86_64-none\Lib\threading.py", line 1075, in _bootstrap_inner
    self.run()
  File "C:\Users\66353\AppData\Roaming\uv\python\cpython-3.12-windows-x86_64-none\Lib\threading.py", line 1012, in run
    self._target(*self._args, **self._kwargs)
  File "C:\Users\66353\AppData\Roaming\uv\python\cpython-3.12-windows-x86_64-none\Lib\subprocess.py", line 1599, in _readerthread
    buffer.append(fh.read())
                  ^^^^^^^^^
  File "<frozen codecs>", line 322, in decode
UnicodeDecodeError: 'utf-8' codec can't decode byte 0xba in position 15: invalid start byte
[09:39:10] 腾讯实时异常: argument of type 'NoneType' is not iterable
[09:39:10] 取数失败 streak=9
[09:40:10] iFinD 实时 errorcode=-1010
Exception in thread Thread-19 (_readerthread):
Traceback (most recent call last):
  File "C:\Users\66353\AppData\Roaming\uv\python\cpython-3.12-windows-x86_64-none\Lib\threading.py", line 1075, in _bootstrap_inner
    self.run()
  File "C:\Users\66353\AppData\Roaming\uv\python\cpython-3.12-windows-x86_64-none\Lib\threading.py", line 1012, in run
    self._target(*self._args, **self._kwargs)
  File "C:\Users\66353\AppData\Roaming\uv\python\cpython-3.12-windows-x86_64-none\Lib\subprocess.py", line 1599, in _readerthread
    buffer.append(fh.read())
                  ^^^^^^^^^
  File "<frozen codecs>", line 322, in decode
UnicodeDecodeError: 'utf-8' codec can't decode byte 0xba in position 15: invalid start byte
[09:40:11] 腾讯实时异常: argument of type 'NoneType' is not iterable
[09:40:11] 取数失败 streak=10
[09:41:11] iFinD 实时 errorcode=-1010
Exception in thread Thread-21 (_readerthread):
Traceback (most recent call last):
  File "C:\Users\66353\AppData\Roaming\uv\python\cpython-3.12-windows-x86_64-none\Lib\threading.py", line 1075, in _bootstrap_inner
    self.run()
  File "C:\Users\66353\AppData\Roaming\uv\python\cpython-3.12-windows-x86_64-none\Lib\threading.py", line 1012, in run
    self._target(*self._args, **self._kwargs)
  File "C:\Users\66353\AppData\Roaming\uv\python\cpython-3.12-windows-x86_64-none\Lib\subprocess.py", line 1599, in _readerthread
    buffer.append(fh.read())
                  ^^^^^^^^^
  File "<frozen codecs>", line 322, in decode
UnicodeDecodeError: 'utf-8' codec can't decode byte 0xba in position 15: invalid start byte
[09:41:11] 腾讯实时异常: argument of type 'NoneType' is not iterable
[09:41:11] 取数失败 streak=11
[09:42:11] iFinD 实时 errorcode=-1010
Exception in thread Thread-23 (_readerthread):
Traceback (most recent call last):
  File "C:\Users\66353\AppData\Roaming\uv\python\cpython-3.12-windows-x86_64-none\Lib\threading.py", line 1075, in _bootstrap_inner
    self.run()
  File "C:\Users\66353\AppData\Roaming\uv\python\cpython-3.12-windows-x86_64-none\Lib\threading.py", line 1012, in run
    self._target(*self._args, **self._kwargs)
  File "C:\Users\66353\AppData\Roaming\uv\python\cpython-3.12-windows-x86_64-none\Lib\subprocess.py", line 1599, in _readerthread
    buffer.append(fh.read())
                  ^^^^^^^^^
  File "<frozen codecs>", line 322, in decode
UnicodeDecodeError: 'utf-8' codec can't decode byte 0xba in position 15: invalid start byte
[09:42:11] 腾讯实时异常: argument of type 'NoneType' is not iterable
[09:42:11] 取数失败 streak=12
[09:43:11] iFinD 实时 errorcode=-1010
Exception in thread Thread-25 (_readerthread):
Traceback (most recent call last):
  File "C:\Users\66353\AppData\Roaming\uv\python\cpython-3.12-windows-x86_64-none\Lib\threading.py", line 1075, in _bootstrap_inner
    self.run()
  File "C:\Users\66353\AppData\Roaming\uv\python\cpython-3.12-windows-x86_64-none\Lib\threading.py", line 1012, in run
    self._target(*self._args, **self._kwargs)
  File "C:\Users\66353\AppData\Roaming\uv\python\cpython-3.12-windows-x86_64-none\Lib\subprocess.py", line 1599, in _readerthread
    buffer.append(fh.read())
                  ^^^^^^^^^
  File "<frozen codecs>", line 322, in decode
UnicodeDecodeError: 'utf-8' codec can't decode byte 0xba in position 15: invalid start byte
[09:43:12] 腾讯实时异常: argument of type 'NoneType' is not iterable
[09:43:12] 取数失败 streak=13
[09:44:12] iFinD 实时 errorcode=-1010
Exception in thread Thread-27 (_readerthread):
Traceback (most recent call last):
  File "C:\Users\66353\AppData\Roaming\uv\python\cpython-3.12-windows-x86_64-none\Lib\threading.py", line 1075, in _bootstrap_inner
    self.run()
  File "C:\Users\66353\AppData\Roaming\uv\python\cpython-3.12-windows-x86_64-none\Lib\threading.py", line 1012, in run
    self._target(*self._args, **self._kwargs)
  File "C:\Users\66353\AppData\Roaming\uv\python\cpython-3.12-windows-x86_64-none\Lib\subprocess.py", line 1599, in _readerthread
    buffer.append(fh.read())
                  ^^^^^^^^^
  File "<frozen codecs>", line 322, in decode
UnicodeDecodeError: 'utf-8' codec can't decode byte 0xba in position 15: invalid start byte
[09:44:12] 腾讯实时异常: argument of type 'NoneType' is not iterable
[09:44:12] 取数失败 streak=14
[09:45:12] iFinD 实时 errorcode=-1010
Exception in thread Thread-29 (_readerthread):
Traceback (most recent call last):
  File "C:\Users\66353\AppData\Roaming\uv\python\cpython-3.12-windows-x86_64-none\Lib\threading.py", line 1075, in _bootstrap_inner
    self.run()
  File "C:\Users\66353\AppData\Roaming\uv\python\cpython-3.12-windows-x86_64-none\Lib\threading.py", line 1012, in run
    self._target(*self._args, **self._kwargs)
  File "C:\Users\66353\AppData\Roaming\uv\python\cpython-3.12-windows-x86_64-none\Lib\subprocess.py", line 1599, in _readerthread
    buffer.append(fh.read())
                  ^^^^^^^^^
  File "<frozen codecs>", line 322, in decode
UnicodeDecodeError: 'utf-8' codec can't decode byte 0xba in position 15: invalid start byte
[09:45:12] 腾讯实时异常: argument of type 'NoneType' is not iterable
[09:45:12] 取数失败 streak=15
[09:46:12] iFinD 实时 errorcode=-1010
Exception in thread Thread-31 (_readerthread):
Traceback (most recent call last):
  File "C:\Users\66353\AppData\Roaming\uv\python\cpython-3.12-windows-x86_64-none\Lib\threading.py", line 1075, in _bootstrap_inner
    self.run()
  File "C:\Users\66353\AppData\Roaming\uv\python\cpython-3.12-windows-x86_64-none\Lib\threading.py", line 1012, in run
    self._target(*self._args, **self._kwargs)
  File "C:\Users\66353\AppData\Roaming\uv\python\cpython-3.12-windows-x86_64-none\Lib\subprocess.py", line 1599, in _readerthread
    buffer.append(fh.read())
                  ^^^^^^^^^
  File "<frozen codecs>", line 322, in decode
UnicodeDecodeError: 'utf-8' codec can't decode byte 0xba in position 15: invalid start byte
[09:46:13] 腾讯实时异常: argument of type 'NoneType' is not iterable
[09:46:13] 取数失败 streak=16
[09:47:13] iFinD 实时 errorcode=-1010
Exception in thread Thread-33 (_readerthread):
Traceback (most recent call last):
  File "C:\Users\66353\AppData\Roaming\uv\python\cpython-3.12-windows-x86_64-none\Lib\threading.py", line 1075, in _bootstrap_inner
    self.run()
  File "C:\Users\66353\AppData\Roaming\uv\python\cpython-3.12-windows-x86_64-none\Lib\threading.py", line 1012, in run
    self._target(*self._args, **self._kwargs)
  File "C:\Users\66353\AppData\Roaming\uv\python\cpython-3.12-windows-x86_64-none\Lib\subprocess.py", line 1599, in _readerthread
    buffer.append(fh.read())
                  ^^^^^^^^^
  File "<frozen codecs>", line 322, in decode
UnicodeDecodeError: 'utf-8' codec can't decode byte 0xba in position 15: invalid start byte
[09:47:13] 腾讯实时异常: argument of type 'NoneType' is not iterable
[09:47:13] 取数失败 streak=17
[09:48:13] iFinD 实时 errorcode=-1010
Exception in thread Thread-35 (_readerthread):
Traceback (most recent call last):
  File "C:\Users\66353\AppData\Roaming\uv\python\cpython-3.12-windows-x86_64-none\Lib\threading.py", line 1075, in _bootstrap_inner
    self.run()
  File "C:\Users\66353\AppData\Roaming\uv\python\cpython-3.12-windows-x86_64-none\Lib\threading.py", line 1012, in run
    self._target(*self._args, **self._kwargs)
  File "C:\Users\66353\AppData\Roaming\uv\python\cpython-3.12-windows-x86_64-none\Lib\subprocess.py", line 1599, in _readerthread
    buffer.append(fh.read())
                  ^^^^^^^^^
  File "<frozen codecs>", line 322, in decode
UnicodeDecodeError: 'utf-8' codec can't decode byte 0xba in position 15: invalid start byte
[09:48:13] 腾讯实时异常: argument of type 'NoneType' is not iterable
[09:48:13] 取数失败 streak=18
[09:49:14] iFinD 实时 errorcode=-1010
Exception in thread Thread-37 (_readerthread):
Traceback (most recent call last):
  File "C:\Users\66353\AppData\Roaming\uv\python\cpython-3.12-windows-x86_64-none\Lib\threading.py", line 1075, in _bootstrap_inner
    self.run()
  File "C:\Users\66353\AppData\Roaming\uv\python\cpython-3.12-windows-x86_64-none\Lib\threading.py", line 1012, in run
    self._target(*self._args, **self._kwargs)
  File "C:\Users\66353\AppData\Roaming\uv\python\cpython-3.12-windows-x86_64-none\Lib\subprocess.py", line 1599, in _readerthread
    buffer.append(fh.read())
                  ^^^^^^^^^
  File "<frozen codecs>", line 322, in decode
UnicodeDecodeError: 'utf-8' codec can't decode byte 0xba in position 15: invalid start byte
[09:49:14] 腾讯实时异常: argument of type 'NoneType' is not iterable
[09:49:14] 取数失败 streak=19
[09:50:14] iFinD 实时 errorcode=-1010
Exception in thread Thread-39 (_readerthread):
Traceback (most recent call last):
  File "C:\Users\66353\AppData\Roaming\uv\python\cpython-3.12-windows-x86_64-none\Lib\threading.py", line 1075, in _bootstrap_inner
    self.run()
  File "C:\Users\66353\AppData\Roaming\uv\python\cpython-3.12-windows-x86_64-none\Lib\threading.py", line 1012, in run
    self._target(*self._args, **self._kwargs)
  File "C:\Users\66353\AppData\Roaming\uv\python\cpython-3.12-windows-x86_64-none\Lib\subprocess.py", line 1599, in _readerthread
    buffer.append(fh.read())
                  ^^^^^^^^^
  File "<frozen codecs>", line 322, in decode
UnicodeDecodeError: 'utf-8' codec can't decode byte 0xba in position 15: invalid start byte
[09:50:14] 腾讯实时异常: argument of type 'NoneType' is not iterable
[09:50:14] 取数失败 streak=20
[09:51:14] iFinD 实时 errorcode=-1010
Exception in thread Thread-41 (_readerthread):
Traceback (most recent call last):
  File "C:\Users\66353\AppData\Roaming\uv\python\cpython-3.12-windows-x86_64-none\Lib\threading.py", line 1075, in _bootstrap_inner
    self.run()
  File "C:\Users\66353\AppData\Roaming\uv\python\cpython-3.12-windows-x86_64-none\Lib\threading.py", line 1012, in run
    self._target(*self._args, **self._kwargs)
  File "C:\Users\66353\AppData\Roaming\uv\python\cpython-3.12-windows-x86_64-none\Lib\subprocess.py", line 1599, in _readerthread
    buffer.append(fh.read())
                  ^^^^^^^^^
  File "<frozen codecs>", line 322, in decode
UnicodeDecodeError: 'utf-8' codec can't decode byte 0xba in position 15: invalid start byte
[09:51:15] 腾讯实时异常: argument of type 'NoneType' is not iterable
[09:51:15] 取数失败 streak=21
[09:52:15] iFinD 实时 errorcode=-1010
Exception in thread Thread-43 (_readerthread):
Traceback (most recent call last):
  File "C:\Users\66353\AppData\Roaming\uv\python\cpython-3.12-windows-x86_64-none\Lib\threading.py", line 1075, in _bootstrap_inner
    self.run()
  File "C:\Users\66353\AppData\Roaming\uv\python\cpython-3.12-windows-x86_64-none\Lib\threading.py", line 1012, in run
    self._target(*self._args, **self._kwargs)
  File "C:\Users\66353\AppData\Roaming\uv\python\cpython-3.12-windows-x86_64-none\Lib\subprocess.py", line 1599, in _readerthread
    buffer.append(fh.read())
                  ^^^^^^^^^
  File "<frozen codecs>", line 322, in decode
UnicodeDecodeError: 'utf-8' codec can't decode byte 0xba in position 15: invalid start byte
[09:52:15] 腾讯实时异常: argument of type 'NoneType' is not iterable
[09:52:15] 取数失败 streak=22
[09:53:15] iFinD 实时 errorcode=-1010
Exception in thread Thread-45 (_readerthread):
Traceback (most recent call last):
  File "C:\Users\66353\AppData\Roaming\uv\python\cpython-3.12-windows-x86_64-none\Lib\threading.py", line 1075, in _bootstrap_inner
    self.run()
  File "C:\Users\66353\AppData\Roaming\uv\python\cpython-3.12-windows-x86_64-none\Lib\threading.py", line 1012, in run
    self._target(*self._args, **self._kwargs)
  File "C:\Users\66353\AppData\Roaming\uv\python\cpython-3.12-windows-x86_64-none\Lib\subprocess.py", line 1599, in _readerthread
    buffer.append(fh.read())
                  ^^^^^^^^^
  File "<frozen codecs>", line 322, in decode
UnicodeDecodeError: 'utf-8' codec can't decode byte 0xba in position 15: invalid start byte
[09:53:16] 腾讯实时异常: argument of type 'NoneType' is not iterable
[09:53:16] 取数失败 streak=23
[09:54:16] iFinD 实时 errorcode=-1010
Exception in thread Thread-47 (_readerthread):
Traceback (most recent call last):
  File "C:\Users\66353\AppData\Roaming\uv\python\cpython-3.12-windows-x86_64-none\Lib\threading.py", line 1075, in _bootstrap_inner
    self.run()
  File "C:\Users\66353\AppData\Roaming\uv\python\cpython-3.12-windows-x86_64-none\Lib\threading.py", line 1012, in run
    self._target(*self._args, **self._kwargs)
  File "C:\Users\66353\AppData\Roaming\uv\python\cpython-3.12-windows-x86_64-none\Lib\subprocess.py", line 1599, in _readerthread
    buffer.append(fh.read())
                  ^^^^^^^^^
  File "<frozen codecs>", line 322, in decode
UnicodeDecodeError: 'utf-8' codec can't decode byte 0xba in position 15: invalid start byte
[09:54:16] 腾讯实时异常: argument of type 'NoneType' is not iterable
[09:54:16] 取数失败 streak=24
[09:55:16] iFinD 实时 errorcode=-1010
Exception in thread Thread-49 (_readerthread):
Traceback (most recent call last):
  File "C:\Users\66353\AppData\Roaming\uv\python\cpython-3.12-windows-x86_64-none\Lib\threading.py", line 1075, in _bootstrap_inner
    self.run()
  File "C:\Users\66353\AppData\Roaming\uv\python\cpython-3.12-windows-x86_64-none\Lib\threading.py", line 1012, in run
    self._target(*self._args, **self._kwargs)
  File "C:\Users\66353\AppData\Roaming\uv\python\cpython-3.12-windows-x86_64-none\Lib\subprocess.py", line 1599, in _readerthread
    buffer.append(fh.read())
                  ^^^^^^^^^
  File "<frozen codecs>", line 322, in decode
UnicodeDecodeError: 'utf-8' codec can't decode byte 0xba in position 15: invalid start byte
[09:55:16] 腾讯实时异常: argument of type 'NoneType' is not iterable
[09:55:16] 取数失败 streak=25
[09:56:16] iFinD 实时 errorcode=-1010
Exception in thread Thread-51 (_readerthread):
Traceback (most recent call last):
  File "C:\Users\66353\AppData\Roaming\uv\python\cpython-3.12-windows-x86_64-none\Lib\threading.py", line 1075, in _bootstrap_inner
    self.run()
  File "C:\Users\66353\AppData\Roaming\uv\python\cpython-3.12-windows-x86_64-none\Lib\threading.py", line 1012, in run
    self._target(*self._args, **self._kwargs)
  File "C:\Users\66353\AppData\Roaming\uv\python\cpython-3.12-windows-x86_64-none\Lib\subprocess.py", line 1599, in _readerthread
    buffer.append(fh.read())
                  ^^^^^^^^^
  File "<frozen codecs>", line 322, in decode
UnicodeDecodeError: 'utf-8' codec can't decode byte 0xba in position 15: invalid start byte
[09:56:16] 腾讯实时异常: argument of type 'NoneType' is not iterable
[09:56:16] 取数失败 streak=26
[09:57:16] iFinD 实时 errorcode=-1010
Exception in thread Thread-53 (_readerthread):
Traceback (most recent call last):
  File "C:\Users\66353\AppData\Roaming\uv\python\cpython-3.12-windows-x86_64-none\Lib\threading.py", line 1075, in _bootstrap_inner
    self.run()
  File "C:\Users\66353\AppData\Roaming\uv\python\cpython-3.12-windows-x86_64-none\Lib\threading.py", line 1012, in run
    self._target(*self._args, **self._kwargs)
  File "C:\Users\66353\AppData\Roaming\uv\python\cpython-3.12-windows-x86_64-none\Lib\subprocess.py", line 1599, in _readerthread
    buffer.append(fh.read())
                  ^^^^^^^^^
  File "<frozen codecs>", line 322, in decode
UnicodeDecodeError: 'utf-8' codec can't decode byte 0xba in position 15: invalid start byte
[09:57:17] 腾讯实时异常: argument of type 'NoneType' is not iterable
[09:57:17] 取数失败 streak=27
[09:58:17] iFinD 实时 errorcode=-1010
Exception in thread Thread-55 (_readerthread):
Traceback (most recent call last):
  File "C:\Users\66353\AppData\Roaming\uv\python\cpython-3.12-windows-x86_64-none\Lib\threading.py", line 1075, in _bootstrap_inner
    self.run()
  File "C:\Users\66353\AppData\Roaming\uv\python\cpython-3.12-windows-x86_64-none\Lib\threading.py", line 1012, in run
    self._target(*self._args, **self._kwargs)
  File "C:\Users\66353\AppData\Roaming\uv\python\cpython-3.12-windows-x86_64-none\Lib\subprocess.py", line 1599, in _readerthread
    buffer.append(fh.read())
                  ^^^^^^^^^
  File "<frozen codecs>", line 322, in decode
UnicodeDecodeError: 'utf-8' codec can't decode byte 0xba in position 15: invalid start byte
[09:58:17] 腾讯实时异常: argument of type 'NoneType' is not iterable
[09:58:17] 取数失败 streak=28
[09:59:17] iFinD 实时 errorcode=-1010
Exception in thread Thread-57 (_readerthread):
Traceback (most recent call last):
  File "C:\Users\66353\AppData\Roaming\uv\python\cpython-3.12-windows-x86_64-none\Lib\threading.py", line 1075, in _bootstrap_inner
    self.run()
  File "C:\Users\66353\AppData\Roaming\uv\python\cpython-3.12-windows-x86_64-none\Lib\threading.py", line 1012, in run
    self._target(*self._args, **self._kwargs)
  File "C:\Users\66353\AppData\Roaming\uv\python\cpython-3.12-windows-x86_64-none\Lib\subprocess.py", line 1599, in _readerthread
    buffer.append(fh.read())
                  ^^^^^^^^^
  File "<frozen codecs>", line 322, in decode
UnicodeDecodeError: 'utf-8' codec can't decode byte 0xba in position 15: invalid start byte
[09:59:17] 腾讯实时异常: argument of type 'NoneType' is not iterable
[09:59:17] 取数失败 streak=29
[10:00:17] iFinD 实时 errorcode=-1010
Exception in thread Thread-59 (_readerthread):
Traceback (most recent call last):
  File "C:\Users\66353\AppData\Roaming\uv\python\cpython-3.12-windows-x86_64-none\Lib\threading.py", line 1075, in _bootstrap_inner
    self.run()
  File "C:\Users\66353\AppData\Roaming\uv\python\cpython-3.12-windows-x86_64-none\Lib\threading.py", line 1012, in run
    self._target(*self._args, **self._kwargs)
  File "C:\Users\66353\AppData\Roaming\uv\python\cpython-3.12-windows-x86_64-none\Lib\subprocess.py", line 1599, in _readerthread
    buffer.append(fh.read())
                  ^^^^^^^^^
  File "<frozen codecs>", line 322, in decode
UnicodeDecodeError: 'utf-8' codec can't decode byte 0xba in position 15: invalid start byte
[10:00:18] 腾讯实时异常: argument of type 'NoneType' is not iterable
[10:00:18] 取数失败 streak=30
[10:00:18] 连续30分钟全源失败, 报警退出
[09:14:44] 观察池=指数兜底(上证+沪深300+创业板)
D:\股票数据\.venv312\Lib\site-packages\iFinDPy.pth
[09:14:50] iFinD login rc=0
[09:14:50] 连续段启动
[09:31:00] iFinD 实时 errorcode=-1010
[09:31:01] 取数失败 streak=1
[09:32:01] iFinD 实时 errorcode=-1010
[09:32:01] 取数失败 streak=2
[09:33:01] iFinD 实时 errorcode=-1010
[09:33:01] 取数失败 streak=3
[09:34:02] iFinD 实时 errorcode=-1010
[09:34:02] 取数失败 streak=4
[09:35:10] iFinD 实时 errorcode=-1010
[09:35:10] 取数失败 streak=5
[09:36:10] iFinD 实时 errorcode=-1010
[09:36:10] 取数失败 streak=6
[09:37:11] iFinD 实时 errorcode=-1010
[09:37:11] 取数失败 streak=7
[09:38:11] iFinD 实时 errorcode=-1010
[09:38:11] 取数失败 streak=8
[09:39:11] iFinD 实时 errorcode=-1010
[09:39:12] 取数失败 streak=9
[09:40:12] iFinD 实时 errorcode=-1010
[09:40:12] 取数失败 streak=10
[09:41:12] iFinD 实时 errorcode=-1010
[09:41:12] 取数失败 streak=11
[09:42:13] iFinD 实时 errorcode=-1010
[09:42:13] 取数失败 streak=12
[09:43:13] iFinD 实时 errorcode=-1010
[09:43:13] 取数失败 streak=13
[09:44:13] iFinD 实时 errorcode=-1010
[09:44:13] 取数失败 streak=14
[09:45:13] iFinD 实时 errorcode=-1010
[09:45:14] 取数失败 streak=15
[09:46:14] iFinD 实时 errorcode=-1010
[09:46:14] 取数失败 streak=16
[09:47:14] iFinD 实时 errorcode=-1010
[09:47:14] 取数失败 streak=17
[09:48:14] iFinD 实时 errorcode=-1010
[09:48:15] 取数失败 streak=18
[09:49:15] iFinD 实时 errorcode=-1010
[09:49:15] 取数失败 streak=19
[09:50:16] iFinD 实时 errorcode=-1010
[09:50:16] 取数失败 streak=20
[09:51:16] iFinD 实时 errorcode=-1010
[09:51:16] 取数失败 streak=21
[09:52:20] iFinD 实时 errorcode=-1010
[09:52:20] 取数失败 streak=22
[09:53:20] iFinD 实时 errorcode=-1010
[09:53:20] 取数失败 streak=23
[09:54:20] iFinD 实时 errorcode=-1010
[09:54:20] 取数失败 streak=24
[09:55:21] iFinD 实时 errorcode=-1010
[09:55:21] 取数失败 streak=25
[09:56:21] iFinD 实时 errorcode=-1010
[09:56:21] 取数失败 streak=26
[09:57:22] iFinD 实时 errorcode=-1010
[09:57:22] 取数失败 streak=27
[09:58:22] iFinD 实时 errorcode=-1010
[09:58:22] 取数失败 streak=28
[09:59:22] iFinD 实时 errorcode=-1010
[09:59:22] 取数失败 streak=29
[10:00:23] iFinD 实时 errorcode=-1010
[10:00:23] 取数失败 streak=30
[10:00:23] 连续30分钟全源失败, 报警退出
[09:14:49] 观察池=指数兜底(上证+沪深300+创业板)
D:\股票数据\.venv312\Lib\site-packages\iFinDPy.pth
[09:15:00] iFinD login rc=0
[09:15:00] 竞价段启动 3只
[09:15:00] 竞价tick 09:15 源=iFinD
[09:15:20] 竞价tick 09:15 源=iFinD
[09:15:42] 竞价tick 09:15 源=iFinD
[09:16:02] 竞价tick 09:16 源=iFinD
[09:16:22] 竞价tick 09:16 源=iFinD
[09:16:43] 竞价tick 09:16 源=iFinD
[09:17:03] 竞价tick 09:17 源=iFinD
[09:17:23] 竞价tick 09:17 源=iFinD
[09:17:43] 竞价tick 09:17 源=iFinD
[09:18:04] 竞价tick 09:18 源=iFinD
[09:18:24] 竞价tick 09:18 源=iFinD
[09:18:44] 竞价tick 09:18 源=iFinD
[09:19:05] 竞价tick 09:19 源=iFinD
[09:19:25] 竞价tick 09:19 源=iFinD
[09:19:45] 竞价tick 09:19 源=iFinD
[09:20:05] 竞价tick 09:20 源=iFinD
[09:20:26] 竞价tick 09:20 源=iFinD
[09:20:46] 竞价tick 09:20 源=iFinD
[09:21:06] 竞价tick 09:21 源=iFinD
[09:21:26] 竞价tick 09:21 源=iFinD
[09:21:46] 竞价tick 09:21 源=iFinD
[09:22:07] 竞价tick 09:22 源=iFinD
[09:22:27] 竞价tick 09:22 源=iFinD
[09:22:47] 竞价tick 09:22 源=iFinD
[09:23:08] 竞价tick 09:23 源=iFinD
[09:23:28] 竞价tick 09:23 源=iFinD
[09:23:48] 竞价tick 09:23 源=iFinD
[09:24:08] 竞价tick 09:24 源=iFinD
[09:24:29] 竞价tick 09:24 源=iFinD
[09:24:49] 竞价tick 09:24 源=iFinD
[09:25:09] 竞价tick 09:25 源=iFinD
[09:25:29] 竞价tick 09:25 源=iFinD
[09:25:50] 竞价tick 09:25 源=iFinD
[09:26:10] 竞价段结束
[09:26:10] 连续段启动
[09:31:00] iFinD 实时 errorcode=-1010
[09:31:00] 取数失败 streak=1
[09:32:01] iFinD 实时 errorcode=-1010
[09:32:01] 取数失败 streak=2
[09:33:01] iFinD 实时 errorcode=-1010
[09:33:01] 取数失败 streak=3
[09:34:01] iFinD 实时 errorcode=-1010
[09:34:02] 取数失败 streak=4
[09:35:02] iFinD 实时 errorcode=-1010
[09:35:02] 取数失败 streak=5
[09:36:02] iFinD 实时 errorcode=-1010
[09:36:02] 取数失败 streak=6
[09:37:02] iFinD 实时 errorcode=-1010
[09:37:02] 取数失败 streak=7
[09:38:03] iFinD 实时 errorcode=-1010
[09:38:03] 取数失败 streak=8
[09:39:03] iFinD 实时 errorcode=-1010
[09:39:03] 取数失败 streak=9
[09:40:03] iFinD 实时 errorcode=-1010
[09:40:03] 取数失败 streak=10
[09:41:04] iFinD 实时 errorcode=-1010
[09:41:04] 取数失败 streak=11
[09:42:04] iFinD 实时 errorcode=-1010
[09:42:04] 取数失败 streak=12
[09:43:04] iFinD 实时 errorcode=-1010
[09:43:04] 取数失败 streak=13
[09:44:04] iFinD 实时 errorcode=-1010
[09:44:05] 取数失败 streak=14
[09:45:05] iFinD 实时 errorcode=-1010
[09:45:05] 取数失败 streak=15
[09:46:06] iFinD 实时 errorcode=-1010
[09:46:06] 取数失败 streak=16
[09:47:06] iFinD 实时 errorcode=-1010
[09:47:06] 取数失败 streak=17
[09:48:06] iFinD 实时 errorcode=-1010
[09:48:06] 取数失败 streak=18
[09:49:07] iFinD 实时 errorcode=-1010
[09:49:07] 取数失败 streak=19
[09:50:07] iFinD 实时 errorcode=-1010
[09:50:07] 取数失败 streak=20
[09:51:07] iFinD 实时 errorcode=-1010
[09:51:08] 取数失败 streak=21
[09:52:08] iFinD 实时 errorcode=-1010
[09:52:08] 取数失败 streak=22
[09:53:08] iFinD 实时 errorcode=-1010
[09:53:08] 取数失败 streak=23
[09:54:09] iFinD 实时 errorcode=-1010
[09:54:09] 取数失败 streak=24
[09:55:09] iFinD 实时 errorcode=-1010
[09:55:09] 取数失败 streak=25
[09:56:10] iFinD 实时 errorcode=-1010
[09:56:10] 取数失败 streak=26
[09:57:10] iFinD 实时 errorcode=-1010
[09:57:10] 取数失败 streak=27
[09:58:10] iFinD 实时 errorcode=-1010
[09:58:11] 取数失败 streak=28
[09:59:11] iFinD 实时 errorcode=-1010
[09:59:11] 取数失败 streak=29
[10:00:11] iFinD 实时 errorcode=-1010
[10:00:11] 取数失败 streak=30
[10:00:11] 连续30分钟全源失败, 报警退出
[11:52:56] 观察池=涨停池 D:\股票数据\市场数据\20260911\zt_pool.csv (40只) [⚠池滞后: 目标 20260916 未落档]
[11:52:56] ALARM pool_stale: 目标日 20260916 涨停池未落档, 降级用最近可用池 20260911(40只)
[11:52:56] 观察池落档: kind=zt_pool date=20260911 stale=True n=40
D:\股票数据\.venv312\Lib\site-packages\iFinDPy.pth
[11:53:01] iFinD login rc=-2
[11:53:01] iFinD 不可用, 仅腾讯降级(竞价轨迹可用但无 Level1 盘口)
[11:53:01] 连续段启动
[11:53:01] tick 11:53 源=腾讯 n=40
[11:54:02] tick 11:54 源=腾讯 n=40
[11:55:02] tick 11:55 源=腾讯 n=40
[11:56:03] tick 11:56 源=腾讯 n=40
[11:57:03] tick 11:57 源=腾讯 n=40
[11:58:04] tick 11:58 源=腾讯 n=40
[11:59:04] tick 11:59 源=腾讯 n=40
[12:00:05] tick 12:00 源=腾讯 n=40
[12:01:05] tick 12:01 源=腾讯 n=40
[12:02:05] tick 12:02 源=腾讯 n=40
[12:03:05] tick 12:03 源=腾讯 n=40
[12:04:06] tick 12:04 源=腾讯 n=40
[12:05:06] tick 12:05 源=腾讯 n=40
[12:06:06] tick 12:06 源=腾讯 n=40
[12:07:06] tick 12:07 源=腾讯 n=40
[12:08:06] tick 12:08 源=腾讯 n=40
[12:09:07] tick 12:09 源=腾讯 n=40
[12:10:07] tick 12:10 源=腾讯 n=40
[12:11:07] tick 12:11 源=腾讯 n=40
[12:12:07] tick 12:12 源=腾讯 n=40
[12:13:07] tick 12:13 源=腾讯 n=40
[12:14:07] tick 12:14 源=腾讯 n=40
[12:15:07] tick 12:15 源=腾讯 n=40
[12:16:08] tick 12:16 源=腾讯 n=40
[12:17:08] tick 12:17 源=腾讯 n=40
[12:18:08] tick 12:18 源=腾讯 n=40
[12:19:08] tick 12:19 源=腾讯 n=40
[12:20:08] tick 12:20 源=腾讯 n=40
[12:21:08] tick 12:21 源=腾讯 n=40
[12:22:09] tick 12:22 源=腾讯 n=40
[12:23:09] tick 12:23 源=腾讯 n=40
[12:24:09] tick 12:24 源=腾讯 n=40
[12:25:09] tick 12:25 源=腾讯 n=40
[12:26:09] tick 12:26 源=腾讯 n=40
[12:27:09] tick 12:27 源=腾讯 n=40
[12:28:10] tick 12:28 源=腾讯 n=40
[12:29:10] tick 12:29 源=腾讯 n=40
[12:30:10] tick 12:30 源=腾讯 n=40
[12:31:10] tick 12:31 源=腾讯 n=40
[12:32:10] tick 12:32 源=腾讯 n=40
[12:33:11] tick 12:33 源=腾讯 n=40
[12:34:11] tick 12:34 源=腾讯 n=40
[12:35:11] tick 12:35 源=腾讯 n=40
[12:36:11] tick 12:36 源=腾讯 n=40
[12:37:11] tick 12:37 源=腾讯 n=40
[12:38:11] tick 12:38 源=腾讯 n=40
[12:39:12] tick 12:39 源=腾讯 n=40
[12:40:12] tick 12:40 源=腾讯 n=40
[12:41:12] tick 12:41 源=腾讯 n=40
[12:42:12] tick 12:42 源=腾讯 n=40
[12:43:12] tick 12:43 源=腾讯 n=40
[12:44:12] tick 12:44 源=腾讯 n=40
[12:45:13] tick 12:45 源=腾讯 n=40
[12:46:13] tick 12:46 源=腾讯 n=40
[12:47:13] tick 12:47 源=腾讯 n=40
[12:48:13] tick 12:48 源=腾讯 n=40
[12:49:13] tick 12:49 源=腾讯 n=40
[12:50:13] tick 12:50 源=腾讯 n=40
[12:51:14] tick 12:51 源=腾讯 n=40
[12:52:14] tick 12:52 源=腾讯 n=40
[12:53:14] tick 12:53 源=腾讯 n=40
[12:54:14] tick 12:54 源=腾讯 n=40
[12:55:14] tick 12:55 源=腾讯 n=40
[12:56:14] tick 12:56 源=腾讯 n=40
[12:57:15] tick 12:57 源=腾讯 n=40
[12:58:15] tick 12:58 源=腾讯 n=40
[12:59:15] tick 12:59 源=腾讯 n=40
[13:00:15] tick 13:00 源=腾讯 n=40
[13:01:15] tick 13:01 源=腾讯 n=40
[13:02:15] tick 13:02 源=腾讯 n=40
[13:03:15] tick 13:03 源=腾讯 n=40
[13:04:16] tick 13:04 源=腾讯 n=40
[13:05:16] tick 13:05 源=腾讯 n=40
[13:06:16] tick 13:06 源=腾讯 n=40
[13:07:16] tick 13:07 源=腾讯 n=40
[13:08:16] tick 13:08 源=腾讯 n=40
[13:09:17] tick 13:09 源=腾讯 n=40
[13:10:17] tick 13:10 源=腾讯 n=40
[13:11:17] tick 13:11 源=腾讯 n=40
[13:12:17] tick 13:12 源=腾讯 n=40
[13:13:17] tick 13:13 源=腾讯 n=40
[13:14:17] tick 13:14 源=腾讯 n=40
[13:15:18] tick 13:15 源=腾讯 n=40
[13:16:18] tick 13:16 源=腾讯 n=40
[13:17:18] tick 13:17 源=腾讯 n=40
[13:18:18] tick 13:18 源=腾讯 n=40
[13:19:18] tick 13:19 源=腾讯 n=40
[13:20:18] tick 13:20 源=腾讯 n=40
[13:21:19] tick 13:21 源=腾讯 n=40
[13:22:19] tick 13:22 源=腾讯 n=40
[13:23:19] tick 13:23 源=腾讯 n=40
[13:24:19] tick 13:24 源=腾讯 n=40
[13:25:19] tick 13:25 源=腾讯 n=40
[13:26:20] tick 13:26 源=腾讯 n=40
[13:27:20] tick 13:27 源=腾讯 n=40
[13:28:20] tick 13:28 源=腾讯 n=40
[13:29:20] tick 13:29 源=腾讯 n=40
[13:30:20] tick 13:30 源=腾讯 n=40
[13:31:20] tick 13:31 源=腾讯 n=40
[13:32:21] tick 13:32 源=腾讯 n=40
[13:33:21] tick 13:33 源=腾讯 n=40
[13:34:21] tick 13:34 源=腾讯 n=40
[13:35:21] tick 13:35 源=腾讯 n=40
[13:36:21] tick 13:36 源=腾讯 n=40
[13:37:21] tick 13:37 源=腾讯 n=40
[13:38:22] tick 13:38 源=腾讯 n=40
[13:39:22] tick 13:39 源=腾讯 n=40
[13:40:22] tick 13:40 源=腾讯 n=40
[13:41:22] tick 13:41 源=腾讯 n=40
[13:42:22] tick 13:42 源=腾讯 n=40
[13:43:22] tick 13:43 源=腾讯 n=40
[13:44:23] tick 13:44 源=腾讯 n=40
[13:45:23] tick 13:45 源=腾讯 n=40
[13:46:23] tick 13:46 源=腾讯 n=40
[13:47:23] tick 13:47 源=腾讯 n=40
[13:48:23] tick 13:48 源=腾讯 n=40
[13:49:24] tick 13:49 源=腾讯 n=40
[13:50:24] tick 13:50 源=腾讯 n=40
[13:51:24] tick 13:51 源=腾讯 n=40
[13:52:24] tick 13:52 源=腾讯 n=40
[13:53:24] tick 13:53 源=腾讯 n=40
[13:54:24] tick 13:54 源=腾讯 n=40
[13:55:25] tick 13:55 源=腾讯 n=40
[13:56:25] tick 13:56 源=腾讯 n=40
[13:57:25] tick 13:57 源=腾讯 n=40
[13:58:25] tick 13:58 源=腾讯 n=40
[13:59:25] tick 13:59 源=腾讯 n=40
[14:00:25] tick 14:00 源=腾讯 n=40
[14:01:26] tick 14:01 源=腾讯 n=40
[14:02:26] tick 14:02 源=腾讯 n=40
[14:03:26] tick 14:03 源=腾讯 n=40
[14:04:26] tick 14:04 源=腾讯 n=40
[14:05:26] tick 14:05 源=腾讯 n=40
[14:06:26] tick 14:06 源=腾讯 n=40
[14:07:27] tick 14:07 源=腾讯 n=40
[14:08:27] tick 14:08 源=腾讯 n=40
[14:09:27] tick 14:09 源=腾讯 n=40
[14:10:27] tick 14:10 源=腾讯 n=40
[14:11:27] tick 14:11 源=腾讯 n=40
[14:12:27] tick 14:12 源=腾讯 n=40
[14:13:28] tick 14:13 源=腾讯 n=40
[14:14:28] tick 14:14 源=腾讯 n=40
[14:15:28] tick 14:15 源=腾讯 n=40
[14:16:28] tick 14:16 源=腾讯 n=40
[14:17:28] tick 14:17 源=腾讯 n=40
[14:18:28] tick 14:18 源=腾讯 n=40
[14:19:28] tick 14:19 源=腾讯 n=40
[14:20:29] tick 14:20 源=腾讯 n=40
[14:21:29] tick 14:21 源=腾讯 n=40
[14:22:29] tick 14:22 源=腾讯 n=40
[14:23:29] tick 14:23 源=腾讯 n=40
[14:24:29] tick 14:24 源=腾讯 n=40
[14:25:29] tick 14:25 源=腾讯 n=40
[14:26:30] tick 14:26 源=腾讯 n=40
[14:27:30] tick 14:27 源=腾讯 n=40
[14:28:30] tick 14:28 源=腾讯 n=40
[14:29:30] tick 14:29 源=腾讯 n=40
[14:30:30] tick 14:30 源=腾讯 n=40
[14:31:30] tick 14:31 源=腾讯 n=40
[14:32:31] tick 14:32 源=腾讯 n=40
[14:33:31] tick 14:33 源=腾讯 n=40
[14:34:31] tick 14:34 源=腾讯 n=40
[14:35:31] tick 14:35 源=腾讯 n=40
[14:36:31] tick 14:36 源=腾讯 n=40
[14:37:31] tick 14:37 源=腾讯 n=40
[14:38:32] tick 14:38 源=腾讯 n=40
[14:39:32] tick 14:39 源=腾讯 n=40
[14:40:32] tick 14:40 源=腾讯 n=40
[14:41:32] tick 14:41 源=腾讯 n=40
[14:42:32] tick 14:42 源=腾讯 n=40
[14:43:32] tick 14:43 源=腾讯 n=40
[14:44:33] tick 14:44 源=腾讯 n=40
[14:45:33] tick 14:45 源=腾讯 n=40
[14:46:33] tick 14:46 源=腾讯 n=40
[14:47:33] tick 14:47 源=腾讯 n=40
[14:48:33] tick 14:48 源=腾讯 n=40
[14:49:33] tick 14:49 源=腾讯 n=40
[14:50:33] tick 14:50 源=腾讯 n=40
[14:51:34] tick 14:51 源=腾讯 n=40
[14:52:34] tick 14:52 源=腾讯 n=40
[14:53:34] tick 14:53 源=腾讯 n=40
[14:54:34] tick 14:54 源=腾讯 n=40
[14:55:34] tick 14:55 源=腾讯 n=40
[14:56:34] tick 14:56 源=腾讯 n=40
[14:57:35] tick 14:57 源=腾讯 n=40
[14:58:35] tick 14:58 源=腾讯 n=40
[14:59:35] tick 14:59 源=腾讯 n=40
[15:00:35] tick 15:00 源=腾讯 n=40
[15:01:35] tick 15:01 源=腾讯 n=40
[15:02:35] tick 15:02 源=腾讯 n=40
[15:03:36] tick 15:03 源=腾讯 n=40
[15:04:36] tick 15:04 源=腾讯 n=40
[15:05:36] 收盘退出
[11:46:22] 观察池=涨停池 D:\股票数据\市场数据\20260911\zt_pool.csv (40只) [⚠池滞后: 目标 20260918 未落档]
[11:46:23] ALARM pool_stale: 目标日 20260918 涨停池未落档, 降级用最近可用池 20260911(40只)
[11:46:23] 观察池落档: kind=zt_pool date=20260911 stale=True n=40
D:\股票数据\.venv312\Lib\site-packages\iFinDPy.pth
[11:46:29] iFinD login rc=-2
[11:46:29] iFinD 不可用, 仅腾讯降级(竞价轨迹可用但无 Level1 盘口)
[11:46:29] 连续段启动
[11:46:29] tick 11:46 源=腾讯 n=40
[11:47:29] tick 11:47 源=腾讯 n=40
[11:48:30] tick 11:48 源=腾讯 n=40
[11:49:30] tick 11:49 源=腾讯 n=40
[11:50:30] tick 11:50 源=腾讯 n=40
[11:51:30] tick 11:51 源=腾讯 n=40
[11:52:31] tick 11:52 源=腾讯 n=40
[11:53:31] tick 11:53 源=腾讯 n=40
[11:54:31] tick 11:54 源=腾讯 n=40
[11:55:31] tick 11:55 源=腾讯 n=40
[11:56:31] tick 11:56 源=腾讯 n=40
[11:57:31] tick 11:57 源=腾讯 n=40
[11:58:32] tick 11:58 源=腾讯 n=40
[11:59:32] tick 11:59 源=腾讯 n=40
[12:00:32] tick 12:00 源=腾讯 n=40
[12:01:32] tick 12:01 源=腾讯 n=40
[12:02:32] tick 12:02 源=腾讯 n=40
[12:03:32] tick 12:03 源=腾讯 n=40
[12:04:33] tick 12:04 源=腾讯 n=40
[12:05:33] tick 12:05 源=腾讯 n=40
[12:06:33] tick 12:06 源=腾讯 n=40
[12:07:33] tick 12:07 源=腾讯 n=40
[12:08:33] tick 12:08 源=腾讯 n=40
[12:09:33] tick 12:09 源=腾讯 n=40
[12:10:34] tick 12:10 源=腾讯 n=40
[12:11:34] tick 12:11 源=腾讯 n=40
[12:12:34] tick 12:12 源=腾讯 n=40
[12:13:34] tick 12:13 源=腾讯 n=40
[12:14:34] tick 12:14 源=腾讯 n=40
[12:15:34] tick 12:15 源=腾讯 n=40
[12:16:35] tick 12:16 源=腾讯 n=40
[12:17:35] tick 12:17 源=腾讯 n=40
[12:18:35] tick 12:18 源=腾讯 n=40
[12:19:35] tick 12:19 源=腾讯 n=40
[12:20:35] tick 12:20 源=腾讯 n=40
[12:21:35] tick 12:21 源=腾讯 n=40
[12:22:36] tick 12:22 源=腾讯 n=40
[12:23:36] tick 12:23 源=腾讯 n=40
[12:24:36] tick 12:24 源=腾讯 n=40
[12:25:36] tick 12:25 源=腾讯 n=40
[12:26:36] tick 12:26 源=腾讯 n=40
[12:27:37] tick 12:27 源=腾讯 n=40
[12:28:37] tick 12:28 源=腾讯 n=40
[12:29:37] tick 12:29 源=腾讯 n=40
[12:30:37] tick 12:30 源=腾讯 n=40
[12:31:37] tick 12:31 源=腾讯 n=40
[12:32:37] tick 12:32 源=腾讯 n=40
[12:33:38] tick 12:33 源=腾讯 n=40
[12:34:38] tick 12:34 源=腾讯 n=40
[12:35:38] tick 12:35 源=腾讯 n=40
[12:36:38] tick 12:36 源=腾讯 n=40
[12:37:38] tick 12:37 源=腾讯 n=40
[12:38:38] tick 12:38 源=腾讯 n=40
[12:39:39] tick 12:39 源=腾讯 n=40
[12:40:39] tick 12:40 源=腾讯 n=40
[12:41:39] tick 12:41 源=腾讯 n=40
[12:42:39] tick 12:42 源=腾讯 n=40
[12:43:39] tick 12:43 源=腾讯 n=40
[12:44:39] tick 12:44 源=腾讯 n=40
[12:45:40] tick 12:45 源=腾讯 n=40
[12:46:40] tick 12:46 源=腾讯 n=40
[12:47:40] tick 12:47 源=腾讯 n=40
[12:48:40] tick 12:48 源=腾讯 n=40
[12:49:40] tick 12:49 源=腾讯 n=40
[12:50:40] tick 12:50 源=腾讯 n=40
[12:51:41] tick 12:51 源=腾讯 n=40
[12:52:41] tick 12:52 源=腾讯 n=40
[12:53:41] tick 12:53 源=腾讯 n=40
[12:54:41] tick 12:54 源=腾讯 n=40
[12:55:41] tick 12:55 源=腾讯 n=40
[12:56:41] tick 12:56 源=腾讯 n=40
[12:57:42] tick 12:57 源=腾讯 n=40
[12:58:42] tick 12:58 源=腾讯 n=40
[12:59:42] tick 12:59 源=腾讯 n=40
[13:00:42] tick 13:00 源=腾讯 n=40
[13:01:42] tick 13:01 源=腾讯 n=40
[13:02:42] tick 13:02 源=腾讯 n=40
[13:03:43] tick 13:03 源=腾讯 n=40
[13:04:43] tick 13:04 源=腾讯 n=40
[13:05:43] tick 13:05 源=腾讯 n=40
[13:06:43] tick 13:06 源=腾讯 n=40
[13:07:43] tick 13:07 源=腾讯 n=40
[13:08:43] tick 13:08 源=腾讯 n=40
[13:09:44] tick 13:09 源=腾讯 n=40
[13:10:44] tick 13:10 源=腾讯 n=40
[13:11:44] tick 13:11 源=腾讯 n=40
[13:12:44] tick 13:12 源=腾讯 n=40
[13:13:44] tick 13:13 源=腾讯 n=40
[13:14:44] tick 13:14 源=腾讯 n=40
[13:15:45] tick 13:15 源=腾讯 n=40
[13:16:45] tick 13:16 源=腾讯 n=40
[13:17:45] tick 13:17 源=腾讯 n=40
[13:18:45] tick 13:18 源=腾讯 n=40
[13:19:45] tick 13:19 源=腾讯 n=40
[13:20:46] tick 13:20 源=腾讯 n=40
[13:21:46] tick 13:21 源=腾讯 n=40
[13:22:46] tick 13:22 源=腾讯 n=40
[13:23:46] tick 13:23 源=腾讯 n=40
[13:24:46] tick 13:24 源=腾讯 n=40
[13:25:46] tick 13:25 源=腾讯 n=40
[13:26:47] tick 13:26 源=腾讯 n=40
[13:27:47] tick 13:27 源=腾讯 n=40
[13:28:47] tick 13:28 源=腾讯 n=40
[13:29:47] tick 13:29 源=腾讯 n=40
[13:30:47] tick 13:30 源=腾讯 n=40
[13:31:48] tick 13:31 源=腾讯 n=40
[13:32:48] tick 13:32 源=腾讯 n=40
[13:33:48] tick 13:33 源=腾讯 n=40
[13:34:48] tick 13:34 源=腾讯 n=40
[13:35:48] tick 13:35 源=腾讯 n=40
[13:36:48] tick 13:36 源=腾讯 n=40
[13:37:49] tick 13:37 源=腾讯 n=40
[13:38:49] tick 13:38 源=腾讯 n=40
[13:39:49] tick 13:39 源=腾讯 n=40
[13:40:49] tick 13:40 源=腾讯 n=40
[13:41:49] tick 13:41 源=腾讯 n=40
[13:42:49] tick 13:42 源=腾讯 n=40
[13:43:50] tick 13:43 源=腾讯 n=40
[13:44:50] tick 13:44 源=腾讯 n=40
[13:45:50] tick 13:45 源=腾讯 n=40
[13:46:50] tick 13:46 源=腾讯 n=40
[13:47:50] tick 13:47 源=腾讯 n=40
[13:48:50] tick 13:48 源=腾讯 n=40
[13:49:51] tick 13:49 源=腾讯 n=40
[13:50:51] tick 13:50 源=腾讯 n=40
[13:51:51] tick 13:51 源=腾讯 n=40
[13:52:51] tick 13:52 源=腾讯 n=40
[13:53:51] tick 13:53 源=腾讯 n=40
[13:54:52] tick 13:54 源=腾讯 n=40
[13:55:52] tick 13:55 源=腾讯 n=40
[13:56:52] tick 13:56 源=腾讯 n=40
[13:57:52] tick 13:57 源=腾讯 n=40
[13:58:52] tick 13:58 源=腾讯 n=40
[13:59:52] tick 13:59 源=腾讯 n=40
[14:00:53] tick 14:00 源=腾讯 n=40
[14:01:53] tick 14:01 源=腾讯 n=40
[14:02:53] tick 14:02 源=腾讯 n=40
[14:03:53] tick 14:03 源=腾讯 n=40
[14:04:53] tick 14:04 源=腾讯 n=40
[14:05:53] tick 14:05 源=腾讯 n=40
[14:06:54] tick 14:06 源=腾讯 n=40
[14:07:54] tick 14:07 源=腾讯 n=40
[14:08:54] tick 14:08 源=腾讯 n=40
[14:09:54] tick 14:09 源=腾讯 n=40
[14:10:54] tick 14:10 源=腾讯 n=40
[14:11:54] tick 14:11 源=腾讯 n=40
[14:12:55] tick 14:12 源=腾讯 n=40
[14:13:55] tick 14:13 源=腾讯 n=40
[14:14:55] tick 14:14 源=腾讯 n=40
[14:15:55] tick 14:15 源=腾讯 n=40
[14:16:55] tick 14:16 源=腾讯 n=40
[14:17:55] tick 14:17 源=腾讯 n=40
[14:18:56] tick 14:18 源=腾讯 n=40
[14:19:56] tick 14:19 源=腾讯 n=40
[14:20:56] tick 14:20 源=腾讯 n=40
[14:21:56] tick 14:21 源=腾讯 n=40
[14:22:56] tick 14:22 源=腾讯 n=40
[14:23:56] tick 14:23 源=腾讯 n=40
[14:24:57] tick 14:24 源=腾讯 n=40
[14:25:57] tick 14:25 源=腾讯 n=40
[14:26:57] tick 14:26 源=腾讯 n=40
[14:27:57] tick 14:27 源=腾讯 n=40
[14:28:57] tick 14:28 源=腾讯 n=40
[14:29:57] tick 14:29 源=腾讯 n=40
[14:30:58] tick 14:30 源=腾讯 n=40
[14:31:58] tick 14:31 源=腾讯 n=40
[14:32:58] tick 14:32 源=腾讯 n=40
[14:33:58] tick 14:33 源=腾讯 n=40
[14:34:58] tick 14:34 源=腾讯 n=40
[14:35:59] tick 14:35 源=腾讯 n=40
[14:36:59] tick 14:36 源=腾讯 n=40
[14:37:59] tick 14:37 源=腾讯 n=40
[14:38:59] tick 14:38 源=腾讯 n=40
[14:39:59] tick 14:39 源=腾讯 n=40
[14:40:59] tick 14:40 源=腾讯 n=40
[14:42:00] tick 14:41 源=腾讯 n=40
[14:43:00] tick 14:43 源=腾讯 n=40
[14:44:00] tick 14:44 源=腾讯 n=40
[14:45:00] tick 14:45 源=腾讯 n=40
[14:46:00] tick 14:46 源=腾讯 n=40
[14:47:00] tick 14:47 源=腾讯 n=40
[14:48:01] tick 14:48 源=腾讯 n=40
[14:49:01] tick 14:49 源=腾讯 n=40
[14:50:01] tick 14:50 源=腾讯 n=40
[14:51:01] tick 14:51 源=腾讯 n=40
[14:52:01] tick 14:52 源=腾讯 n=40
[14:53:01] tick 14:53 源=腾讯 n=40
[14:54:02] tick 14:54 源=腾讯 n=40
[14:55:02] tick 14:55 源=腾讯 n=40
[14:56:02] tick 14:56 源=腾讯 n=40
[14:57:02] tick 14:57 源=腾讯 n=40
[14:58:02] tick 14:58 源=腾讯 n=40
[14:59:03] tick 14:59 源=腾讯 n=40
[15:00:03] tick 15:00 源=腾讯 n=40
[15:01:03] tick 15:01 源=腾讯 n=40
[15:02:03] tick 15:02 源=腾讯 n=40
[15:03:04] tick 15:03 源=腾讯 n=40
[15:04:04] tick 15:04 源=腾讯 n=40
[15:05:04] 收盘退出
[09:14:31] 观察池=涨停池 D:\股票数据\市场数据\20260921\zt_pool.csv (103只)
[09:14:31] 观察池落档: kind=zt_pool date=20260921 stale=False n=103
D:\股票数据\.venv312\Lib\site-packages\iFinDPy.pth
[09:14:32] iFinD login rc=-2
[09:14:32] iFinD 不可用, 仅腾讯降级(竞价轨迹可用但无 Level1 盘口)
[09:14:32] 连续段启动
[09:31:03] tick 09:31 源=腾讯 n=101
[09:32:03] tick 09:32 源=腾讯 n=101
[09:33:03] tick 09:33 源=腾讯 n=101
[09:34:03] tick 09:34 源=腾讯 n=101
[09:35:04] tick 09:35 源=腾讯 n=101
[09:36:04] tick 09:36 源=腾讯 n=101
[09:37:04] tick 09:37 源=腾讯 n=101
[09:38:04] tick 09:38 源=腾讯 n=101
[09:39:05] tick 09:39 源=腾讯 n=101
[09:40:05] tick 09:40 源=腾讯 n=101
[09:41:05] tick 09:41 源=腾讯 n=101
[09:42:05] tick 09:42 源=腾讯 n=101
[09:43:05] tick 09:43 源=腾讯 n=101
[09:44:06] tick 09:44 源=腾讯 n=101
[09:45:06] tick 09:45 源=腾讯 n=101
[09:46:06] tick 09:46 源=腾讯 n=101
[09:47:06] tick 09:47 源=腾讯 n=101
[09:48:06] tick 09:48 源=腾讯 n=101
[09:49:07] tick 09:49 源=腾讯 n=101
[09:50:07] tick 09:50 源=腾讯 n=101
[09:51:07] tick 09:51 源=腾讯 n=101
[09:52:07] tick 09:52 源=腾讯 n=101
[09:53:08] tick 09:53 源=腾讯 n=101
[09:54:08] tick 09:54 源=腾讯 n=101
[09:55:08] tick 09:55 源=腾讯 n=101
[09:56:08] tick 09:56 源=腾讯 n=101
[09:57:08] tick 09:57 源=腾讯 n=101
[09:58:09] tick 09:58 源=腾讯 n=101
[09:59:09] tick 09:59 源=腾讯 n=101
[10:00:09] tick 10:00 源=腾讯 n=101
[10:01:09] tick 10:01 源=腾讯 n=101
[10:02:09] tick 10:02 源=腾讯 n=101
[10:03:10] tick 10:03 源=腾讯 n=101
[10:04:10] tick 10:04 源=腾讯 n=101
[10:05:10] tick 10:05 源=腾讯 n=101
[10:06:10] tick 10:06 源=腾讯 n=101
[10:07:11] tick 10:07 源=腾讯 n=101
[10:08:11] tick 10:08 源=腾讯 n=101
[10:09:11] tick 10:09 源=腾讯 n=101
[10:10:11] tick 10:10 源=腾讯 n=101
[10:11:12] tick 10:11 源=腾讯 n=101
[10:12:12] tick 10:12 源=腾讯 n=101
[10:13:12] tick 10:13 源=腾讯 n=101
[10:14:12] tick 10:14 源=腾讯 n=101
[10:15:12] tick 10:15 源=腾讯 n=101
[10:16:13] tick 10:16 源=腾讯 n=101
[10:17:13] tick 10:17 源=腾讯 n=101
[10:18:13] tick 10:18 源=腾讯 n=101
[10:19:13] tick 10:19 源=腾讯 n=101
[10:20:13] tick 10:20 源=腾讯 n=101
[10:21:14] tick 10:21 源=腾讯 n=101
[10:22:14] tick 10:22 源=腾讯 n=101
[10:23:14] tick 10:23 源=腾讯 n=101
[10:24:14] tick 10:24 源=腾讯 n=101
[10:25:14] tick 10:25 源=腾讯 n=101
[10:26:15] tick 10:26 源=腾讯 n=101
[10:27:15] tick 10:27 源=腾讯 n=101
[10:28:15] tick 10:28 源=腾讯 n=101
[10:29:15] tick 10:29 源=腾讯 n=101
[10:30:15] tick 10:30 源=腾讯 n=101
[10:31:16] tick 10:31 源=腾讯 n=101
[10:32:16] tick 10:32 源=腾讯 n=101
[10:33:16] tick 10:33 源=腾讯 n=101
[10:34:16] tick 10:34 源=腾讯 n=101
[10:35:17] tick 10:35 源=腾讯 n=101
[10:36:17] tick 10:36 源=腾讯 n=101
[10:37:17] tick 10:37 源=腾讯 n=101
[10:38:17] tick 10:38 源=腾讯 n=101
[10:39:17] tick 10:39 源=腾讯 n=101
[10:40:18] tick 10:40 源=腾讯 n=101
[10:41:18] tick 10:41 源=腾讯 n=101
[10:42:18] tick 10:42 源=腾讯 n=101
[10:43:18] tick 10:43 源=腾讯 n=101
[10:44:18] tick 10:44 源=腾讯 n=101
[10:45:19] tick 10:45 源=腾讯 n=101
[10:46:19] tick 10:46 源=腾讯 n=101
[10:47:19] tick 10:47 源=腾讯 n=101
[10:48:19] tick 10:48 源=腾讯 n=101
[10:49:20] tick 10:49 源=腾讯 n=101
[10:50:20] tick 10:50 源=腾讯 n=101
[10:51:20] tick 10:51 源=腾讯 n=101
[10:52:20] tick 10:52 源=腾讯 n=101
[10:53:20] tick 10:53 源=腾讯 n=101
[10:54:21] tick 10:54 源=腾讯 n=101
[10:55:21] tick 10:55 源=腾讯 n=101
[10:56:21] tick 10:56 源=腾讯 n=101
[10:57:21] tick 10:57 源=腾讯 n=101
[10:58:22] tick 10:58 源=腾讯 n=101
[10:59:22] tick 10:59 源=腾讯 n=101
[11:00:22] tick 11:00 源=腾讯 n=101
[11:01:22] tick 11:01 源=腾讯 n=101
[11:02:23] tick 11:02 源=腾讯 n=101
[11:03:23] tick 11:03 源=腾讯 n=101
[11:04:23] tick 11:04 源=腾讯 n=101
[11:05:23] tick 11:05 源=腾讯 n=101
[11:06:23] tick 11:06 源=腾讯 n=101
[11:07:24] tick 11:07 源=腾讯 n=101
[11:08:24] tick 11:08 源=腾讯 n=101
[11:09:24] tick 11:09 源=腾讯 n=101
[11:10:24] tick 11:10 源=腾讯 n=101
[11:11:25] tick 11:11 源=腾讯 n=101
[11:12:25] tick 11:12 源=腾讯 n=101
[11:13:25] tick 11:13 源=腾讯 n=101
[11:14:25] tick 11:14 源=腾讯 n=101
[11:15:26] tick 11:15 源=腾讯 n=101
[11:16:26] tick 11:16 源=腾讯 n=101
[11:17:26] tick 11:17 源=腾讯 n=101
[11:18:26] tick 11:18 源=腾讯 n=101
[11:19:26] tick 11:19 源=腾讯 n=101
[11:20:27] tick 11:20 源=腾讯 n=101
[11:21:27] tick 11:21 源=腾讯 n=101
[11:22:27] tick 11:22 源=腾讯 n=101
[11:23:27] tick 11:23 源=腾讯 n=101
[11:24:28] tick 11:24 源=腾讯 n=101
[11:25:28] tick 11:25 源=腾讯 n=101
[11:26:28] tick 11:26 源=腾讯 n=101
[11:27:28] tick 11:27 源=腾讯 n=101
[11:28:29] tick 11:28 源=腾讯 n=101
[11:29:29] tick 11:29 源=腾讯 n=101
[11:30:29] tick 11:30 源=腾讯 n=101
[11:31:29] tick 11:31 源=腾讯 n=101
[11:32:29] tick 11:32 源=腾讯 n=101
[11:33:30] tick 11:33 源=腾讯 n=101
[11:34:30] tick 11:34 源=腾讯 n=101
[11:35:30] tick 11:35 源=腾讯 n=101
[11:36:30] tick 11:36 源=腾讯 n=101
[11:37:31] tick 11:37 源=腾讯 n=101
[11:38:31] tick 11:38 源=腾讯 n=101
[11:39:31] tick 11:39 源=腾讯 n=101
[11:40:31] tick 11:40 源=腾讯 n=101
[11:41:31] tick 11:41 源=腾讯 n=101
[11:42:32] tick 11:42 源=腾讯 n=101
[11:43:32] tick 11:43 源=腾讯 n=101
[11:44:32] tick 11:44 源=腾讯 n=101
[11:45:32] tick 11:45 源=腾讯 n=101
[11:46:33] tick 11:46 源=腾讯 n=101
[11:47:33] tick 11:47 源=腾讯 n=101
[11:48:33] tick 11:48 源=腾讯 n=101
[11:49:33] tick 11:49 源=腾讯 n=101
[11:50:33] tick 11:50 源=腾讯 n=101
[11:51:34] tick 11:51 源=腾讯 n=101
[11:52:34] tick 11:52 源=腾讯 n=101
[11:53:34] tick 11:53 源=腾讯 n=101
[11:54:34] tick 11:54 源=腾讯 n=101
[11:55:35] tick 11:55 源=腾讯 n=101
[11:56:35] tick 11:56 源=腾讯 n=101
[11:57:35] tick 11:57 源=腾讯 n=101
[11:58:35] tick 11:58 源=腾讯 n=101
[11:59:35] tick 11:59 源=腾讯 n=101
[12:00:36] tick 12:00 源=腾讯 n=101
[12:01:36] tick 12:01 源=腾讯 n=101
[12:02:36] tick 12:02 源=腾讯 n=101
[12:03:36] tick 12:03 源=腾讯 n=101
[12:04:36] tick 12:04 源=腾讯 n=101
[12:05:37] tick 12:05 源=腾讯 n=101
[12:06:37] tick 12:06 源=腾讯 n=101
[12:07:37] tick 12:07 源=腾讯 n=101
[12:08:37] tick 12:08 源=腾讯 n=101
[12:09:38] tick 12:09 源=腾讯 n=101
[12:10:38] tick 12:10 源=腾讯 n=101
[12:11:38] tick 12:11 源=腾讯 n=101
[12:12:38] tick 12:12 源=腾讯 n=101
[12:13:38] tick 12:13 源=腾讯 n=101
[12:14:39] tick 12:14 源=腾讯 n=101
[12:15:39] tick 12:15 源=腾讯 n=101
[12:16:39] tick 12:16 源=腾讯 n=101
[12:17:39] tick 12:17 源=腾讯 n=101
[12:18:39] tick 12:18 源=腾讯 n=101
[12:19:40] tick 12:19 源=腾讯 n=101
[12:20:40] tick 12:20 源=腾讯 n=101
[12:21:40] tick 12:21 源=腾讯 n=101
[12:22:40] tick 12:22 源=腾讯 n=101
[12:23:40] tick 12:23 源=腾讯 n=101
[12:24:41] tick 12:24 源=腾讯 n=101
[12:25:41] tick 12:25 源=腾讯 n=101
[12:26:41] tick 12:26 源=腾讯 n=101
[12:27:41] tick 12:27 源=腾讯 n=101
[12:28:41] tick 12:28 源=腾讯 n=101
[12:29:42] tick 12:29 源=腾讯 n=101
[12:30:42] tick 12:30 源=腾讯 n=101
[12:31:42] tick 12:31 源=腾讯 n=101
[12:32:42] tick 12:32 源=腾讯 n=101
[12:33:42] tick 12:33 源=腾讯 n=101
[12:34:43] tick 12:34 源=腾讯 n=101
[12:35:43] tick 12:35 源=腾讯 n=101
[12:36:43] tick 12:36 源=腾讯 n=101
[12:37:43] tick 12:37 源=腾讯 n=101
[12:38:43] tick 12:38 源=腾讯 n=101
[12:39:44] tick 12:39 源=腾讯 n=101
[12:40:44] tick 12:40 源=腾讯 n=101
[12:41:44] tick 12:41 源=腾讯 n=101
[12:42:44] tick 12:42 源=腾讯 n=101
[12:43:45] tick 12:43 源=腾讯 n=101
[12:44:45] tick 12:44 源=腾讯 n=101
[12:45:45] tick 12:45 源=腾讯 n=101
[12:46:45] tick 12:46 源=腾讯 n=101
[12:47:45] tick 12:47 源=腾讯 n=101
[12:48:46] tick 12:48 源=腾讯 n=101
[12:49:46] tick 12:49 源=腾讯 n=101
[12:50:46] tick 12:50 源=腾讯 n=101
[12:51:46] tick 12:51 源=腾讯 n=101
[12:52:46] tick 12:52 源=腾讯 n=101
[12:53:47] tick 12:53 源=腾讯 n=101
[12:54:47] tick 12:54 源=腾讯 n=101
[12:55:47] tick 12:55 源=腾讯 n=101
[12:56:47] tick 12:56 源=腾讯 n=101
[12:57:48] tick 12:57 源=腾讯 n=101
[12:58:48] tick 12:58 源=腾讯 n=101
[12:59:48] tick 12:59 源=腾讯 n=101
[13:00:48] tick 13:00 源=腾讯 n=101
[13:01:49] tick 13:01 源=腾讯 n=101
[13:02:49] tick 13:02 源=腾讯 n=101
[13:03:49] tick 13:03 源=腾讯 n=101
[13:04:49] tick 13:04 源=腾讯 n=101
[13:05:49] tick 13:05 源=腾讯 n=101
[13:06:50] tick 13:06 源=腾讯 n=101
[13:07:50] tick 13:07 源=腾讯 n=101
[13:08:50] tick 13:08 源=腾讯 n=101
[13:09:50] tick 13:09 源=腾讯 n=101
[13:10:51] tick 13:10 源=腾讯 n=101
[13:11:51] tick 13:11 源=腾讯 n=101
[13:12:51] tick 13:12 源=腾讯 n=101
[13:13:51] tick 13:13 源=腾讯 n=101
[13:14:51] tick 13:14 源=腾讯 n=101
[13:15:52] tick 13:15 源=腾讯 n=101
[13:16:52] tick 13:16 源=腾讯 n=101
[13:17:52] tick 13:17 源=腾讯 n=101
[13:18:53] tick 13:18 源=腾讯 n=101
[13:19:53] tick 13:19 源=腾讯 n=101
[13:20:53] tick 13:20 源=腾讯 n=101
[13:21:53] tick 13:21 源=腾讯 n=101
[13:22:53] tick 13:22 源=腾讯 n=101
[13:23:54] tick 13:23 源=腾讯 n=101
[13:24:54] tick 13:24 源=腾讯 n=101
[13:25:54] tick 13:25 源=腾讯 n=101
[13:26:54] tick 13:26 源=腾讯 n=101
[13:27:54] tick 13:27 源=腾讯 n=101
[13:28:55] tick 13:28 源=腾讯 n=101
[13:29:55] tick 13:29 源=腾讯 n=101
[13:30:55] tick 13:30 源=腾讯 n=101
[13:31:55] tick 13:31 源=腾讯 n=101
[13:32:56] tick 13:32 源=腾讯 n=101
[13:33:56] tick 13:33 源=腾讯 n=101
[13:34:56] tick 13:34 源=腾讯 n=101
[13:35:56] tick 13:35 源=腾讯 n=101
[13:36:56] tick 13:36 源=腾讯 n=101
[13:37:57] tick 13:37 源=腾讯 n=101
[13:38:57] tick 13:38 源=腾讯 n=101
[13:39:57] tick 13:39 源=腾讯 n=101
[13:40:57] tick 13:40 源=腾讯 n=101
[13:41:57] tick 13:41 源=腾讯 n=101
[13:42:58] tick 13:42 源=腾讯 n=101
[13:43:58] tick 13:43 源=腾讯 n=101
[13:44:58] tick 13:44 源=腾讯 n=101
[13:45:58] tick 13:45 源=腾讯 n=101
[13:46:59] tick 13:46 源=腾讯 n=101
[13:47:59] tick 13:47 源=腾讯 n=101
[13:48:59] tick 13:48 源=腾讯 n=101
[13:49:59] tick 13:49 源=腾讯 n=101
[13:51:00] tick 13:50 源=腾讯 n=101
[13:52:00] tick 13:52 源=腾讯 n=101
[13:53:00] tick 13:53 源=腾讯 n=101
[13:54:00] tick 13:54 源=腾讯 n=101
[13:55:00] tick 13:55 源=腾讯 n=101
[13:56:01] tick 13:56 源=腾讯 n=101
[13:57:01] tick 13:57 源=腾讯 n=101
[13:58:01] tick 13:58 源=腾讯 n=101
[13:59:01] tick 13:59 源=腾讯 n=101
[14:00:01] tick 14:00 源=腾讯 n=101
[14:01:02] tick 14:01 源=腾讯 n=101
[14:02:02] tick 14:02 源=腾讯 n=101
[14:03:02] tick 14:03 源=腾讯 n=101
[14:04:02] tick 14:04 源=腾讯 n=101
[14:05:02] tick 14:05 源=腾讯 n=101
[14:06:03] tick 14:06 源=腾讯 n=101
[14:07:03] tick 14:07 源=腾讯 n=101
[14:08:03] tick 14:08 源=腾讯 n=101
[14:09:04] tick 14:09 源=腾讯 n=101
[14:10:04] tick 14:10 源=腾讯 n=101
[14:11:04] tick 14:11 源=腾讯 n=101
[14:12:04] tick 14:12 源=腾讯 n=101
[14:13:05] tick 14:13 源=腾讯 n=101
[14:14:05] tick 14:14 源=腾讯 n=101
[14:15:05] tick 14:15 源=腾讯 n=101
[14:16:05] tick 14:16 源=腾讯 n=101
[14:17:05] tick 14:17 源=腾讯 n=101
[14:18:06] tick 14:18 源=腾讯 n=101
[14:19:06] tick 14:19 源=腾讯 n=101
[14:20:06] tick 14:20 源=腾讯 n=101
[14:21:06] tick 14:21 源=腾讯 n=101
[14:22:07] tick 14:22 源=腾讯 n=101
[14:23:07] tick 14:23 源=腾讯 n=101
[14:24:07] tick 14:24 源=腾讯 n=101
[14:25:08] tick 14:25 源=腾讯 n=101
[14:26:08] tick 14:26 源=腾讯 n=101
[14:27:08] tick 14:27 源=腾讯 n=101
[14:28:08] tick 14:28 源=腾讯 n=101
[14:29:09] tick 14:29 源=腾讯 n=101
[14:30:09] tick 14:30 源=腾讯 n=101
[14:31:09] tick 14:31 源=腾讯 n=101
[14:32:09] tick 14:32 源=腾讯 n=101
[14:33:09] tick 14:33 源=腾讯 n=101
[14:34:10] tick 14:34 源=腾讯 n=101
[14:35:10] tick 14:35 源=腾讯 n=101
[14:36:10] tick 14:36 源=腾讯 n=101
[14:37:10] tick 14:37 源=腾讯 n=101
[14:38:11] tick 14:38 源=腾讯 n=101
[14:39:11] tick 14:39 源=腾讯 n=101
[14:40:11] tick 14:40 源=腾讯 n=101
[14:41:11] tick 14:41 源=腾讯 n=101
[14:42:12] tick 14:42 源=腾讯 n=101
[14:43:12] tick 14:43 源=腾讯 n=101
[14:44:12] tick 14:44 源=腾讯 n=101
[14:45:12] tick 14:45 源=腾讯 n=101
[14:46:13] tick 14:46 源=腾讯 n=101
[14:47:13] tick 14:47 源=腾讯 n=101
[14:48:13] tick 14:48 源=腾讯 n=101
[14:49:14] tick 14:49 源=腾讯 n=101
[14:50:14] tick 14:50 源=腾讯 n=101
[14:51:14] tick 14:51 源=腾讯 n=101
[14:52:14] tick 14:52 源=腾讯 n=101
[14:53:14] tick 14:53 源=腾讯 n=101
[14:54:15] tick 14:54 源=腾讯 n=101
[14:55:15] tick 14:55 源=腾讯 n=101
[14:56:15] tick 14:56 源=腾讯 n=101
[14:57:15] tick 14:57 源=腾讯 n=101
[14:58:16] tick 14:58 源=腾讯 n=101
[14:59:16] tick 14:59 源=腾讯 n=101
[15:00:16] tick 15:00 源=腾讯 n=101
[15:01:16] tick 15:01 源=腾讯 n=101
[15:02:16] tick 15:02 源=腾讯 n=101
[15:03:17] tick 15:03 源=腾讯 n=101
[15:04:17] tick 15:04 源=腾讯 n=101
[15:05:17] 收盘退出
[09:19:55] 观察池=涨停池 D:\股票数据\市场数据\20260922\zt_pool.csv (63只)
[09:19:55] 观察池落档: kind=zt_pool date=20260922 stale=False n=63
D:\股票数据\.venv312\Lib\site-packages\iFinDPy.pth
[09:19:57] iFinD login rc=-2
[09:19:57] iFinD 不可用, 仅腾讯降级(竞价轨迹可用但无 Level1 盘口)
[09:19:57] 竞价段启动 63只
[09:19:57] 竞价tick 09:19 源=腾讯
[09:20:17] 竞价tick 09:20 源=腾讯
[09:20:37] 竞价tick 09:20 源=腾讯
[09:20:57] 竞价tick 09:20 源=腾讯
[09:21:18] 竞价tick 09:21 源=腾讯
[09:21:38] 竞价tick 09:21 源=腾讯
[09:21:58] 竞价tick 09:21 源=腾讯
[09:22:18] 竞价tick 09:22 源=腾讯
[09:22:38] 竞价tick 09:22 源=腾讯
[09:22:58] 竞价tick 09:22 源=腾讯
[09:23:19] 竞价tick 09:23 源=腾讯
[09:23:39] 竞价tick 09:23 源=腾讯
[09:23:59] 竞价tick 09:23 源=腾讯
[09:24:19] 竞价tick 09:24 源=腾讯
[09:24:39] 竞价tick 09:24 源=腾讯
[09:25:00] 竞价tick 09:24 源=腾讯
[09:25:20] 竞价tick 09:25 源=腾讯
[09:25:40] 竞价tick 09:25 源=腾讯
[09:26:00] 竞价段结束
[09:26:00] 连续段启动
[09:31:00] tick 09:31 源=腾讯 n=62
[09:32:01] tick 09:32 源=腾讯 n=62
[09:33:01] tick 09:33 源=腾讯 n=62
[09:34:01] tick 09:34 源=腾讯 n=62
[09:35:01] tick 09:35 源=腾讯 n=62
[09:36:01] tick 09:36 源=腾讯 n=62
[09:37:01] tick 09:37 源=腾讯 n=62
[09:38:02] tick 09:38 源=腾讯 n=62
[09:39:02] tick 09:39 源=腾讯 n=62
[09:40:02] tick 09:40 源=腾讯 n=62
[09:41:02] tick 09:41 源=腾讯 n=62
[09:42:02] tick 09:42 源=腾讯 n=62
[09:43:02] tick 09:43 源=腾讯 n=62
[09:44:03] tick 09:44 源=腾讯 n=62
[09:45:03] tick 09:45 源=腾讯 n=62
[09:46:03] tick 09:46 源=腾讯 n=62
[09:47:03] tick 09:47 源=腾讯 n=62
[09:48:03] tick 09:48 源=腾讯 n=62
[09:49:03] tick 09:49 源=腾讯 n=62
[09:50:04] tick 09:50 源=腾讯 n=62
[09:51:04] tick 09:51 源=腾讯 n=62
[09:52:04] tick 09:52 源=腾讯 n=62
[09:53:04] tick 09:53 源=腾讯 n=62
[09:54:04] tick 09:54 源=腾讯 n=62
[09:55:05] tick 09:55 源=腾讯 n=62
[09:56:05] tick 09:56 源=腾讯 n=62
[09:57:05] tick 09:57 源=腾讯 n=62
[09:58:05] tick 09:58 源=腾讯 n=62
[09:59:05] tick 09:59 源=腾讯 n=62
[10:00:05] tick 10:00 源=腾讯 n=62
[10:01:06] tick 10:01 源=腾讯 n=62
[10:02:06] tick 10:02 源=腾讯 n=62
[10:03:06] tick 10:03 源=腾讯 n=62
[10:04:06] tick 10:04 源=腾讯 n=62
[10:05:06] tick 10:05 源=腾讯 n=62
[10:06:06] tick 10:06 源=腾讯 n=62
[10:07:07] tick 10:07 源=腾讯 n=62
[10:08:07] tick 10:08 源=腾讯 n=62
[10:09:07] tick 10:09 源=腾讯 n=62
[10:10:07] tick 10:10 源=腾讯 n=62
[10:11:07] tick 10:11 源=腾讯 n=62
[10:12:07] tick 10:12 源=腾讯 n=62
[10:13:08] tick 10:13 源=腾讯 n=62
[10:14:08] tick 10:14 源=腾讯 n=62
[10:15:08] tick 10:15 源=腾讯 n=62
[10:16:08] tick 10:16 源=腾讯 n=62
[10:17:08] tick 10:17 源=腾讯 n=62
[10:18:09] tick 10:18 源=腾讯 n=62
[10:19:09] tick 10:19 源=腾讯 n=62
[10:20:09] tick 10:20 源=腾讯 n=62
[10:21:09] tick 10:21 源=腾讯 n=62
[10:22:09] tick 10:22 源=腾讯 n=62
[10:23:09] tick 10:23 源=腾讯 n=62
[10:24:10] tick 10:24 源=腾讯 n=62
[10:25:10] tick 10:25 源=腾讯 n=62
[10:26:10] tick 10:26 源=腾讯 n=62
[10:27:10] tick 10:27 源=腾讯 n=62
[10:28:10] tick 10:28 源=腾讯 n=62
[10:29:10] tick 10:29 源=腾讯 n=62
[10:30:11] tick 10:30 源=腾讯 n=62
[10:31:11] tick 10:31 源=腾讯 n=62
[10:32:11] tick 10:32 源=腾讯 n=62
[10:33:11] tick 10:33 源=腾讯 n=62
[10:34:11] tick 10:34 源=腾讯 n=62
[10:35:11] tick 10:35 源=腾讯 n=62
[10:36:12] tick 10:36 源=腾讯 n=62
[10:37:12] tick 10:37 源=腾讯 n=62
[10:38:12] tick 10:38 源=腾讯 n=62
[10:39:12] tick 10:39 源=腾讯 n=62
[10:40:12] tick 10:40 源=腾讯 n=62
[10:41:13] tick 10:41 源=腾讯 n=62
[10:42:13] tick 10:42 源=腾讯 n=62
[10:43:13] tick 10:43 源=腾讯 n=62
[10:44:13] tick 10:44 源=腾讯 n=62
[10:45:13] tick 10:45 源=腾讯 n=62
[10:46:13] tick 10:46 源=腾讯 n=62
[10:47:14] tick 10:47 源=腾讯 n=62
[10:48:14] tick 10:48 源=腾讯 n=62
[10:49:14] tick 10:49 源=腾讯 n=62
[10:50:14] tick 10:50 源=腾讯 n=62
[10:51:14] tick 10:51 源=腾讯 n=62
[10:52:14] tick 10:52 源=腾讯 n=62
[10:53:15] tick 10:53 源=腾讯 n=62
[10:54:15] tick 10:54 源=腾讯 n=62
[10:55:15] tick 10:55 源=腾讯 n=62
[10:56:15] tick 10:56 源=腾讯 n=62
[10:57:15] tick 10:57 源=腾讯 n=62
[10:58:15] tick 10:58 源=腾讯 n=62
[10:59:16] tick 10:59 源=腾讯 n=62
[11:00:16] tick 11:00 源=腾讯 n=62
[11:01:16] tick 11:01 源=腾讯 n=62
[11:02:16] tick 11:02 源=腾讯 n=62
[11:03:17] tick 11:03 源=腾讯 n=62
[11:04:17] tick 11:04 源=腾讯 n=62
[11:05:17] tick 11:05 源=腾讯 n=62
[11:06:17] tick 11:06 源=腾讯 n=62
[11:07:17] tick 11:07 源=腾讯 n=62
[11:08:17] tick 11:08 源=腾讯 n=62
[11:09:18] tick 11:09 源=腾讯 n=62
[11:10:18] tick 11:10 源=腾讯 n=62
[11:11:18] tick 11:11 源=腾讯 n=62
[11:12:18] tick 11:12 源=腾讯 n=62
[11:13:18] tick 11:13 源=腾讯 n=62
[11:14:19] tick 11:14 源=腾讯 n=62
[11:15:19] tick 11:15 源=腾讯 n=62
[11:16:19] tick 11:16 源=腾讯 n=62
[11:17:19] tick 11:17 源=腾讯 n=62
[11:18:19] tick 11:18 源=腾讯 n=62
[11:19:19] tick 11:19 源=腾讯 n=62
[11:20:20] tick 11:20 源=腾讯 n=62
[11:21:20] tick 11:21 源=腾讯 n=62
[11:22:20] tick 11:22 源=腾讯 n=62
[11:23:20] tick 11:23 源=腾讯 n=62
[11:24:20] tick 11:24 源=腾讯 n=62
[11:25:20] tick 11:25 源=腾讯 n=62
[11:26:21] tick 11:26 源=腾讯 n=62
[11:27:21] tick 11:27 源=腾讯 n=62
[11:28:21] tick 11:28 源=腾讯 n=62
[11:29:21] tick 11:29 源=腾讯 n=62
[11:30:21] tick 11:30 源=腾讯 n=62
[11:31:21] tick 11:31 源=腾讯 n=62
[11:32:22] tick 11:32 源=腾讯 n=62
[11:33:22] tick 11:33 源=腾讯 n=62
[11:34:22] tick 11:34 源=腾讯 n=62
[11:35:22] tick 11:35 源=腾讯 n=62
[11:36:22] tick 11:36 源=腾讯 n=62
[11:37:22] tick 11:37 源=腾讯 n=62
[11:38:23] tick 11:38 源=腾讯 n=62
[11:39:23] tick 11:39 源=腾讯 n=62
[11:40:23] tick 11:40 源=腾讯 n=62
[11:41:23] tick 11:41 源=腾讯 n=62
[11:42:23] tick 11:42 源=腾讯 n=62
[11:43:23] tick 11:43 源=腾讯 n=62
[11:44:24] tick 11:44 源=腾讯 n=62
[11:45:24] tick 11:45 源=腾讯 n=62
[11:46:24] tick 11:46 源=腾讯 n=62
[11:47:24] tick 11:47 源=腾讯 n=62
[11:48:24] tick 11:48 源=腾讯 n=62
[11:49:25] tick 11:49 源=腾讯 n=62
[11:50:25] tick 11:50 源=腾讯 n=62
[11:51:25] tick 11:51 源=腾讯 n=62
[11:52:25] tick 11:52 源=腾讯 n=62
[11:53:25] tick 11:53 源=腾讯 n=62
[11:54:25] tick 11:54 源=腾讯 n=62
[11:55:26] tick 11:55 源=腾讯 n=62
[11:56:26] tick 11:56 源=腾讯 n=62
[11:57:26] tick 11:57 源=腾讯 n=62
[11:58:26] tick 11:58 源=腾讯 n=62
[11:59:26] tick 11:59 源=腾讯 n=62
[12:00:26] tick 12:00 源=腾讯 n=62
[12:01:27] tick 12:01 源=腾讯 n=62
[12:02:27] tick 12:02 源=腾讯 n=62
[12:03:27] tick 12:03 源=腾讯 n=62
[12:04:27] tick 12:04 源=腾讯 n=62
[12:05:27] tick 12:05 源=腾讯 n=62
[12:06:28] tick 12:06 源=腾讯 n=62
[12:07:28] tick 12:07 源=腾讯 n=62
[12:08:28] tick 12:08 源=腾讯 n=62
[12:09:28] tick 12:09 源=腾讯 n=62
[12:10:28] tick 12:10 源=腾讯 n=62
[12:11:29] tick 12:11 源=腾讯 n=62
[12:12:29] tick 12:12 源=腾讯 n=62
[12:13:29] tick 12:13 源=腾讯 n=62
[12:14:29] tick 12:14 源=腾讯 n=62
[12:15:29] tick 12:15 源=腾讯 n=62
[12:16:29] tick 12:16 源=腾讯 n=62
[12:17:30] tick 12:17 源=腾讯 n=62
[12:18:30] tick 12:18 源=腾讯 n=62
[12:19:30] tick 12:19 源=腾讯 n=62
[12:20:30] tick 12:20 源=腾讯 n=62
[12:21:30] tick 12:21 源=腾讯 n=62
[12:22:30] tick 12:22 源=腾讯 n=62
[12:23:31] tick 12:23 源=腾讯 n=62
[12:24:31] tick 12:24 源=腾讯 n=62
[12:25:31] tick 12:25 源=腾讯 n=62
[12:26:31] tick 12:26 源=腾讯 n=62
[12:27:31] tick 12:27 源=腾讯 n=62
[12:28:31] tick 12:28 源=腾讯 n=62
[12:29:32] tick 12:29 源=腾讯 n=62
[12:30:32] tick 12:30 源=腾讯 n=62
[12:31:32] tick 12:31 源=腾讯 n=62
[12:32:32] tick 12:32 源=腾讯 n=62
[12:33:32] tick 12:33 源=腾讯 n=62
[12:34:32] tick 12:34 源=腾讯 n=62
[12:35:33] tick 12:35 源=腾讯 n=62
[12:36:33] tick 12:36 源=腾讯 n=62
[12:37:33] tick 12:37 源=腾讯 n=62
[12:38:33] tick 12:38 源=腾讯 n=62
[12:39:33] tick 12:39 源=腾讯 n=62
[12:40:33] tick 12:40 源=腾讯 n=62
[12:41:34] tick 12:41 源=腾讯 n=62
[12:42:34] tick 12:42 源=腾讯 n=62
[12:43:34] tick 12:43 源=腾讯 n=62
[12:44:34] tick 12:44 源=腾讯 n=62
[12:45:34] tick 12:45 源=腾讯 n=62
[12:46:34] tick 12:46 源=腾讯 n=62
[12:47:35] tick 12:47 源=腾讯 n=62
[12:48:35] tick 12:48 源=腾讯 n=62
[12:49:35] tick 12:49 源=腾讯 n=62
[12:50:35] tick 12:50 源=腾讯 n=62
[12:51:35] tick 12:51 源=腾讯 n=62
[12:52:35] tick 12:52 源=腾讯 n=62
[12:53:36] tick 12:53 源=腾讯 n=62
[12:54:36] tick 12:54 源=腾讯 n=62
[12:55:36] tick 12:55 源=腾讯 n=62
[12:56:36] tick 12:56 源=腾讯 n=62
[12:57:36] tick 12:57 源=腾讯 n=62
[12:58:36] tick 12:58 源=腾讯 n=62
[12:59:37] tick 12:59 源=腾讯 n=62
[13:00:37] tick 13:00 源=腾讯 n=62
[13:01:37] tick 13:01 源=腾讯 n=62
[13:02:37] tick 13:02 源=腾讯 n=62
[13:03:37] tick 13:03 源=腾讯 n=62
[13:04:37] tick 13:04 源=腾讯 n=62
[13:05:38] tick 13:05 源=腾讯 n=62
[13:06:38] tick 13:06 源=腾讯 n=62
[13:07:38] tick 13:07 源=腾讯 n=62
[13:08:38] tick 13:08 源=腾讯 n=62
[13:09:38] tick 13:09 源=腾讯 n=62
[13:10:38] tick 13:10 源=腾讯 n=62
[13:11:39] tick 13:11 源=腾讯 n=62
[13:12:39] tick 13:12 源=腾讯 n=62
[13:13:39] tick 13:13 源=腾讯 n=62
[13:14:39] tick 13:14 源=腾讯 n=62
[13:15:40] tick 13:15 源=腾讯 n=62
[13:16:40] tick 13:16 源=腾讯 n=62
[13:17:40] tick 13:17 源=腾讯 n=62
[13:18:40] tick 13:18 源=腾讯 n=62
[13:19:40] tick 13:19 源=腾讯 n=62
[13:20:40] tick 13:20 源=腾讯 n=62
[13:21:41] tick 13:21 源=腾讯 n=62
[13:22:41] tick 13:22 源=腾讯 n=62
[13:23:41] tick 13:23 源=腾讯 n=62
[13:24:41] tick 13:24 源=腾讯 n=62
[13:25:41] tick 13:25 源=腾讯 n=62
[13:26:41] tick 13:26 源=腾讯 n=62
[13:27:42] tick 13:27 源=腾讯 n=62
[13:28:42] tick 13:28 源=腾讯 n=62
[13:29:42] tick 13:29 源=腾讯 n=62
[13:30:42] tick 13:30 源=腾讯 n=62
[13:31:42] tick 13:31 源=腾讯 n=62
[13:32:43] tick 13:32 源=腾讯 n=62
[13:33:43] tick 13:33 源=腾讯 n=62
[13:34:43] tick 13:34 源=腾讯 n=62
[13:35:43] tick 13:35 源=腾讯 n=62
[13:36:43] tick 13:36 源=腾讯 n=62
[13:37:43] tick 13:37 源=腾讯 n=62
[13:38:44] tick 13:38 源=腾讯 n=62
[13:39:44] tick 13:39 源=腾讯 n=62
[13:40:44] tick 13:40 源=腾讯 n=62
[13:41:44] tick 13:41 源=腾讯 n=62
[13:42:44] tick 13:42 源=腾讯 n=62
[13:43:44] tick 13:43 源=腾讯 n=62
[13:44:45] tick 13:44 源=腾讯 n=62
[13:45:45] tick 13:45 源=腾讯 n=62
[13:46:45] tick 13:46 源=腾讯 n=62
[13:47:45] tick 13:47 源=腾讯 n=62
[13:48:45] tick 13:48 源=腾讯 n=62
[13:49:46] tick 13:49 源=腾讯 n=62
[13:50:46] tick 13:50 源=腾讯 n=62
[13:51:46] tick 13:51 源=腾讯 n=62
[13:52:46] tick 13:52 源=腾讯 n=62
[13:53:46] tick 13:53 源=腾讯 n=62
[13:54:46] tick 13:54 源=腾讯 n=62
[13:55:47] tick 13:55 源=腾讯 n=62
[13:56:47] tick 13:56 源=腾讯 n=62
[13:57:47] tick 13:57 源=腾讯 n=62
[13:58:47] tick 13:58 源=腾讯 n=62
[13:59:47] tick 13:59 源=腾讯 n=62
[14:00:48] tick 14:00 源=腾讯 n=62
[14:01:48] tick 14:01 源=腾讯 n=62
[14:02:48] tick 14:02 源=腾讯 n=62
[14:03:48] tick 14:03 源=腾讯 n=62
[14:04:48] tick 14:04 源=腾讯 n=62
[14:05:49] tick 14:05 源=腾讯 n=62
[14:06:49] tick 14:06 源=腾讯 n=62
[14:07:49] tick 14:07 源=腾讯 n=62
[14:08:49] tick 14:08 源=腾讯 n=62
[14:09:49] tick 14:09 源=腾讯 n=62
[14:10:49] tick 14:10 源=腾讯 n=62
[14:11:50] tick 14:11 源=腾讯 n=62
[14:12:50] tick 14:12 源=腾讯 n=62
[14:13:50] tick 14:13 源=腾讯 n=62
[14:14:50] tick 14:14 源=腾讯 n=62
[14:15:50] tick 14:15 源=腾讯 n=62
[14:16:51] tick 14:16 源=腾讯 n=62
[14:17:51] tick 14:17 源=腾讯 n=62
[14:18:51] tick 14:18 源=腾讯 n=62
[14:19:51] tick 14:19 源=腾讯 n=62
[14:20:51] tick 14:20 源=腾讯 n=62
[14:21:51] tick 14:21 源=腾讯 n=62
[14:22:52] tick 14:22 源=腾讯 n=62
[14:23:52] tick 14:23 源=腾讯 n=62
[14:24:52] tick 14:24 源=腾讯 n=62
[14:25:52] tick 14:25 源=腾讯 n=62
[14:26:52] tick 14:26 源=腾讯 n=62
[14:27:53] tick 14:27 源=腾讯 n=62
[14:28:53] tick 14:28 源=腾讯 n=62
[14:29:53] tick 14:29 源=腾讯 n=62
[14:30:53] tick 14:30 源=腾讯 n=62
[14:31:53] tick 14:31 源=腾讯 n=62
[14:32:54] tick 14:32 源=腾讯 n=62
[14:33:54] tick 14:33 源=腾讯 n=62
[14:34:54] tick 14:34 源=腾讯 n=62
[14:35:54] tick 14:35 源=腾讯 n=62
[14:36:54] tick 14:36 源=腾讯 n=62
[14:37:54] tick 14:37 源=腾讯 n=62
[14:38:55] tick 14:38 源=腾讯 n=62
[14:39:55] tick 14:39 源=腾讯 n=62
[14:40:55] tick 14:40 源=腾讯 n=62
[14:41:55] tick 14:41 源=腾讯 n=62
[14:42:55] tick 14:42 源=腾讯 n=62
[14:43:55] tick 14:43 源=腾讯 n=62
[14:44:56] tick 14:44 源=腾讯 n=62
[14:45:56] tick 14:45 源=腾讯 n=62
[14:46:56] tick 14:46 源=腾讯 n=62
[14:47:56] tick 14:47 源=腾讯 n=62
[14:48:56] tick 14:48 源=腾讯 n=62
[14:49:56] tick 14:49 源=腾讯 n=62
[14:50:57] tick 14:50 源=腾讯 n=62
[14:51:57] tick 14:51 源=腾讯 n=62
[14:52:59] tick 14:52 源=腾讯 n=62
[14:53:59] tick 14:53 源=腾讯 n=62
[14:54:59] tick 14:54 源=腾讯 n=62
[14:55:59] tick 14:55 源=腾讯 n=62
[14:56:59] tick 14:56 源=腾讯 n=62
[14:58:00] tick 14:57 源=腾讯 n=62
[14:59:00] tick 14:59 源=腾讯 n=62
[15:00:00] tick 15:00 源=腾讯 n=62
[15:01:00] tick 15:01 源=腾讯 n=62
[15:02:00] tick 15:02 源=腾讯 n=62
[15:03:00] tick 15:03 源=腾讯 n=62
[15:04:01] tick 15:04 源=腾讯 n=62
[15:05:01] 收盘退出
[09:14:38] 观察池=涨停池 D:\股票数据\市场数据\20260923\zt_pool.csv (51只)
[09:14:38] 观察池落档: kind=zt_pool date=20260923 stale=False n=51
D:\股票数据\.venv312\Lib\site-packages\iFinDPy.pth
[09:14:40] iFinD login rc=-2
[09:14:40] iFinD 不可用, 仅腾讯降级(竞价轨迹可用但无 Level1 盘口)
[09:14:40] 竞价段启动 51只
[09:15:00] 竞价tick 09:15 源=腾讯
[09:15:20] 竞价tick 09:15 源=腾讯
[09:15:41] 竞价tick 09:15 源=腾讯
[09:16:01] 竞价tick 09:16 源=腾讯
[09:16:21] 竞价tick 09:16 源=腾讯
[09:16:41] 竞价tick 09:16 源=腾讯
[09:17:01] 竞价tick 09:17 源=腾讯
[09:17:22] 竞价tick 09:17 源=腾讯
[09:17:42] 竞价tick 09:17 源=腾讯
[09:18:02] 竞价tick 09:18 源=腾讯
[09:18:22] 竞价tick 09:18 源=腾讯
[09:18:42] 竞价tick 09:18 源=腾讯
[09:19:02] 竞价tick 09:19 源=腾讯
[09:19:23] 竞价tick 09:19 源=腾讯
[09:19:43] 竞价tick 09:19 源=腾讯
[09:20:03] 竞价tick 09:20 源=腾讯
[09:20:23] 竞价tick 09:20 源=腾讯
[09:20:43] 竞价tick 09:20 源=腾讯
[09:21:04] 竞价tick 09:21 源=腾讯
[09:21:24] 竞价tick 09:21 源=腾讯
[09:21:44] 竞价tick 09:21 源=腾讯
[09:22:04] 竞价tick 09:22 源=腾讯
[09:22:24] 竞价tick 09:22 源=腾讯
[09:22:45] 竞价tick 09:22 源=腾讯
[09:23:05] 竞价tick 09:23 源=腾讯
[09:23:25] 竞价tick 09:23 源=腾讯
[09:23:45] 竞价tick 09:23 源=腾讯
[09:24:05] 竞价tick 09:24 源=腾讯
[09:24:26] 竞价tick 09:24 源=腾讯
[09:24:46] 竞价tick 09:24 源=腾讯
[09:25:06] 竞价tick 09:25 源=腾讯
[09:25:26] 竞价tick 09:25 源=腾讯
[09:25:46] 竞价tick 09:25 源=腾讯
[09:26:06] 竞价段结束
[09:26:06] 连续段启动
[09:31:06] tick 09:31 源=腾讯 n=51
[09:32:07] tick 09:32 源=腾讯 n=51
[09:33:07] tick 09:33 源=腾讯 n=51
[09:34:07] tick 09:34 源=腾讯 n=51
[09:35:07] tick 09:35 源=腾讯 n=51
[09:36:07] tick 09:36 源=腾讯 n=51
[09:37:08] tick 09:37 源=腾讯 n=51
[09:38:08] tick 09:38 源=腾讯 n=51
[09:39:08] tick 09:39 源=腾讯 n=51
[09:40:08] tick 09:40 源=腾讯 n=51
[09:41:08] tick 09:41 源=腾讯 n=51
[09:42:08] tick 09:42 源=腾讯 n=51
[09:43:09] tick 09:43 源=腾讯 n=51
[09:44:09] tick 09:44 源=腾讯 n=51
[09:45:09] tick 09:45 源=腾讯 n=51
[09:46:09] tick 09:46 源=腾讯 n=51
[09:47:09] tick 09:47 源=腾讯 n=51
[09:48:09] tick 09:48 源=腾讯 n=51
[09:49:10] tick 09:49 源=腾讯 n=51
[09:50:10] tick 09:50 源=腾讯 n=51
[09:51:10] tick 09:51 源=腾讯 n=51
[09:52:10] tick 09:52 源=腾讯 n=51
[09:53:10] tick 09:53 源=腾讯 n=51
[09:54:10] tick 09:54 源=腾讯 n=51
[09:55:11] tick 09:55 源=腾讯 n=51
[09:56:11] tick 09:56 源=腾讯 n=51
[09:57:11] tick 09:57 源=腾讯 n=51
[09:58:11] tick 09:58 源=腾讯 n=51
[09:59:11] tick 09:59 源=腾讯 n=51
[10:00:11] tick 10:00 源=腾讯 n=51
[10:01:12] tick 10:01 源=腾讯 n=51
[10:02:12] tick 10:02 源=腾讯 n=51
[10:03:12] tick 10:03 源=腾讯 n=51
[10:04:12] tick 10:04 源=腾讯 n=51
[10:05:12] tick 10:05 源=腾讯 n=51
[10:06:12] tick 10:06 源=腾讯 n=51
[10:07:13] tick 10:07 源=腾讯 n=51
[10:08:13] tick 10:08 源=腾讯 n=51
[10:09:13] tick 10:09 源=腾讯 n=51
[10:10:13] tick 10:10 源=腾讯 n=51
[10:11:13] tick 10:11 源=腾讯 n=51
[10:12:13] tick 10:12 源=腾讯 n=51
[10:13:14] tick 10:13 源=腾讯 n=51
[10:14:14] tick 10:14 源=腾讯 n=51
[10:15:14] tick 10:15 源=腾讯 n=51
[10:16:14] tick 10:16 源=腾讯 n=51
[10:17:14] tick 10:17 源=腾讯 n=51
[10:18:14] tick 10:18 源=腾讯 n=51
[10:19:15] tick 10:19 源=腾讯 n=51
[10:20:15] tick 10:20 源=腾讯 n=51
[10:21:15] tick 10:21 源=腾讯 n=51
[10:22:15] tick 10:22 源=腾讯 n=51
[10:23:15] tick 10:23 源=腾讯 n=51
[10:24:15] tick 10:24 源=腾讯 n=51
[10:25:16] tick 10:25 源=腾讯 n=51
[10:26:16] tick 10:26 源=腾讯 n=51
[10:27:16] tick 10:27 源=腾讯 n=51
[10:28:16] tick 10:28 源=腾讯 n=51
[10:29:16] tick 10:29 源=腾讯 n=51
[10:30:16] tick 10:30 源=腾讯 n=51
[10:31:17] tick 10:31 源=腾讯 n=51
[10:32:17] tick 10:32 源=腾讯 n=51
[10:33:17] tick 10:33 源=腾讯 n=51
[10:34:17] tick 10:34 源=腾讯 n=51
[10:35:17] tick 10:35 源=腾讯 n=51
[10:36:18] tick 10:36 源=腾讯 n=51
[10:37:18] tick 10:37 源=腾讯 n=51
[10:38:18] tick 10:38 源=腾讯 n=51
[10:39:18] tick 10:39 源=腾讯 n=51
[10:40:18] tick 10:40 源=腾讯 n=51
[10:41:18] tick 10:41 源=腾讯 n=51
[10:42:19] tick 10:42 源=腾讯 n=51
[10:43:19] tick 10:43 源=腾讯 n=51
[10:44:19] tick 10:44 源=腾讯 n=51
[10:45:19] tick 10:45 源=腾讯 n=51
[10:46:19] tick 10:46 源=腾讯 n=51
[10:47:19] tick 10:47 源=腾讯 n=51
[10:48:20] tick 10:48 源=腾讯 n=51
[10:49:20] tick 10:49 源=腾讯 n=51
[10:50:20] tick 10:50 源=腾讯 n=51
[10:51:20] tick 10:51 源=腾讯 n=51
[10:52:20] tick 10:52 源=腾讯 n=51
[10:53:20] tick 10:53 源=腾讯 n=51
[10:54:21] tick 10:54 源=腾讯 n=51
[10:55:21] tick 10:55 源=腾讯 n=51
[10:56:21] tick 10:56 源=腾讯 n=51
[10:57:21] tick 10:57 源=腾讯 n=51
[10:58:21] tick 10:58 源=腾讯 n=51
[10:59:21] tick 10:59 源=腾讯 n=51
[11:00:22] tick 11:00 源=腾讯 n=51
[11:01:22] tick 11:01 源=腾讯 n=51
[11:02:22] tick 11:02 源=腾讯 n=51
[11:03:22] tick 11:03 源=腾讯 n=51
[11:04:22] tick 11:04 源=腾讯 n=51
[11:05:22] tick 11:05 源=腾讯 n=51
[11:06:23] tick 11:06 源=腾讯 n=51
[11:07:23] tick 11:07 源=腾讯 n=51
[11:08:23] tick 11:08 源=腾讯 n=51
[11:09:23] tick 11:09 源=腾讯 n=51
[11:10:23] tick 11:10 源=腾讯 n=51
[11:11:23] tick 11:11 源=腾讯 n=51
[11:12:24] tick 11:12 源=腾讯 n=51
[11:13:24] tick 11:13 源=腾讯 n=51
[11:14:24] tick 11:14 源=腾讯 n=51
[11:15:24] tick 11:15 源=腾讯 n=51
[11:16:24] tick 11:16 源=腾讯 n=51
[11:17:25] tick 11:17 源=腾讯 n=51
[11:18:25] tick 11:18 源=腾讯 n=51
[11:19:25] tick 11:19 源=腾讯 n=51
[11:20:25] tick 11:20 源=腾讯 n=51
[11:21:25] tick 11:21 源=腾讯 n=51
[11:22:26] tick 11:22 源=腾讯 n=51
[11:23:26] tick 11:23 源=腾讯 n=51
[11:24:26] tick 11:24 源=腾讯 n=51
[11:25:26] tick 11:25 源=腾讯 n=51
[11:26:26] tick 11:26 源=腾讯 n=51
[11:27:27] tick 11:27 源=腾讯 n=51
[11:28:27] tick 11:28 源=腾讯 n=51
[11:29:27] tick 11:29 源=腾讯 n=51
[11:30:27] tick 11:30 源=腾讯 n=51
[11:31:27] tick 11:31 源=腾讯 n=51
[11:32:27] tick 11:32 源=腾讯 n=51
[11:33:28] tick 11:33 源=腾讯 n=51
[11:34:28] tick 11:34 源=腾讯 n=51
[11:35:28] tick 11:35 源=腾讯 n=51
[11:36:28] tick 11:36 源=腾讯 n=51
[11:37:28] tick 11:37 源=腾讯 n=51
[11:38:28] tick 11:38 源=腾讯 n=51
[11:39:29] tick 11:39 源=腾讯 n=51
[11:40:29] tick 11:40 源=腾讯 n=51
[11:41:29] tick 11:41 源=腾讯 n=51
[11:42:29] tick 11:42 源=腾讯 n=51
[11:43:29] tick 11:43 源=腾讯 n=51
[11:44:29] tick 11:44 源=腾讯 n=51
[11:45:30] tick 11:45 源=腾讯 n=51
[11:46:30] tick 11:46 源=腾讯 n=51
[11:47:30] tick 11:47 源=腾讯 n=51
[11:48:30] tick 11:48 源=腾讯 n=51
[11:49:30] tick 11:49 源=腾讯 n=51
[11:50:31] tick 11:50 源=腾讯 n=51
[11:51:31] tick 11:51 源=腾讯 n=51
[11:52:31] tick 11:52 源=腾讯 n=51
[11:53:31] tick 11:53 源=腾讯 n=51
[11:54:31] tick 11:54 源=腾讯 n=51
[11:55:31] tick 11:55 源=腾讯 n=51
[11:56:32] tick 11:56 源=腾讯 n=51
[11:57:32] tick 11:57 源=腾讯 n=51
[11:58:32] tick 11:58 源=腾讯 n=51
[11:59:32] tick 11:59 源=腾讯 n=51
[12:00:32] tick 12:00 源=腾讯 n=51
[12:01:32] tick 12:01 源=腾讯 n=51
[12:02:33] tick 12:02 源=腾讯 n=51
[12:03:33] tick 12:03 源=腾讯 n=51
[12:04:33] tick 12:04 源=腾讯 n=51
[12:05:33] tick 12:05 源=腾讯 n=51
[12:06:33] tick 12:06 源=腾讯 n=51
[12:07:34] tick 12:07 源=腾讯 n=51
[12:08:34] tick 12:08 源=腾讯 n=51
[12:09:34] tick 12:09 源=腾讯 n=51
[12:10:34] tick 12:10 源=腾讯 n=51
[12:11:34] tick 12:11 源=腾讯 n=51
[12:12:34] tick 12:12 源=腾讯 n=51
[12:13:35] tick 12:13 源=腾讯 n=51
[12:14:35] tick 12:14 源=腾讯 n=51
[12:15:35] tick 12:15 源=腾讯 n=51
[12:16:35] tick 12:16 源=腾讯 n=51
[12:17:35] tick 12:17 源=腾讯 n=51
[12:18:35] tick 12:18 源=腾讯 n=51
[12:19:36] tick 12:19 源=腾讯 n=51
[12:20:36] tick 12:20 源=腾讯 n=51
[12:21:36] tick 12:21 源=腾讯 n=51
[12:22:36] tick 12:22 源=腾讯 n=51
[12:23:36] tick 12:23 源=腾讯 n=51
[12:24:37] tick 12:24 源=腾讯 n=51
[12:25:37] tick 12:25 源=腾讯 n=51
[12:26:37] tick 12:26 源=腾讯 n=51
[12:27:37] tick 12:27 源=腾讯 n=51
[12:28:37] tick 12:28 源=腾讯 n=51
[12:29:37] tick 12:29 源=腾讯 n=51
[12:30:38] tick 12:30 源=腾讯 n=51
[12:31:38] tick 12:31 源=腾讯 n=51
[12:32:38] tick 12:32 源=腾讯 n=51
[12:33:38] tick 12:33 源=腾讯 n=51
[12:34:38] tick 12:34 源=腾讯 n=51
[12:35:38] tick 12:35 源=腾讯 n=51
[12:36:39] tick 12:36 源=腾讯 n=51
[12:37:39] tick 12:37 源=腾讯 n=51
[12:38:39] tick 12:38 源=腾讯 n=51
[12:39:39] tick 12:39 源=腾讯 n=51
[12:40:39] tick 12:40 源=腾讯 n=51
[12:41:40] tick 12:41 源=腾讯 n=51
[12:42:40] tick 12:42 源=腾讯 n=51
[12:43:40] tick 12:43 源=腾讯 n=51
[12:44:40] tick 12:44 源=腾讯 n=51
[12:45:40] tick 12:45 源=腾讯 n=51
[12:46:40] tick 12:46 源=腾讯 n=51
[12:47:41] tick 12:47 源=腾讯 n=51
[12:48:41] tick 12:48 源=腾讯 n=51
[12:49:41] tick 12:49 源=腾讯 n=51
[12:50:41] tick 12:50 源=腾讯 n=51
[12:51:41] tick 12:51 源=腾讯 n=51
[12:52:41] tick 12:52 源=腾讯 n=51
[12:53:42] tick 12:53 源=腾讯 n=51
[12:54:42] tick 12:54 源=腾讯 n=51
[12:55:42] tick 12:55 源=腾讯 n=51
[12:56:42] tick 12:56 源=腾讯 n=51
[12:57:42] tick 12:57 源=腾讯 n=51
[12:58:43] tick 12:58 源=腾讯 n=51
[12:59:43] tick 12:59 源=腾讯 n=51
[13:00:43] tick 13:00 源=腾讯 n=51
[13:01:43] tick 13:01 源=腾讯 n=51
[13:02:43] tick 13:02 源=腾讯 n=51
[13:03:43] tick 13:03 源=腾讯 n=51
[13:04:44] tick 13:04 源=腾讯 n=51
[13:05:44] tick 13:05 源=腾讯 n=51
[13:06:44] tick 13:06 源=腾讯 n=51
[13:07:44] tick 13:07 源=腾讯 n=51
[13:08:44] tick 13:08 源=腾讯 n=51
[13:09:45] tick 13:09 源=腾讯 n=51
[13:10:45] tick 13:10 源=腾讯 n=51
[13:11:45] tick 13:11 源=腾讯 n=51
[13:12:45] tick 13:12 源=腾讯 n=51
[13:13:45] tick 13:13 源=腾讯 n=51
[13:14:45] tick 13:14 源=腾讯 n=51
[13:15:46] tick 13:15 源=腾讯 n=51
[13:16:46] tick 13:16 源=腾讯 n=51
[13:17:46] tick 13:17 源=腾讯 n=51
[13:18:46] tick 13:18 源=腾讯 n=51
[13:19:46] tick 13:19 源=腾讯 n=51
[13:20:47] tick 13:20 源=腾讯 n=51
[13:21:47] tick 13:21 源=腾讯 n=51
[13:22:47] tick 13:22 源=腾讯 n=51
[13:23:47] tick 13:23 源=腾讯 n=51
[13:24:48] tick 13:24 源=腾讯 n=51
[13:25:48] tick 13:25 源=腾讯 n=51
[13:26:48] tick 13:26 源=腾讯 n=51
[13:27:48] tick 13:27 源=腾讯 n=51
[13:28:48] tick 13:28 源=腾讯 n=51
[13:29:48] tick 13:29 源=腾讯 n=51
[13:30:49] tick 13:30 源=腾讯 n=51
[13:31:49] tick 13:31 源=腾讯 n=51
[13:32:49] tick 13:32 源=腾讯 n=51
[13:33:49] tick 13:33 源=腾讯 n=51
[13:34:49] tick 13:34 源=腾讯 n=51
[13:35:50] tick 13:35 源=腾讯 n=51
[13:36:50] tick 13:36 源=腾讯 n=51
[13:37:50] tick 13:37 源=腾讯 n=51
[13:38:50] tick 13:38 源=腾讯 n=51
[13:39:50] tick 13:39 源=腾讯 n=51
[13:40:50] tick 13:40 源=腾讯 n=51
[13:41:51] tick 13:41 源=腾讯 n=51
[13:42:51] tick 13:42 源=腾讯 n=51
[13:43:51] tick 13:43 源=腾讯 n=51
[13:44:51] tick 13:44 源=腾讯 n=51
[13:45:51] tick 13:45 源=腾讯 n=51
[13:46:52] tick 13:46 源=腾讯 n=51
[13:47:52] tick 13:47 源=腾讯 n=51
[13:48:52] tick 13:48 源=腾讯 n=51
[13:49:52] tick 13:49 源=腾讯 n=51
[13:50:52] tick 13:50 源=腾讯 n=51
[13:51:53] tick 13:51 源=腾讯 n=51
[13:52:53] tick 13:52 源=腾讯 n=51
[13:53:53] tick 13:53 源=腾讯 n=51
[13:54:53] tick 13:54 源=腾讯 n=51
[13:55:53] tick 13:55 源=腾讯 n=51
[13:56:54] tick 13:56 源=腾讯 n=51
[13:57:54] tick 13:57 源=腾讯 n=51
[13:58:54] tick 13:58 源=腾讯 n=51
[13:59:54] tick 13:59 源=腾讯 n=51
[14:00:54] tick 14:00 源=腾讯 n=51
[14:01:55] tick 14:01 源=腾讯 n=51
[14:02:55] tick 14:02 源=腾讯 n=51
[14:03:55] tick 14:03 源=腾讯 n=51
[14:04:55] tick 14:04 源=腾讯 n=51
[14:05:55] tick 14:05 源=腾讯 n=51
[14:06:56] tick 14:06 源=腾讯 n=51
[14:07:56] tick 14:07 源=腾讯 n=51
[14:08:56] tick 14:08 源=腾讯 n=51
[14:09:56] tick 14:09 源=腾讯 n=51
[14:10:56] tick 14:10 源=腾讯 n=51
[14:11:57] tick 14:11 源=腾讯 n=51
[14:12:57] tick 14:12 源=腾讯 n=51
[14:13:57] tick 14:13 源=腾讯 n=51
[14:14:57] tick 14:14 源=腾讯 n=51
[14:15:57] tick 14:15 源=腾讯 n=51
[14:16:58] tick 14:16 源=腾讯 n=51
[14:17:58] tick 14:17 源=腾讯 n=51
[14:18:58] tick 14:18 源=腾讯 n=51
[14:19:58] tick 14:19 源=腾讯 n=51
[14:20:58] tick 14:20 源=腾讯 n=51
[14:21:58] tick 14:21 源=腾讯 n=51
[14:22:59] tick 14:22 源=腾讯 n=51
[14:23:59] tick 14:23 源=腾讯 n=51
[14:24:59] tick 14:24 源=腾讯 n=51
[14:25:59] tick 14:25 源=腾讯 n=51
[14:26:59] tick 14:26 源=腾讯 n=51
[14:28:00] tick 14:27 源=腾讯 n=51
[14:29:00] tick 14:29 源=腾讯 n=51
[14:30:00] tick 14:30 源=腾讯 n=51
[14:31:00] tick 14:31 源=腾讯 n=51
[14:32:01] tick 14:32 源=腾讯 n=51
[14:33:01] tick 14:33 源=腾讯 n=51
[14:34:01] tick 14:34 源=腾讯 n=51
[14:35:01] tick 14:35 源=腾讯 n=51
[14:36:01] tick 14:36 源=腾讯 n=51
[14:37:01] tick 14:37 源=腾讯 n=51
[14:38:02] tick 14:38 源=腾讯 n=51
[14:39:02] tick 14:39 源=腾讯 n=51
[14:40:02] tick 14:40 源=腾讯 n=51
[14:41:02] tick 14:41 源=腾讯 n=51
[14:42:03] tick 14:42 源=腾讯 n=51
[14:43:03] tick 14:43 源=腾讯 n=51
[14:44:03] tick 14:44 源=腾讯 n=51
[14:45:03] tick 14:45 源=腾讯 n=51
[14:46:03] tick 14:46 源=腾讯 n=51
[14:47:04] tick 14:47 源=腾讯 n=51
[14:48:04] tick 14:48 源=腾讯 n=51
[14:49:04] tick 14:49 源=腾讯 n=51
[14:50:04] tick 14:50 源=腾讯 n=51
[14:51:04] tick 14:51 源=腾讯 n=51
[14:52:04] tick 14:52 源=腾讯 n=51
[14:53:05] tick 14:53 源=腾讯 n=51
[14:54:05] tick 14:54 源=腾讯 n=51
[14:55:05] tick 14:55 源=腾讯 n=51
[14:56:05] tick 14:56 源=腾讯 n=51
[14:57:05] tick 14:57 源=腾讯 n=51
[14:58:06] tick 14:58 源=腾讯 n=51
[14:59:06] tick 14:59 源=腾讯 n=51
[15:00:06] tick 15:00 源=腾讯 n=51
[15:01:06] tick 15:01 源=腾讯 n=51
[15:02:06] tick 15:02 源=腾讯 n=51
[15:03:06] tick 15:03 源=腾讯 n=51
[15:04:07] tick 15:04 源=腾讯 n=51
[15:05:07] 收盘退出
[09:31:31] 观察池=涨停池 D:\股票数据\市场数据\20260925\zt_pool.csv (52只)
[09:31:32] 观察池落档: kind=zt_pool date=20260925 stale=False n=52
D:\股票数据\.venv312\Lib\site-packages\iFinDPy.pth
[09:31:53] iFinD login rc=-340
[09:31:53] iFinD 不可用, 仅腾讯降级(竞价轨迹可用但无 Level1 盘口)
[09:31:53] 连续段启动
[09:31:54] tick 09:31 源=腾讯 n=51
[09:32:54] tick 09:32 源=腾讯 n=51
[09:33:54] tick 09:33 源=腾讯 n=51
[09:34:54] tick 09:34 源=腾讯 n=51
[09:35:54] tick 09:35 源=腾讯 n=51
[09:36:54] tick 09:36 源=腾讯 n=51
[09:37:55] tick 09:37 源=腾讯 n=51
[09:38:55] tick 09:38 源=腾讯 n=51
[09:39:55] tick 09:39 源=腾讯 n=51
[09:40:55] tick 09:40 源=腾讯 n=51
[09:41:55] tick 09:41 源=腾讯 n=51
[09:42:55] tick 09:42 源=腾讯 n=51
[09:43:56] tick 09:43 源=腾讯 n=51
[09:44:56] tick 09:44 源=腾讯 n=51
[09:45:56] tick 09:45 源=腾讯 n=51
[09:46:56] tick 09:46 源=腾讯 n=51
[09:47:56] tick 09:47 源=腾讯 n=51
[09:48:56] tick 09:48 源=腾讯 n=51
[09:49:57] tick 09:49 源=腾讯 n=51
[09:50:57] tick 09:50 源=腾讯 n=51
[09:51:57] tick 09:51 源=腾讯 n=51
[09:52:57] tick 09:52 源=腾讯 n=51
[09:53:57] tick 09:53 源=腾讯 n=51
[09:54:57] tick 09:54 源=腾讯 n=51
[09:55:58] tick 09:55 源=腾讯 n=51
[09:56:58] tick 09:56 源=腾讯 n=51
[09:57:58] tick 09:57 源=腾讯 n=51
[09:58:58] tick 09:58 源=腾讯 n=51
[09:59:58] tick 09:59 源=腾讯 n=51
[10:00:59] tick 10:00 源=腾讯 n=51
[10:01:59] tick 10:01 源=腾讯 n=51
[10:02:59] tick 10:02 源=腾讯 n=51
[10:03:59] tick 10:03 源=腾讯 n=51
[10:04:59] tick 10:04 源=腾讯 n=51
[10:05:59] tick 10:05 源=腾讯 n=51
[10:07:00] tick 10:06 源=腾讯 n=51
[10:08:00] tick 10:08 源=腾讯 n=51
[10:09:00] tick 10:09 源=腾讯 n=51
[10:10:00] tick 10:10 源=腾讯 n=51
[10:11:00] tick 10:11 源=腾讯 n=51
[10:12:01] tick 10:12 源=腾讯 n=51
[10:13:01] tick 10:13 源=腾讯 n=51
[10:14:01] tick 10:14 源=腾讯 n=51
[10:15:01] tick 10:15 源=腾讯 n=51
[10:16:01] tick 10:16 源=腾讯 n=51
[10:17:02] tick 10:17 源=腾讯 n=51
[10:18:02] tick 10:18 源=腾讯 n=51
[10:19:02] tick 10:19 源=腾讯 n=51
[10:20:02] tick 10:20 源=腾讯 n=51
[10:21:02] tick 10:21 源=腾讯 n=51
[10:22:03] tick 10:22 源=腾讯 n=51
[10:23:03] tick 10:23 源=腾讯 n=51
[10:24:03] tick 10:24 源=腾讯 n=51
[10:25:03] tick 10:25 源=腾讯 n=51
[10:26:03] tick 10:26 源=腾讯 n=51
[10:27:03] tick 10:27 源=腾讯 n=51
[10:28:04] tick 10:28 源=腾讯 n=51
[10:29:04] tick 10:29 源=腾讯 n=51
[10:30:04] tick 10:30 源=腾讯 n=51
[10:31:04] tick 10:31 源=腾讯 n=51
[10:32:04] tick 10:32 源=腾讯 n=51
[10:33:04] tick 10:33 源=腾讯 n=51
[10:34:05] tick 10:34 源=腾讯 n=51
[10:35:05] tick 10:35 源=腾讯 n=51
[10:36:05] tick 10:36 源=腾讯 n=51
[10:37:05] tick 10:37 源=腾讯 n=51
[10:38:05] tick 10:38 源=腾讯 n=51
[10:39:05] tick 10:39 源=腾讯 n=51
[10:40:06] tick 10:40 源=腾讯 n=51
[10:41:06] tick 10:41 源=腾讯 n=51
[10:42:06] tick 10:42 源=腾讯 n=51
[10:43:06] tick 10:43 源=腾讯 n=51
[10:44:06] tick 10:44 源=腾讯 n=51
[10:45:07] tick 10:45 源=腾讯 n=51
[10:46:07] tick 10:46 源=腾讯 n=51
[10:47:07] tick 10:47 源=腾讯 n=51
[10:48:07] tick 10:48 源=腾讯 n=51
[10:49:07] tick 10:49 源=腾讯 n=51
[10:50:07] tick 10:50 源=腾讯 n=51
[10:51:08] tick 10:51 源=腾讯 n=51
[10:52:08] tick 10:52 源=腾讯 n=51
[10:53:08] tick 10:53 源=腾讯 n=51
[10:54:08] tick 10:54 源=腾讯 n=51
[10:55:08] tick 10:55 源=腾讯 n=51
[10:56:09] tick 10:56 源=腾讯 n=51
[10:57:09] tick 10:57 源=腾讯 n=51
[10:58:09] tick 10:58 源=腾讯 n=51
[10:59:09] tick 10:59 源=腾讯 n=51
[11:00:09] tick 11:00 源=腾讯 n=51
[11:01:09] tick 11:01 源=腾讯 n=51
[11:02:10] tick 11:02 源=腾讯 n=51
[11:03:10] tick 11:03 源=腾讯 n=51
[11:04:10] tick 11:04 源=腾讯 n=51
[11:05:10] tick 11:05 源=腾讯 n=51
[11:06:10] tick 11:06 源=腾讯 n=51
[11:07:11] tick 11:07 源=腾讯 n=51
[11:08:11] tick 11:08 源=腾讯 n=51
[11:09:11] tick 11:09 源=腾讯 n=51
[11:10:11] tick 11:10 源=腾讯 n=51
[11:11:11] tick 11:11 源=腾讯 n=51
[11:12:11] tick 11:12 源=腾讯 n=51
[11:13:12] tick 11:13 源=腾讯 n=51
[11:14:12] tick 11:14 源=腾讯 n=51
[11:15:12] tick 11:15 源=腾讯 n=51
[11:16:12] tick 11:16 源=腾讯 n=51
[11:17:12] tick 11:17 源=腾讯 n=51
[11:18:12] tick 11:18 源=腾讯 n=51
[11:19:13] tick 11:19 源=腾讯 n=51
[11:20:13] tick 11:20 源=腾讯 n=51
[11:21:13] tick 11:21 源=腾讯 n=51
[11:22:13] tick 11:22 源=腾讯 n=51
[11:23:13] tick 11:23 源=腾讯 n=51
[11:24:13] tick 11:24 源=腾讯 n=51
[11:25:14] tick 11:25 源=腾讯 n=51
[11:26:14] tick 11:26 源=腾讯 n=51
[11:27:14] tick 11:27 源=腾讯 n=51
[11:28:14] tick 11:28 源=腾讯 n=51
[11:29:14] tick 11:29 源=腾讯 n=51
[11:30:14] tick 11:30 源=腾讯 n=51
[11:31:15] tick 11:31 源=腾讯 n=51
[11:32:15] tick 11:32 源=腾讯 n=51
[11:33:15] tick 11:33 源=腾讯 n=51
[11:34:15] tick 11:34 源=腾讯 n=51
[11:35:15] tick 11:35 源=腾讯 n=51
[11:36:15] tick 11:36 源=腾讯 n=51
[11:37:16] tick 11:37 源=腾讯 n=51
[11:38:16] tick 11:38 源=腾讯 n=51
[11:39:16] tick 11:39 源=腾讯 n=51
[11:40:16] tick 11:40 源=腾讯 n=51
[11:41:16] tick 11:41 源=腾讯 n=51
[11:42:16] tick 11:42 源=腾讯 n=51
[11:43:17] tick 11:43 源=腾讯 n=51
[11:44:17] tick 11:44 源=腾讯 n=51
[11:45:17] tick 11:45 源=腾讯 n=51
[11:46:17] tick 11:46 源=腾讯 n=51
[11:47:17] tick 11:47 源=腾讯 n=51
[11:48:17] tick 11:48 源=腾讯 n=51
[11:49:18] tick 11:49 源=腾讯 n=51
[11:50:18] tick 11:50 源=腾讯 n=51
[11:51:18] tick 11:51 源=腾讯 n=51
[11:52:18] tick 11:52 源=腾讯 n=51
[11:53:18] tick 11:53 源=腾讯 n=51
[11:54:18] tick 11:54 源=腾讯 n=51
[11:55:19] tick 11:55 源=腾讯 n=51
[11:56:19] tick 11:56 源=腾讯 n=51
[11:57:19] tick 11:57 源=腾讯 n=51
[11:58:19] tick 11:58 源=腾讯 n=51
[11:59:19] tick 11:59 源=腾讯 n=51
[12:00:20] tick 12:00 源=腾讯 n=51
[12:01:20] tick 12:01 源=腾讯 n=51
[12:02:20] tick 12:02 源=腾讯 n=51
[12:03:20] tick 12:03 源=腾讯 n=51
[12:04:20] tick 12:04 源=腾讯 n=51
[12:05:20] tick 12:05 源=腾讯 n=51
[12:06:21] tick 12:06 源=腾讯 n=51
[12:07:21] tick 12:07 源=腾讯 n=51
[12:08:21] tick 12:08 源=腾讯 n=51
[12:09:21] tick 12:09 源=腾讯 n=51
[12:10:21] tick 12:10 源=腾讯 n=51
[12:11:21] tick 12:11 源=腾讯 n=51
[12:12:22] tick 12:12 源=腾讯 n=51
[12:13:22] tick 12:13 源=腾讯 n=51
[12:14:22] tick 12:14 源=腾讯 n=51
[12:15:22] tick 12:15 源=腾讯 n=51
[12:16:22] tick 12:16 源=腾讯 n=51
[12:17:22] tick 12:17 源=腾讯 n=51
[12:18:23] tick 12:18 源=腾讯 n=51
[12:19:23] tick 12:19 源=腾讯 n=51
[12:20:23] tick 12:20 源=腾讯 n=51
[12:21:23] tick 12:21 源=腾讯 n=51
[12:22:23] tick 12:22 源=腾讯 n=51
[12:23:24] tick 12:23 源=腾讯 n=51
[12:24:24] tick 12:24 源=腾讯 n=51
[12:25:24] tick 12:25 源=腾讯 n=51
[12:26:24] tick 12:26 源=腾讯 n=51
[12:27:24] tick 12:27 源=腾讯 n=51
[12:28:24] tick 12:28 源=腾讯 n=51
[12:29:25] tick 12:29 源=腾讯 n=51
[12:30:25] tick 12:30 源=腾讯 n=51
[12:31:25] tick 12:31 源=腾讯 n=51
[12:32:25] tick 12:32 源=腾讯 n=51
[12:33:25] tick 12:33 源=腾讯 n=51
[12:34:26] tick 12:34 源=腾讯 n=51
[12:35:26] tick 12:35 源=腾讯 n=51
[12:36:26] tick 12:36 源=腾讯 n=51
[12:37:26] tick 12:37 源=腾讯 n=51
[12:38:26] tick 12:38 源=腾讯 n=51
[12:39:26] tick 12:39 源=腾讯 n=51
[12:40:27] tick 12:40 源=腾讯 n=51
[12:41:27] tick 12:41 源=腾讯 n=51
[12:42:27] tick 12:42 源=腾讯 n=51
[12:43:27] tick 12:43 源=腾讯 n=51
[12:44:27] tick 12:44 源=腾讯 n=51
[12:45:27] tick 12:45 源=腾讯 n=51
[12:46:28] tick 12:46 源=腾讯 n=51
[12:47:28] tick 12:47 源=腾讯 n=51
[12:48:28] tick 12:48 源=腾讯 n=51
[12:49:28] tick 12:49 源=腾讯 n=51
[12:50:28] tick 12:50 源=腾讯 n=51
[12:51:29] tick 12:51 源=腾讯 n=51
[12:52:29] tick 12:52 源=腾讯 n=51
[12:53:29] tick 12:53 源=腾讯 n=51
[12:54:29] tick 12:54 源=腾讯 n=51
[12:55:29] tick 12:55 源=腾讯 n=51
[12:56:29] tick 12:56 源=腾讯 n=51
[12:57:30] tick 12:57 源=腾讯 n=51
[12:58:30] tick 12:58 源=腾讯 n=51
[12:59:30] tick 12:59 源=腾讯 n=51
[13:00:31] tick 13:00 源=腾讯 n=51
[13:01:31] tick 13:01 源=腾讯 n=51
[13:02:31] tick 13:02 源=腾讯 n=51
[13:03:31] tick 13:03 源=腾讯 n=51
[13:04:31] tick 13:04 源=腾讯 n=51
[13:05:31] tick 13:05 源=腾讯 n=51
[13:06:32] tick 13:06 源=腾讯 n=51
[13:07:32] tick 13:07 源=腾讯 n=51
[13:08:32] tick 13:08 源=腾讯 n=51
[13:09:32] tick 13:09 源=腾讯 n=51
[13:10:32] tick 13:10 源=腾讯 n=51
[13:11:33] tick 13:11 源=腾讯 n=51
[13:12:33] tick 13:12 源=腾讯 n=51
[13:13:33] tick 13:13 源=腾讯 n=51
[13:14:33] tick 13:14 源=腾讯 n=51
[13:15:33] tick 13:15 源=腾讯 n=51
[13:16:33] tick 13:16 源=腾讯 n=51
[13:17:34] tick 13:17 源=腾讯 n=51
[13:18:34] tick 13:18 源=腾讯 n=51
[13:19:34] tick 13:19 源=腾讯 n=51
[13:20:34] tick 13:20 源=腾讯 n=51
[13:21:34] tick 13:21 源=腾讯 n=51
[13:22:35] tick 13:22 源=腾讯 n=51
[13:23:35] tick 13:23 源=腾讯 n=51
[13:24:35] tick 13:24 源=腾讯 n=51
[13:25:35] tick 13:25 源=腾讯 n=51
[13:26:35] tick 13:26 源=腾讯 n=51
[13:27:35] tick 13:27 源=腾讯 n=51
[13:28:36] tick 13:28 源=腾讯 n=51
[13:29:36] tick 13:29 源=腾讯 n=51
[13:30:36] tick 13:30 源=腾讯 n=51
[13:31:36] tick 13:31 源=腾讯 n=51
[13:32:36] tick 13:32 源=腾讯 n=51
[13:33:36] tick 13:33 源=腾讯 n=51
[13:34:37] tick 13:34 源=腾讯 n=51
[13:35:37] tick 13:35 源=腾讯 n=51
[13:36:37] tick 13:36 源=腾讯 n=51
[13:37:37] tick 13:37 源=腾讯 n=51
[13:38:37] tick 13:38 源=腾讯 n=51
[13:39:38] tick 13:39 源=腾讯 n=51
[13:40:38] tick 13:40 源=腾讯 n=51
[13:41:38] tick 13:41 源=腾讯 n=51
[13:42:38] tick 13:42 源=腾讯 n=51
[13:43:38] tick 13:43 源=腾讯 n=51
[13:44:39] tick 13:44 源=腾讯 n=51
[13:45:39] tick 13:45 源=腾讯 n=51
[13:46:39] tick 13:46 源=腾讯 n=51
[13:47:39] tick 13:47 源=腾讯 n=51
[13:48:39] tick 13:48 源=腾讯 n=51
[13:49:39] tick 13:49 源=腾讯 n=51
[13:50:40] tick 13:50 源=腾讯 n=51
[13:51:40] tick 13:51 源=腾讯 n=51
[13:52:40] tick 13:52 源=腾讯 n=51
[13:53:40] tick 13:53 源=腾讯 n=51
[13:54:40] tick 13:54 源=腾讯 n=51
[13:55:40] tick 13:55 源=腾讯 n=51
[13:56:41] tick 13:56 源=腾讯 n=51
[13:57:41] tick 13:57 源=腾讯 n=51
[13:58:41] tick 13:58 源=腾讯 n=51
[13:59:41] tick 13:59 源=腾讯 n=51
[14:00:41] tick 14:00 源=腾讯 n=51
[14:01:42] tick 14:01 源=腾讯 n=51
[14:02:42] tick 14:02 源=腾讯 n=51
[14:03:42] tick 14:03 源=腾讯 n=51
[14:04:42] tick 14:04 源=腾讯 n=51
[14:05:42] tick 14:05 源=腾讯 n=51
[14:06:42] tick 14:06 源=腾讯 n=51
[14:07:43] tick 14:07 源=腾讯 n=51
[14:08:43] tick 14:08 源=腾讯 n=51
[14:09:43] tick 14:09 源=腾讯 n=51
[14:10:43] tick 14:10 源=腾讯 n=51
[14:11:43] tick 14:11 源=腾讯 n=51
[14:12:43] tick 14:12 源=腾讯 n=51
[14:13:44] tick 14:13 源=腾讯 n=51
[14:14:44] tick 14:14 源=腾讯 n=51
[14:15:44] tick 14:15 源=腾讯 n=51
[14:16:44] tick 14:16 源=腾讯 n=51
[14:17:44] tick 14:17 源=腾讯 n=51
[14:18:44] tick 14:18 源=腾讯 n=51
[14:19:45] tick 14:19 源=腾讯 n=51
[14:20:45] tick 14:20 源=腾讯 n=51
[14:21:45] tick 14:21 源=腾讯 n=51
[14:22:45] tick 14:22 源=腾讯 n=51
[14:23:45] tick 14:23 源=腾讯 n=51
[14:24:45] tick 14:24 源=腾讯 n=51
[14:25:46] tick 14:25 源=腾讯 n=51
[14:26:46] tick 14:26 源=腾讯 n=51
[14:27:46] tick 14:27 源=腾讯 n=51
[14:28:46] tick 14:28 源=腾讯 n=51
[14:29:46] tick 14:29 源=腾讯 n=51
[14:30:47] tick 14:30 源=腾讯 n=51
[14:31:47] tick 14:31 源=腾讯 n=51
[14:32:47] tick 14:32 源=腾讯 n=51
[14:33:47] tick 14:33 源=腾讯 n=51
[14:34:47] tick 14:34 源=腾讯 n=51
[14:35:48] tick 14:35 源=腾讯 n=51
[14:36:48] tick 14:36 源=腾讯 n=51
[14:37:48] tick 14:37 源=腾讯 n=51
[14:38:48] tick 14:38 源=腾讯 n=51
[14:39:48] tick 14:39 源=腾讯 n=51
[14:40:48] tick 14:40 源=腾讯 n=51
[14:41:49] tick 14:41 源=腾讯 n=51
[14:42:49] tick 14:42 源=腾讯 n=51
[14:43:49] tick 14:43 源=腾讯 n=51
[14:44:49] tick 14:44 源=腾讯 n=51
[14:45:50] tick 14:45 源=腾讯 n=51
[14:46:50] tick 14:46 源=腾讯 n=51
[14:47:50] tick 14:47 源=腾讯 n=51
[14:48:50] tick 14:48 源=腾讯 n=51
[14:49:50] tick 14:49 源=腾讯 n=51
[14:50:50] tick 14:50 源=腾讯 n=51
[14:51:51] tick 14:51 源=腾讯 n=51
[14:52:51] tick 14:52 源=腾讯 n=51
[14:53:51] tick 14:53 源=腾讯 n=51
[14:54:51] tick 14:54 源=腾讯 n=51
[14:55:51] tick 14:55 源=腾讯 n=51
[14:56:51] tick 14:56 源=腾讯 n=51
[14:57:52] tick 14:57 源=腾讯 n=51
[14:58:52] tick 14:58 源=腾讯 n=51
[14:59:52] tick 14:59 源=腾讯 n=51
[15:00:52] tick 15:00 源=腾讯 n=51
[15:01:52] tick 15:01 源=腾讯 n=51
[15:02:52] tick 15:02 源=腾讯 n=51
[15:03:53] tick 15:03 源=腾讯 n=51
[15:04:53] tick 15:04 源=腾讯 n=51
[15:05:53] 收盘退出
[09:14:46] 观察池=涨停池 D:\股票数据\市场数据\20260928\zt_pool.csv (33只)
[09:14:46] 观察池落档: kind=zt_pool date=20260928 stale=False n=33
D:\股票数据\.venv312\Lib\site-packages\iFinDPy.pth
[09:14:47] iFinD login rc=-2
[09:14:47] iFinD 不可用, 仅腾讯降级(竞价轨迹可用但无 Level1 盘口)
[09:14:47] 竞价段启动 33只
[09:15:07] 竞价tick 09:15 源=腾讯
[09:15:27] 竞价tick 09:15 源=腾讯
[09:15:48] 竞价tick 09:15 源=腾讯
[09:16:08] 竞价tick 09:16 源=腾讯
[09:16:28] 竞价tick 09:16 源=腾讯
[09:16:48] 竞价tick 09:16 源=腾讯
[09:17:08] 竞价tick 09:17 源=腾讯
[09:17:29] 竞价tick 09:17 源=腾讯
[09:17:49] 竞价tick 09:17 源=腾讯
[09:18:09] 竞价tick 09:18 源=腾讯
[09:18:29] 竞价tick 09:18 源=腾讯
[09:18:49] 竞价tick 09:18 源=腾讯
[09:19:10] 竞价tick 09:19 源=腾讯
[09:19:30] 竞价tick 09:19 源=腾讯
[09:19:50] 竞价tick 09:19 源=腾讯
[09:20:10] 竞价tick 09:20 源=腾讯
[09:20:30] 竞价tick 09:20 源=腾讯
[09:20:50] 竞价tick 09:20 源=腾讯
[09:21:11] 竞价tick 09:21 源=腾讯
[09:21:31] 竞价tick 09:21 源=腾讯
[09:21:51] 竞价tick 09:21 源=腾讯
[09:22:11] 竞价tick 09:22 源=腾讯
[09:22:31] 竞价tick 09:22 源=腾讯
[09:22:52] 竞价tick 09:22 源=腾讯
[09:23:12] 竞价tick 09:23 源=腾讯
[09:23:32] 竞价tick 09:23 源=腾讯
[09:23:53] 竞价tick 09:23 源=腾讯
[09:24:13] 竞价tick 09:24 源=腾讯
[09:24:33] 竞价tick 09:24 源=腾讯
[09:24:53] 竞价tick 09:24 源=腾讯
[09:25:13] 竞价tick 09:25 源=腾讯
[09:25:34] 竞价tick 09:25 源=腾讯
[09:25:54] 竞价tick 09:25 源=腾讯
[09:26:14] 竞价段结束
[09:26:14] 连续段启动
[09:31:04] tick 09:31 源=腾讯 n=33
[09:32:04] tick 09:32 源=腾讯 n=33
[09:33:04] tick 09:33 源=腾讯 n=33
[09:34:04] tick 09:34 源=腾讯 n=33
[09:35:05] tick 09:35 源=腾讯 n=33
[09:36:05] tick 09:36 源=腾讯 n=33
[09:37:05] tick 09:37 源=腾讯 n=33
[09:38:05] tick 09:38 源=腾讯 n=33
[09:39:05] tick 09:39 源=腾讯 n=33
[09:40:06] tick 09:40 源=腾讯 n=33
[09:41:06] tick 09:41 源=腾讯 n=33
[09:42:06] tick 09:42 源=腾讯 n=33
[09:43:06] tick 09:43 源=腾讯 n=33
[09:44:06] tick 09:44 源=腾讯 n=33
[09:45:06] tick 09:45 源=腾讯 n=33
[09:46:07] tick 09:46 源=腾讯 n=33
[09:47:07] tick 09:47 源=腾讯 n=33
[09:48:07] tick 09:48 源=腾讯 n=33
[09:49:07] tick 09:49 源=腾讯 n=33
[09:50:07] tick 09:50 源=腾讯 n=33
[09:51:07] tick 09:51 源=腾讯 n=33
[09:52:08] tick 09:52 源=腾讯 n=33
[09:53:08] tick 09:53 源=腾讯 n=33
[09:54:08] tick 09:54 源=腾讯 n=33
[09:55:08] tick 09:55 源=腾讯 n=33
[09:56:08] tick 09:56 源=腾讯 n=33
[09:57:08] tick 09:57 源=腾讯 n=33
[09:58:09] tick 09:58 源=腾讯 n=33
[09:59:09] tick 09:59 源=腾讯 n=33
[10:00:09] tick 10:00 源=腾讯 n=33
[10:01:09] tick 10:01 源=腾讯 n=33
[10:02:09] tick 10:02 源=腾讯 n=33
[10:03:10] tick 10:03 源=腾讯 n=33
[10:04:10] tick 10:04 源=腾讯 n=33
[10:05:10] tick 10:05 源=腾讯 n=33
[10:06:10] tick 10:06 源=腾讯 n=33
[10:07:10] tick 10:07 源=腾讯 n=33
[10:08:11] tick 10:08 源=腾讯 n=33
[10:09:11] tick 10:09 源=腾讯 n=33
[10:10:11] tick 10:10 源=腾讯 n=33
[10:11:11] tick 10:11 源=腾讯 n=33
[10:12:11] tick 10:12 源=腾讯 n=33
[10:13:11] tick 10:13 源=腾讯 n=33
[10:14:12] tick 10:14 源=腾讯 n=33
[10:15:12] tick 10:15 源=腾讯 n=33
[10:16:12] tick 10:16 源=腾讯 n=33
[10:17:12] tick 10:17 源=腾讯 n=33
[10:18:12] tick 10:18 源=腾讯 n=33
[10:19:13] tick 10:19 源=腾讯 n=33
[10:20:13] tick 10:20 源=腾讯 n=33
[10:21:13] tick 10:21 源=腾讯 n=33
[10:22:13] tick 10:22 源=腾讯 n=33
[10:23:13] tick 10:23 源=腾讯 n=33
[10:24:13] tick 10:24 源=腾讯 n=33
[10:25:14] tick 10:25 源=腾讯 n=33
[10:26:14] tick 10:26 源=腾讯 n=33
[10:27:14] tick 10:27 源=腾讯 n=33
[10:28:14] tick 10:28 源=腾讯 n=33
[10:29:14] tick 10:29 源=腾讯 n=33
[10:30:14] tick 10:30 源=腾讯 n=33
[10:31:15] tick 10:31 源=腾讯 n=33
[10:32:15] tick 10:32 源=腾讯 n=33
[10:33:15] tick 10:33 源=腾讯 n=33
[10:34:15] tick 10:34 源=腾讯 n=33
[10:35:15] tick 10:35 源=腾讯 n=33
[10:36:16] tick 10:36 源=腾讯 n=33
[10:37:16] tick 10:37 源=腾讯 n=33
[10:38:16] tick 10:38 源=腾讯 n=33
[10:39:16] tick 10:39 源=腾讯 n=33
[10:40:16] tick 10:40 源=腾讯 n=33
[10:41:17] tick 10:41 源=腾讯 n=33
[10:42:17] tick 10:42 源=腾讯 n=33
[10:43:17] tick 10:43 源=腾讯 n=33
[10:44:17] tick 10:44 源=腾讯 n=33
[10:45:17] tick 10:45 源=腾讯 n=33
[10:46:17] tick 10:46 源=腾讯 n=33
[10:47:18] tick 10:47 源=腾讯 n=33
[10:48:18] tick 10:48 源=腾讯 n=33
[10:49:18] tick 10:49 源=腾讯 n=33
[10:50:18] tick 10:50 源=腾讯 n=33
[10:51:18] tick 10:51 源=腾讯 n=33
[10:52:19] tick 10:52 源=腾讯 n=33
[10:53:19] tick 10:53 源=腾讯 n=33
[10:54:19] tick 10:54 源=腾讯 n=33
[10:55:19] tick 10:55 源=腾讯 n=33
[10:56:19] tick 10:56 源=腾讯 n=33
[10:57:19] tick 10:57 源=腾讯 n=33
[10:58:20] tick 10:58 源=腾讯 n=33
[10:59:20] tick 10:59 源=腾讯 n=33
[11:00:20] tick 11:00 源=腾讯 n=33
[11:01:20] tick 11:01 源=腾讯 n=33
[11:02:20] tick 11:02 源=腾讯 n=33
[11:03:20] tick 11:03 源=腾讯 n=33
[11:04:21] tick 11:04 源=腾讯 n=33
[11:05:21] tick 11:05 源=腾讯 n=33
[11:06:21] tick 11:06 源=腾讯 n=33
[11:07:21] tick 11:07 源=腾讯 n=33
[11:08:21] tick 11:08 源=腾讯 n=33
[11:09:21] tick 11:09 源=腾讯 n=33
[11:10:22] tick 11:10 源=腾讯 n=33
[11:11:22] tick 11:11 源=腾讯 n=33
[11:12:22] tick 11:12 源=腾讯 n=33
[11:13:22] tick 11:13 源=腾讯 n=33
[11:14:22] tick 11:14 源=腾讯 n=33
[11:15:22] tick 11:15 源=腾讯 n=33
[11:16:23] tick 11:16 源=腾讯 n=33
[11:17:23] tick 11:17 源=腾讯 n=33
[11:18:23] tick 11:18 源=腾讯 n=33
[11:19:23] tick 11:19 源=腾讯 n=33
[11:20:23] tick 11:20 源=腾讯 n=33
[11:21:24] tick 11:21 源=腾讯 n=33
[11:22:24] tick 11:22 源=腾讯 n=33
[11:23:24] tick 11:23 源=腾讯 n=33
[11:24:24] tick 11:24 源=腾讯 n=33
[11:25:24] tick 11:25 源=腾讯 n=33
[11:26:24] tick 11:26 源=腾讯 n=33
[11:27:25] tick 11:27 源=腾讯 n=33
[11:28:25] tick 11:28 源=腾讯 n=33
[11:29:25] tick 11:29 源=腾讯 n=33
[11:30:25] tick 11:30 源=腾讯 n=33
[11:31:25] tick 11:31 源=腾讯 n=33
[11:32:26] tick 11:32 源=腾讯 n=33
[11:33:26] tick 11:33 源=腾讯 n=33
[11:34:26] tick 11:34 源=腾讯 n=33
[11:35:26] tick 11:35 源=腾讯 n=33
[11:36:26] tick 11:36 源=腾讯 n=33
[11:37:26] tick 11:37 源=腾讯 n=33
[11:38:27] tick 11:38 源=腾讯 n=33
[11:39:27] tick 11:39 源=腾讯 n=33
[11:40:27] tick 11:40 源=腾讯 n=33
[11:41:27] tick 11:41 源=腾讯 n=33
[11:42:27] tick 11:42 源=腾讯 n=33
[11:43:28] tick 11:43 源=腾讯 n=33
[11:44:28] tick 11:44 源=腾讯 n=33
[11:45:28] tick 11:45 源=腾讯 n=33
[11:46:28] tick 11:46 源=腾讯 n=33
[11:47:28] tick 11:47 源=腾讯 n=33
[11:48:28] tick 11:48 源=腾讯 n=33
[11:49:29] tick 11:49 源=腾讯 n=33
[11:50:29] tick 11:50 源=腾讯 n=33
[11:51:29] tick 11:51 源=腾讯 n=33
[11:52:29] tick 11:52 源=腾讯 n=33
[11:53:29] tick 11:53 源=腾讯 n=33
[11:54:30] tick 11:54 源=腾讯 n=33
[11:55:30] tick 11:55 源=腾讯 n=33
[11:56:30] tick 11:56 源=腾讯 n=33
[11:57:30] tick 11:57 源=腾讯 n=33
[11:58:30] tick 11:58 源=腾讯 n=33
[11:59:31] tick 11:59 源=腾讯 n=33
[12:00:31] tick 12:00 源=腾讯 n=33
[12:01:31] tick 12:01 源=腾讯 n=33
[12:02:31] tick 12:02 源=腾讯 n=33
[12:03:31] tick 12:03 源=腾讯 n=33
[12:04:31] tick 12:04 源=腾讯 n=33
[12:05:32] tick 12:05 源=腾讯 n=33
[12:06:32] tick 12:06 源=腾讯 n=33
[12:07:32] tick 12:07 源=腾讯 n=33
[12:08:32] tick 12:08 源=腾讯 n=33
[12:09:32] tick 12:09 源=腾讯 n=33
[12:10:32] tick 12:10 源=腾讯 n=33
[12:11:33] tick 12:11 源=腾讯 n=33
[12:12:33] tick 12:12 源=腾讯 n=33
[12:13:33] tick 12:13 源=腾讯 n=33
[12:14:33] tick 12:14 源=腾讯 n=33
[12:15:33] tick 12:15 源=腾讯 n=33
[12:16:33] tick 12:16 源=腾讯 n=33
[12:17:34] tick 12:17 源=腾讯 n=33
[12:18:34] tick 12:18 源=腾讯 n=33
[12:19:34] tick 12:19 源=腾讯 n=33
[12:20:34] tick 12:20 源=腾讯 n=33
[12:21:34] tick 12:21 源=腾讯 n=33
[12:22:34] tick 12:22 源=腾讯 n=33
[12:23:35] tick 12:23 源=腾讯 n=33
[12:24:35] tick 12:24 源=腾讯 n=33
[12:25:35] tick 12:25 源=腾讯 n=33
[12:26:35] tick 12:26 源=腾讯 n=33
[12:27:35] tick 12:27 源=腾讯 n=33
[12:28:35] tick 12:28 源=腾讯 n=33
[12:29:36] tick 12:29 源=腾讯 n=33
[12:30:36] tick 12:30 源=腾讯 n=33
[12:31:36] tick 12:31 源=腾讯 n=33
[12:32:36] tick 12:32 源=腾讯 n=33
[12:33:36] tick 12:33 源=腾讯 n=33
[12:34:36] tick 12:34 源=腾讯 n=33
[12:35:37] tick 12:35 源=腾讯 n=33
[12:36:37] tick 12:36 源=腾讯 n=33
[12:37:37] tick 12:37 源=腾讯 n=33
[12:38:37] tick 12:38 源=腾讯 n=33
[12:39:37] tick 12:39 源=腾讯 n=33
[12:40:37] tick 12:40 源=腾讯 n=33
[12:41:38] tick 12:41 源=腾讯 n=33
[12:42:38] tick 12:42 源=腾讯 n=33
[12:43:38] tick 12:43 源=腾讯 n=33
[12:44:38] tick 12:44 源=腾讯 n=33
[12:45:38] tick 12:45 源=腾讯 n=33
[12:46:38] tick 12:46 源=腾讯 n=33
[12:47:39] tick 12:47 源=腾讯 n=33
[12:48:39] tick 12:48 源=腾讯 n=33
[12:49:39] tick 12:49 源=腾讯 n=33
[12:50:39] tick 12:50 源=腾讯 n=33
[12:51:39] tick 12:51 源=腾讯 n=33
[12:52:39] tick 12:52 源=腾讯 n=33
[12:53:40] tick 12:53 源=腾讯 n=33
[12:54:40] tick 12:54 源=腾讯 n=33
[12:55:40] tick 12:55 源=腾讯 n=33
[12:56:40] tick 12:56 源=腾讯 n=33
[12:57:40] tick 12:57 源=腾讯 n=33
[12:58:41] tick 12:58 源=腾讯 n=33
[12:59:41] tick 12:59 源=腾讯 n=33
[13:00:41] tick 13:00 源=腾讯 n=33
[13:01:41] tick 13:01 源=腾讯 n=33
[13:02:41] tick 13:02 源=腾讯 n=33
[13:03:41] tick 13:03 源=腾讯 n=33
[13:04:42] tick 13:04 源=腾讯 n=33
[13:05:42] tick 13:05 源=腾讯 n=33
[13:06:42] tick 13:06 源=腾讯 n=33
[13:07:42] tick 13:07 源=腾讯 n=33
[13:08:42] tick 13:08 源=腾讯 n=33
[13:09:43] tick 13:09 源=腾讯 n=33
[13:10:43] tick 13:10 源=腾讯 n=33
[13:11:43] tick 13:11 源=腾讯 n=33
[13:12:43] tick 13:12 源=腾讯 n=33
[13:13:43] tick 13:13 源=腾讯 n=33
[13:14:43] tick 13:14 源=腾讯 n=33
[13:15:44] tick 13:15 源=腾讯 n=33
[13:16:44] tick 13:16 源=腾讯 n=33
[13:17:44] tick 13:17 源=腾讯 n=33
[13:18:44] tick 13:18 源=腾讯 n=33
[13:19:44] tick 13:19 源=腾讯 n=33
[13:20:44] tick 13:20 源=腾讯 n=33
[13:21:45] tick 13:21 源=腾讯 n=33
[13:22:45] tick 13:22 源=腾讯 n=33
[13:23:45] tick 13:23 源=腾讯 n=33
[13:24:45] tick 13:24 源=腾讯 n=33
[13:25:45] tick 13:25 源=腾讯 n=33
[13:26:45] tick 13:26 源=腾讯 n=33
[13:27:46] tick 13:27 源=腾讯 n=33
[13:28:46] tick 13:28 源=腾讯 n=33
[13:29:46] tick 13:29 源=腾讯 n=33
[13:30:46] tick 13:30 源=腾讯 n=33
[13:31:46] tick 13:31 源=腾讯 n=33
[13:32:47] tick 13:32 源=腾讯 n=33
[13:33:47] tick 13:33 源=腾讯 n=33
[13:34:47] tick 13:34 源=腾讯 n=33
[13:35:47] tick 13:35 源=腾讯 n=33
[13:36:47] tick 13:36 源=腾讯 n=33
[13:37:47] tick 13:37 源=腾讯 n=33
[13:38:48] tick 13:38 源=腾讯 n=33
[13:39:48] tick 13:39 源=腾讯 n=33
[13:40:48] tick 13:40 源=腾讯 n=33
[13:41:48] tick 13:41 源=腾讯 n=33
[13:42:48] tick 13:42 源=腾讯 n=33
[13:43:48] tick 13:43 源=腾讯 n=33
[13:44:49] tick 13:44 源=腾讯 n=33
[13:45:49] tick 13:45 源=腾讯 n=33
[13:46:49] tick 13:46 源=腾讯 n=33
[13:47:49] tick 13:47 源=腾讯 n=33
[13:48:49] tick 13:48 源=腾讯 n=33
[13:49:49] tick 13:49 源=腾讯 n=33
[13:50:50] tick 13:50 源=腾讯 n=33
[13:51:50] tick 13:51 源=腾讯 n=33
[13:52:50] tick 13:52 源=腾讯 n=33
[13:53:50] tick 13:53 源=腾讯 n=33
[13:54:50] tick 13:54 源=腾讯 n=33
[13:55:51] tick 13:55 源=腾讯 n=33
[13:56:51] tick 13:56 源=腾讯 n=33
[13:57:51] tick 13:57 源=腾讯 n=33
[13:58:51] tick 13:58 源=腾讯 n=33
[13:59:51] tick 13:59 源=腾讯 n=33
[14:00:51] tick 14:00 源=腾讯 n=33
[14:01:52] tick 14:01 源=腾讯 n=33
[14:02:52] tick 14:02 源=腾讯 n=33
[14:03:52] tick 14:03 源=腾讯 n=33
[14:04:52] tick 14:04 源=腾讯 n=33
[14:05:52] tick 14:05 源=腾讯 n=33
[14:06:52] tick 14:06 源=腾讯 n=33
[14:07:53] tick 14:07 源=腾讯 n=33
[14:08:53] tick 14:08 源=腾讯 n=33
[14:09:53] tick 14:09 源=腾讯 n=33
[14:10:53] tick 14:10 源=腾讯 n=33
[14:11:53] tick 14:11 源=腾讯 n=33
[14:12:53] tick 14:12 源=腾讯 n=33
[14:13:54] tick 14:13 源=腾讯 n=33
[14:14:54] tick 14:14 源=腾讯 n=33
[14:15:54] tick 14:15 源=腾讯 n=33
[14:16:54] tick 14:16 源=腾讯 n=33
[14:17:54] tick 14:17 源=腾讯 n=33
[14:18:54] tick 14:18 源=腾讯 n=33
[14:19:55] tick 14:19 源=腾讯 n=33
[14:20:55] tick 14:20 源=腾讯 n=33
[14:21:55] tick 14:21 源=腾讯 n=33
[14:22:55] tick 14:22 源=腾讯 n=33
[14:23:55] tick 14:23 源=腾讯 n=33
[14:24:55] tick 14:24 源=腾讯 n=33
[14:25:56] tick 14:25 源=腾讯 n=33
[14:26:56] tick 14:26 源=腾讯 n=33
[14:27:56] tick 14:27 源=腾讯 n=33
[14:28:56] tick 14:28 源=腾讯 n=33
[14:29:56] tick 14:29 源=腾讯 n=33
[14:30:56] tick 14:30 源=腾讯 n=33
[14:31:57] tick 14:31 源=腾讯 n=33
[14:32:57] tick 14:32 源=腾讯 n=33
[14:33:57] tick 14:33 源=腾讯 n=33
[14:34:57] tick 14:34 源=腾讯 n=33
[14:35:57] tick 14:35 源=腾讯 n=33
[14:36:57] tick 14:36 源=腾讯 n=33
[14:37:58] tick 14:37 源=腾讯 n=33
[14:38:58] tick 14:38 源=腾讯 n=33
[14:39:58] tick 14:39 源=腾讯 n=33
[14:40:58] tick 14:40 源=腾讯 n=33
[14:41:58] tick 14:41 源=腾讯 n=33
[14:42:58] tick 14:42 源=腾讯 n=33
[14:43:59] tick 14:43 源=腾讯 n=33
[14:44:59] tick 14:44 源=腾讯 n=33
[14:45:59] tick 14:45 源=腾讯 n=33
[14:46:59] tick 14:46 源=腾讯 n=33
[14:47:59] tick 14:47 源=腾讯 n=33
[14:48:59] tick 14:48 源=腾讯 n=33
[14:50:00] tick 14:49 源=腾讯 n=33
[14:51:00] tick 14:51 源=腾讯 n=33
[14:52:00] tick 14:52 源=腾讯 n=33
[14:53:00] tick 14:53 源=腾讯 n=33
[14:54:00] tick 14:54 源=腾讯 n=33
[14:55:00] tick 14:55 源=腾讯 n=33
[14:56:00] tick 14:56 源=腾讯 n=33
[14:57:01] tick 14:57 源=腾讯 n=33
[14:58:01] tick 14:58 源=腾讯 n=33
[14:59:01] tick 14:59 源=腾讯 n=33
[15:00:01] tick 15:00 源=腾讯 n=33
[15:01:01] tick 15:01 源=腾讯 n=33
[15:02:02] tick 15:02 源=腾讯 n=33
[15:03:02] tick 15:03 源=腾讯 n=33
[15:04:02] tick 15:04 源=腾讯 n=33
[15:05:02] 收盘退出
[09:14:44] 观察池=涨停池 D:\股票数据\市场数据\20260929\zt_pool.csv (57只)
[09:14:44] 观察池落档: kind=zt_pool date=20260929 stale=False n=57
D:\股票数据\.venv312\Lib\site-packages\iFinDPy.pth
[09:14:45] iFinD login rc=-2
[09:14:45] iFinD 不可用, 仅腾讯降级(竞价轨迹可用但无 Level1 盘口)
[09:14:45] 竞价段启动 57只
[09:15:06] 竞价tick 09:15 源=腾讯
[09:15:26] 竞价tick 09:15 源=腾讯
[09:15:46] 竞价tick 09:15 源=腾讯
[09:16:06] 竞价tick 09:16 源=腾讯
[09:16:26] 竞价tick 09:16 源=腾讯
[09:16:46] 竞价tick 09:16 源=腾讯
[09:17:07] 竞价tick 09:17 源=腾讯
[09:17:27] 竞价tick 09:17 源=腾讯
[09:17:47] 竞价tick 09:17 源=腾讯
[09:18:07] 竞价tick 09:18 源=腾讯
[09:18:28] 竞价tick 09:18 源=腾讯
[09:18:48] 竞价tick 09:18 源=腾讯
[09:19:08] 竞价tick 09:19 源=腾讯
[09:19:29] 竞价tick 09:19 源=腾讯
[09:19:49] 竞价tick 09:19 源=腾讯
[09:20:10] 竞价tick 09:20 源=腾讯
[09:20:30] 竞价tick 09:20 源=腾讯
[09:20:50] 竞价tick 09:20 源=腾讯
[09:21:10] 竞价tick 09:21 源=腾讯
[09:21:30] 竞价tick 09:21 源=腾讯
[09:21:51] 竞价tick 09:21 源=腾讯
[09:22:11] 竞价tick 09:22 源=腾讯
[09:22:31] 竞价tick 09:22 源=腾讯
[09:22:51] 竞价tick 09:22 源=腾讯
[09:23:12] 竞价tick 09:23 源=腾讯
[09:23:32] 竞价tick 09:23 源=腾讯
[09:23:52] 竞价tick 09:23 源=腾讯
[09:24:12] 竞价tick 09:24 源=腾讯
[09:24:32] 竞价tick 09:24 源=腾讯
[09:24:53] 竞价tick 09:24 源=腾讯
[09:25:13] 竞价tick 09:25 源=腾讯
[09:25:33] 竞价tick 09:25 源=腾讯
[09:25:53] 竞价tick 09:25 源=腾讯
[09:26:13] 竞价段结束
[09:26:13] 连续段启动
[09:31:04] tick 09:31 源=腾讯 n=56
[09:32:04] tick 09:32 源=腾讯 n=56
[09:33:04] tick 09:33 源=腾讯 n=56
[09:34:04] tick 09:34 源=腾讯 n=56
[09:35:04] tick 09:35 源=腾讯 n=56
[09:36:04] tick 09:36 源=腾讯 n=56
[09:37:05] tick 09:37 源=腾讯 n=56
[09:38:05] tick 09:38 源=腾讯 n=56
[09:39:05] tick 09:39 源=腾讯 n=56
[09:40:05] tick 09:40 源=腾讯 n=56
[09:41:05] tick 09:41 源=腾讯 n=56
[09:42:06] tick 09:42 源=腾讯 n=56
[09:43:06] tick 09:43 源=腾讯 n=56
[09:44:06] tick 09:44 源=腾讯 n=56
[09:45:06] tick 09:45 源=腾讯 n=56
[09:46:06] tick 09:46 源=腾讯 n=56
[09:47:07] tick 09:47 源=腾讯 n=56
[09:48:07] tick 09:48 源=腾讯 n=56
[09:49:07] tick 09:49 源=腾讯 n=56
[09:50:07] tick 09:50 源=腾讯 n=56
[09:51:07] tick 09:51 源=腾讯 n=56
[09:52:07] tick 09:52 源=腾讯 n=56
[09:53:08] tick 09:53 源=腾讯 n=56
[09:54:08] tick 09:54 源=腾讯 n=56
[09:55:08] tick 09:55 源=腾讯 n=56
[09:56:08] tick 09:56 源=腾讯 n=56
[09:57:08] tick 09:57 源=腾讯 n=56
[09:58:09] tick 09:58 源=腾讯 n=56
[09:59:09] tick 09:59 源=腾讯 n=56
[10:00:09] tick 10:00 源=腾讯 n=56
[10:01:09] tick 10:01 源=腾讯 n=56
[10:02:09] tick 10:02 源=腾讯 n=56
[10:03:09] tick 10:03 源=腾讯 n=56
[10:04:10] tick 10:04 源=腾讯 n=56
[10:05:10] tick 10:05 源=腾讯 n=56
[10:06:10] tick 10:06 源=腾讯 n=56
[10:07:10] tick 10:07 源=腾讯 n=56
[10:08:10] tick 10:08 源=腾讯 n=56
[10:09:10] tick 10:09 源=腾讯 n=56
[10:10:11] tick 10:10 源=腾讯 n=56
[10:11:11] tick 10:11 源=腾讯 n=56
[10:12:11] tick 10:12 源=腾讯 n=56
[10:13:11] tick 10:13 源=腾讯 n=56
[10:14:11] tick 10:14 源=腾讯 n=56
[10:15:11] tick 10:15 源=腾讯 n=56
[10:16:12] tick 10:16 源=腾讯 n=56
[10:17:12] tick 10:17 源=腾讯 n=56
[10:18:12] tick 10:18 源=腾讯 n=56
[10:19:12] tick 10:19 源=腾讯 n=56
[10:20:12] tick 10:20 源=腾讯 n=56
[10:21:13] tick 10:21 源=腾讯 n=56
[10:22:13] tick 10:22 源=腾讯 n=56
[10:23:13] tick 10:23 源=腾讯 n=56
[10:24:13] tick 10:24 源=腾讯 n=56
[10:25:13] tick 10:25 源=腾讯 n=56
[10:26:13] tick 10:26 源=腾讯 n=56
[10:27:14] tick 10:27 源=腾讯 n=56
[10:28:14] tick 10:28 源=腾讯 n=56
[10:29:14] tick 10:29 源=腾讯 n=56
[10:30:14] tick 10:30 源=腾讯 n=56
[10:31:15] tick 10:31 源=腾讯 n=56
[10:32:15] tick 10:32 源=腾讯 n=56
[10:33:15] tick 10:33 源=腾讯 n=56
[10:34:15] tick 10:34 源=腾讯 n=56
[10:35:15] tick 10:35 源=腾讯 n=56
[10:36:15] tick 10:36 源=腾讯 n=56
[10:37:16] tick 10:37 源=腾讯 n=56
[10:38:16] tick 10:38 源=腾讯 n=56
[10:39:16] tick 10:39 源=腾讯 n=56
[10:40:16] tick 10:40 源=腾讯 n=56
[10:41:16] tick 10:41 源=腾讯 n=56
[10:42:16] tick 10:42 源=腾讯 n=56
[10:43:17] tick 10:43 源=腾讯 n=56
[10:44:17] tick 10:44 源=腾讯 n=56
[10:45:17] tick 10:45 源=腾讯 n=56
[10:46:17] tick 10:46 源=腾讯 n=56
[10:47:17] tick 10:47 源=腾讯 n=56
[10:48:18] tick 10:48 源=腾讯 n=56
[10:49:18] tick 10:49 源=腾讯 n=56
[10:50:18] tick 10:50 源=腾讯 n=56
[10:51:18] tick 10:51 源=腾讯 n=56
[10:52:18] tick 10:52 源=腾讯 n=56
[10:53:18] tick 10:53 源=腾讯 n=56
[10:54:19] tick 10:54 源=腾讯 n=56
[10:55:19] tick 10:55 源=腾讯 n=56
[10:56:19] tick 10:56 源=腾讯 n=56
[10:57:19] tick 10:57 源=腾讯 n=56
[10:58:19] tick 10:58 源=腾讯 n=56
[10:59:20] tick 10:59 源=腾讯 n=56
[11:00:20] tick 11:00 源=腾讯 n=56
[11:01:20] tick 11:01 源=腾讯 n=56
[11:02:20] tick 11:02 源=腾讯 n=56
[11:03:20] tick 11:03 源=腾讯 n=56
[11:04:21] tick 11:04 源=腾讯 n=56
[11:05:21] tick 11:05 源=腾讯 n=56
[11:06:21] tick 11:06 源=腾讯 n=56
[11:07:21] tick 11:07 源=腾讯 n=56
[11:08:21] tick 11:08 源=腾讯 n=56
[11:09:21] tick 11:09 源=腾讯 n=56
[11:10:22] tick 11:10 源=腾讯 n=56
[11:11:22] tick 11:11 源=腾讯 n=56
[11:12:22] tick 11:12 源=腾讯 n=56
[11:13:22] tick 11:13 源=腾讯 n=56
[11:14:22] tick 11:14 源=腾讯 n=56
[11:15:22] tick 11:15 源=腾讯 n=56
[11:16:23] tick 11:16 源=腾讯 n=56
[11:17:23] tick 11:17 源=腾讯 n=56
[11:18:23] tick 11:18 源=腾讯 n=56
[11:19:23] tick 11:19 源=腾讯 n=56
[11:20:23] tick 11:20 源=腾讯 n=56
[11:21:24] tick 11:21 源=腾讯 n=56
[11:22:24] tick 11:22 源=腾讯 n=56
[11:23:24] tick 11:23 源=腾讯 n=56
[11:24:24] tick 11:24 源=腾讯 n=56
[11:25:24] tick 11:25 源=腾讯 n=56
[11:26:25] tick 11:26 源=腾讯 n=56
[11:27:25] tick 11:27 源=腾讯 n=56
[11:28:25] tick 11:28 源=腾讯 n=56
[11:29:25] tick 11:29 源=腾讯 n=56
[11:30:25] tick 11:30 源=腾讯 n=56
[11:31:26] tick 11:31 源=腾讯 n=56
[11:32:26] tick 11:32 源=腾讯 n=56
[11:33:26] tick 11:33 源=腾讯 n=56
[11:34:26] tick 11:34 源=腾讯 n=56
[11:35:26] tick 11:35 源=腾讯 n=56
[11:36:26] tick 11:36 源=腾讯 n=56
[11:37:27] tick 11:37 源=腾讯 n=56
[11:38:27] tick 11:38 源=腾讯 n=56
[11:39:27] tick 11:39 源=腾讯 n=56
[11:40:27] tick 11:40 源=腾讯 n=56
[11:41:27] tick 11:41 源=腾讯 n=56
[11:42:27] tick 11:42 源=腾讯 n=56
[11:43:28] tick 11:43 源=腾讯 n=56
[11:44:28] tick 11:44 源=腾讯 n=56
[11:45:28] tick 11:45 源=腾讯 n=56
[11:46:28] tick 11:46 源=腾讯 n=56
[11:47:28] tick 11:47 源=腾讯 n=56
[11:48:28] tick 11:48 源=腾讯 n=56
[11:49:29] tick 11:49 源=腾讯 n=56
[11:50:29] tick 11:50 源=腾讯 n=56
[11:51:29] tick 11:51 源=腾讯 n=56
[11:52:29] tick 11:52 源=腾讯 n=56
[11:53:29] tick 11:53 源=腾讯 n=56
[11:54:29] tick 11:54 源=腾讯 n=56
[11:55:30] tick 11:55 源=腾讯 n=56
[11:56:30] tick 11:56 源=腾讯 n=56
[11:57:30] tick 11:57 源=腾讯 n=56
[11:58:30] tick 11:58 源=腾讯 n=56
[11:59:30] tick 11:59 源=腾讯 n=56
[12:00:31] tick 12:00 源=腾讯 n=56
[12:01:31] tick 12:01 源=腾讯 n=56
[12:02:31] tick 12:02 源=腾讯 n=56
[12:03:31] tick 12:03 源=腾讯 n=56
[12:04:31] tick 12:04 源=腾讯 n=56
[12:05:32] tick 12:05 源=腾讯 n=56
[12:06:32] tick 12:06 源=腾讯 n=56
[12:07:32] tick 12:07 源=腾讯 n=56
[12:08:32] tick 12:08 源=腾讯 n=56
[12:09:32] tick 12:09 源=腾讯 n=56
[12:10:32] tick 12:10 源=腾讯 n=56
[12:11:33] tick 12:11 源=腾讯 n=56
[12:12:33] tick 12:12 源=腾讯 n=56
[12:13:33] tick 12:13 源=腾讯 n=56
[12:14:33] tick 12:14 源=腾讯 n=56
[12:15:33] tick 12:15 源=腾讯 n=56
[12:16:33] tick 12:16 源=腾讯 n=56
[12:17:34] tick 12:17 源=腾讯 n=56
[12:18:34] tick 12:18 源=腾讯 n=56
[12:19:34] tick 12:19 源=腾讯 n=56
[12:20:34] tick 12:20 源=腾讯 n=56
[12:21:34] tick 12:21 源=腾讯 n=56
[12:22:34] tick 12:22 源=腾讯 n=56
[12:23:35] tick 12:23 源=腾讯 n=56
[12:24:35] tick 12:24 源=腾讯 n=56
[12:25:35] tick 12:25 源=腾讯 n=56
[12:26:35] tick 12:26 源=腾讯 n=56
[12:27:35] tick 12:27 源=腾讯 n=56
[12:28:35] tick 12:28 源=腾讯 n=56
[12:29:36] tick 12:29 源=腾讯 n=56
[12:30:36] tick 12:30 源=腾讯 n=56
[12:31:36] tick 12:31 源=腾讯 n=56
[12:32:36] tick 12:32 源=腾讯 n=56
[12:33:36] tick 12:33 源=腾讯 n=56
[12:34:36] tick 12:34 源=腾讯 n=56
[12:35:37] tick 12:35 源=腾讯 n=56
[12:36:37] tick 12:36 源=腾讯 n=56
[12:37:37] tick 12:37 源=腾讯 n=56
[12:38:37] tick 12:38 源=腾讯 n=56
[12:39:37] tick 12:39 源=腾讯 n=56
[12:40:38] tick 12:40 源=腾讯 n=56
[12:41:38] tick 12:41 源=腾讯 n=56
[12:42:38] tick 12:42 源=腾讯 n=56
[12:43:38] tick 12:43 源=腾讯 n=56
[12:44:38] tick 12:44 源=腾讯 n=56
[12:45:38] tick 12:45 源=腾讯 n=56
[12:46:39] tick 12:46 源=腾讯 n=56
[12:47:39] tick 12:47 源=腾讯 n=56
[12:48:39] tick 12:48 源=腾讯 n=56
[12:49:39] tick 12:49 源=腾讯 n=56
[12:50:39] tick 12:50 源=腾讯 n=56
[12:51:39] tick 12:51 源=腾讯 n=56
[12:52:40] tick 12:52 源=腾讯 n=56
[12:53:40] tick 12:53 源=腾讯 n=56
[12:54:40] tick 12:54 源=腾讯 n=56
[12:55:40] tick 12:55 源=腾讯 n=56
[12:56:40] tick 12:56 源=腾讯 n=56
[12:57:40] tick 12:57 源=腾讯 n=56
[12:58:41] tick 12:58 源=腾讯 n=56
[12:59:41] tick 12:59 源=腾讯 n=56
[13:00:41] tick 13:00 源=腾讯 n=56
[13:01:41] tick 13:01 源=腾讯 n=56
[13:02:41] tick 13:02 源=腾讯 n=56
[13:03:41] tick 13:03 源=腾讯 n=56
[13:04:42] tick 13:04 源=腾讯 n=56
[13:05:42] tick 13:05 源=腾讯 n=56
[13:06:42] tick 13:06 源=腾讯 n=56
[13:07:42] tick 13:07 源=腾讯 n=56
[13:08:42] tick 13:08 源=腾讯 n=56
[13:09:43] tick 13:09 源=腾讯 n=56
[13:10:43] tick 13:10 源=腾讯 n=56
[13:11:43] tick 13:11 源=腾讯 n=56
[13:12:43] tick 13:12 源=腾讯 n=56
[13:13:43] tick 13:13 源=腾讯 n=56
[13:14:43] tick 13:14 源=腾讯 n=56
[13:15:44] tick 13:15 源=腾讯 n=56
[13:16:44] tick 13:16 源=腾讯 n=56
[13:17:44] tick 13:17 源=腾讯 n=56
[13:18:44] tick 13:18 源=腾讯 n=56
[13:19:44] tick 13:19 源=腾讯 n=56
[13:20:45] tick 13:20 源=腾讯 n=56
[13:21:45] tick 13:21 源=腾讯 n=56
[13:22:45] tick 13:22 源=腾讯 n=56
[13:23:45] tick 13:23 源=腾讯 n=56
[13:24:45] tick 13:24 源=腾讯 n=56
[13:25:45] tick 13:25 源=腾讯 n=56
[13:26:46] tick 13:26 源=腾讯 n=56
[13:27:46] tick 13:27 源=腾讯 n=56
[13:28:46] tick 13:28 源=腾讯 n=56
[13:29:46] tick 13:29 源=腾讯 n=56
[13:30:47] tick 13:30 源=腾讯 n=56
[13:31:47] tick 13:31 源=腾讯 n=56
[13:32:47] tick 13:32 源=腾讯 n=56
[13:33:47] tick 13:33 源=腾讯 n=56
[13:34:47] tick 13:34 源=腾讯 n=56
[13:35:47] tick 13:35 源=腾讯 n=56
[13:36:48] tick 13:36 源=腾讯 n=56
[13:37:48] tick 13:37 源=腾讯 n=56
[13:38:48] tick 13:38 源=腾讯 n=56
[13:39:48] tick 13:39 源=腾讯 n=56
[13:40:48] tick 13:40 源=腾讯 n=56
[13:41:49] tick 13:41 源=腾讯 n=56
[13:42:49] tick 13:42 源=腾讯 n=56
[13:43:49] tick 13:43 源=腾讯 n=56
[13:44:49] tick 13:44 源=腾讯 n=56
[13:45:49] tick 13:45 源=腾讯 n=56
[13:46:50] tick 13:46 源=腾讯 n=56
[13:47:50] tick 13:47 源=腾讯 n=56
[13:48:50] tick 13:48 源=腾讯 n=56
[13:49:50] tick 13:49 源=腾讯 n=56
[13:50:50] tick 13:50 源=腾讯 n=56
[13:51:51] tick 13:51 源=腾讯 n=56
[13:52:51] tick 13:52 源=腾讯 n=56
[13:53:51] tick 13:53 源=腾讯 n=56
[13:54:51] tick 13:54 源=腾讯 n=56
[13:55:51] tick 13:55 源=腾讯 n=56
[13:56:51] tick 13:56 源=腾讯 n=56
[13:57:52] tick 13:57 源=腾讯 n=56
[13:58:52] tick 13:58 源=腾讯 n=56
[13:59:52] tick 13:59 源=腾讯 n=56
[14:00:52] tick 14:00 源=腾讯 n=56
[14:01:52] tick 14:01 源=腾讯 n=56
[14:02:53] tick 14:02 源=腾讯 n=56
[14:03:53] tick 14:03 源=腾讯 n=56
[14:04:53] tick 14:04 源=腾讯 n=56
[14:05:53] tick 14:05 源=腾讯 n=56
[14:06:53] tick 14:06 源=腾讯 n=56
[14:07:53] tick 14:07 源=腾讯 n=56
[14:08:54] tick 14:08 源=腾讯 n=56
[14:09:54] tick 14:09 源=腾讯 n=56
[14:10:54] tick 14:10 源=腾讯 n=56
[14:11:54] tick 14:11 源=腾讯 n=56
[14:12:54] tick 14:12 源=腾讯 n=56
[14:13:55] tick 14:13 源=腾讯 n=56
[14:14:55] tick 14:14 源=腾讯 n=56
[14:15:55] tick 14:15 源=腾讯 n=56
[14:16:55] tick 14:16 源=腾讯 n=56
[14:17:56] tick 14:17 源=腾讯 n=56
[14:18:56] tick 14:18 源=腾讯 n=56
[14:19:56] tick 14:19 源=腾讯 n=56
[14:20:56] tick 14:20 源=腾讯 n=56
[14:21:56] tick 14:21 源=腾讯 n=56
[14:22:57] tick 14:22 源=腾讯 n=56
[14:23:57] tick 14:23 源=腾讯 n=56
[14:24:57] tick 14:24 源=腾讯 n=56
[14:25:57] tick 14:25 源=腾讯 n=56
[14:26:57] tick 14:26 源=腾讯 n=56
[14:27:57] tick 14:27 源=腾讯 n=56
[14:28:58] tick 14:28 源=腾讯 n=56
[14:29:58] tick 14:29 源=腾讯 n=56
[14:30:58] tick 14:30 源=腾讯 n=56
[14:31:58] tick 14:31 源=腾讯 n=56
[14:32:59] tick 14:32 源=腾讯 n=56
[14:33:59] tick 14:33 源=腾讯 n=56
[14:34:59] tick 14:34 源=腾讯 n=56
[14:35:59] tick 14:35 源=腾讯 n=56
[14:36:59] tick 14:36 源=腾讯 n=56
[14:38:00] tick 14:37 源=腾讯 n=56
[14:39:00] tick 14:39 源=腾讯 n=56
[14:40:00] tick 14:40 源=腾讯 n=56
[14:41:00] tick 14:41 源=腾讯 n=56
[14:42:00] tick 14:42 源=腾讯 n=56
[14:43:01] tick 14:43 源=腾讯 n=56
[14:44:01] tick 14:44 源=腾讯 n=56
[14:45:01] tick 14:45 源=腾讯 n=56
[14:46:01] tick 14:46 源=腾讯 n=56
[14:47:01] tick 14:47 源=腾讯 n=56
[14:48:01] tick 14:48 源=腾讯 n=56
[14:49:02] tick 14:49 源=腾讯 n=56
[14:50:02] tick 14:50 源=腾讯 n=56
[14:51:02] tick 14:51 源=腾讯 n=56
[14:52:02] tick 14:52 源=腾讯 n=56
[14:53:02] tick 14:53 源=腾讯 n=56
[14:54:02] tick 14:54 源=腾讯 n=56
[14:55:03] tick 14:55 源=腾讯 n=56
[14:56:03] tick 14:56 源=腾讯 n=56
[14:57:03] tick 14:57 源=腾讯 n=56
[14:58:03] tick 14:58 源=腾讯 n=56
[14:59:04] tick 14:59 源=腾讯 n=56
[15:00:04] tick 15:00 源=腾讯 n=56
[15:01:04] tick 15:01 源=腾讯 n=56
[15:02:04] tick 15:02 源=腾讯 n=56
[15:03:04] tick 15:03 源=腾讯 n=56
[15:04:05] tick 15:04 源=腾讯 n=56
[15:05:05] 收盘退出
[10:50:06] 观察池=涨停池 D:\股票数据\市场数据\20260930\zt_pool.csv (52只)
[10:50:06] 观察池落档: kind=zt_pool date=20260930 stale=False n=52
D:\股票数据\.venv312\Lib\site-packages\iFinDPy.pth
[10:50:09] iFinD login rc=-2
[10:50:09] iFinD 不可用, 仅腾讯降级(竞价轨迹可用但无 Level1 盘口)
[10:50:09] 连续段启动
[10:50:10] tick 10:50 源=腾讯 n=52
[10:51:16] tick 10:51 源=腾讯 n=52
[10:52:16] tick 10:52 源=腾讯 n=52
[10:53:17] tick 10:53 源=腾讯 n=52
[10:54:17] tick 10:54 源=腾讯 n=52
[10:55:17] tick 10:55 源=腾讯 n=52
[10:56:17] tick 10:56 源=腾讯 n=52
[10:57:17] tick 10:57 源=腾讯 n=52
[10:58:17] tick 10:58 源=腾讯 n=52
[10:59:18] tick 10:59 源=腾讯 n=52
[11:00:18] tick 11:00 源=腾讯 n=52
[11:01:18] tick 11:01 源=腾讯 n=52
