date,open,high,low,close,volume,turnover,circ_mv亿
20031009,12.5,12.98,11.5,12.46,17960746.0,59.86915333333334,
20031010,12.15,12.97,12.13,12.74,8625584.0,28.751946666666665,
20031013,12.7,14.01,12.55,13.27,10407300.0,34.691,
20031014,13.1,13.66,13.06,13.46,5835717.0,19.45239,
20031015,13.46,13.61,13.11,13.22,3000046.0,10.000153333333333,
20031016,13.18,13.4,12.88,13.13,3178272.0,10.594240000000001,
20031017,13.1,13.54,13.1,13.23,2583032.0,8.610106666666667,
20031020,13.1,13.38,12.95,13.15,1349316.0,4.49772,
20031021,13.08,13.62,12.98,13.58,3094807.0,10.316023333333334,
20031022,13.58,14.28,13.48,13.81,6449219.0,21.497396666666667,
20031023,13.77,13.96,13.6,13.88,2480221.0,8.267403333333332,
20031024,13.68,13.8,13.42,13.49,2160181.0,7.2006033333333335,
20031027,13.37,13.55,12.5,12.8,3169964.0,10.566546666666667,
20031028,12.6,13.0,12.45,12.78,1766266.0,5.887553333333333,
20031029,12.87,12.87,12.25,12.49,2080764.0,6.93588,
20031030,12.31,12.59,12.1,12.49,1053827.0,3.5127566666666663,
20031031,12.36,12.95,12.3,12.66,1151091.0,3.83697,
20031103,12.66,12.87,12.45,12.76,495068.0,1.6502266666666667,
20031104,12.78,13.08,12.58,12.85,1242607.0,4.142023333333333,
20031105,12.85,12.88,12.35,12.57,1345658.0,4.485526666666666,
20031106,12.47,12.47,11.62,11.71,1815180.0,6.050599999999999,
20031107,11.6,11.9,11.1,11.62,1075861.0,3.5862033333333336,
20031110,11.2,11.57,11.12,11.25,639545.0,2.1318166666666665,
20031111,11.25,11.45,11.25,11.36,421510.0,1.4050333333333334,
20031112,11.36,11.36,11.08,11.23,660912.0,2.2030399999999997,
20031113,11.2,11.69,11.12,11.4,527415.0,1.75805,
20031114,11.3,11.45,11.18,11.44,312515.0,1.0417166666666666,
20031117,11.3,11.4,11.23,11.39,265807.0,0.8860233333333334,
20031118,11.33,11.33,11.16,11.3,254750.0,0.8491666666666666,
20031119,11.27,11.96,11.27,11.8,1006240.0,3.3541333333333334,
20031120,11.85,12.98,11.85,12.77,3194748.0,10.64916,
20031121,12.75,12.76,12.0,12.05,2041604.0,6.805346666666667,
20031124,12.0,12.94,11.85,12.73,1899616.0,6.3320533333333335,
20031125,12.73,12.88,12.36,12.5,1630527.0,5.43509,
20031126,12.48,12.69,12.22,12.41,956125.0,3.1870833333333333,
20031127,12.35,12.65,12.2,12.37,940103.0,3.1336766666666667,
20031128,12.36,12.55,12.21,12.39,493694.0,1.6456466666666665,
20031201,12.4,12.74,12.2,12.64,821529.0,2.73843,
20031202,12.6,12.86,12.55,12.61,840456.0,2.80152,
20031203,12.52,12.68,12.28,12.61,652681.0,2.1756033333333336,
20031204,12.61,13.16,12.46,13.12,1843689.0,6.14563,
20031205,13.23,13.24,12.78,12.83,841660.0,2.8055333333333334,
20031208,12.85,12.92,12.5,12.53,618200.0,2.0606666666666666,
20031209,12.72,12.76,12.44,12.73,399496.0,1.3316533333333334,
20031210,12.7,12.76,12.59,12.72,508983.0,1.6966100000000002,
20031211,12.7,12.84,12.63,12.79,491782.0,1.6392733333333334,
20031212,12.71,12.95,12.6,12.89,646554.0,2.15518,
20031215,12.89,13.09,12.85,12.97,860152.0,2.8671733333333336,
20031216,13.04,13.14,12.65,13.01,1236281.0,4.120936666666666,
20031217,13.05,13.05,12.68,12.83,922331.0,3.0744366666666667,
20031219,12.7,12.82,11.8,12.34,1326692.0,4.422306666666667,
20031222,12.25,12.75,11.99,12.66,1482336.0,4.941120000000001,
20031223,12.66,12.78,12.38,12.68,592410.0,1.9747000000000001,
20031224,12.65,12.65,12.36,12.57,436823.0,1.4560766666666667,
20031225,12.57,12.79,12.4,12.7,530034.0,1.76678,
20031226,12.67,13.5,12.6,13.14,1714503.0,5.71501,
20031229,13.0,13.25,12.81,13.18,1503156.0,5.0105200000000005,
20031230,13.15,13.5,13.1,13.49,1873746.0,6.24582,
20031231,13.48,13.65,13.2,13.4,1833320.0,6.111066666666667,
20040102,13.5,14.2,13.41,13.85,1765404.0,5.8846799999999995,
20040105,14.0,14.3,13.86,14.05,2056978.0,6.856593333333333,
20040106,14.04,14.79,13.68,14.69,2714537.0,9.048456666666667,
20040107,14.69,14.79,14.4,14.68,1882875.0,6.27625,
20040108,14.63,15.57,14.57,14.97,2713584.0,9.04528,
20040109,14.9,14.95,14.01,14.39,2929560.0,9.7652,
20040112,14.3,15.0,14.25,14.86,1156835.0,3.856116666666667,
20040113,14.86,14.86,14.45,14.68,1205010.0,4.0167,
20040114,14.58,14.58,14.18,14.52,671035.0,2.2367833333333333,
20040115,14.55,15.3,14.42,14.71,1073344.0,3.5778133333333337,
20040116,14.65,15.09,14.61,14.97,1060525.0,3.535083333333333,
20040129,15.0,15.78,14.98,15.65,1417797.0,4.72599,
20040130,15.65,16.17,15.08,15.71,3114328.0,10.381093333333332,
20040202,15.9,16.0,15.29,15.68,1354034.0,4.513446666666667,
20040203,15.8,16.28,15.33,16.25,1465941.0,4.88647,
20040204,16.25,16.45,15.72,16.16,1473575.0,4.9119166666666665,
20040205,16.16,16.16,15.6,15.65,1335450.0,4.4515,
20040206,15.6,15.6,15.35,15.45,1003500.0,3.345,
20040209,15.42,15.64,15.25,15.5,1127700.0,3.759,
20040210,15.52,15.6,15.25,15.28,1088671.0,3.628903333333333,
20040211,15.2,15.55,15.15,15.33,598181.0,1.9939366666666667,
20040212,15.38,15.52,15.32,15.35,1089279.0,3.63093,
20040213,15.35,15.69,14.89,15.38,1965127.0,6.550423333333333,
20040216,15.58,16.25,15.54,16.12,2353487.0,7.844956666666667,
20040217,16.11,16.54,15.85,16.15,2495269.0,8.317563333333332,
20040218,16.3,16.3,15.4,16.16,4094190.0,13.647300000000001,
20040219,16.16,17.78,15.99,17.78,2760574.0,9.201913333333334,
20040220,18.22,18.98,17.48,18.82,3888639.0,12.96213,
20040223,18.7,19.02,18.21,18.46,2051995.0,6.839983333333334,
20040224,18.4,18.59,17.71,18.58,970028.0,3.2334266666666664,
20040225,18.56,18.75,18.12,18.59,1383580.0,4.611933333333333,
20040226,18.4,18.48,17.8,18.19,1017565.0,3.3918833333333334,
20040227,18.45,18.72,18.02,18.64,1105643.0,3.6854766666666663,
20040301,18.72,19.44,18.52,19.29,1505264.0,5.017546666666667,
20040302,19.48,19.55,18.51,19.41,2143520.0,7.145066666666667,
20040303,19.41,19.48,18.6,19.07,1076128.0,3.5870933333333332,
20040304,18.9,19.24,18.35,19.19,1583585.0,5.278616666666667,
20040305,19.2,19.79,19.18,19.44,1934820.0,6.4494,
20040308,19.6,19.66,18.6,18.98,463588.0,1.5452933333333334,
20040309,18.88,19.3,18.76,18.96,377464.0,1.2582133333333334,
20040310,18.85,19.2,18.01,18.67,787895.0,2.626316666666667,
20040311,18.61,19.15,18.12,18.86,1013731.0,3.379103333333333,
20040312,18.5,19.0,18.35,18.4,589926.0,1.96642,
20040315,18.39,18.87,18.33,18.83,541005.0,1.80335,
20040316,18.85,19.05,18.72,18.86,353798.0,1.1793266666666666,
20040317,18.86,19.39,18.8,19.37,852310.0,2.8410333333333333,
20040318,19.3,19.52,18.68,18.79,455000.0,1.5166666666666666,
20040319,18.69,18.82,18.5,18.71,277248.0,0.9241600000000001,
20040322,18.72,18.98,18.45,18.71,474434.0,1.5814466666666664,
20040323,18.7,18.89,18.3,18.55,242898.0,0.80966,
20040325,18.48,18.7,18.34,18.42,151805.0,0.5060166666666667,
20040326,18.4,18.58,18.4,18.49,172907.0,0.5763566666666666,
20040329,18.53,18.97,18.53,18.68,272800.0,0.9093333333333333,
20040330,18.72,19.19,18.7,19.08,802881.0,2.67627,
20040331,19.14,19.3,18.74,18.94,505845.0,1.68615,
20040401,19.0,19.05,18.21,18.82,1592653.0,5.308843333333333,
20040402,18.8,19.07,18.54,18.87,464343.0,1.54781,
20040405,18.9,19.35,18.78,19.35,950819.0,3.169396666666666,
20040406,20.0,21.29,20.0,20.59,2403947.0,8.013156666666667,
20040407,20.33,20.33,19.54,19.76,1140514.0,3.8017133333333333,
20040408,19.78,19.99,19.35,19.64,1910653.0,6.368843333333333,
20040409,19.6,19.67,18.7,19.32,3239215.0,10.797383333333334,
20040412,19.18,19.74,18.87,19.5,1941396.0,6.4713199999999995,
20040413,19.55,19.92,19.35,19.52,622252.0,2.0741733333333334,
20040414,19.58,19.8,19.16,19.39,531542.0,1.7718066666666668,
20040415,19.32,19.57,18.79,19.17,812661.0,2.70887,
20040416,19.08,19.45,18.79,19.31,523494.0,1.7449800000000002,
20040419,19.26,19.46,19.0,19.27,218081.0,0.7269366666666667,
20040420,19.2,19.48,19.0,19.23,306780.0,1.0226000000000002,
20040421,19.2,19.4,18.85,19.18,417975.0,1.39325,
20040422,19.08,19.38,18.79,19.36,1166152.0,3.887173333333333,
20040423,19.18,19.5,18.94,19.44,1231427.0,4.104756666666667,
20040426,19.38,19.95,19.35,19.79,577954.0,1.9265133333333333,
20040427,19.88,20.24,19.69,19.87,452708.0,1.5090266666666665,
20040428,19.88,20.0,19.51,19.73,253340.0,0.8444666666666666,
20040429,19.71,19.76,19.1,19.49,343813.0,1.1460433333333333,
20040430,19.48,21.44,19.08,19.87,1310755.0,4.369183333333333,
20040510,19.86,19.98,19.35,19.62,210301.0,0.7010033333333334,
20040511,19.58,19.79,19.4,19.5,102700.0,0.3423333333333333,
20040512,19.45,19.98,19.45,19.87,570203.0,1.9006766666666668,
20040513,19.88,19.98,19.6,19.79,183162.0,0.6105400000000001,
20040514,19.8,19.86,19.58,19.68,221400.0,0.738,
20040517,19.6,19.88,19.56,19.67,108100.0,0.36033333333333334,
20040518,19.61,19.85,19.57,19.75,131233.0,0.43744333333333335,
20040519,19.8,20.25,19.77,20.05,659460.0,2.1982,
20040520,20.18,20.4,19.78,19.92,253782.0,0.84594,
20040521,19.93,20.05,19.15,19.66,631070.0,2.1035666666666666,
20040524,19.78,20.0,19.63,19.76,238266.0,0.79422,
20040525,19.69,19.85,19.21,19.65,308741.0,1.0291366666666666,
20040526,19.6,19.6,18.92,19.24,368028.0,1.22676,
20040527,19.08,19.31,19.05,19.3,288747.0,0.9624900000000001,
20040528,19.35,19.48,19.34,19.38,172700.0,0.5756666666666667,
20040531,19.48,19.77,19.44,19.58,202300.0,0.6743333333333333,
20040601,19.72,19.81,19.39,19.74,561305.0,1.8710166666666668,
20040602,19.85,19.85,19.4,19.53,169600.0,0.5653333333333334,
20040603,19.58,19.58,18.02,18.7,1154393.0,3.8479766666666664,
20040604,18.21,18.68,18.19,18.37,234008.0,0.7800266666666666,
20040607,18.36,18.4,18.05,18.16,125211.0,0.41736999999999996,
20040608,18.18,18.64,18.17,18.21,191300.0,0.6376666666666667,
20040609,18.22,18.42,17.11,17.42,376300.0,1.2543333333333333,
20040610,17.2,17.5,17.07,17.46,244845.0,0.81615,
20040611,17.28,17.87,17.28,17.74,223635.0,0.7454500000000001,
20040614,17.75,17.92,17.12,17.31,97200.0,0.32399999999999995,
20040615,17.19,17.48,17.16,17.42,49880.0,0.16626666666666667,
20040616,17.23,17.58,17.2,17.45,116750.0,0.38916666666666666,
20040617,17.65,17.7,17.3,17.42,83700.0,0.27899999999999997,
20040618,17.38,17.67,17.15,17.5,740229.0,2.46743,
20040621,17.38,17.63,17.08,17.61,690581.0,2.3019366666666667,
20040622,17.68,18.48,17.6,18.18,491230.0,1.6374333333333335,
20040623,17.88,18.1,17.19,17.73,771442.0,2.5714733333333335,
20040624,17.72,17.8,17.18,17.65,961427.0,3.2047566666666665,
20040625,17.72,18.2,17.58,17.78,626100.0,2.0869999999999997,
20040628,17.68,17.8,17.3,17.47,107198.0,0.3573266666666667,
20040629,17.4,17.87,17.3,17.58,154000.0,0.5133333333333333,
20040630,17.5,17.68,17.43,17.67,103189.0,0.34396333333333334,
20040701,17.63,18.2,17.55,17.99,466880.0,1.5562666666666667,
20040702,18.1,18.14,17.71,18.03,134375.0,0.4479166666666667,
20040705,17.88,18.11,17.79,17.87,125706.0,0.41902,
20040706,17.87,18.15,17.87,18.05,191200.0,0.6373333333333333,
20040707,18.08,18.2,17.9,18.0,94500.0,0.315,
20040708,18.0,18.07,17.88,17.97,67700.0,0.22566666666666668,
20040709,17.98,18.18,17.98,18.12,158364.0,0.52788,
20040712,18.12,18.3,17.51,17.91,255140.0,0.8504666666666667,
20040713,17.87,18.05,17.72,17.84,34800.0,0.116,
20040714,17.85,17.97,17.56,17.86,78600.0,0.262,
20040715,17.86,18.15,17.75,17.93,230300.0,0.7676666666666667,
20040716,17.95,18.55,17.82,18.35,578450.0,1.9281666666666666,
20040719,18.4,18.85,18.39,18.65,561188.0,1.8706266666666664,
20040720,18.68,18.8,18.3,18.54,230700.0,0.769,
20040721,18.58,18.78,18.47,18.57,146759.0,0.48919666666666667,
20040722,18.76,19.22,18.58,18.88,279944.0,0.9331466666666667,
20040723,18.89,18.89,18.25,18.41,128850.0,0.4295,
20040726,18.41,18.5,17.96,17.99,59600.0,0.19866666666666666,
20040727,18.04,18.2,17.8,17.88,101300.0,0.33766666666666667,
20040728,17.88,17.94,17.58,17.74,134606.0,0.4486866666666666,
20040729,17.62,17.98,17.62,17.92,275050.0,0.9168333333333334,
20040730,17.85,18.1,17.85,17.95,148600.0,0.4953333333333333,
20040802,17.89,18.05,17.83,17.86,97551.0,0.32517,
20040803,17.88,17.89,17.6,17.65,89000.0,0.29666666666666663,
20040804,17.63,18.18,17.63,18.02,240100.0,0.8003333333333332,
20040805,18.04,18.37,18.02,18.05,239200.0,0.7973333333333334,
20040806,18.12,18.2,17.98,18.08,50800.0,0.16933333333333334,
20040809,18.08,18.28,17.98,18.15,114200.0,0.38066666666666665,
20040810,18.16,18.27,18.01,18.12,168315.0,0.56105,
20040811,18.08,18.28,18.02,18.12,78400.0,0.26133333333333336,
20040812,18.09,18.2,17.7,17.89,81200.0,0.27066666666666667,
20040813,17.78,18.06,17.78,17.94,72600.0,0.242,
20040816,17.86,17.99,17.61,17.86,42350.0,0.14116666666666666,
20040817,17.79,17.98,17.76,17.88,44100.0,0.147,
20040818,17.8,17.98,17.61,17.71,211300.0,0.7043333333333334,
20040819,17.8,17.85,17.45,17.69,110170.0,0.36723333333333336,
20040820,17.6,17.78,17.49,17.64,86700.0,0.28900000000000003,
20040824,17.68,18.14,17.67,17.85,118549.0,0.39516333333333337,
20040825,17.85,17.95,17.77,17.86,26600.0,0.08866666666666667,
20040826,17.86,17.95,17.75,17.86,28600.0,0.09533333333333334,
20040827,17.86,17.89,17.68,17.75,28000.0,0.09333333333333334,
20040830,17.7,17.87,17.7,17.79,40650.0,0.1355,
20040831,17.78,18.0,17.7,17.85,85600.0,0.2853333333333333,
20040901,17.9,17.92,17.7,17.77,25200.0,0.084,
20040902,17.75,17.78,17.61,17.76,28400.0,0.09466666666666666,
20040903,17.76,17.85,17.6,17.82,224473.0,0.7482433333333334,
20040906,17.92,17.99,17.69,17.79,190000.0,0.6333333333333333,
20040907,17.8,17.85,17.47,17.78,116800.0,0.3893333333333333,
20040908,9.96,9.98,9.74,9.84,93439.0,0.31146333333333337,
20040909,9.85,9.95,9.36,9.48,141260.0,0.2615925925925926,
20040910,9.45,9.58,9.28,9.45,185360.0,0.34325925925925926,
20040913,9.45,9.48,9.11,9.3,122420.0,0.2267037037037037,
20040914,9.31,9.78,9.11,9.58,1122802.0,2.079262962962963,
20040915,9.6,9.93,9.59,9.91,837842.0,1.5515592592592593,
20040916,9.98,10.19,9.76,9.85,384920.0,0.7128148148148148,
20040917,9.87,10.1,9.76,10.08,737903.0,1.366487037037037,
20040920,10.12,11.0,10.12,10.98,3021582.0,5.595522222222223,
20040921,11.08,11.15,10.72,10.86,3212402.0,5.948892592592593,
20040922,10.92,10.95,10.31,10.42,1301611.0,2.410390740740741,
20040923,10.4,10.69,10.35,10.59,741576.0,1.3732888888888888,
20040924,10.61,10.85,10.36,10.47,1370599.0,2.538146296296296,
20040927,10.47,10.61,10.03,10.29,718883.0,1.3312648148148147,
20040928,10.2,10.25,10.0,10.17,835240.0,1.5467407407407407,
20040929,10.15,10.41,10.1,10.32,936210.0,1.7337222222222222,
20040930,10.31,10.5,10.18,10.29,499226.0,0.9244925925925925,
20041008,10.27,10.48,10.27,10.32,375570.0,0.6955,
20041011,10.31,10.5,10.09,10.31,744970.0,1.379574074074074,
20041012,10.3,10.4,9.78,9.91,685149.0,1.2687944444444443,
20041013,9.8,9.99,9.45,9.48,549773.0,1.0180981481481481,
20041014,9.46,10.2,9.46,9.64,3594189.0,6.655905555555555,
20041015,9.69,9.89,9.46,9.51,1452080.0,2.689037037037037,
20041018,9.51,9.75,9.17,9.29,1247880.0,2.310888888888889,
20041019,9.29,9.45,9.21,9.33,603621.0,1.1178166666666667,
20041020,9.28,9.46,9.26,9.37,648244.0,1.2004518518518519,
20041021,9.3,9.51,9.28,9.35,861430.0,1.5952407407407407,
20041022,9.29,9.43,9.21,9.31,1043901.0,1.9331500000000001,
20041025,9.31,9.5,9.22,9.3,1093820.0,2.025592592592593,
20041026,9.32,9.4,9.19,9.38,358345.0,0.6636018518518518,
20041027,9.34,9.45,9.25,9.33,221391.0,0.4099833333333333,
20041028,9.3,9.38,9.2,9.3,328210.0,0.6077962962962963,
20041029,9.3,9.35,8.65,8.99,623400.0,1.1544444444444444,
20041101,8.9,9.17,8.71,8.97,569400.0,1.0544444444444445,
20041102,8.93,9.07,8.75,8.92,269950.0,0.4999074074074074,
20041103,8.9,8.98,8.66,8.94,800931.0,1.4832055555555554,
20041104,8.93,9.02,8.76,8.85,263662.0,0.488262962962963,
20041105,8.86,8.88,8.67,8.81,404042.0,0.748225925925926,
20041108,8.79,8.8,8.67,8.72,124940.0,0.23137037037037037,
20041109,8.73,8.8,8.68,8.73,226060.0,0.41862962962962963,
20041110,8.71,9.26,8.71,9.22,861265.0,1.5949351851851854,
20041111,9.22,9.85,9.18,9.81,2081185.0,3.8540462962962962,
20041112,9.99,10.2,9.64,9.87,2293578.0,4.247366666666666,
20041115,9.95,9.95,9.34,9.63,1918985.0,3.5536759259259263,
20041116,9.55,9.75,9.37,9.67,1295072.0,2.3982814814814812,
20041117,9.69,9.94,9.61,9.71,1213000.0,2.246296296296296,
20041118,9.71,9.77,9.53,9.62,723805.0,1.3403796296296295,
20041119,9.58,9.75,9.53,9.65,433170.0,0.8021666666666667,
20041122,9.65,9.8,9.61,9.75,931078.0,1.7242185185185186,
20041123,9.76,10.0,9.76,9.92,1482139.0,2.744701851851852,
20041124,9.93,9.98,9.51,9.54,604900.0,1.1201851851851852,
20041125,9.48,9.57,9.35,9.49,435780.0,0.807,
20041126,9.49,9.6,9.39,9.48,373740.0,0.6921111111111111,
20041129,9.44,9.49,9.36,9.39,279176.0,0.5169925925925926,
20041130,9.39,9.45,9.27,9.32,339200.0,0.6281481481481481,
20041201,9.3,9.5,9.22,9.37,364680.0,0.6753333333333333,
20041202,9.35,9.4,9.22,9.39,303880.0,0.5627407407407408,
20041203,9.39,9.7,9.39,9.59,1381136.0,2.557659259259259,
20041206,9.52,9.59,9.35,9.42,514830.0,0.9533888888888888,
20041207,9.41,9.46,9.25,9.38,333630.0,0.6178333333333333,
20041208,9.3,9.45,9.22,9.39,314650.0,0.5826851851851852,
20041209,9.36,9.48,9.27,9.39,318722.0,0.5902259259259259,
20041210,9.38,9.46,9.22,9.27,344104.0,0.6372296296296296,
20041213,9.27,9.41,9.04,9.27,450180.0,0.8336666666666666,
20041214,9.24,9.34,9.15,9.21,197492.0,0.36572592592592595,
20041215,9.18,9.24,8.99,9.09,252260.0,0.46714814814814815,
20041216,9.08,9.16,9.01,9.08,157480.0,0.2916296296296296,
20041217,9.07,9.14,9.05,9.11,184190.0,0.34109259259259256,
20041220,9.12,9.2,9.07,9.1,69770.0,0.1292037037037037,
20041221,9.1,9.24,9.05,9.14,227880.0,0.422,
20041222,9.12,9.52,9.09,9.45,969520.0,1.7954074074074073,
20041223,9.36,9.6,9.17,9.43,3214071.0,5.951983333333334,
20041224,9.37,9.54,9.22,9.44,1820132.0,3.3706148148148145,
20041227,9.44,9.5,9.33,9.47,928662.0,1.7197444444444445,
20041228,9.53,9.75,9.39,9.58,1164916.0,2.1572518518518518,
20041229,9.66,9.82,9.62,9.72,1460630.0,2.7048703703703705,
20041230,9.78,9.85,9.57,9.6,995260.0,1.843074074074074,
20041231,9.61,9.68,9.44,9.53,556263.0,1.0301166666666668,
20050104,9.49,9.55,9.4,9.46,415140.0,0.7687777777777778,
20050105,9.45,9.75,9.42,9.65,626849.0,1.1608314814814815,
20050106,9.63,9.75,9.48,9.54,618400.0,1.145185185185185,
20050107,9.52,9.68,9.47,9.58,498396.0,0.9229555555555555,
20050110,9.58,9.6,9.5,9.58,310800.0,0.5755555555555556,
20050111,9.58,9.72,9.44,9.5,350700.0,0.6494444444444444,
20050112,9.47,9.58,9.46,9.55,249730.0,0.46246296296296296,
20050113,9.55,9.68,9.53,9.6,1102731.0,2.0420944444444444,
20050114,9.61,9.79,9.61,9.73,1345051.0,2.490835185185185,
20050117,9.72,9.72,9.38,9.5,671109.0,1.2427944444444445,
20050118,9.48,9.63,9.48,9.57,480100.0,0.8890740740740741,
20050119,9.58,9.66,9.52,9.58,323800.0,0.5996296296296296,
20050120,9.58,9.72,9.56,9.64,565534.0,1.0472851851851852,
20050121,9.65,9.7,9.35,9.51,568190.0,1.0522037037037035,
20050124,9.56,9.8,9.54,9.66,1201081.0,2.224224074074074,
20050125,9.71,9.73,9.58,9.61,386120.0,0.715037037037037,
20050126,9.57,9.65,9.35,9.4,328880.0,0.609037037037037,
20050127,9.38,9.58,9.16,9.26,410660.0,0.7604814814814815,
20050128,9.22,9.38,9.11,9.24,256200.0,0.47444444444444445,
20050131,9.05,9.19,8.71,9.05,590977.0,1.0944018518518517,
20050201,9.0,9.06,8.88,8.94,212780.0,0.394037037037037,
20050202,8.91,9.13,8.81,9.08,1625175.0,3.009583333333333,
20050203,9.01,9.25,8.88,9.15,1731714.0,3.2068777777777777,
20050204,9.18,9.27,9.11,9.15,1084000.0,2.0074074074074075,
20050216,9.15,9.31,9.15,9.19,372900.0,0.6905555555555556,
20050217,9.21,9.26,9.16,9.2,156100.0,0.28907407407407404,
20050218,9.22,9.3,9.16,9.17,382786.0,0.7088629629629629,
20050221,9.15,9.25,9.08,9.21,456374.0,0.8451370370370369,
20050222,9.18,9.46,9.15,9.42,1256532.0,2.3269111111111114,
20050223,9.42,9.65,9.42,9.59,943740.0,1.747666666666667,
20050224,9.61,9.7,9.43,9.63,1222300.0,2.2635185185185187,
20050225,9.62,9.7,9.48,9.6,907080.0,1.6797777777777776,
20050228,9.6,9.64,9.45,9.5,588980.0,1.0907037037037037,
20050301,9.5,9.57,9.44,9.47,335520.0,0.6213333333333334,
20050302,9.47,10.22,9.44,9.77,2559909.0,4.740572222222222,
20050303,9.73,9.79,9.59,9.7,838081.0,1.552001851851852,
20050304,9.69,9.8,9.57,9.64,537000.0,0.9944444444444445,
20050307,9.61,9.72,9.5,9.69,766000.0,1.4185185185185185,
20050308,9.66,9.77,9.56,9.74,1348438.0,2.497107407407407,
20050309,9.69,9.75,9.58,9.66,816687.0,1.5123833333333332,
20050310,9.66,9.72,9.58,9.7,1185182.0,2.1947814814814817,
20050311,9.68,9.69,9.55,9.62,617440.0,1.1434074074074074,
20050314,9.62,9.7,9.53,9.57,837600.0,1.551111111111111,
20050315,9.6,9.87,9.59,9.75,1931550.0,3.5769444444444445,
20050316,9.8,9.97,9.7,9.87,2480624.0,4.593748148148149,
20050317,9.89,9.92,9.72,9.84,1654503.0,3.0638944444444443,
20050318,9.83,9.98,9.7,9.73,2126000.0,3.9370370370370367,
20050321,9.72,9.88,9.55,9.7,1034730.0,1.9161666666666668,
20050322,9.72,9.8,9.46,9.53,974400.0,1.8044444444444443,
20050323,9.47,9.49,9.0,9.28,859280.0,1.5912592592592594,
20050324,9.22,9.41,9.12,9.37,748873.0,1.386801851851852,
20050325,9.34,9.6,9.15,9.4,660700.0,1.2235185185185187,
20050328,9.41,9.52,9.17,9.38,312569.0,0.5788314814814814,
20050329,9.35,9.44,9.19,9.27,298700.0,0.5531481481481482,
20050330,9.21,9.39,9.13,9.18,222200.0,0.4114814814814815,
20050331,9.17,9.32,9.16,9.18,294300.0,0.545,
20050401,9.19,9.65,9.19,9.54,809950.0,1.4999074074074075,
20050404,9.53,9.66,9.37,9.43,381240.0,0.7060000000000001,
20050405,9.43,9.5,9.36,9.43,246450.0,0.4563888888888889,
20050406,9.42,9.53,9.37,9.41,376540.0,0.6972962962962963,
20050407,9.39,9.64,9.38,9.49,659439.0,1.2211833333333333,
20050408,9.48,10.15,9.04,10.06,7381371.0,13.669205555555555,
20050411,10.03,11.07,10.0,10.9,4681260.0,8.669,
20050412,10.94,11.44,10.85,11.27,3914284.0,7.248674074074074,
20050413,11.38,11.49,11.1,11.23,2275669.0,4.214201851851851,
20050414,11.4,12.28,11.16,11.97,3214553.0,5.952875925925926,
20050415,11.87,11.9,10.8,11.48,1695082.0,3.139040740740741,
20050418,11.51,12.19,11.51,11.99,1909220.0,3.535592592592592,
20050419,12.05,12.49,12.05,12.3,2680915.0,4.964657407407407,
20050420,12.32,12.46,12.16,12.22,1894514.0,3.508359259259259,
20050421,12.3,12.59,12.13,12.52,2763772.0,5.118096296296296,
20050422,12.4,12.85,12.38,12.81,1909775.0,3.5366203703703705,
20050425,12.93,13.37,12.46,12.72,2940637.0,5.4456240740740744,
20050426,12.81,12.96,12.62,12.87,1731787.0,3.207012962962963,
20050427,12.89,13.2,12.79,13.1,2332348.0,4.319162962962963,
20050428,13.17,13.23,12.89,13.06,1185130.0,2.194685185185185,
20050429,13.12,13.29,12.77,12.97,1331962.0,2.4665962962962964,
20050510,12.93,13.1,12.83,13.01,2435877.0,4.510883333333333,
20050511,13.05,13.8,12.83,13.63,3981696.0,7.373511111111111,
20050513,14.5,14.87,13.6,13.83,3320572.0,6.149207407407407,
20050516,13.87,13.9,13.6,13.72,1072620.0,1.9863333333333333,
20050517,13.72,13.89,13.6,13.71,838940.0,1.5535925925925924,
20050518,13.66,13.84,13.65,13.77,661974.0,1.2258777777777778,
20050519,13.75,14.7,13.65,14.2,2765164.0,5.120674074074074,
20050520,14.22,14.75,14.2,14.62,2785568.0,5.158459259259259,
20050523,14.67,14.83,14.24,14.32,964923.0,1.7868944444444443,
20050524,14.4,14.67,14.32,14.52,1117874.0,2.070137037037037,
20050525,14.57,15.0,14.47,14.91,2174314.0,4.026507407407407,
20050526,14.97,15.07,13.42,14.44,2994601.0,5.545557407407407,
20050527,14.44,14.44,13.71,14.0,2117228.0,3.9207925925925924,
20050530,12.6,13.39,12.6,12.78,3433950.0,6.359166666666667,
20050531,12.62,12.65,11.5,11.66,3793575.0,7.025138888888889,
20050601,11.53,12.0,11.32,11.8,5438858.0,10.071959259259259,
20050602,11.5,11.5,10.62,10.62,2253095.0,4.172398148148148,
20050603,9.56,9.95,9.56,9.56,2592371.0,4.800687037037037,
20050606,8.6,8.99,8.6,8.67,5619085.0,10.405712962962962,
20050607,8.98,9.52,8.7,9.26,5635472.0,10.43605925925926,
20050608,9.2,10.07,8.91,10.0,6170452.0,11.426762962962963,
20050609,10.0,10.5,9.7,10.25,5619452.0,10.406392592592592,
20050610,10.1,10.24,9.6,9.67,3405117.0,6.305772222222222,
20050613,9.58,9.59,8.92,9.2,2026884.0,3.7534888888888887,
20050614,9.19,9.37,9.03,9.07,1262256.0,2.337511111111111,
20050615,9.0,9.9,8.16,9.57,8805659.0,16.306775925925926,
20050616,9.57,10.22,9.46,9.91,10527782.0,19.495892592592593,
20050617,9.49,9.88,8.98,9.19,4227416.0,7.8285481481481485,
20050620,9.0,9.77,8.85,9.68,3336746.0,6.17915925925926,
20050621,9.68,9.87,9.46,9.59,1878130.0,3.4780185185185184,
20050622,9.55,9.64,9.3,9.51,1756411.0,3.2526129629629628,
20050623,9.45,9.7,9.33,9.45,1210865.0,2.2423425925925926,
20050624,9.4,9.48,9.08,9.34,1270897.0,2.353512962962963,
20050627,9.28,10.18,9.28,10.08,5533452.0,10.247133333333332,
20050628,10.08,10.38,9.72,10.1,9743760.0,18.044,
20050629,10.05,10.32,9.81,10.29,6997249.0,12.957868518518517,
20050630,10.35,10.48,10.1,10.11,5380354.0,9.963618518518519,
20050701,10.15,10.4,9.9,10.29,5623550.0,10.41398148148148,
20050704,10.32,10.42,10.08,10.36,4958067.0,9.181605555555555,
20050705,10.38,10.41,10.02,10.1,2801153.0,5.1873203703703705,
20050706,10.15,10.36,10.04,10.11,3042475.0,5.634212962962963,
20050707,10.05,10.2,9.1,9.73,7475795.0,13.844064814814816,
20050708,9.78,9.85,8.9,8.97,3820521.0,7.075038888888889,
20050711,8.97,9.31,8.55,8.64,3287584.0,6.0881185185185185,
20050712,8.54,8.99,8.32,8.92,3163340.0,5.858037037037037,
20050713,8.62,8.84,8.45,8.52,2094322.0,3.8783740740740744,
20050714,8.32,8.63,8.32,8.35,2040734.0,3.779137037037037,
20050715,8.3,8.54,8.3,8.4,1211740.0,2.243962962962963,
20050718,8.35,8.5,8.3,8.32,921040.0,1.7056296296296296,
20050720,8.4,8.4,7.51,7.52,4104293.0,7.600542592592592,
20050721,7.5,7.97,6.81,7.95,7180442.0,13.297114814814815,
20050722,7.65,7.9,7.51,7.7,4223451.0,7.821205555555556,
20050725,7.63,7.85,7.53,7.69,1545632.0,2.8622814814814816,
20050726,7.69,8.05,7.65,7.83,2409726.0,4.462455555555556,
20050727,7.83,8.24,7.75,8.22,3587355.0,6.64325,
20050728,8.1,8.32,8.08,8.12,2854757.0,5.2865870370370365,
20050729,8.1,8.2,7.98,8.06,1682720.0,3.116148148148148,
20050801,8.1,8.41,8.09,8.37,2918776.0,5.405140740740741,
20050802,8.49,8.59,8.22,8.55,2651874.0,4.9108777777777775,
20050803,8.8,9.3,8.8,9.2,6953187.0,12.876272222222221,
20050804,9.17,9.39,8.8,8.85,7156103.0,13.252042592592591,
20050805,9.0,9.07,8.46,8.71,9044727.0,16.749494444444444,
20050808,8.63,8.76,8.38,8.64,9906386.0,18.34515925925926,
20050809,8.61,8.95,8.61,8.85,7362991.0,13.635168518518517,
20050810,8.85,8.9,8.44,8.69,6421805.0,11.892231481481481,
20050811,8.81,9.2,8.81,8.97,10816529.0,20.03060925925926,
20050812,8.93,8.95,8.64,8.66,5723178.0,10.598477777777777,
20050815,8.65,8.87,8.46,8.8,3964451.0,7.341575925925927,
20050816,8.8,8.88,8.54,8.65,3187581.0,5.902927777777778,
20050817,8.6,8.85,8.52,8.83,3807668.0,7.051237037037036,
20050818,8.8,9.16,8.42,8.47,6279657.0,11.628994444444444,
20050819,8.41,8.76,8.04,8.42,5489088.0,10.164977777777779,
20050822,8.4,8.47,8.17,8.23,2791927.0,5.170235185185185,
20050823,8.19,8.22,7.74,7.78,3629966.0,6.72215925925926,
20050824,7.75,7.89,7.65,7.81,2413722.0,4.469855555555555,
20050825,7.81,7.85,7.54,7.8,3385839.0,6.270072222222223,
20050826,7.77,8.23,7.77,8.17,5253466.0,9.72864074074074,
20050829,8.17,8.17,7.85,7.88,2845036.0,5.268585185185185,
20050830,7.82,8.17,7.65,7.98,4889771.0,9.055131481481482,
20050831,8.0,8.16,7.84,8.04,2774687.0,5.138309259259259,
20050901,8.06,8.15,7.9,8.13,3585065.0,6.63900925925926,
20050902,8.15,8.27,8.05,8.2,3036561.0,5.623261111111111,
20050905,8.25,8.58,8.25,8.47,5120350.0,9.482129629629629,
20050906,8.46,8.5,8.0,8.08,4046036.0,7.492659259259258,
20050907,7.98,8.04,7.7,8.03,3795723.0,7.029116666666667,
20050908,8.03,8.19,7.86,8.1,3030082.0,5.611262962962963,
20050909,8.08,8.12,7.87,7.89,1916318.0,3.548737037037037,
20050912,7.87,7.94,7.76,7.88,1086375.0,2.0118055555555556,
20050913,7.81,8.02,7.81,7.99,1324943.0,2.4535981481481484,
20050914,8.05,8.79,8.0,8.58,10642067.0,19.70753148148148,
20050915,8.52,8.63,8.4,8.53,4481831.0,8.299687037037037,
20050916,8.52,8.58,8.43,8.48,2606967.0,4.827716666666667,
20050919,8.48,8.74,8.48,8.65,2808453.0,5.200838888888889,
20050920,8.66,8.69,8.34,8.4,3356618.0,6.215959259259259,
20050921,8.4,8.53,8.27,8.44,2937401.0,5.439631481481482,
20050922,8.43,8.86,8.28,8.73,9723960.0,18.007333333333335,
20050923,8.7,8.81,8.2,8.24,4796548.0,8.882496296296297,
20050926,8.21,8.31,7.55,7.68,5043492.0,9.3398,
20050927,7.66,7.8,7.56,7.57,2173066.0,4.024196296296297,
20050928,7.53,7.64,7.23,7.29,2903017.0,5.375957407407407,
20050929,7.3,7.47,7.3,7.41,1821870.0,3.3738333333333337,
20050930,7.43,7.44,7.26,7.27,1772316.0,3.2820666666666662,
20051010,7.18,7.19,6.85,7.19,1864621.0,3.4530018518518517,
20051011,7.16,7.55,7.08,7.45,2295428.0,4.2507925925925925,
20051012,7.4,7.55,7.36,7.41,1521598.0,2.817774074074074,
20051013,7.41,7.49,7.3,7.39,1113421.0,2.0618907407407407,
20051014,7.35,7.44,7.12,7.21,1065198.0,1.972588888888889,
20051017,7.2,7.3,7.11,7.21,851537.0,1.5769203703703705,
20051018,7.18,7.36,7.18,7.35,1074007.0,1.9889018518518518,
20051019,7.4,7.42,7.26,7.26,1137759.0,2.106961111111111,
20051020,7.26,7.26,6.95,7.0,1530996.0,2.8351777777777776,
20051021,7.0,7.14,7.0,7.07,1164463.0,2.156412962962963,
20051024,7.07,7.18,7.02,7.12,1020906.0,1.8905666666666667,
20051025,7.12,7.14,6.8,6.82,1661029.0,3.0759796296296296,
20051026,6.75,6.75,6.37,6.38,2284006.0,4.229640740740741,
20051027,6.3,6.42,6.05,6.05,2008470.0,3.7193888888888886,
20051028,6.01,6.49,6.0,6.26,3021395.0,5.5951759259259255,
20051031,6.2,6.23,6.06,6.17,1751194.0,3.242951851851852,
20051101,6.17,6.17,5.76,5.96,3098291.0,5.737575925925926,
20051102,5.91,6.56,5.91,6.56,7257390.0,13.43961111111111,
20051103,6.68,6.7,6.41,6.49,6126247.0,11.344901851851851,
20051104,6.49,6.56,6.21,6.45,2986769.0,5.531053703703704,
20051107,6.45,6.65,6.3,6.63,3812209.0,7.059646296296296,
20051108,6.5,6.6,6.43,6.51,2355039.0,4.361183333333334,
20051109,6.56,6.6,6.41,6.43,2219954.0,4.111025925925926,
20051110,6.4,6.6,6.25,6.25,2254770.0,4.1755,
20051111,6.15,6.33,6.1,6.21,1520265.0,2.8153055555555557,
20051114,6.19,6.32,6.15,6.22,1031644.0,1.9104518518518516,
20051115,6.22,6.34,6.11,6.13,1269668.0,2.3512370370370372,
20051116,6.1,6.27,5.93,6.26,1980365.0,3.667342592592593,
20051117,6.24,6.36,6.2,6.3,1940931.0,3.5943166666666664,
20051118,6.35,6.66,6.35,6.52,4495762.0,8.325485185185185,
20051121,6.46,6.55,6.42,6.48,1484858.0,2.749737037037037,
20051122,6.47,6.55,6.34,6.35,1669378.0,3.0914407407407407,
20051123,6.33,6.46,6.31,6.36,1015990.0,1.881462962962963,
20051124,6.31,6.49,6.29,6.46,1456974.0,2.6981,
20051125,6.42,6.45,6.27,6.33,960674.0,1.779025925925926,
20051128,6.28,6.38,6.18,6.27,921988.0,1.7073851851851851,
20051129,6.21,6.25,6.06,6.13,1261700.0,2.3364814814814814,
20051130,6.1,6.19,6.06,6.17,738871.0,1.3682796296296298,
20051201,6.17,6.18,6.08,6.12,475941.0,0.8813722222222222,
20051202,6.09,6.17,6.01,6.07,845485.0,1.565712962962963,
20051205,6.05,6.05,5.89,5.91,1103929.0,2.0443129629629633,
20051206,5.92,6.0,5.91,5.95,628201.0,1.1633351851851852,
20051207,5.96,6.06,5.92,6.02,556502.0,1.0305592592592592,
20051208,6.07,6.07,5.9,6.0,658130.0,1.218759259259259,
20051209,6.08,6.18,6.0,6.15,1463601.0,2.7103722222222224,
20051212,6.15,6.19,6.1,6.14,860261.0,1.593075925925926,
20051213,6.12,6.19,6.05,6.18,884339.0,1.6376648148148147,
20051214,6.18,6.3,6.09,6.25,2184861.0,4.046038888888889,
20051215,6.22,6.32,6.13,6.16,1250989.0,2.3166462962962964,
20051216,6.13,6.26,6.1,6.19,965511.0,1.7879833333333335,
20051219,6.18,6.23,6.1,6.13,838502.0,1.5527814814814815,
20051220,6.13,6.28,6.11,6.25,2229810.0,4.129277777777777,
20051221,6.23,6.33,6.2,6.25,2066683.0,3.8271907407407406,
20051222,6.29,6.31,6.1,6.17,1183215.0,2.191138888888889,
20051223,6.17,6.21,6.12,6.2,1241602.0,2.299262962962963,
20051226,6.18,6.25,6.16,6.22,1365937.0,2.529512962962963,
20051227,6.22,6.27,6.08,6.1,1944192.0,3.6003555555555553,
20051228,6.1,6.16,6.0,6.13,1882422.0,3.485966666666666,
20051229,6.08,6.28,6.08,6.27,3110251.0,5.759724074074074,
20051230,6.29,6.43,6.26,6.34,6849529.0,12.684312962962963,
20060104,6.33,6.43,6.28,6.4,2811219.0,5.205961111111111,
20060105,6.41,6.56,6.32,6.54,3647083.0,6.753857407407407,
20060106,6.55,6.75,6.45,6.61,4674137.0,8.655809259259259,
20060109,6.7,6.83,6.6,6.7,3488925.0,6.460972222222222,
20060110,6.7,6.7,6.51,6.58,2714778.0,5.0273666666666665,
20060111,6.55,6.6,6.39,6.44,2459058.0,4.553811111111111,
20060112,6.41,6.8,6.41,6.79,4826053.0,8.937135185185186,
20060113,6.78,6.92,6.63,6.66,3320627.0,6.149309259259259,
20060116,6.65,6.78,6.58,6.6,2160723.0,4.001338888888889,
20060117,6.58,6.68,6.5,6.61,1638792.0,3.0348,
20060118,6.61,6.84,6.54,6.81,3398281.0,6.2931129629629625,
20060119,6.81,6.85,6.68,6.78,2646576.0,4.901066666666667,
20060120,6.8,7.1,6.72,6.98,4911708.0,9.095755555555556,
20060123,6.99,7.07,6.85,7.0,2838791.0,5.257020370370371,
20060124,7.0,7.29,6.89,7.06,3766550.0,6.975092592592593,
20060125,7.1,7.12,6.76,6.77,3236168.0,5.992903703703703,
20060206,6.77,6.92,6.71,6.9,2166416.0,4.011881481481481,
20060207,6.87,7.19,6.78,7.06,4110478.0,7.6119962962962955,
20060208,7.03,7.03,6.9,7.01,1743349.0,3.228424074074074,
20060209,7.0,7.02,6.81,6.84,1939240.0,3.5911851851851853,
20060210,6.88,7.08,6.82,7.04,2375236.0,4.398585185185185,
20060213,7.04,7.08,6.83,6.95,1394022.0,2.581522222222222,
20060214,6.95,6.96,6.85,6.88,1398385.0,2.5896018518518518,
20060215,6.95,7.02,6.9,6.97,2266271.0,4.196798148148148,
20060216,7.03,7.24,6.88,6.89,5861863.0,10.855301851851852,
20060217,6.8,6.8,6.32,6.34,4323782.0,8.007003703703704,
20060220,6.24,6.34,6.14,6.2,2199210.0,4.072611111111111,
20060221,6.16,6.42,6.15,6.39,1545805.0,2.862601851851852,
20060222,6.4,6.42,6.23,6.26,1973816.0,3.6552148148148147,
20060223,6.26,6.33,6.2,6.28,995915.0,1.844287037037037,
20060224,6.27,6.36,6.25,6.29,955858.0,1.7701074074074075,
20060227,6.31,6.37,6.25,6.27,860880.0,1.5942222222222222,
20060228,6.3,6.33,6.09,6.32,1354698.0,2.5087,
20060301,6.32,6.47,6.26,6.4,2494220.0,4.618925925925925,
20060302,6.4,6.4,6.21,6.23,1854865.0,3.4349351851851853,
20060303,6.6,6.6,6.21,6.28,1202768.0,2.227348148148148,
20060306,6.3,6.3,6.1,6.1,1257973.0,2.3295796296296296,
20060307,6.09,6.14,5.85,5.87,1628738.0,3.0161814814814814,
20060308,5.87,5.95,5.84,5.92,808946.0,1.4980481481481482,
20060309,5.92,5.94,5.75,5.81,1047898.0,1.940551851851852,
20060310,5.79,5.9,5.75,5.81,967650.0,1.7919444444444446,
20060313,5.8,5.85,5.76,5.82,577400.0,1.0692592592592591,
20060314,5.85,5.89,5.81,5.87,660399.0,1.2229611111111112,
20060315,5.88,5.92,5.82,5.92,766547.0,1.4195314814814814,
20060316,5.96,5.96,5.86,5.88,539100.0,0.9983333333333334,
20060317,5.88,5.9,5.6,5.82,1193009.0,2.209275925925926,
20060320,5.78,5.92,5.78,5.92,981650.0,1.8178703703703705,
20060321,5.95,6.08,5.86,6.01,1799808.0,3.332977777777778,
20060322,5.99,6.03,5.88,5.98,996735.0,1.8458055555555555,
20060323,5.98,6.05,5.95,6.01,1114425.0,2.0637499999999998,
20060324,6.03,6.05,5.83,5.89,1098243.0,2.033783333333333,
20060327,5.87,5.93,5.77,5.93,1048452.0,1.9415777777777778,
20060328,5.93,6.09,5.9,6.06,2171328.0,4.0209777777777775,
20060329,6.1,6.13,6.0,6.05,2634427.0,4.878568518518518,
20060330,6.08,6.13,5.97,5.98,1657157.0,3.0688092592592593,
20060331,5.98,6.0,5.8,5.91,987452.0,1.828614814814815,
20060403,5.9,6.02,5.83,6.01,1964057.0,3.6371425925925926,
20060404,6.05,6.12,5.99,6.12,2927981.0,5.4221870370370375,
20060405,6.12,6.12,6.01,6.07,1601033.0,2.964875925925926,
20060406,6.06,6.12,5.96,6.02,2080376.0,3.852548148148148,
20060407,6.03,6.16,5.93,6.14,2896440.0,5.363777777777778,
20060411,6.26,6.3,6.12,6.18,3505185.0,6.491083333333333,
20060412,6.18,6.2,6.06,6.09,1847785.0,3.4218240740740744,
20060413,6.09,6.17,5.95,5.97,1844800.0,3.4162962962962964,
20060414,5.96,6.09,5.9,6.08,1234383.0,2.2858944444444447,
20060417,6.05,6.16,6.04,6.11,1846827.0,3.4200500000000003,
20060418,6.11,6.29,6.04,6.15,2336801.0,4.32740925925926,
20060419,6.17,6.17,5.97,6.05,1618465.0,2.9971574074074074,
20060420,6.05,6.05,5.78,5.83,2385440.0,4.417481481481481,
20060421,5.8,5.83,5.66,5.68,2207195.0,4.087398148148148,
20060424,5.6,5.63,5.07,5.07,4467310.0,8.272796296296296,
20060425,4.9,5.21,4.62,5.19,3741339.0,6.928405555555556,
20060426,5.17,5.4,5.07,5.33,3810774.0,7.056988888888889,
20060427,5.29,5.29,5.1,5.13,1939054.0,3.5908407407407408,
20060428,5.64,5.64,5.2,5.34,3295344.0,6.102488888888889,
20060508,5.34,5.55,5.16,5.46,2730117.0,5.055772222222222,
20060509,5.46,5.69,5.33,5.6,3898072.0,7.2186518518518525,
20060510,5.69,6.06,5.62,5.89,4078026.0,7.5519,
20060511,5.86,6.0,5.62,5.68,4128774.0,7.645877777777778,
20060512,5.66,6.25,5.62,6.25,4340561.0,8.038075925925927,
20060515,6.85,6.85,6.3,6.59,7532247.0,13.948605555555554,
20060516,6.55,6.58,6.01,6.1,6025277.0,11.157920370370372,
20060517,6.05,6.5,6.03,6.3,4115449.0,7.621201851851851,
20060518,6.35,6.7,6.2,6.62,6555185.0,12.139231481481481,
20060519,6.63,6.99,6.51,6.85,7092974.0,13.135137037037037,
20060522,6.85,7.15,6.74,6.95,5111513.0,9.465764814814815,
20060523,6.88,6.88,6.3,6.36,4548239.0,8.422664814814814,
20060524,6.35,7.0,6.35,7.0,6672252.0,12.356022222222222,
20060525,7.08,7.45,7.0,7.06,9484333.0,17.56357962962963,
20060526,7.06,7.77,6.85,7.77,8921990.0,16.522203703703703,
20060529,7.87,8.44,7.61,8.02,11321227.0,20.965235185185186,
20060530,8.0,8.58,7.84,8.34,7283239.0,13.487479629629629,
20060531,8.34,8.48,7.95,8.02,5897887.0,10.922012962962963,
20060601,8.13,8.37,7.83,8.26,5478485.0,10.145342592592591,
20060602,8.28,8.69,7.92,8.29,6805826.0,12.603381481481483,
20060614,7.46,7.46,7.46,7.46,818400.0,1.5155555555555555,
20060615,6.83,7.2,6.81,7.09,3976946.0,7.364714814814814,
20060616,6.98,7.17,6.98,7.09,2511943.0,4.651746296296296,
20060619,7.09,7.28,7.0,7.14,1959136.0,3.6280296296296295,
20060620,7.1,7.25,6.93,7.0,2942762.0,5.449559259259259,
20060621,7.0,7.14,6.95,6.96,3376983.0,6.253672222222222,
20060712,6.17,6.3,6.03,6.18,13097895.0,18.657970085470087,
20060713,6.13,6.17,5.56,5.74,11243639.0,16.016579772079773,
20060714,5.9,6.14,5.81,5.91,9686568.0,13.798529914529913,
20060717,5.85,5.99,5.61,5.93,3996851.0,5.693519943019943,
20060718,5.93,5.93,5.72,5.84,2663049.0,3.7935170940170937,
20060719,5.88,5.88,5.52,5.58,2616684.0,3.727470085470085,
20060720,5.58,5.68,5.47,5.57,1900045.0,2.706616809116809,
20060721,5.59,5.77,5.55,5.63,1954229.0,2.783801994301994,
20060724,5.57,5.6,5.48,5.6,1666176.0,2.3734700854700854,
20060725,5.57,5.87,5.57,5.86,3089362.0,4.40080056980057,
20060726,6.0,6.18,5.98,6.04,10789360.0,15.369458689458689,
20060727,6.0,6.06,5.86,5.93,3240183.0,4.615645299145299,
20060728,5.93,5.93,5.61,5.72,2688191.0,3.8293319088319087,
20060731,5.64,5.75,5.35,5.39,2219102.0,3.16111396011396,
20060801,5.39,5.48,5.13,5.19,2193940.0,3.125270655270655,
20060802,5.17,5.23,5.0,5.18,1935915.0,2.757713675213675,
20060803,5.18,5.19,5.01,5.1,1503945.0,2.142371794871795,
20060804,5.21,5.26,5.01,5.08,2134726.0,3.040920227920228,
20060807,5.09,5.25,5.08,5.2,2533766.0,3.6093532763532763,
20060808,5.22,5.34,5.14,5.34,1957672.0,2.7887065527065524,
20060809,5.29,5.3,5.18,5.23,1296046.0,1.846219373219373,
20060810,5.18,5.29,5.18,5.28,1128209.0,1.6071353276353277,
20060811,5.3,5.46,5.21,5.43,2643319.0,3.765411680911681,
20060814,5.4,5.45,5.13,5.14,2007731.0,2.8600156695156693,
20060815,5.13,5.27,5.13,5.24,1472141.0,2.0970669515669513,
20060816,5.22,5.33,5.15,5.28,1319729.0,1.8799558404558405,
20060817,5.3,5.32,5.12,5.21,1039739.0,1.4811096866096864,
20060818,5.2,5.26,5.14,5.19,757549.0,1.0791296296296298,
20060821,4.99,5.25,4.81,5.21,1480568.0,2.109071225071225,
20060822,5.18,5.42,5.16,5.28,2021230.0,2.879245014245014,
20060823,5.29,5.46,5.25,5.31,3033899.0,4.321793447293447,
20060824,5.32,5.33,5.2,5.31,1324889.0,1.8873062678062678,
20060825,5.33,5.41,5.28,5.32,1603116.0,2.2836410256410256,
20060828,5.36,5.46,5.3,5.44,1878376.0,2.6757492877492877,
20060829,5.44,5.71,5.41,5.52,4435390.0,6.318219373219374,
20060830,5.5,5.68,5.44,5.62,2365337.0,3.369425925925926,
20060831,5.65,5.68,5.56,5.62,2103399.0,2.9962948717948716,
20060901,5.62,5.65,5.46,5.51,2954656.0,4.208911680911681,
20060904,5.46,5.7,5.46,5.67,3714434.0,5.291216524216525,
20060905,5.74,6.24,5.74,6.17,16580245.0,23.61858262108262,
20060906,6.05,6.09,5.89,5.98,5903601.0,8.409688034188035,
20060907,6.0,6.08,5.77,5.79,3506870.0,4.99554131054131,
20060908,5.79,5.86,5.71,5.81,2141211.0,3.0501581196581196,
20060911,5.8,5.88,5.68,5.77,1966082.0,2.80068660968661,
20060912,5.77,5.97,5.73,5.84,2607261.0,3.7140470085470083,
20060913,5.84,5.88,5.62,5.65,2232881.0,3.1807421652421652,
20060914,5.64,5.81,5.6,5.71,1995739.0,2.8429330484330486,
20060915,5.7,5.79,5.68,5.75,1795708.0,2.557988603988604,
20060918,5.75,5.89,5.73,5.86,1576349.0,2.2455113960113957,
20060919,5.84,5.86,5.76,5.85,2273123.0,3.2380669515669513,
20060920,5.86,5.97,5.82,5.9,3524225.0,5.020263532763533,
20060921,5.9,5.93,5.79,5.84,1445046.0,2.0584700854700855,
20060922,5.83,5.95,5.72,5.78,2157993.0,3.0740641025641025,
20060925,5.78,6.0,5.78,5.9,3156574.0,4.496544159544159,
20060926,5.92,6.12,5.82,6.09,4506971.0,6.42018660968661,
20060927,5.98,6.07,5.87,6.05,2475496.0,3.5263475783475786,
20060928,6.05,6.62,6.01,6.34,10771167.0,15.343542735042734,
20060929,6.35,6.45,6.26,6.3,5294755.0,7.54238603988604,
20061009,6.46,6.78,6.3,6.69,6161199.0,8.776636752136751,
20061010,6.7,6.97,6.65,6.7,8715475.0,12.415206552706552,
20061011,6.71,6.84,6.48,6.6,3917377.0,5.580309116809117,
20061012,6.6,6.63,6.3,6.32,4373150.0,6.2295584045584045,
20061013,6.3,6.47,6.25,6.4,2453578.0,3.4951253561253557,
20061016,6.38,6.49,6.28,6.3,3062974.0,4.3632108262108265,
20061017,6.25,6.37,6.14,6.17,2548764.0,3.6307179487179484,
20061018,6.25,6.52,6.2,6.5,3773090.0,5.37477207977208,
20061019,6.56,6.83,6.5,6.53,7282008.0,10.37323076923077,
20061020,6.51,6.53,6.37,6.38,2677840.0,3.8145868945868946,
20061023,6.37,6.4,5.89,5.94,3324441.0,4.73567094017094,
20061024,5.97,6.15,5.96,6.09,2200021.0,3.1339330484330485,
20061025,6.09,6.16,5.9,6.02,1983600.0,2.825641025641026,
20061026,6.0,6.23,5.93,6.2,3008329.0,4.285368945868946,
20061027,6.23,6.24,5.88,5.93,2609750.0,3.7175925925925926,
20061030,5.93,5.98,5.55,5.8,2440074.0,3.4758888888888886,
20061031,5.79,5.87,5.6,5.83,2136729.0,3.043773504273504,
20061101,5.84,5.84,5.7,5.75,1046781.0,1.4911410256410256,
20061102,5.8,5.88,5.63,5.82,1936830.0,2.759017094017094,
20061103,5.8,5.86,5.7,5.82,1225546.0,1.745792022792023,
20061106,5.77,6.05,5.72,6.04,2953856.0,4.20777207977208,
20061107,5.99,6.16,5.93,6.12,5062355.0,7.211331908831909,
20061108,6.1,6.15,5.97,5.98,3826323.0,5.450602564102565,
20061109,5.97,6.04,5.86,5.95,1618290.0,2.3052564102564106,
20061110,5.92,5.94,5.53,5.66,2272733.0,3.2375113960113957,
20061113,5.6,5.66,5.3,5.34,1488994.0,2.121074074074074,
20061114,5.3,5.5,5.2,5.5,1276459.0,1.818317663817664,
20061115,5.48,5.59,5.36,5.54,1143221.0,1.6285199430199433,
20061116,5.54,5.56,5.3,5.32,1955400.0,2.7854700854700853,
20061117,5.35,5.44,5.28,5.38,1085300.0,1.546011396011396,
20061120,5.35,5.38,5.22,5.27,1384601.0,1.9723660968660968,
20061121,5.27,5.44,5.16,5.35,1433272.0,2.041698005698006,
20061122,5.35,5.49,5.35,5.45,1794661.0,2.556497150997151,
20061123,5.45,5.64,5.42,5.56,1897202.0,2.7025669515669515,
20061124,5.58,5.61,5.44,5.53,1448640.0,2.0635897435897435,
20061127,5.52,5.61,5.42,5.59,1329622.0,1.894048433048433,
20061128,5.59,5.73,5.55,5.64,1279393.0,1.8224971509971508,
20061129,5.64,5.76,5.47,5.64,1628053.0,2.3191638176638176,
20061130,5.63,5.68,5.58,5.65,2056705.0,2.929779202279202,
20061201,5.65,5.69,5.56,5.57,1980618.0,2.821393162393162,
20061204,5.55,5.69,5.49,5.64,2862294.0,4.07734188034188,
20061205,5.64,5.88,5.6,5.84,4566574.0,6.505091168091168,
20061206,5.8,6.03,5.66,5.97,6169383.0,8.788294871794871,
20061207,6.0,6.35,5.9,6.16,7854416.0,11.18862678062678,
20061208,6.08,6.13,5.55,5.71,3470022.0,4.943051282051282,
20061211,5.64,5.9,5.61,5.82,2114457.0,3.0120470085470084,
20061212,5.8,5.93,5.67,5.8,1576185.0,2.2452777777777775,
20061213,5.85,6.06,5.81,6.02,2640125.0,3.7608618233618234,
20061214,6.02,6.08,5.93,5.98,1964498.0,2.7984301994301997,
20061215,6.08,6.2,5.91,5.92,1998793.0,2.8472834757834757,
20061218,6.0,6.09,5.91,6.01,2742865.0,3.9072150997151,
20061219,6.06,6.44,5.95,6.32,7636942.0,10.878834757834758,
20061220,6.2,6.25,6.07,6.17,3742875.0,5.331730769230769,
20061221,6.14,6.18,5.9,5.93,3646383.0,5.194277777777778,
20061222,5.9,5.99,5.79,5.82,2499319.0,3.560283475783476,
20061225,5.81,5.98,5.81,5.9,2201645.0,3.1362464387464386,
20061226,5.88,5.9,5.65,5.75,2128808.0,3.0324900284900287,
20061227,5.75,5.9,5.73,5.82,1286829.0,1.8330897435897435,
20061228,5.8,5.82,5.56,5.76,2721417.0,3.876662393162393,
20061229,5.72,5.96,5.72,5.9,4583491.0,6.529189458689459,
20070104,6.09,6.3,5.89,6.05,8285192.0,11.802267806267807,
20070105,6.07,6.07,5.87,6.05,2793788.0,3.979754985754986,
20070108,6.04,6.25,5.95,6.18,3315546.0,4.723,
20070109,6.2,6.34,6.15,6.2,3958895.0,5.639451566951567,
20070110,6.2,6.3,6.06,6.26,4004900.0,5.704985754985755,
20070111,6.26,6.66,6.2,6.41,8582711.0,12.226084045584045,
20070112,6.33,6.45,6.0,6.0,3921866.0,5.586703703703703,
20070115,5.96,6.3,5.89,6.23,3276392.0,4.667225071225071,
20070116,6.23,6.35,6.17,6.35,3550826.0,5.058156695156695,
20070117,6.37,6.52,6.1,6.27,4873825.0,6.942770655270655,
20070118,6.25,6.58,6.18,6.57,5661475.0,8.064779202279203,
20070119,6.62,6.78,6.48,6.65,7774723.0,11.075103988603988,
20070123,7.08,7.32,7.0,7.32,12668953.0,18.046941595441595,
20070124,7.32,8.05,7.2,7.68,17852991.0,25.431611111111113,
20070125,7.65,8.01,7.3,7.59,8737529.0,12.446622507122507,
20070126,7.4,8.28,7.4,8.07,8379233.0,11.936229344729345,
20070129,8.18,8.68,8.09,8.13,8529438.0,12.150196581196582,
20070130,8.15,8.3,7.86,7.99,4914122.0,7.000173789173789,
20070131,8.03,8.12,7.31,7.36,3406711.0,4.852864672364672,
20070201,7.25,7.47,7.2,7.35,3392157.0,4.832132478632479,
20070202,7.35,7.61,6.92,7.05,2964487.0,4.222915954415955,
20070205,7.02,7.28,7.0,7.15,1936905.0,2.7591239316239315,
20070206,7.18,7.5,7.18,7.44,2053273.0,2.9248903133903137,
20070207,7.59,7.6,7.37,7.6,2678656.0,3.815749287749288,
20070208,7.58,7.86,7.51,7.66,2315577.0,3.298542735042735,
20070209,7.6,7.73,7.46,7.5,2498257.0,3.558770655270655,
20070212,7.5,7.65,7.38,7.6,2287915.0,3.2591381766381766,
20070213,7.6,7.82,7.6,7.73,2439513.0,3.475089743589744,
20070214,7.86,7.86,7.69,7.78,3211985.0,4.575477207977208,
20070215,7.79,8.28,7.75,8.22,4851144.0,6.910461538461539,
20070216,8.18,8.45,8.02,8.28,4647298.0,6.620082621082621,
20070226,8.34,8.85,8.22,8.74,4042098.0,5.757974358974359,
20070227,8.8,9.25,8.09,8.18,8333381.0,11.870913105413106,
20070228,8.3,9.0,8.3,9.0,6468547.0,9.214454415954416,
20070301,9.05,9.45,8.8,8.94,7177296.0,10.224068376068377,
20070302,8.96,9.19,8.68,8.83,3661421.0,5.215699430199431,
20070305,8.83,9.07,8.28,8.6,4446420.0,6.333931623931624,
20070306,8.6,9.02,8.4,8.85,3863421.0,5.503448717948718,
20070307,8.79,8.98,8.79,8.91,2005913.0,2.857425925925926,
20070308,8.93,9.04,8.8,9.0,2151194.0,3.0643789173789173,
20070309,9.0,9.66,9.0,9.35,4866016.0,6.9316467236467245,
20070312,9.3,10.29,9.3,10.29,7011639.0,9.988089743589743,
20070313,10.47,10.77,10.0,10.17,6679008.0,9.514256410256412,
20070314,10.12,10.38,9.19,9.93,4587102.0,6.5343333333333335,
20070315,10.1,10.38,9.95,10.15,3999280.0,5.696980056980057,
20070316,10.0,10.1,9.3,9.42,7683771.0,10.945542735042736,
20070319,9.06,9.68,8.9,9.47,4241804.0,6.04245584045584,
20070320,9.5,9.86,9.5,9.77,3025908.0,4.310410256410256,
20070321,9.95,10.39,9.81,10.23,3506596.0,4.995150997150997,
20070322,10.28,10.3,10.0,10.01,3453476.0,4.919481481481482,
20070323,9.98,10.22,9.63,10.08,3118772.0,4.442695156695157,
20070326,10.12,10.55,10.12,10.42,4107230.0,5.850754985754985,
20070327,10.49,11.23,10.36,11.13,5753103.0,8.19530341880342,
20070328,11.29,11.39,10.31,10.79,6567881.0,9.35595584045584,
20070329,11.0,11.0,10.23,10.65,5534258.0,7.883558404558405,
20070330,10.6,10.75,10.0,10.55,3750602.0,5.342737891737892,
20070402,10.77,10.98,10.56,10.79,3273414.0,4.662982905982906,
20070403,10.9,11.15,10.78,10.98,6096113.0,8.683921652421652,
20070404,10.98,11.0,10.62,10.77,3267948.0,4.655196581196582,
20070405,10.77,10.77,10.3,10.66,4016379.0,5.721337606837606,
20070406,10.6,10.85,10.45,10.78,3228288.0,4.598700854700855,
20070409,10.8,10.89,10.67,10.79,3898574.0,5.553524216524217,
20070410,10.82,10.88,10.42,10.64,3918774.0,5.582299145299145,
20070411,10.67,10.76,10.48,10.68,4008585.0,5.710235042735043,
20070412,10.78,11.21,10.7,11.19,6870787.0,9.78744586894587,
20070413,11.19,11.25,10.6,10.71,4325791.0,6.162095441595442,
20070416,10.72,10.9,10.62,10.8,4540871.0,6.468477207977208,
20070418,11.05,11.76,11.05,11.28,6208593.0,8.844149572649572,
20070419,11.28,11.48,10.15,10.45,6458372.0,9.199960113960113,
20070420,10.55,11.1,10.55,11.01,4307047.0,6.135394586894587,
20070423,11.03,11.7,11.03,11.5,6613475.0,9.420904558404558,
20070424,11.58,11.88,11.4,11.55,6404739.0,9.123559829059829,
20070425,11.56,11.6,10.9,11.25,5152824.0,7.340205128205128,
20070426,11.3,12.02,11.22,11.96,7256756.0,10.33725925925926,
20070427,11.79,11.86,11.3,11.56,4738322.0,6.749746438746438,
20070430,11.55,12.72,11.13,12.72,11303156.0,16.101361823361824,
20070508,12.8,13.99,12.8,13.61,9433460.0,13.437977207977209,
20070509,13.49,13.49,12.6,13.23,5479727.0,7.805878917378917,
20070510,13.24,14.55,13.05,14.55,3335315.0,4.751160968660969,
20070511,15.5,15.88,14.61,15.03,8208526.0,11.69305698005698,
20070514,14.89,15.5,14.16,14.97,4634498.0,6.6018490028490024,
20070515,14.98,15.38,13.73,13.82,4491285.0,6.39784188034188,
20070516,14.0,14.2,13.2,14.14,3441661.0,4.902650997150997,
20070517,14.14,15.21,14.1,14.59,3729093.0,5.31209829059829,
20070518,14.5,14.95,14.15,14.46,3173166.0,4.520179487179487,
20070521,13.5,14.88,13.5,14.48,3204211.0,4.564403133903134,
20070522,14.58,15.19,14.4,14.67,4602934.0,6.55688603988604,
20070523,14.67,15.11,14.46,15.03,3814109.0,5.433203703703704,
20070524,15.1,15.5,14.4,14.75,4810068.0,6.8519487179487175,
20070525,14.58,15.3,14.55,15.04,5668028.0,8.07411396011396,
20070528,15.13,15.8,15.04,15.14,4793156.0,6.82785754985755,
20070529,15.01,15.5,14.72,15.41,5087977.0,7.247830484330485,
20070530,14.0,14.8,13.87,13.87,4150170.0,5.9119230769230775,
20070531,13.49,13.49,12.48,12.64,5764476.0,8.211504273504273,
20070601,12.51,13.01,11.38,11.38,3172787.0,4.519639601139601,
20070604,11.01,11.36,10.24,10.24,2733430.0,3.893774928774929,
20070605,9.31,9.91,9.22,9.66,4595427.0,6.546192307692307,
20070606,9.88,10.43,9.52,10.05,5603106.0,7.981632478632479,
20070607,9.95,11.06,9.9,11.01,5865407.0,8.355280626780628,
20070608,11.01,12.11,10.88,12.11,8020350.0,11.425,
20070611,13.18,13.18,12.5,12.73,6128268.0,8.729726495726496,
20070612,13.0,14.0,12.58,14.0,6392285.0,9.105819088319087,
20071012,15.4,15.4,15.4,15.4,52045.0,0.05831541255344777,
20071015,16.94,16.94,16.94,16.94,79256.0,0.08880481001702481,
20071016,18.63,18.63,16.02,16.29,12861648.0,14.41122700042706,
20071017,15.81,16.1,15.1,15.21,6026195.0,6.752234557642889,
20071018,15.39,15.55,14.2,14.99,5756007.0,6.449494146710216,
20071019,14.7,14.88,13.72,13.97,4332956.0,4.854993115879274,
20071022,13.7,14.49,13.5,13.92,2964756.0,3.3219515661506307,
20071023,13.75,13.92,12.6,12.93,4060643.0,4.54987168368277,
20071024,12.99,13.2,12.19,12.4,2571324.0,2.8811186447993373,
20071025,12.16,12.4,11.16,11.16,3742789.0,4.193722444721034,
20071026,10.77,11.55,10.41,11.06,4208308.0,4.715327450705633,
20071029,11.22,11.48,10.6,11.33,2886728.0,3.2345227063039514,
20071030,11.38,11.5,10.9,11.47,3184157.0,3.5677861291180433,
20071031,11.45,12.28,11.25,12.03,4729551.0,5.299370117351742,
20071101,11.8,11.99,10.96,11.05,2977093.0,3.3357749352479864,
20071102,10.75,10.8,9.95,9.95,3364730.0,3.770114671552739,
20071105,10.17,10.95,10.15,10.95,1086316.0,1.2171959977598454,
20071106,11.6,12.05,11.34,12.05,4652191.0,5.212689738542352,
20071107,12.39,12.6,11.14,11.39,5513089.0,6.177309241596211,
20071108,11.0,11.98,10.8,11.41,2951427.0,3.3070166803032888,
20071109,11.32,11.8,10.62,11.0,2321612.0,2.6013211945246417,
20071112,10.71,10.98,10.12,10.78,1962115.0,2.1985117821559834,
20071113,10.94,11.4,10.72,10.88,1907083.0,2.136849494066036,
20071114,11.15,11.76,10.85,11.53,2210320.0,2.4766206681744003,
20071115,11.0,11.63,11.0,11.17,1602150.0,1.7951779848689853,
20071116,11.05,11.8,10.66,11.4,2749303.0,3.080540660571267,
20071119,11.53,12.15,11.31,11.97,2285079.0,2.5603866769568615,
20071120,11.8,12.05,11.68,11.92,1789989.0,2.00564793930509,
20071121,11.93,12.26,11.65,11.72,1899533.0,2.128389865575719,
20071122,11.6,11.85,10.72,10.81,1781440.0,1.9960689507006242,
20071123,10.6,11.03,10.38,10.96,1047011.0,1.1731555079834355,
20071126,11.01,11.29,10.8,10.85,1031364.0,1.1556233481174774,
20071127,10.98,11.47,10.72,11.23,1322699.0,1.4820585621871996,
20071128,11.27,11.48,10.99,11.05,1023450.0,1.1467558646906737,
20071129,11.08,11.29,10.6,11.24,1223213.0,1.3705864297385053,
20071130,11.05,11.25,10.87,10.95,948968.0,1.0633002290329565,
20071203,10.9,11.11,10.75,10.97,623650.0,0.698787722912051,
20071204,10.89,11.4,10.88,11.14,898976.0,1.007285163140518,
20071205,11.11,11.5,11.0,11.44,2011692.0,2.2540618486016033,
20071206,11.4,11.83,11.2,11.78,2342303.0,2.6245050585104885,
20071207,11.7,12.1,11.65,11.77,2129507.0,2.3860712698713593,
20071210,11.68,12.04,11.5,12.01,2084349.0,2.3354726071739127,
20071211,12.2,12.67,11.85,12.61,3299720.0,3.6972722280884365,
20071212,12.55,12.86,12.37,12.5,2700405.0,3.0257514004494785,
20071213,12.38,12.5,11.66,11.7,3500742.0,3.92251347820505,
20071214,11.55,11.97,11.41,11.92,1277044.0,1.4309030206341655,
20071217,11.03,11.5,10.73,10.94,7768713.0,8.70469216263489,
20071218,10.75,10.98,10.22,10.34,4438448.0,4.973194854780001,
20071219,10.37,10.96,10.37,10.92,4462094.0,4.9996897389233155,
20071220,10.8,11.0,10.74,10.98,2775796.0,3.110225552967818,
20071221,10.89,11.28,10.78,11.2,3039434.0,3.4056268160049177,
20071224,11.2,11.98,11.11,11.9,5620579.0,6.297749700725236,
20071225,11.95,12.5,11.8,12.26,10078347.0,11.292592240595688,
20071226,12.3,12.32,12.0,12.26,4386277.0,4.914738261671615,
20071227,12.29,13.05,12.29,12.4,5651628.0,6.33253950271144,
20071228,12.49,13.64,12.3,13.64,10670902.0,11.956538619414177,
20080102,13.75,14.57,13.6,14.18,10312683.0,11.555161181245602,
20080103,14.2,14.5,13.7,14.33,6092514.0,6.826543710205711,
20080104,14.3,14.3,13.8,13.99,3815515.0,4.275210516454381,
20080107,13.85,14.06,13.3,13.91,4944643.0,5.540376529436403,
20080108,13.94,13.95,13.07,13.12,4866886.0,5.4532513198309,
20080109,13.05,13.64,13.0,13.59,2690392.0,3.0145320282543073,
20080110,13.5,13.98,13.48,13.91,3356386.0,3.7607653814701956,
20080111,13.97,13.97,13.25,13.48,2323264.0,2.6031722284671583,
20080114,13.55,13.56,13.08,13.31,2375356.0,2.661540303608559,
20080115,13.35,13.88,13.35,13.7,2980324.0,3.3393952080496043,
20080116,13.58,14.13,13.51,13.81,3944906.0,4.420190621088892,
20080117,13.78,14.7,12.43,14.46,7445946.0,8.343038002511175,
20080118,14.21,15.42,14.18,14.97,11184799.0,12.532350235611297,
20080121,14.97,15.3,13.6,13.99,5484839.0,6.1456556647946945,
20080122,13.45,13.5,12.59,12.59,3483052.0,3.90269217648403,
20080123,11.99,13.09,11.99,12.98,3794877.0,4.252086037940055,
20080124,12.98,13.85,12.72,13.51,3753911.0,4.206184429895775,
20080125,13.3,13.63,12.93,12.96,2412356.0,2.7029980856140847,
20080128,12.8,12.88,11.66,11.66,3238208.0,3.6283492257445475,
20080129,11.47,11.98,11.2,11.93,2091577.0,2.3435714409127217,
20080130,11.85,12.3,11.36,11.82,1480063.0,1.6583818704984832,
20080131,11.82,11.89,11.0,11.09,1088627.0,1.2197854284142988,
20080201,11.05,11.5,9.98,10.22,2062928.0,2.3114707923539033,
20080204,10.55,11.24,10.36,11.23,1418052.0,1.5888997483378176,
20080205,11.1,11.64,10.9,11.29,1311476.0,1.4694834084723885,
20080213,11.08,11.64,10.9,11.25,1133230.0,1.2697622243816622,
20080214,11.21,11.6,11.21,11.5,768853.0,0.8614848667106538,
20080215,11.53,11.58,11.18,11.56,941384.0,1.0548025042024185,
20080218,11.78,12.66,11.6,12.32,3433152.0,3.8467801948063083,
20080219,12.3,12.65,12.1,12.46,1713248.0,1.9196611379838462,
20080220,12.45,12.5,12.0,12.06,1722103.0,1.9295829936503035,
20080222,12.36,12.59,11.62,11.87,2302105.0,2.579463979562972,
20080225,11.8,12.08,11.13,11.19,1712895.0,1.9192656083339015,
20080226,11.48,11.66,10.88,11.4,1500112.0,1.680846385942504,
20080227,11.4,11.93,11.35,11.91,1522545.0,1.7059821271243947,
20080228,11.95,12.1,11.75,12.01,1531058.0,1.7155207784274498,
20080229,12.1,12.42,12.0,12.22,2352384.0,2.6358006233861015,
20080303,12.28,13.1,12.01,12.85,3658060.0,4.098785244408976,
20080304,12.9,13.69,12.69,12.74,4323196.0,4.8440572252745735,
20080305,12.77,12.95,12.3,12.65,2307513.0,2.585523538619347,
20080306,12.7,13.92,12.7,13.92,3111406.0,3.4862700453698277,
20080307,14.33,14.4,13.13,13.25,5832719.0,6.535448454094213,
20080310,13.0,13.0,12.17,12.3,2525575.0,2.8298577780703975,
20080311,12.08,12.69,12.02,12.67,1527901.0,1.7119834211898433,
20080312,12.9,12.95,12.2,12.29,1251649.0,1.4024484159306434,
20080313,12.3,12.3,11.06,11.69,1478126.0,1.6562114995864643,
20080314,11.51,12.04,11.5,12.01,1219459.0,1.3663801455858364,
20080317,12.1,12.2,10.85,10.87,1697492.0,1.9020068457330608,
20080318,10.77,11.05,9.78,9.9,1514378.0,1.6968311621071213,
20080319,10.1,10.81,10.01,10.5,1435597.0,1.6085585803726,
20080320,10.28,11.2,9.87,10.93,1190654.0,1.3341047020542376,
20080321,10.8,11.44,10.8,11.07,1184981.0,1.3277482156402554,
20080324,11.02,11.5,11.02,11.06,1153138.0,1.2920687520618244,
20080325,10.99,11.49,10.63,11.44,1149049.0,1.2874871069099165,
20080326,11.31,12.0,11.22,11.38,1216756.0,1.3633514865382435,
20080327,11.5,11.68,10.7,10.8,1158308.0,1.2978616367366504,
20080328,10.27,11.0,9.81,10.79,1096183.0,1.2282517797881838,
20080331,10.69,10.96,9.9,10.08,948700.0,1.062999940233565,
20080401,9.99,10.28,9.07,9.07,2556013.0,2.863962966413213,
20080402,9.02,9.2,8.16,8.17,2554678.0,2.86246712481923,
20080403,8.17,8.48,7.6,8.26,1267175.0,1.4198449976446377,
20080407,8.25,8.95,8.01,8.74,1373285.0,1.538739193552916,
20080408,8.68,8.96,8.55,8.86,1440566.0,1.6141262484478822,
20080409,8.74,8.92,7.97,7.99,1213810.0,1.360050550706128,
20080410,7.8,8.18,7.61,8.17,1451030.0,1.6258509573912827,
20080411,8.12,8.45,8.12,8.34,818376.0,0.9169744272041573,
20080414,8.05,8.15,7.52,7.54,1251039.0,1.4017649227678497,
20080415,7.52,7.89,7.35,7.83,757802.0,0.8491024356581386,
20080416,7.84,7.9,7.55,7.6,581501.0,0.6515605863241892,
20080417,7.66,7.85,7.22,7.34,605472.0,0.678419626660796,
20080421,7.72,8.06,6.97,7.07,1138108.0,1.275227928722823,
20080422,6.92,6.94,6.4,6.77,994417.0,1.1142249515834732,
20080423,6.7,7.19,6.51,7.14,1169220.0,1.3100883209864962,
20080424,7.8,7.85,7.51,7.85,3215188.0,3.6025557624535423,
20080425,7.75,8.22,7.51,7.87,2383986.0,2.6712100511411996,
20080428,7.66,8.03,7.62,7.87,1241850.0,1.3914688265827477,
20080429,7.87,8.2,7.82,8.15,1600559.0,1.7933953002427478,
20080430,8.18,8.46,8.06,8.42,1979830.0,2.218361095891872,
20080505,8.43,8.73,8.39,8.65,2310657.0,2.589046329609222,
20080506,8.5,8.69,8.32,8.39,2409979.0,2.7003347032403786,
20080507,8.36,8.82,8.1,8.13,2450163.0,2.7453600954595685,
20080508,8.01,8.94,7.96,8.94,6784735.0,7.602163907979949,
20080509,9.15,9.3,8.51,8.98,6910799.0,7.743416173675747,
20080512,8.75,9.17,8.6,8.98,2996823.0,3.3578820173822845,
20080513,8.43,8.8,8.34,8.53,2823138.0,3.163271345284185,
20080514,8.43,8.95,8.43,8.87,2509168.0,2.811474052952434,
20080515,8.84,9.1,8.7,8.78,2927404.0,3.2800993749757557,
20080516,8.81,8.88,8.41,8.75,1766810.0,1.9796763195995204,
20080519,8.62,8.73,8.4,8.54,1185534.0,1.3283678414091487,
20080520,8.57,8.76,7.69,7.72,1751669.0,1.962711122914503,
20080521,7.66,7.97,7.33,7.89,1640870.0,1.8385629934974703,
20080522,7.8,8.22,7.72,7.99,2026104.0,2.2702102149330528,
20080523,8.0,8.79,7.65,8.79,5791368.0,6.489115461020957,
20080526,8.99,9.6,8.6,8.79,9717807.0,10.888614166966713,
20080527,8.65,8.65,8.01,8.39,3905295.0,4.375807264250491,
20080528,8.3,8.63,8.05,8.44,2794359.0,3.1310250342480495,
20080529,8.4,8.86,8.21,8.48,3246193.0,3.637296263293578,
20080530,8.52,8.93,8.5,8.66,3071117.0,3.44112700268819,
20080602,8.55,8.99,8.26,8.88,3357763.0,3.762308283249158,
20080603,8.88,9.28,8.5,8.52,4717021.0,5.2853304954996005,
20080604,8.33,8.49,8.0,8.23,2352885.0,2.6363619841640684,
20080605,8.15,8.34,8.0,8.05,1093559.0,1.2253116387075758,
20080606,8.07,8.2,7.82,7.89,1440679.0,1.6142528627550883,
20080610,7.5,7.68,7.1,7.1,1175218.0,1.3168089635937703,
20080611,7.01,7.21,6.63,6.99,1071706.0,1.200825776270637,
20080612,7.0,7.12,6.82,7.04,1094850.0,1.22675817915539,
20080613,7.06,7.13,6.52,6.58,824001.0,0.9232771305495919,
20080616,6.7,6.76,6.21,6.45,1193276.0,1.3370426021736561,
20080617,6.26,6.52,5.9,6.02,1025109.0,1.1486147419973538,
20080618,5.9,6.42,5.8,6.39,1197214.0,1.3414550547557578,
20080619,6.3,6.32,5.75,5.75,1362591.0,1.5267567740727244,
20080620,5.82,6.15,5.5,5.94,1024038.0,1.147414707280383,
20080623,5.8,6.1,5.72,5.93,669479.0,0.7501382280885707,
20080624,5.93,6.27,5.81,6.18,987207.0,1.1061462864953695,
20080625,6.15,6.64,6.06,6.63,1750069.0,1.9609183539629125,
20080626,6.68,7.06,6.67,6.89,3663661.0,4.105061056220136,
20080627,6.53,6.56,6.2,6.2,1827241.0,2.047388082420491,
20080630,6.05,6.3,6.02,6.15,874639.0,0.9800160269062349,
20080701,6.16,6.29,6.03,6.05,610810.0,0.6844007520755391,
20080702,6.16,6.35,6.01,6.22,1050076.0,1.1765897810063255,
20080703,6.05,6.55,5.93,6.53,1876628.0,2.102725257553109,
20080704,6.4,6.93,6.38,6.62,2152325.0,2.411638396082226,
20080707,6.75,6.93,6.6,6.88,2135341.0,2.392608153661095,
20080708,6.79,7.06,6.65,6.97,2950967.0,3.306501259229707,
20080709,6.99,7.22,6.82,7.2,3053747.0,3.421664254757488,
20080710,7.0,7.19,6.7,6.75,2235656.0,2.5050091645228325,
20080711,6.71,6.94,6.52,6.73,1352462.0,1.5154074261285633,
20080714,6.58,6.96,6.58,6.88,1118718.0,1.0360973010761771,
20080715,7.07,7.07,6.6,6.64,1234327.0,1.1431682276904944,
20080716,6.67,6.95,6.05,6.34,1653504.0,1.5313877417889612,
20080717,6.45,6.58,6.15,6.29,1033020.0,0.9567283568850348,
20080718,6.48,6.7,6.17,6.57,881071.0,0.8160012488906841,
20080721,6.42,6.96,6.42,6.88,1672569.0,1.5490447340292015,
20080722,6.9,6.95,6.78,6.84,1473373.0,1.3645599595058902,
20080723,7.0,7.52,6.88,7.52,8823734.0,8.172074627219818,
20080724,7.3,7.74,7.27,7.6,7713737.0,7.144054253986659,
20080725,7.55,7.57,7.32,7.39,2832175.0,2.6230103329663255,
20080728,7.48,7.49,7.28,7.4,2130842.0,1.973472890594201,
20080729,7.35,7.38,7.12,7.2,1441227.0,1.3347880385746145,
20080730,7.33,7.92,7.33,7.37,3403503.0,3.1521440367498084,
20080731,7.5,7.58,7.0,7.01,1786353.0,1.6544254423986493,
20080801,6.88,7.19,6.69,7.15,1974524.0,1.8286994464289816,
20080804,7.08,7.1,6.8,6.89,1022801.0,0.9472640608607487,
20080805,7.0,7.0,6.65,6.74,1073828.0,0.9945225629873026,
20080806,6.8,7.0,6.66,6.82,806146.0,0.7466096861526818,
20080807,6.82,7.16,6.72,7.13,1173523.0,1.086854786506357,
20080808,7.12,7.19,6.42,6.42,1781215.0,1.6496668991974768,
20080811,6.46,6.49,5.78,5.78,1361093.0,1.2605721761996116,
20080812,5.78,5.86,5.45,5.55,854230.0,0.7911425377068241,
20080813,5.48,5.65,5.08,5.5,997117.0,0.9234769017367866,
20080814,5.48,5.63,5.32,5.47,642117.0,0.5946947225977696,
20080815,5.4,5.58,5.33,5.48,676078.0,0.6261476003040799,
20080818,5.48,5.57,4.93,4.93,945486.0,0.8756590068322048,
20080819,4.9,5.08,4.82,5.06,590649.0,0.5470277896514966,
20080820,5.0,5.57,4.86,5.53,1393568.0,1.2906487994884555,
20080821,5.4,5.55,5.27,5.35,1102836.0,1.0213882346843859,
20080822,5.3,5.34,5.07,5.21,812832.0,0.7528019048842972,
20080825,5.2,5.35,5.12,5.21,768312.0,0.711569841179314,
20080826,5.13,5.2,4.7,4.77,1143660.0,1.0591972591383894,
20080827,4.77,4.92,4.69,4.91,931875.0,0.8630532202399198,
20080828,5.1,5.39,5.05,5.24,4302771.0,3.984998382299063,
20080829,5.08,5.37,5.08,5.26,2272180.0,2.1043726529467373,
20080901,5.14,5.22,4.91,5.05,1358193.0,1.2578863499474902,
20080902,4.95,5.29,4.95,5.23,1329259.0,1.231089213127185,
20080903,5.22,5.36,5.06,5.19,1048461.0,0.9710289924571069,
20080904,5.16,5.33,5.1,5.3,1048241.0,0.9708252401207391,
20080905,5.2,5.24,4.96,4.97,1269760.0,1.1759843937565022,
20080908,5.01,5.07,4.72,4.84,721099.0,0.6678436636477917,
20080909,4.75,5.05,4.75,5.02,547508.0,0.5070728826367463,
20080910,4.99,5.23,4.91,5.18,1081881.0,1.001980824645349,
20080911,5.17,5.17,4.93,4.98,727133.0,0.6734320345461715,
20080912,5.0,5.13,5.0,5.07,495660.0,0.459054013836747,
20080916,5.05,5.12,4.7,4.7,1210200.0,1.1208230794198266,
20080917,4.77,4.8,4.5,4.53,687899.0,0.6370955837959175,
20080918,4.53,4.53,4.08,4.34,1349255.0,1.2496084482090548,
20080919,4.75,4.77,4.62,4.77,1167543.0,1.0813164275450855,
20080922,5.01,5.25,4.76,4.93,2300700.0,2.1307863649158776,
20080923,4.76,4.82,4.52,4.54,1042602.0,0.9656026972808379,
20080924,4.5,4.67,4.39,4.66,1153379.0,1.0681984816709305,
20080925,4.66,4.86,4.6,4.77,1608185.0,1.4894156866441692,
20080926,4.77,4.85,4.65,4.8,994441.0,0.9209985324089669,
20081006,4.65,4.65,4.5,4.56,640003.0,0.5927368478746713,
20081007,4.46,4.64,4.39,4.57,652117.0,0.6039561924326715,
20081008,4.5,4.54,4.33,4.35,905662.0,0.8387761293616914,
20081009,4.48,4.51,4.31,4.32,572002.0,0.529757926850355,
20081010,4.1,4.2,3.89,3.89,1116000.0,1.033580033575051,
20081013,3.86,4.08,3.7,4.07,1086771.0,1.0065096833946159,
20081014,4.18,4.22,4.07,4.18,1602113.0,1.483792122160417,
20081016,3.98,4.25,3.9,4.12,1927478.0,1.7851279354437022,
20081017,4.18,4.34,4.14,4.3,3303408.0,3.0594413544373578,
20081020,4.26,4.28,4.02,4.25,1844496.0,1.7082744064597193,
20081021,4.25,4.68,4.11,4.68,3817056.0,3.535154900213126,
20081022,4.68,4.86,4.55,4.61,6419929.0,5.945797877571184,
20081023,4.5,4.8,4.15,4.67,4397119.0,4.072378497897396,
20081024,4.7,4.75,4.41,4.64,2911579.0,2.6965501080433807,
20081027,4.62,4.66,4.35,4.57,2436949.0,2.256972965269432,
20081028,4.41,4.61,4.31,4.49,2197274.0,2.0349986870014214,
20081029,4.55,4.83,4.25,4.73,7119501.0,6.593704375105383,
20081030,4.68,4.91,4.52,4.61,6305196.0,5.839538255714405,
20081031,4.5,4.62,4.16,4.22,4366895.0,4.044386631468388,
20081103,4.15,4.4,4.05,4.31,2657240.0,2.460994810409469,
20081104,4.22,4.35,4.11,4.25,1209898.0,1.1205433830308125,
20081105,4.3,4.53,4.26,4.41,3923626.0,3.633854384243676,
20081106,4.35,4.53,4.27,4.38,3268197.0,3.0268307930016847,
20081107,4.28,4.34,4.14,4.29,2709997.0,2.509855546817461,
20081110,4.32,4.65,4.32,4.62,4707610.0,4.359938800948248,
20081111,4.62,4.78,4.53,4.63,4146281.0,3.8400656408526834,
20081112,4.61,4.85,4.58,4.85,4026814.0,3.7294216391760617,
20081113,4.79,5.1,4.7,4.92,5363957.0,4.9678125951210825,
20081114,4.95,5.15,4.78,5.13,5247528.0,4.8599822279803035,
20081117,5.02,5.35,4.94,5.3,4978615.0,4.610929264209006,
20081118,5.16,5.26,4.77,4.77,3982974.0,3.6888193554198514,
20081119,4.78,5.25,4.78,5.25,6865592.0,6.358547320674372,
20081120,5.5,5.56,5.11,5.12,7924315.0,7.339080433476056,
20081121,5.0,5.09,4.61,4.87,4206466.0,3.8958057970540407,
20081124,4.9,4.96,4.65,4.68,1885989.0,1.7467030232456777,
20081126,4.8,4.9,4.66,4.81,1844872.0,1.7086226377255116,
20081127,5.11,5.18,4.82,4.82,3204133.0,2.967498112651369,
20081128,4.73,4.86,4.69,4.74,1774037.0,1.6430190161499842,
20081201,4.73,4.97,4.67,4.92,2524002.0,2.3375968386232038,
20081202,4.84,5.13,4.8,5.05,3458534.0,3.2031108313982566,
20081203,5.14,5.26,5.06,5.23,3869905.0,3.584100842143599,
20081204,5.23,5.4,5.06,5.11,4844429.0,4.486653305082392,
20081205,5.15,5.38,5.12,5.29,3575187.0,3.3111486554633376,
20081208,5.41,5.55,5.3,5.5,4399944.0,4.074994863125755,
20081209,5.5,5.74,5.25,5.59,7028159.0,6.509108257339421,
20081210,5.6,5.88,5.56,5.85,6966821.0,6.452300253666101,
20081211,5.77,5.79,5.4,5.43,5005602.0,4.635923192852457,
20081212,5.4,5.63,5.22,5.27,3620235.0,3.352869724775604,
20081215,5.45,5.57,5.2,5.44,2862851.0,2.651420817831871,
20081216,5.39,5.39,5.1,5.37,2406782.0,2.2290338892184836,
20081217,5.42,5.55,5.38,5.51,3232542.0,2.993809022305342,
20081218,5.5,5.63,5.3,5.59,2462758.0,2.2808758927663306,
20081219,5.52,5.66,5.52,5.54,2966121.0,2.7470640168169025,
20081222,5.58,5.74,5.46,5.65,2819170.0,2.6109657914460356,
20081223,5.65,5.68,5.09,5.09,3440477.0,3.1863873953173742,
20081224,5.0,5.32,4.93,5.3,3021710.0,2.7985476014821384,
20081225,5.34,5.5,5.09,5.18,3832206.0,3.549186027013003,
20081226,5.13,5.21,4.95,4.96,2159255.0,1.9997875048361078,
20081229,4.94,5.07,4.86,5.05,1256191.0,1.1634175053375237,
20081230,5.04,5.12,4.97,5.02,1198948.0,1.110402073561595,
20081231,5.02,5.07,4.89,4.9,994513.0,0.9210652149917781,
20090105,5.0,5.13,5.0,5.11,1357972.0,1.2576816714641388,
20090106,5.1,5.37,5.05,5.33,2528242.0,2.3415237018332022,
20090107,5.37,5.44,5.24,5.41,2524047.0,2.3376385152374604,
20090108,5.3,5.33,5.0,5.12,2221713.0,2.0576327931309377,
20090109,5.15,5.39,5.12,5.34,2379064.0,2.2033629471301026,
20090112,5.35,5.56,5.28,5.39,2758165.0,2.554466194718217,
20090113,5.35,5.37,5.13,5.22,1873290.0,1.7349418827023357,
20090114,5.26,5.46,5.16,5.45,2101248.0,1.9460644967647922,
20090115,5.4,5.66,5.36,5.52,4117656.0,3.813554683450277,
20090116,5.59,5.73,5.45,5.51,3905220.0,3.616807722865555,
20090119,5.52,5.62,5.42,5.51,2383997.0,2.2079316301996594,
20090120,5.42,5.54,5.31,5.53,1717665.0,1.5908102583966754,
20090121,5.4,5.57,5.35,5.55,2038396.0,1.887854306558467,
20090122,5.65,5.69,5.53,5.67,2716111.0,2.5155180094745204,
20090123,5.57,5.68,5.5,5.53,2592662.0,2.40118609050964,
20090202,5.6,5.72,5.49,5.69,2428667.0,2.2493026159521667,
20090203,5.63,5.95,5.62,5.88,4341568.0,4.0209301068175325,
20090204,5.86,5.97,5.81,5.94,3682744.0,3.410762246566592,
20090205,5.94,6.53,5.88,6.53,12749609.0,11.808011916029363,
20090206,6.35,6.66,6.35,6.63,12819228.0,11.872489342872965,
20090209,6.65,6.7,6.43,6.62,7622022.0,7.059112683395856,
20090210,6.6,6.75,6.46,6.71,6249680.0,5.788122279778964,
20090211,6.57,6.84,6.42,6.51,7024887.0,6.506077904409442,
20090212,6.5,7.12,6.49,6.97,8279360.0,7.667904289229329,
20090213,6.86,7.07,6.8,6.98,6133445.0,5.680471585152981,
20090216,7.02,7.12,6.8,7.11,5626548.0,5.211010457662755,
20090217,7.01,7.09,6.65,6.71,4511032.0,4.177878679227714,
20090218,6.45,6.69,6.25,6.27,3785045.0,3.5055080091246222,
20090219,6.58,6.61,6.32,6.46,3343789.0,3.096840095777675,
20090220,6.45,6.63,6.35,6.6,3021121.0,2.798002100908863,
20090223,6.6,6.88,6.49,6.8,3308896.0,3.0645240490827517,
20090224,6.7,6.96,6.61,6.7,4941724.0,4.57676277584107,
20090225,6.8,7.05,6.66,7.02,6305543.0,5.839859628717676,
20090226,7.02,7.09,6.32,6.32,4743013.0,4.392727182604752,
20090227,6.11,6.18,5.72,5.78,3510142.0,3.2509074249222185,
20090302,5.69,6.02,5.65,6.01,1991269.0,1.844207777667525,
20090303,5.83,6.18,5.8,6.08,2050661.0,1.8992134993109742,
20090304,6.0,6.39,6.0,6.36,3118810.0,2.888476473579036,
20090305,6.38,6.57,6.12,6.31,3140555.0,2.90861553973503,
20090306,6.2,6.5,6.13,6.39,2918592.0,2.7030451768385975,
20090309,6.4,6.49,6.15,6.18,2810561.0,2.6029925920651684,
20090310,6.24,6.45,6.11,6.43,2115428.0,1.9591972609906834,
20090311,6.5,6.7,6.4,6.5,6462943.0,5.9856351639190315,
20090312,6.5,6.5,6.0,6.35,3118111.0,2.887829096837576,
20090313,6.35,6.38,6.18,6.32,2764075.0,2.559939723390644,
20090316,6.18,6.78,6.18,6.75,5079474.0,4.704339522816844,
20090317,6.66,7.12,6.65,6.99,9391184.0,8.697616733001325,
20090318,7.03,7.35,6.85,7.16,13701554.0,12.68965290622793,
20090319,7.19,7.44,7.13,7.31,11398054.0,10.55627332975828,
20090320,7.35,7.5,7.12,7.31,8329463.0,7.714307031543139,
20090323,7.35,7.9,7.25,7.71,13075991.0,12.110289620794857,
20090324,7.74,8.03,7.41,7.82,11165036.0,10.340464411959365,
20090325,7.84,8.13,7.65,7.83,10892533.0,10.088086580517338,
20090326,7.85,7.92,7.55,7.73,7942034.0,7.355490831876518,
20090327,7.81,7.85,7.5,7.55,8832911.0,8.180573878087309,
20090330,7.59,7.69,7.48,7.63,4667357.0,4.322658606421817,
20090331,7.45,7.55,7.25,7.5,4359293.0,4.037346062099896,
20090401,7.51,7.78,7.51,7.7,5064058.0,4.690062040919359,
20090402,7.79,7.95,7.51,7.55,4339638.0,4.019142643139396,
20090403,7.57,7.64,7.3,7.45,3912793.0,3.6238214339715267,
20090407,7.57,8.2,7.57,8.2,8171588.0,7.568091576524625,
20090408,8.44,9.02,8.38,9.01,27935448.0,25.87233089764703,
20090409,9.01,9.19,8.3,8.79,17004288.0,15.748470037598416,
20090410,8.83,9.18,8.5,8.87,14525094.0,13.452371993011441,
20090413,8.84,8.99,8.51,8.79,11088277.0,10.269374295653641,
20090414,8.79,8.95,8.38,8.73,11188966.0,10.362627109274285,
20090416,9.1,9.39,8.91,9.01,13564113.0,12.562362338670056,
20090417,8.95,9.18,8.7,8.89,8444692.0,7.82102602230373,
20090420,8.92,9.59,8.92,9.15,10741278.0,9.94800221852953,
20090421,8.87,9.05,8.5,8.73,7617179.0,7.054627353554813,
20090422,8.75,8.93,8.19,8.22,5565833.0,5.154779443560149,
20090423,8.16,8.35,7.9,8.21,4620757.0,4.279500156991175,
20090424,8.23,8.3,7.91,7.95,3486449.0,3.2289642244423855,
20090427,8.01,8.05,7.55,7.59,3333675.0,3.0874730451866554,
20090428,7.6,8.35,7.6,8.35,7500513.0,6.946577489578947,
20090429,8.53,8.75,8.28,8.51,10226166.0,9.470932793569931,
20090430,8.42,8.6,8.23,8.51,5168824.0,4.7870907557916915,
20090504,8.52,8.88,8.41,8.76,5308287.0,4.916253992550184,
20090505,8.7,8.85,8.6,8.83,5304259.0,4.912523472500686,
20090506,8.73,8.92,8.63,8.83,5323496.0,4.930339762022086,
20090507,8.86,9.04,8.52,8.75,6120504.0,5.668486317039635,
20090508,8.6,8.69,8.4,8.57,3820854.0,3.5386724064564223,
20090511,8.56,8.84,8.45,8.5,4581784.0,4.2434054306036115,
20090513,8.7,9.03,8.6,8.92,7167788.0,6.6384252344971735,
20090514,8.8,9.27,8.7,9.1,7188362.0,6.657479782535501,
20090515,9.15,9.28,8.81,8.98,5923058.0,5.4856222997374315,
20090518,8.96,8.96,8.6,8.87,2871943.0,2.6598413462057633,
20090519,8.9,9.25,8.85,9.22,7253617.0,6.7179155039431535,
20090520,9.3,9.42,8.91,8.99,7967911.0,7.379456737368294,
20090521,8.94,8.96,8.49,8.52,4727801.0,4.378638634691899,
20090522,8.5,8.67,8.43,8.56,1947800.0,1.80394909444219,
20090525,8.25,8.56,8.2,8.48,3024767.0,2.801378832810668,
20090526,8.5,8.77,8.5,8.59,3518647.0,3.258784305016803,
20090527,8.61,8.65,8.37,8.5,2564547.0,2.375147468068813,
20090601,8.66,8.66,8.51,8.57,2137810.0,1.9799262827751605,
20090602,8.61,8.73,8.5,8.71,2926517.0,2.710384891682757,
20090603,8.71,8.87,8.6,8.85,3371477.0,3.1224832534565516,
20090604,8.85,8.95,8.73,8.8,3568238.0,3.3047128600750644,
20090605,8.88,9.05,8.77,8.97,4845663.0,4.487796170460019,
20090608,8.99,9.15,8.93,9.03,5402792.0,5.0037795132249245,
20090609,9.11,9.14,8.61,8.84,4576062.0,4.23810601756408,
20090610,8.9,8.95,8.72,8.9,3679205.0,3.40748461239202,
20090611,8.89,9.01,8.81,8.99,5353885.0,4.958484442703369,
20090612,9.16,9.18,8.72,8.81,5624975.0,5.209553628457725,
20090615,8.73,9.08,8.66,9.03,4864922.0,4.5056328352150565,
20090616,8.93,9.45,8.79,9.33,13238661.0,12.260945950599208,
20090617,9.2,9.57,9.16,9.27,6512678.0,6.031697084142916,
20090618,9.3,9.3,8.97,9.12,5683639.0,5.263885115097193,
20090619,9.03,9.18,9.03,9.07,3051593.0,2.826223651789776,
20090622,9.1,9.15,8.75,8.8,3449233.0,3.1944967383048146,
20090623,8.7,8.92,8.62,8.77,3425065.0,3.1721136180078235,
20090624,8.84,8.92,8.7,8.84,3224674.0,2.9865220978392415,
20090625,8.84,8.87,8.73,8.78,2142235.0,1.9840244831771048,
20090626,8.83,8.85,8.72,8.78,2205373.0,2.042499551420708,
20090629,8.8,8.9,8.71,8.86,2767746.0,2.563339608967036,
20090630,8.9,8.92,8.6,8.68,3099257.0,2.870367521610852,
20090701,8.64,8.82,8.64,8.8,2626404.0,2.4324361420265657,
20090702,8.82,8.86,8.72,8.77,2288457.0,2.1194475473970074,
20090703,8.75,8.8,8.68,8.79,2519358.0,2.333295812031875,
20090706,8.79,9.15,8.53,9.1,5509885.0,5.102963372127839,
20090707,9.38,9.86,9.36,9.52,20981172.0,19.431649157888813,
20090708,9.2,9.3,9.01,9.24,7691352.0,7.123322453761231,
20090709,9.2,9.31,9.09,9.3,5614210.0,5.199583656180453,
20090710,9.3,9.35,9.14,9.16,4070898.0,3.7702499027962433,
20090713,9.08,9.29,9.07,9.18,3539118.0,2.9649048732061623,
20090714,9.19,9.3,9.19,9.27,3709646.0,3.107765127715365,
20090715,9.31,9.43,9.23,9.37,4526283.0,3.7919047978084395,
20090716,9.32,9.49,9.27,9.3,4033703.0,3.3792446823661484,
20090717,9.3,9.5,9.25,9.32,4223417.0,3.5381780559116005,
20090720,9.47,9.74,9.35,9.63,6207789.0,5.200590615496745,
20090721,9.62,9.65,9.14,9.17,4719009.0,3.9533614818165823,
20090722,9.17,9.41,9.16,9.28,3161050.0,2.648177469484866,
20090723,9.33,9.45,9.24,9.45,3254760.0,2.726683254165724,
20090724,9.46,9.52,9.1,9.17,3458568.0,2.897423911131217,
20090727,9.24,9.8,9.22,9.58,8441285.0,7.071707423324705,
20090728,9.56,10.17,9.46,10.11,8887834.0,7.445804954468153,
20090729,9.97,10.12,9.1,9.17,8138439.0,6.817997436477419,
20090730,9.28,9.83,9.22,9.77,7627790.0,6.390199971516415,
20090731,9.9,10.37,9.77,10.35,12213880.0,10.232208231755846,
20090803,10.45,10.45,10.12,10.27,7529429.0,6.307797800061994,
20090804,10.2,10.23,9.8,10.05,7790504.0,6.526514028165238,
20090806,10.03,10.52,9.9,10.17,8092578.0,6.779577270099776,
20090807,10.05,10.18,9.43,9.54,5303333.0,4.442880360568666,
20090810,9.73,9.73,9.0,9.49,3322381.0,2.7833329144570946,
20090811,9.34,9.58,9.32,9.43,2021783.0,1.6937537175266197,
20090812,9.39,9.44,8.84,8.89,3380671.0,2.8321655063794853,
20090813,8.88,8.99,8.66,8.81,2207086.0,1.8489917648931449,
20090814,8.8,8.9,8.3,8.31,2648721.0,2.2189725803614064,
20090817,8.39,8.69,8.28,8.32,5116281.0,4.2861770841187266,
20090818,8.32,9.09,8.27,8.94,5373006.0,4.5012490889441805,
20090819,8.72,9.12,8.16,8.34,4104070.0,3.4381948109611535,
20090820,8.26,8.56,8.0,8.51,2353061.0,1.9712826828185346,
20090821,8.52,8.66,8.41,8.63,3238941.0,2.713430847721732,
20090824,8.66,8.71,8.46,8.7,3499809.0,2.9319736610621026,
20090825,8.66,9.08,8.37,9.01,6779674.0,5.6796886911793045,
20090826,8.88,9.28,8.8,9.15,5497374.0,4.605438689084923,
20090827,9.15,9.24,8.8,9.14,4396791.0,3.6834225539722034,
20090828,9.07,9.14,8.61,8.65,2397993.0,2.008924577144437,
20090831,8.6,8.7,8.08,8.11,2441908.0,2.0457144772005664,
20090901,8.12,8.3,8.06,8.14,1439381.0,1.2058449990365847,
20090902,8.12,8.22,7.75,7.96,1402552.0,1.174991413037104,
20090903,7.94,8.32,7.84,8.27,2531564.0,2.1208240133370193,
20090904,8.27,8.58,8.23,8.55,2972909.0,2.490561880586762,
20090907,8.5,8.89,8.45,8.8,2895564.0,2.4257659152026942,
20090908,8.88,9.25,8.84,9.0,7628988.0,6.391203598984645,
20090909,8.89,9.31,8.74,9.21,5172630.0,4.333383598481992,
20090910,9.22,9.23,9.0,9.02,2651318.0,2.221148223545871,
20090911,9.03,9.34,9.03,9.17,2827879.0,2.3690626387527542,
20090914,9.2,9.5,9.15,9.43,3083005.0,2.582795077366441,
20090915,9.49,9.9,9.35,9.73,4870530.0,4.080298574983035,
20090916,9.78,10.12,9.61,9.82,5030694.0,4.214476362813843,
20090917,9.83,10.8,9.7,10.76,10764433.0,9.017930416279206,
20090918,10.78,10.78,9.68,9.89,8783975.0,7.3587968198915945,
20090921,9.9,10.28,9.81,10.08,3517093.0,2.946453374885856,
20090922,10.0,10.16,9.35,9.46,3924372.0,3.2876523662318733,
20090923,9.46,9.65,9.2,9.28,2175485.0,1.8225179488468337,
20090924,9.28,9.36,8.8,9.08,2618885.0,2.193977397438153,
20090925,9.09,9.17,8.95,9.0,1464419.0,1.2268206455720594,
20090928,9.03,9.18,8.61,8.66,1754441.0,1.469787294645924,
20090929,8.67,8.79,8.14,8.46,1608372.0,1.3474176279876346,
20090930,8.48,8.74,8.48,8.62,1548842.0,1.2975462229929544,
20091009,8.67,9.0,8.67,8.98,1723884.0,1.4441880921862826,
20091013,8.98,9.19,8.9,9.13,1425981.0,1.194619115836035,
20091014,9.18,9.28,9.05,9.09,2668546.0,2.235581023230876,
20091015,9.08,9.29,9.08,9.27,2022401.0,1.6942714485578092,
20091016,9.28,9.28,9.02,9.19,1512233.0,1.2668769425385575,
20091019,9.18,9.45,9.09,9.38,2310491.0,1.9356195598448482,
20091020,9.37,9.57,9.35,9.55,2441623.0,2.045475717744435,
20091021,9.5,9.54,9.35,9.37,1805782.0,1.5127983446011042,
20091022,9.44,9.79,9.44,9.54,2921916.0,2.447842368493805,
20091023,9.54,9.74,9.49,9.62,2574529.0,2.1568180485393786,
20091026,9.75,9.79,9.65,9.68,2357362.0,1.9748858562249196,
20091027,9.63,9.63,9.25,9.29,2460132.0,2.060981678353314,
20091028,9.28,9.4,9.11,9.39,1506679.0,1.262224065277673,
20091029,9.26,9.45,9.15,9.42,1291753.0,1.0821692762656345,
20091030,9.5,9.74,9.4,9.51,3127608.0,2.620161351127196,
20091102,9.22,9.77,9.1,9.71,2812728.0,2.3563698509638344,
20091103,9.68,9.95,9.56,9.92,4544915.0,3.8075138019720693,
20091104,9.98,10.15,9.82,10.02,3818024.0,3.198559065738437,
20091105,10.02,10.1,9.9,10.03,2777422.0,2.326792161987819,
20091106,10.06,10.6,10.03,10.3,5884908.0,4.930096257759682,
20091109,10.37,10.75,10.2,10.64,5094700.0,4.268097547898498,
20091110,10.66,10.7,10.38,10.51,3958375.0,3.316138463729507,
20091111,10.49,10.8,10.42,10.49,3727719.0,3.122905828243987,
20091112,10.6,10.79,10.43,10.48,3160377.0,2.6476136620674056,
20091113,10.38,10.58,10.19,10.54,3552455.0,2.97607797800062,
20091116,10.59,10.75,10.54,10.64,3796338.0,3.180391565508055,
20091117,10.71,11.03,10.56,10.85,4825240.0,4.042356765270133,
20091118,10.85,10.97,10.66,10.88,2986107.0,2.5016185377868254,
20091119,10.84,11.18,10.8,11.12,3756191.0,3.146758316787722,
20091120,11.02,11.44,10.95,11.25,3517728.0,2.9469853477091656,
20091123,11.28,11.75,11.15,11.65,4437000.0,3.717107743346151,
20091124,11.72,11.75,10.69,10.82,4648177.0,3.8940217983194683,
20091125,10.81,11.47,10.66,11.3,4305697.0,3.607108329772885,
20091126,11.39,11.46,10.39,10.48,4154616.0,3.4805398476965994,
20091127,10.4,10.55,10.05,10.2,3350305.0,2.8067263146430754,
20091130,10.3,10.7,10.22,10.61,3449981.0,2.890230130605611,
20091201,10.54,10.96,10.51,10.95,3102120.0,2.5988087159767774,
20091202,10.97,11.4,10.85,11.27,4335757.0,3.632291169251133,
20091203,11.18,11.44,11.1,11.3,3359625.0,2.8145341677348013,
20091204,11.21,11.5,10.45,10.9,4922571.0,4.123896051672573,
20091207,10.92,11.29,10.81,11.21,2888027.0,2.419451774778624,
20091208,11.2,11.3,10.9,11.19,2658009.0,2.226753625373847,
20091209,12.3,12.31,11.36,11.4,13359790.0,11.192197173423141,
20091210,11.2,11.44,11.08,11.25,6470827.0,5.420951351713622,
20091211,11.2,12.08,11.2,11.74,8223796.0,6.889505474712442,
20091214,11.74,11.74,11.18,11.49,4389840.0,3.677599336500038,
20091215,11.44,11.75,11.2,11.64,3456004.0,2.895275913778515,
20091216,11.55,12.05,11.55,11.76,5161949.0,4.324435564268182,
20091217,11.77,11.85,11.21,11.25,3779698.0,3.1664513642799097,
20091218,11.15,11.15,10.56,10.58,2852103.0,2.389356354771419,
20091221,10.53,10.92,10.45,10.86,2035954.0,1.7056255078874396,
20091222,10.84,10.98,10.58,10.6,2039084.0,1.7082476731424934,
20091223,10.55,11.25,10.53,11.08,3442467.0,2.883935258488527,
20091224,11.07,11.43,11.02,11.36,3174493.0,2.659439376041955,
20091225,11.34,11.77,11.23,11.53,3688485.0,3.0900374475357513,
20091228,11.55,12.25,11.55,12.1,6736050.0,5.643142577094172,
20091229,12.11,12.3,11.93,12.13,5418088.0,4.539016646141731,
20091230,12.12,12.59,12.0,12.27,5465056.0,4.578364204512135,
20091231,12.25,13.37,12.08,12.97,8375128.0,7.016284232660618,
20100203,14.27,14.27,14.27,14.27,1012710.0,0.8484003116439216,
20100204,15.7,15.7,15.7,15.7,366173.0,0.3067623379996146,
20100205,17.27,17.27,17.27,17.27,3771906.0,3.1599235969740382,
20100208,18.28,18.45,16.81,17.66,21316536.0,17.85798084897836,
20100209,17.13,18.19,17.13,17.44,7676420.0,6.430939874504679,
20100210,17.65,19.1,17.4,18.28,12213954.0,10.23227022543919,
20100211,17.88,18.1,17.16,17.29,8578727.0,7.186849799358281,
20100212,17.25,17.55,17.12,17.45,4428916.0,3.7103353523168043,
20100222,17.3,18.09,17.3,17.93,5757773.0,4.823588596513274,
20100223,17.85,18.62,17.68,18.49,6485941.0,5.433613142660869,
20100224,18.18,18.49,17.9,18.14,5821357.0,4.876856250052359,
20100225,18.34,19.85,18.34,19.34,9376262.0,7.854986721623229,
20100226,19.49,21.27,19.3,21.27,11969758.0,10.02769442140625,
20100301,22.04,22.2,21.07,21.52,9735439.0,8.155888143289184,
20100302,21.5,21.94,20.8,21.46,4940742.0,4.139118851944005,
20100303,21.25,21.6,20.83,21.2,5084630.0,4.259661380448533,
20100304,21.45,21.45,20.2,20.35,4591816.0,3.8468052309264706,
20100305,20.22,20.9,20.14,20.63,3512147.0,2.9423098511313848,
20100308,20.51,20.67,19.68,19.88,7612756.0,6.3776052007673805,
20100309,19.89,20.39,19.52,19.74,4065931.0,3.4062437692159477,
20100310,19.72,19.96,19.23,19.6,3312293.0,2.7748816674625316,
20100311,19.47,19.85,19.32,19.78,3415822.0,2.861613343721464,
20100312,19.82,19.82,18.66,18.69,5408214.0,4.530744678177386,
20100315,18.68,18.84,18.11,18.69,2361789.0,1.9785945864434895,
20100316,18.42,18.77,18.4,18.69,1478466.0,1.2385885546256503,
20100317,18.72,19.39,18.72,19.27,2872287.0,2.4062655507803665,
20100318,19.37,20.66,19.36,20.24,8632631.0,7.232008008913686,
20100319,20.19,20.19,19.51,19.85,3877616.0,3.2484824113867314,
20100322,19.76,19.82,19.36,19.47,2886267.0,2.417977330417955,
20100323,19.59,20.29,19.53,19.83,3650821.0,3.0584843382174305,
20100324,19.9,20.0,19.3,19.66,3064272.0,2.5671014602025686,
20100326,19.46,19.48,19.0,19.33,2205786.0,1.8479026866721957,
20100329,19.8,20.05,19.31,19.89,4073817.0,3.4128502852547182,
20100330,19.99,21.6,19.75,21.1,6690365.0,5.604869855152597,
20100331,21.1,21.18,20.38,20.82,2956221.0,2.476581467239689,
20100401,20.9,21.23,20.67,20.98,2908622.0,2.4367052870558865,
20100402,21.26,23.08,21.26,23.08,8725507.0,7.309815108028182,
20100406,23.8,24.37,22.6,22.84,9497388.0,7.9564603282314215,
20100408,23.35,24.84,23.35,23.81,6751180.0,5.65581777208106,
20100409,23.54,24.69,23.15,24.59,6430712.0,5.387344911072574,
20100413,25.0,25.84,24.15,24.95,7016253.0,5.877883334589962,
20100414,24.88,24.88,23.41,23.65,5817583.0,4.873694572201697,
20100415,23.39,24.0,22.57,23.24,4373639.0,3.664026908609582,
20100416,22.82,23.4,22.39,22.43,2931148.0,2.455576499367497,
20100419,22.34,22.78,21.7,21.79,3277530.0,2.7457588780818822,
20100420,21.8,22.66,21.0,22.15,3238863.0,2.7133655030284753,
20100421,22.5,22.99,22.1,22.91,2919009.0,2.4454070220412674,
20100422,22.8,23.18,22.15,22.67,2884298.0,2.416327795789456,
20100423,22.7,23.58,22.58,23.26,4112698.0,3.4454229393383433,
20100426,23.27,23.68,23.11,23.63,2698332.0,2.2605343185302473,
20100427,23.65,24.0,22.0,22.24,2654221.0,2.2235802189884977,
20100428,22.24,22.24,21.02,21.62,1801328.0,1.509066995065638,
20100429,21.6,22.0,19.5,20.36,1921895.0,1.6100722980388213,
20100430,20.12,20.94,19.8,20.65,2133130.0,1.7870349426558427,
20100504,20.01,21.23,20.01,21.06,1078034.0,0.9031256544941233,
20100505,20.8,21.65,20.7,21.55,1535927.0,1.2867266497440666,
20100506,21.55,21.56,19.91,20.27,1688693.0,1.4147067447451975,
20100507,19.5,19.88,19.1,19.18,1532930.0,1.2842159055685407,
20100510,19.2,19.82,18.5,19.31,1007148.0,0.843740732363216,
20100511,19.86,19.98,18.68,18.76,815217.0,0.6829500615748071,
20100512,18.66,19.02,17.97,18.0,841300.0,0.704801159449429,
20100513,18.0,18.8,17.31,18.79,1751655.0,1.4674533162431829,
20100514,18.48,19.32,18.12,19.31,1296050.0,1.0857690986621094,
20100517,18.81,20.4,18.5,18.7,2582340.0,2.1633617331423256,
20100518,18.6,19.0,17.52,18.59,1272239.0,1.0658213744167149,
20100519,17.92,19.24,17.92,19.03,1240532.0,1.0392587566077727,
20100520,18.8,19.63,18.8,19.11,1890744.0,1.5839754706074545,
20100521,18.81,19.49,18.3,19.46,1339430.0,1.1221108011426943,
20100524,19.78,20.44,19.75,20.08,1665603.0,1.395363040036191,
20100525,19.99,20.3,19.73,19.82,1232782.0,1.0327661749059625,
20100526,19.82,20.26,19.58,20.18,1020106.0,0.8545963289686429,
20100527,20.3,20.43,19.68,20.28,1326829.0,1.1115542821717896,
20100528,20.31,20.6,19.8,20.21,1388444.0,1.163172401082376,
20100531,20.24,20.38,19.09,19.22,1208423.0,1.012359362302814,
20100601,19.09,19.22,18.24,18.78,881934.0,0.7388423936263792,
20100602,18.88,20.3,18.38,20.18,1556967.0,1.3043529618738847,
20100603,20.2,20.38,19.7,19.83,1565208.0,1.3112568800422226,
20100604,19.39,20.06,19.39,19.95,723259.0,0.6059120192347969,
20100607,19.6,20.06,19.3,19.99,1005681.0,0.842511749478499,
20100608,20.15,20.59,19.3,19.66,3161515.0,2.6485670243869746,
20100609,19.61,19.97,19.08,19.8,2070870.0,1.7348764733971702,
20100610,19.78,19.98,19.2,19.95,1682091.0,1.4091759028877329,
20100611,19.83,21.7,19.83,21.6,6520920.0,5.462916886576692,
20100617,21.81,21.88,20.79,21.06,4094964.0,3.430566236899646,
20100618,21.0,21.04,18.95,18.95,3698520.0,3.098444293648998,
20100621,18.79,19.44,17.8,19.38,2637368.0,2.2094615764826124,
20100622,19.36,19.38,18.9,19.24,1384244.0,1.1596538406762338,
20100623,19.15,19.55,18.63,19.1,1232498.0,1.0325282532023088,
20100624,19.1,19.26,18.6,19.02,776749.0,0.6507233992644533,
20100625,19.02,19.68,18.62,19.41,1466967.0,1.228955238885119,
20100628,19.41,19.75,19.1,19.37,1466263.0,1.2283654611408514,
20100629,19.37,19.6,17.81,17.81,1660950.0,1.3914649777576718,
20100630,16.75,17.6,16.5,16.56,1309173.0,1.0967629244263488,
20100701,16.4,17.0,16.0,16.05,978470.0,0.8197156668090846,
20100702,16.01,16.38,14.75,15.45,1267269.0,1.0616577446027797,
20100705,15.45,15.45,14.85,14.94,513479.0,0.4301683044727605,
20100706,14.82,16.0,14.81,15.98,1401162.0,1.1738269370931664,
20100707,16.0,16.18,15.8,16.02,1195976.0,1.0019318572134677,
20100708,16.1,16.45,16.02,16.23,1205557.0,1.0099583637018608,
20100709,16.18,17.8,16.0,17.61,1548190.0,1.2970000083775248,
20100712,17.5,17.97,17.05,17.49,1571392.0,1.3164375413640286,
20100713,16.92,17.38,16.9,17.13,889153.0,0.7448901287625558,
20100714,17.13,17.76,16.57,17.01,1459306.0,1.2225372171538196,
20100715,17.0,17.0,16.02,16.04,1405048.0,1.1770824432213258,
20100716,16.0,16.3,15.45,16.26,1495708.0,1.2530330828453424,
20100719,15.84,17.49,15.61,17.23,3785003.0,3.170895641173859,
20100720,17.3,17.86,16.9,17.76,5432054.0,4.550716697244632,
20100721,17.61,17.94,17.25,17.57,4866711.0,4.077099198270879,
20100722,17.59,17.75,17.19,17.7,3635482.0,3.0456340529627113,
20100723,17.7,18.5,17.4,18.22,4669889.0,3.9122110801142695,
20100726,18.6,19.54,18.53,18.88,6033890.0,5.054906297385375,
20100727,18.53,18.92,18.1,18.73,3198312.0,2.6793938023071706,
20100728,18.43,19.54,18.38,19.2,5407009.0,4.5297351864418145,
20100729,19.22,20.33,19.22,19.99,7505580.0,6.287818241222448,
20100730,19.84,20.6,19.55,20.2,4039071.0,3.383741737666189,
20100802,19.99,20.36,19.7,19.98,5331589.0,4.466551894577228,
20100803,20.08,20.88,19.99,20.0,7616058.0,6.380371459448591,
20100804,19.53,19.97,19.07,19.87,3978882.0,3.3333182537887356,
20100805,19.81,19.88,19.46,19.53,2155277.0,1.8055886467784228,
20100806,19.64,19.79,18.99,19.6,2768352.0,2.3191937470155066,
20100809,19.6,20.25,19.51,20.1,3844977.0,3.221139008268617,
20100810,20.14,20.15,19.33,19.72,4268598.0,3.5760285506044385,
20100811,19.5,19.69,19.0,19.4,2410081.0,2.0190513290943057,
20100812,19.29,19.49,19.0,19.12,2003599.0,1.6785200264729783,
20100813,19.12,19.38,19.01,19.3,1219734.0,1.0218351805775465,
20100816,19.3,20.58,19.3,20.46,4531434.0,3.7962200608208296,
20100817,20.57,20.85,20.25,20.74,4251473.0,3.561682039424632,
20100818,20.77,20.83,20.26,20.51,2604869.0,2.182235458711369,
20100819,20.7,21.48,20.53,20.59,6296425.0,5.2748456441059925,
20100820,20.7,20.7,19.75,20.04,3642317.0,3.0513600911474694,
20100823,20.0,20.2,19.8,20.18,1394447.0,1.1682014292057268,
20100824,20.33,20.7,19.88,20.24,2351400.0,1.9698911759531528,
20100825,19.88,20.52,19.88,20.18,1836241.0,1.5383154473179355,
20100826,20.42,21.0,20.09,20.2,1747208.0,1.46372783097506,
20100827,20.01,20.68,20.01,20.6,1636576.0,1.3710455988673587,
20100830,20.7,20.98,20.36,20.9,2604810.0,2.1821860313151875,
20100831,20.91,21.78,20.65,21.69,3431766.0,2.874970469225163,
20100901,21.75,22.45,21.21,22.32,5533643.0,4.635823133696918,
20100902,22.56,22.75,22.03,22.5,3073918.0,2.575182420602009,
20100903,22.16,22.68,22.12,22.5,2703515.0,2.2648763896219224,
20100906,22.57,22.63,21.93,22.58,3624753.0,3.036645806629973,
20100907,22.59,22.59,21.88,21.97,2661123.0,2.229362386589258,
20100908,21.88,22.15,21.41,21.8,2592974.0,2.1722703929896876,
20100909,21.78,22.49,21.6,21.81,2329117.0,1.951223537493612,
20100910,22.0,22.06,21.44,21.77,1471021.0,1.232351487429524,
20100913,21.77,22.38,21.46,22.25,3470569.0,2.9074777786155304,
20100914,22.3,22.39,21.62,21.99,1995194.0,1.6714787168983052,
20100915,22.3,22.6,22.0,22.21,4552993.0,3.81428116648655,
20100916,22.3,22.54,21.65,22.47,3145228.0,2.634922549783441,
20100917,22.45,24.0,22.38,23.44,6083456.0,5.096430336692721,
20100920,23.45,23.9,23.15,23.54,3586021.0,3.0041979776655188,
20100921,23.52,23.53,22.88,23.03,1947371.0,1.6314148801595079,
20100928,23.55,24.45,23.2,24.24,4584517.0,3.8406904755920817,
20100929,24.2,25.09,24.0,24.81,4797010.0,4.01870701282599,
20100930,24.22,25.78,24.22,24.95,4562313.0,3.822089019578275,
20101008,25.02,27.45,25.02,26.97,4860933.0,4.072258664455,
20101011,27.5,29.0,27.2,27.51,6206165.0,5.199230105473037,
20101012,27.7,28.86,26.6,28.69,4549940.0,3.811723508172275,
20101018,31.56,31.56,26.34,27.04,10144006.0,8.498166159826418,
20101019,26.0,29.37,25.88,29.0,8957634.0,7.504280077408329,
20101020,28.15,31.9,27.81,31.9,10785198.0,9.03532634647767,
20101021,33.0,35.0,31.9,34.13,10843599.0,9.084251928925081,
20101022,36.98,36.98,33.15,33.72,5681718.0,4.7598733318253785,
20101025,33.5,35.08,33.01,33.97,4865313.0,4.07592802030712,
20101026,33.61,34.38,32.6,33.51,3948348.0,3.3077383196360803,
20101027,33.0,34.2,32.6,33.78,2362789.0,1.9794323389211423,
20101028,33.78,36.0,33.73,35.1,3660224.0,3.066361724764801,
20101029,34.65,35.54,33.5,34.52,4978334.0,4.170611643083935,
20101101,34.52,36.68,34.11,35.43,2943233.0,2.4657007380599327,
20101102,35.05,35.9,34.28,34.58,3533841.0,2.9604840533815877,
20101103,34.16,34.73,32.0,32.01,3331509.0,2.7909799190731106,
20101104,32.1,34.99,32.1,34.94,3425706.0,2.8698936892105857,
20101105,35.4,36.75,34.98,35.33,3520413.0,2.949234713111664,
20101108,34.72,35.48,34.0,34.57,2000286.0,1.6757445525145143,
20101109,34.61,35.5,34.1,35.41,2599098.0,2.1774007891628337,
20101110,35.3,37.5,34.87,36.93,3955638.0,3.3138455351981704,
20101111,36.68,38.62,36.21,37.51,3364344.0,2.818487521676845,
20101112,37.5,37.92,34.5,35.24,2546783.0,2.13357376829442,
20101115,35.28,36.0,33.0,33.98,3875154.0,3.24641986478675,
20101116,33.9,33.9,30.58,30.58,4814677.0,4.033507585848685,
20101117,29.37,30.58,27.6,28.91,3602328.0,3.0178592073186055,
20101118,28.91,31.21,28.91,30.58,3239995.0,2.7143138388331782,
20101119,31.32,32.5,30.61,32.01,2658374.0,2.2270594050281907,
20101122,32.4,33.38,31.6,33.16,1942020.0,1.626932066651587,
20101123,32.85,33.65,31.45,33.27,1805944.0,1.512934060502484,
20101124,32.5,34.45,32.44,34.33,1494953.0,1.2524005797247144,
20101125,34.4,34.7,33.43,34.33,1685791.0,1.4122755870550487,
20101126,34.2,34.68,33.68,34.32,1076688.0,0.9019980396592023,
20101129,34.2,34.8,32.9,33.1,1130803.0,0.9473330149873918,
20101130,32.85,33.4,30.0,31.46,1107410.0,0.9277354712776563,
20101201,31.2,32.1,31.2,31.49,862902.0,0.7228982884716881,
20101202,32.1,34.53,31.8,33.7,1747162.0,1.463689294361088,
20101203,34.0,34.1,32.9,33.39,865940.0,0.7254433804987979,
20101206,33.8,35.87,33.5,34.58,2035967.0,1.705636398669649,
20101207,34.2,36.9,34.2,36.02,3793613.0,3.178108690006451,
20101208,34.78,36.39,34.15,35.45,4445274.0,3.724039307346252,
20101209,34.5,35.6,34.42,35.29,2288554.0,1.9172417837425755,
20101210,35.33,35.58,34.18,34.69,1528664.0,1.2806420534988732,
20101213,34.69,35.69,33.78,34.83,4053428.0,3.3957693499878525,
20101214,34.85,35.14,34.51,34.93,2061397.0,1.7269404441763638,
20101215,34.6,36.87,34.5,35.92,4365352.0,3.6570844538272724,
20101216,35.84,36.65,35.42,36.0,1930858.0,1.6175810734960248,
20101217,36.39,36.39,35.5,36.0,1145071.0,0.9592860673385442,
20101220,36.21,36.8,34.0,35.99,1396645.0,1.170042809151608,
20101221,36.18,36.25,35.4,36.14,1890110.0,1.5834443355366223,
20101222,36.16,38.78,36.16,37.31,4267996.0,3.5755242236128915,
20101223,37.02,37.48,35.5,36.19,2061801.0,1.7272788961773355,
20101224,35.6,36.01,33.35,34.2,1846906.0,1.5472500774921043,
20101228,34.3,34.3,31.88,32.97,1183025.0,0.9910821248753843,
20101229,33.0,33.55,31.5,32.3,1696078.0,1.4208935467926647,
20101230,32.35,32.78,31.76,32.46,3531374.0,2.958417318019218,
20101231,32.4,34.19,32.08,33.92,1900806.0,1.5924049360375983,
20110104,33.93,36.3,33.6,34.66,2356622.0,1.9742659193914567,
20110105,34.56,34.99,34.2,34.4,1324299.0,1.1094347684033274,
20110106,34.01,35.55,34.01,34.71,1928519.0,1.6156215704507946,
20110107,34.71,34.96,33.59,34.16,793614.0,0.6648520948000703,
20110110,34.2,34.2,31.7,32.67,2085507.0,1.7471386564125762,
20110111,32.7,32.7,31.0,32.12,681405.0,0.5708487270351101,
20110112,31.8,32.88,31.51,31.68,973328.0,0.8154079435689932,
20110113,31.99,32.29,31.31,31.58,712480.0,0.5968818852781758,
20110114,31.35,31.48,29.29,29.34,1714999.0,1.4367446614223363,
20110117,29.34,29.34,27.0,27.66,1269867.0,1.0638342255397222,
20110118,26.31,28.34,26.31,28.0,529710.0,0.4437658649375456,
20110119,27.89,28.98,27.66,28.96,622811.0,0.5217614583595132,
20110121,27.2,28.55,27.2,27.93,742018.0,0.6216274179630886,
20110124,27.95,29.58,27.66,27.73,850098.0,0.7121717057478197,
20110125,27.1,28.41,27.1,28.07,528471.0,0.4427278896177335,
20110126,27.3,28.59,27.3,27.99,396119.0,0.33184967369540996,
20110127,27.89,28.88,27.6,28.79,541504.0,0.45364631765898444,
20110128,28.7,30.0,28.38,29.74,717252.0,0.6008796401015356,
20110131,30.2,31.0,29.54,30.66,1016937.0,0.8519414913669606,
20110201,30.97,31.2,30.23,30.64,1264814.0,1.0596010622701415,
20110209,30.06,30.95,29.21,29.93,730285.0,0.6117980681427865,
20110210,29.92,30.85,29.54,30.75,1428230.0,1.1965032211582765,
20110211,30.59,31.0,29.71,30.78,1114089.0,0.9333308200759003,
20110214,30.59,33.3,29.9,32.82,5364055.0,4.493750366516709,
20110215,32.95,34.39,32.05,33.1,2915150.0,2.442174135230005,
20110216,32.98,34.29,32.81,33.97,2338191.0,1.958825303475835,
20110217,34.08,34.97,33.13,33.95,2204124.0,1.8465103420543367,
20110218,33.12,34.48,33.12,33.8,1090975.0,0.9139670093074301,
20110221,33.6,33.99,32.91,33.81,2420721.0,2.0279650154565334,
20110223,33.35,35.1,32.88,35.09,2723137.0,2.2813147687384285,
20110224,35.3,35.3,33.88,34.58,2389691.0,2.001969556074962,
20110225,34.79,34.87,32.95,33.29,2951650.0,2.4727521006643376,
20110228,33.38,34.5,33.19,34.34,2466335.0,2.066178256972195,
20110301,34.3,34.59,33.6,33.97,1785119.0,1.4954878651553614,
20110302,33.6,34.26,33.4,33.52,1365118.0,1.1436309867886436,
20110303,33.65,35.2,33.6,34.39,4539739.0,3.803177595147738,
20110304,34.2,35.24,34.15,34.94,2176449.0,1.823325542235291,
20110307,35.15,37.38,35.15,37.18,3778140.0,3.165146145919726,
20110308,37.19,37.2,36.07,36.57,1719936.0,1.4408806454045087,
20110309,36.69,36.77,35.68,36.31,1769883.0,1.4827238684058408,
20110310,36.21,36.21,34.57,34.64,2354757.0,1.8473463720021652,
20110311,34.45,35.12,33.77,33.86,1690529.0,1.3262483623212282,
20110314,34.0,34.48,33.55,34.11,1056712.0,0.8290082923423318,
20110315,34.1,34.1,32.6,33.31,2535071.0,1.9888057301105384,
20110316,33.57,34.2,33.35,33.96,1356314.0,1.0640510877325113,
20110317,33.75,34.3,33.15,33.98,1693215.0,1.3283555743839583,
20110318,34.3,34.66,34.07,34.32,1046729.0,0.8211764613586261,
20110321,34.32,34.8,33.95,34.14,1398195.0,1.0969074348654946,
20110322,34.32,34.32,33.2,34.09,988428.0,0.775438348749088,
20110323,34.09,34.19,33.6,34.16,798176.0,0.6261824629119694,
20110324,34.09,34.09,33.74,34.0,986572.0,0.7739822856111778,
20110325,34.0,34.47,33.41,34.3,1520649.0,1.1929746522629385,
20110328,34.07,35.3,34.07,34.45,1529401.0,1.199840743094291,
20110329,34.45,34.8,33.7,33.89,1840061.0,1.4435587250033344,
20110330,33.71,34.2,33.58,33.71,1263873.0,0.991529572359905,
20110331,33.66,33.96,32.8,32.95,1094076.0,0.8583209771940973,
20110401,32.9,34.5,32.7,34.33,1533348.0,1.202937230812681,
20110406,34.24,36.1,34.0,35.37,3676101.0,2.8839629080467883,
20110407,35.5,36.09,35.35,35.37,1989909.0,1.561116994986938,
20110408,35.96,35.96,35.3,35.38,1092004.0,0.8566954584323785,
20110411,35.42,38.92,35.41,38.15,7349186.0,5.765559713494473,
20110412,37.2,38.0,36.9,37.03,3075992.0,2.413167329583343,
20110413,36.8,38.2,35.91,37.78,2132886.0,1.6732848501965214,
20110414,37.87,38.8,37.24,37.78,2068229.0,1.6225603489530622,
20110415,37.6,38.21,37.43,37.84,1456012.0,1.1422658413550173,
20110418,38.5,38.5,36.71,37.26,2078961.0,1.6309797830026593,
20110419,36.96,36.98,35.98,36.13,1634382.0,1.282200098849114,
20110420,36.01,37.1,35.61,36.87,1680701.0,1.3185381314379407,
20110421,36.87,37.8,36.06,37.36,1255246.0,0.9847615461256639,
20110422,37.11,37.5,36.22,36.43,881240.0,0.6913475644676661,
20110425,36.43,36.78,35.68,35.84,1133321.0,0.8891093381031954,
20110426,35.8,36.15,35.43,35.65,815187.0,0.6395278778036668,
20110427,35.3,36.14,35.0,35.23,842982.0,0.6613335216173598,
20110428,35.25,35.7,33.75,34.25,1205402.0,0.9456580918982953,
20110429,34.0,34.76,34.0,34.72,489741.0,0.38421003083150934,
20110503,34.7,35.2,34.35,34.97,604864.0,0.47452595573756345,
20110504,34.54,34.84,33.5,33.92,1365444.0,1.0712137259055283,
20110505,33.91,33.99,33.23,33.83,727463.0,0.5707069280676568,
20110509,33.58,34.08,32.98,33.44,928694.0,0.7285760235982647,
20110510,33.44,33.6,32.8,33.01,973252.0,0.7635325221429861,
20110511,33.21,33.21,32.38,32.51,888845.0,0.6973138145559243,
20110512,32.3,32.3,31.1,31.63,918800.0,0.7208140146077023,
20110513,31.6,32.09,31.6,32.02,499108.0,0.39155859948064986,
20110516,32.02,32.4,31.8,32.09,388381.0,0.3046914103258098,
20110517,31.98,34.0,31.5,32.7,854406.0,0.6702958412765657,
20110518,32.51,33.09,32.01,33.04,443496.0,0.34793005248417236,
20110519,33.3,33.3,32.75,32.76,354291.0,0.2779472334015863,
20110520,32.78,33.14,32.78,33.0,164404.0,0.12897769618803298,
20110523,32.51,33.22,32.3,32.34,511550.0,0.40131955721873114,
20110524,32.6,32.78,32.0,32.72,470474.0,0.3690947460911452,
20110525,32.7,32.88,32.25,32.64,215591.0,0.16913475644676662,
20110526,32.96,32.98,32.37,32.91,294784.0,0.23126299355911728,
20110527,32.95,32.95,31.28,32.48,502944.0,0.39456800583680485,
20110530,31.8,32.1,31.7,31.95,621660.0,0.48770269952222933,
20110531,31.81,32.8,31.51,32.73,450624.0,0.35352208806985336,
20110601,32.28,32.78,32.11,32.7,202520.0,0.15888033765602078,
20110602,32.49,32.62,31.7,32.6,323960.0,0.254152055041697,
20110603,32.76,33.49,32.2,33.11,347405.0,0.27254505087591296,
20110607,33.8,33.8,33.02,33.63,459462.0,0.36045564734401847,
20110608,33.65,33.65,32.85,33.51,444711.0,0.34888324036809526,
20110609,32.88,33.55,32.8,32.81,243642.0,0.19114123655534374,
20110610,32.81,32.97,32.0,32.67,287361.0,0.22543952552425334,
20110613,32.21,32.34,31.7,32.09,223501.0,0.17534028415197658,
20110614,32.1,32.6,31.88,32.29,470249.0,0.36891822981634464,
20110615,32.18,32.28,31.6,31.7,532424.0,0.4176955604195596,
20110616,31.5,31.5,29.6,29.62,940500.0,0.737838028666243,
20110617,29.88,29.88,29.03,29.31,401500.0,0.31498348592184644,
20110620,29.19,29.41,29.0,29.27,232653.0,0.18252018169408551,
20110621,29.37,30.59,29.37,30.34,533015.0,0.4181592098347023,
20110622,30.34,30.55,29.8,30.11,299001.0,0.23457130080726776,
20110623,30.32,30.53,29.72,30.4,295449.0,0.23178469721574996,
20110624,30.2,31.25,29.93,30.93,306905.0,0.2407721214118164,
20110627,30.93,31.5,30.6,31.46,342482.0,0.26868287478327724,
20110628,31.5,31.55,31.15,31.25,636049.0,0.4989911114249178,
20110629,31.57,31.57,30.9,31.18,274699.0,0.21550597409525601,
20110630,31.29,31.55,30.99,31.32,666659.0,0.5230051699655597,
20110701,31.43,32.65,31.0,32.22,1126107.0,0.8834498340747017,
20110704,32.17,32.77,32.02,32.43,951856.0,0.7467470011846203,
20110705,32.46,32.46,31.56,31.86,789479.0,0.619359520503346,
20110706,31.62,32.09,31.62,32.09,609274.0,0.477985674723654,
20110707,32.1,32.5,31.97,32.2,837409.0,0.6569614096197447,
20110708,32.01,32.15,31.5,32.03,637184.0,0.49988153796668944,
20110711,32.09,32.09,31.4,31.45,776810.0,0.6094204774569104,
20110712,31.45,31.78,30.11,31.64,479847.0,0.37644802184094706,
20110713,31.59,33.6,31.3,33.22,1584711.0,1.2432323660241476,
20110714,33.3,34.8,33.22,34.65,1827428.0,1.4336479245608669,
20110715,34.89,34.89,33.98,34.59,841971.0,0.6605403751559227,
20110718,34.1,34.78,34.1,34.34,638555.0,0.5009571104678073,
20110719,34.44,34.86,34.13,34.65,724920.0,0.5687119019040222,
20110720,34.65,34.66,33.93,34.09,764190.0,0.5995198757325426,
20110721,33.82,34.2,33.76,33.94,422250.0,0.3312622090423404,
20110722,34.09,34.2,33.7,34.19,645666.0,0.5065358092682812,
20110725,33.9,34.35,33.1,33.27,841528.0,0.6601928342237599,
20110726,33.3,33.41,32.68,33.01,293584.0,0.23032157342684773,
20110727,32.55,33.15,32.5,33.0,852899.0,0.6691135744937906,
20110728,33.0,33.16,32.51,33.13,399556.0,0.3134583853075698,
20110729,32.95,33.45,32.61,33.16,566748.0,0.44462331426957563,
20110801,33.02,33.29,32.81,33.26,478392.0,0.3753065499305703,
20110802,33.32,33.33,32.78,33.27,476832.0,0.3740827037586199,
20110803,33.01,34.56,32.99,33.93,960282.0,0.7533573395467061,
20110804,33.82,34.19,33.75,34.07,578211.0,0.4536162300830804,
20110805,33.52,34.71,33.06,34.59,1466229.0,1.1502812492645156,
20110808,34.5,34.5,32.78,33.3,1648984.0,1.2936556128252803,
20110809,32.8,33.58,31.7,33.23,1213985.0,0.952391599394353,
20110810,34.0,34.0,33.26,33.7,639034.0,0.5013328940039382,
20110811,33.5,34.29,33.0,34.27,630283.0,0.4944675876893627,
20110812,34.27,36.19,34.27,35.0,1686334.0,1.3229573144421694,
20110815,34.72,35.36,34.51,34.83,683986.0,0.5365984921587549,
20110816,34.83,34.83,34.14,34.51,631418.0,0.49535801423113435,
20110817,34.35,34.51,34.06,34.31,245405.0,0.19252433963300306,
20110818,34.16,34.31,33.53,33.78,475934.0,0.3733782076929715,
20110819,33.4,33.64,32.51,32.71,870614.0,0.6830112891964194,
20110822,33.08,33.26,32.38,32.74,435100.0,0.34134324962539325,
20110823,32.5,33.9,32.38,33.15,532500.0,0.4177551836946033,
20110824,33.2,33.6,32.85,33.2,462344.0,0.3627166246950191,
20110825,33.2,33.75,33.0,33.58,708142.0,0.5555492794213405,
20110826,33.5,33.7,33.16,33.51,685414.0,0.5377187821161555,
20110829,33.2,33.5,32.89,33.01,422002.0,0.33106764888167134,
20110830,33.1,33.75,32.5,32.73,363641.0,0.2852824652655197,
20110831,33.09,33.1,32.2,32.59,438970.0,0.34437932955196243,
20110901,32.59,33.52,32.4,32.6,248538.0,0.19498223069500342,
20110902,32.1,33.32,31.91,33.03,1616698.0,1.2683267041665687,
20110905,32.68,33.26,32.42,32.7,471691.0,0.3700495030086218,
20110906,32.11,32.99,32.0,32.48,562872.0,0.4415825272423451,
20110907,32.8,33.18,32.3,33.1,674330.0,0.5290231981610927,
20110908,33.12,33.49,32.72,32.88,681233.0,0.5344387174719731,
20110909,33.0,33.41,32.8,33.08,444829.0,0.34897581334776845,
20110913,33.09,33.09,32.3,32.84,457603.0,0.35899723065577754,
20110914,32.84,32.84,32.35,32.5,346830.0,0.27209395372920053,
20110915,32.95,32.97,32.61,32.81,274832.0,0.21561031482658258,
20110916,32.8,33.16,32.6,32.8,213290.0,0.1673295833431398,
20110919,32.9,32.9,32.1,32.37,408159.0,0.3202075831391654,
20110920,32.53,32.81,32.2,32.48,270320.0,0.21207057512924915,
20110921,32.8,33.3,32.38,33.08,1542587.0,1.2101853813143795,
20110922,32.51,32.79,32.0,32.04,1194094.0,0.9367867761852087,
20110923,31.58,31.58,30.5,30.95,1732198.0,1.3589383918975109,
20110926,31.16,31.16,30.25,30.51,188406.0,0.14780766786697735,
20110927,30.98,31.0,30.3,30.33,401927.0,0.31531847458557904,
20110928,30.7,30.7,29.7,29.92,246400.0,0.19330493382600986,
20110929,30.55,30.55,28.0,28.02,1165330.0,0.9142209356147081,
20110930,28.17,29.31,28.17,28.54,776749.0,0.60937262193352,
20111010,29.08,29.54,28.31,28.78,515401.0,0.4043407313265394,
20111011,29.5,29.5,26.03,28.33,1637601.0,1.284725458353927,
20111012,27.89,29.0,26.74,28.86,992437.0,0.7785834765076451,
20111013,29.1,29.1,28.56,28.78,402982.0,0.3161461397851993,
20111014,28.69,28.97,28.23,28.7,318268.0,0.2496865855476319,
20111017,28.92,28.92,28.35,28.43,178378.0,0.13994053362831163,
20111018,28.4,28.43,27.76,28.14,278510.0,0.21849576753198868,
20111019,28.4,28.4,27.41,27.95,205324.0,0.16108012269842392,
20111020,27.83,27.83,26.32,26.48,417113.0,0.3272321463594499,
20111021,26.22,26.67,25.79,26.01,271691.0,0.21314614763036707,
20111024,26.08,26.69,25.0,26.54,515574.0,0.4044764527289416,
20111025,26.33,27.69,26.33,27.66,679245.0,0.5328790981195133,
20111026,27.5,28.36,27.31,28.28,447154.0,0.35079981485404066,
20111027,28.18,28.27,27.68,28.12,184903.0,0.1450595055975272,
20111028,28.55,29.49,28.12,29.0,505590.0,0.39664383722845914,
20111031,29.0,29.9,28.58,29.0,520150.0,0.40806640149999607,
20111101,28.6,29.55,28.41,29.15,614566.0,0.4821373375069626,
20111102,28.61,29.53,28.5,29.48,569218.0,0.44656107070849715,
20111103,29.5,31.2,29.5,30.34,676776.0,0.5309421261973688,
20111108,29.1,30.0,28.57,29.85,1659798.0,1.3021393772505825,
20111109,29.3,29.68,29.03,29.32,745785.0,0.5850808444538587,
20111110,29.0,29.35,28.75,28.9,445351.0,0.3493853311053057,
20111111,28.85,29.36,28.48,28.75,966352.0,0.7581193563824362,
20111114,28.99,29.99,28.51,29.89,925214.0,0.7258459052146831,
20111115,29.68,29.8,29.51,29.73,250980.0,0.1968980206641719,
20111116,29.73,29.95,29.0,29.51,459361.0,0.36037641114955243,
20111117,29.75,29.82,29.31,29.75,283370.0,0.22230851906768026,
20111118,29.64,29.64,28.47,29.44,677351.0,0.5313932233440812,
20111121,29.38,29.38,28.75,29.04,198343.0,0.15560341107894593,
20111122,28.71,29.03,28.7,28.99,224681.0,0.1762660139487083,
20111123,28.8,29.05,28.8,28.91,344535.0,0.270293487726235,
20111124,28.61,28.87,28.51,28.77,240152.0,0.18840327300399318,
20111125,28.57,28.9,28.4,28.62,319394.0,0.25056995143841154,
20111128,28.51,29.03,28.42,28.98,162510.0,0.1274918214126009,
20111129,29.18,29.87,29.14,29.76,462530.0,0.3628625448155209,
20111130,29.76,29.89,29.04,29.55,688392.0,0.5400550730777377,
20111201,30.01,30.58,29.72,30.03,469410.0,0.36826002024053284,
20111202,29.64,29.87,28.81,29.0,308150.0,0.24174884479904604,
20111205,28.6,28.79,28.11,28.59,247349.0,0.1940494402472797,
20111206,28.01,28.64,28.01,28.22,117896.0,0.09249138992837362,
20111207,28.41,28.84,28.21,28.65,81459.0,0.06390595212878628,
20111208,28.77,28.77,28.25,28.5,155614.0,0.12208179371915868,
20111209,28.32,28.5,28.08,28.21,121536.0,0.09534703099625785,
20111212,28.56,28.56,27.6,28.21,135422.0,0.10624083096017008,
20111213,27.9,28.0,27.11,27.78,172275.0,0.1351526277389442,
20111214,27.5,27.65,27.01,27.48,103225.0,0.08098174429460174,
20111215,27.3,27.47,26.0,26.38,373049.0,0.2926631991025128,
20111216,26.35,26.48,25.69,26.38,334710.0,0.26258561039327827,
20111219,26.25,26.54,25.85,26.48,171775.0,0.13476036935049857,
20111220,26.11,27.1,26.03,26.49,245125.0,0.1923046749354735,
20111221,26.88,27.17,26.03,26.4,192820.0,0.1512705249201754,
20111222,25.76,26.5,25.7,26.47,188133.0,0.14759349478688602,
20111223,26.5,26.84,26.11,26.76,146390.0,0.11484541096911356,
20111226,26.87,26.87,26.2,26.49,183620.0,0.1440529705727757,
20111227,26.45,26.49,25.88,25.98,156394.0,0.12269371680513387,
20111228,25.7,26.25,24.9,24.95,254601.0,0.1997387559132952,
20111229,25.01,25.08,24.85,24.97,103600.0,0.08127593808593597,
20111230,24.47,25.47,24.38,24.71,553200.0,0.4339946809762527,
20120104,24.95,24.95,24.08,24.15,163542.0,0.1283014427263527,
20120105,24.2,24.2,22.3,22.53,206500.0,0.16200271442804803,
20120106,22.29,22.85,21.35,21.71,524386.0,0.41138961456690754,
20120109,21.2,23.0,21.1,22.7,958060.0,0.7516141432684538,
20120110,22.7,24.27,22.56,24.0,1460651.0,1.145905214683016,
20120111,23.87,24.42,23.53,23.9,1128450.0,0.885287956882958,
20120112,23.71,24.25,23.68,23.93,934915.0,0.7334565024673053,
20120113,23.95,24.0,22.0,22.58,1250542.0,0.9810711792071674,
20120116,22.31,24.84,21.0,22.06,1533857.0,1.2033365498521185,
20120117,21.99,23.6,21.09,23.33,2423181.0,1.9010261479441737,
20120118,23.4,24.17,22.4,22.58,1751425.0,1.3740222959667991,
20120119,22.59,23.33,22.12,22.8,1155758.0,0.9067115410263048,
20120120,22.73,23.21,22.56,23.16,1663415.0,1.3049769744325983,
20120130,23.3,23.75,23.12,23.26,1160252.0,0.9102371594216542,
20120131,23.15,23.32,22.8,23.11,1167368.0,0.9158197808060126,
20120201,23.11,23.12,22.48,22.58,840826.0,0.6596421034463822,
20120202,22.67,23.35,22.4,23.06,1377683.0,1.0808154267379009,
20120203,23.07,24.43,22.69,24.18,3113201.0,2.4423584143346906,
20120206,24.18,26.6,24.03,25.62,3913616.0,3.0702974103101197,
20120207,25.08,26.39,24.92,26.03,2849838.0,2.2357457224222737,
20120208,26.0,27.28,25.59,26.64,2517924.0,1.9753536209371838,
20120220,29.1,29.3,27.0,28.17,7280351.0,5.711557501157162,
20120221,28.0,28.8,27.52,28.39,2454993.0,1.925983195650639,
20120222,28.4,28.65,28.0,28.47,2419033.0,1.8977719723536286,
20120223,28.3,29.87,28.15,29.53,2841805.0,2.2294436991535065,
20120224,29.47,30.5,28.9,29.15,2907292.0,2.2808193493217854,
20120227,29.32,30.1,29.2,29.38,3283610.0,2.576047133767956,
20120228,28.99,29.34,28.21,29.11,2309578.0,1.8119026885389946,
20120229,28.5,29.02,28.28,28.65,1955123.0,1.5338267943859978,
20120301,28.8,28.8,28.53,28.66,790353.0,0.620045188166349,
20120302,28.72,29.39,28.5,29.05,1316967.0,1.0331827061121701,
20120305,29.29,29.4,28.76,28.83,1551176.0,1.2169235959110987,
20120307,28.25,28.55,27.7,28.11,1218267.0,0.9557509002330015,
20120308,28.03,28.52,27.88,28.31,946532.0,0.7425702338644512,
20120309,28.34,29.6,28.06,29.41,1975781.0,1.550033341963018,
20120312,29.41,29.6,29.1,29.39,1097472.0,0.8609851961684201,
20120313,29.39,29.6,28.93,29.5,1026656.0,0.8054288560960876,
20120314,29.54,29.74,27.87,28.8,2067461.0,1.6219578400684098,
20120315,28.49,28.75,27.51,28.22,736830.0,0.5780554967167972,
20120316,28.22,28.51,27.6,28.07,1072067.0,0.8410545474514972,
20120319,28.07,28.35,27.85,28.07,1230475.0,0.9653282810452902,
20120321,28.06,28.3,27.3,27.79,1452256.0,1.1393191963410136,
20120322,27.9,27.9,27.0,27.18,1189028.0,0.9328124141934775,
20120323,27.07,27.38,26.53,26.74,1128482.0,0.8853130614198185,
20120326,26.58,26.85,26.55,26.81,260127.0,0.2040739956223964,
20120327,26.94,27.11,26.73,26.84,292659.0,0.2295958954082233,
20120328,26.84,26.84,25.46,26.36,704820.0,0.5529431146885075,
20120329,26.0,26.0,25.61,25.75,461464.0,0.3620262499313548,
20120330,26.08,26.09,24.41,25.43,1048666.0,0.8226960703554645,
20120405,25.55,26.08,25.22,25.99,695576.0,0.5456910416029246,
20120406,26.13,26.37,25.69,26.29,594233.0,0.4661857578824323,
20120409,26.2,26.4,25.9,26.27,410686.0,0.3221900570343697,
20120410,26.26,26.69,25.51,26.39,565152.0,0.4433712254936572,
20120411,25.6,25.6,24.8,25.53,292996.0,0.2298602775620357,
20120412,25.41,26.43,25.41,26.34,545910.0,0.4282755536727153,
20120413,26.3,26.39,26.02,26.25,745785.0,0.5850808444538587,
20120416,26.16,26.25,25.84,25.92,440502.0,0.3455812092541599,
20120417,25.81,26.19,25.31,25.59,481827.0,0.3780013650591918,
20120418,25.74,26.2,25.51,26.15,991441.0,0.7778020977978614,
20120419,26.09,26.16,25.9,26.0,578179.0,0.45359112554621983,
20120420,25.8,26.11,25.76,26.0,436098.0,0.34212619736873073,
20120423,26.11,26.44,25.7,26.13,834301.0,0.6545231314771667,
20120424,26.06,26.24,25.5,25.83,796984.0,0.6252473189139149,
20120425,25.8,25.92,25.31,25.43,1006148.0,0.7893399860356014,
20120426,25.59,26.18,25.38,25.97,967906.0,0.7593384954537253,
20120427,26.1,26.12,25.51,25.54,664826.0,0.521567150713518,
20120502,25.95,28.05,25.7,27.83,3719160.0,2.91774341594295,
20120503,27.7,28.1,27.43,27.91,2732157.0,2.143423003600932,
20120504,27.91,28.0,27.61,27.8,1570297.0,1.2319243412020366,
20120507,27.6,27.6,27.2,27.58,1432872.0,1.1241121231377533,
20120508,27.56,27.58,26.86,26.98,1926630.0,1.5114735578620349,
20120509,26.7,27.1,26.41,26.55,1096578.0,0.8602838381698792,
20120510,26.22,26.95,26.22,26.69,913823.0,0.7169094746091146,
20120511,26.65,27.08,26.42,26.43,1408982.0,1.1053700173378207,
20120514,26.74,26.75,25.81,25.82,1358218.0,1.0655448076757121,
20120515,25.7,25.7,24.9,25.21,1101403.0,0.8640691316183797,
20120516,25.21,25.41,25.11,25.25,1060298.0,0.8318215695042639,
20120517,25.29,25.68,25.26,25.55,714909.0,0.5608581044505636,
20120518,25.29,25.29,24.65,24.74,866195.0,0.6795445095593369,
20120521,24.9,25.67,24.74,25.41,955673.0,0.7497415017220144,
20120522,25.45,26.12,25.36,25.97,1004346.0,0.7879262868036432,
20120523,25.85,25.97,25.26,25.57,720986.0,0.5656256129037319,
20120524,25.8,25.85,25.4,25.41,458740.0,0.3598892262311029,
20120525,25.3,25.54,24.6,24.75,1002138.0,0.7861940737602673,
20120528,24.8,25.16,24.11,25.05,500094.0,0.3923321330226647,
20120529,25.0,25.97,24.99,25.6,813442.0,0.6381588960279916,
20120530,25.56,25.79,25.2,25.29,463478.0,0.36360626672001384,
20120531,25.02,25.24,24.87,25.05,793299.0,0.6223563745910706,
20120601,25.15,25.4,24.9,25.08,836418.0,0.6561839534938454,
20120604,24.89,24.89,23.68,23.81,1802553.0,1.4141330697356962,
20120605,23.81,24.2,23.81,23.95,586045.0,0.45976213451324655,
20120606,23.93,24.24,23.65,23.82,347804.0,0.27285807306989257,
20120607,24.2,24.3,23.7,23.72,370204.0,0.29043124887225713,
20120608,23.9,24.0,23.5,23.79,595479.0,0.4671632657864388,
20120611,23.96,24.45,23.61,24.0,628033.0,0.49270242494135735,
20120612,23.86,23.94,23.38,23.41,881858.0,0.6918323958357849,
20120613,23.45,23.7,22.73,22.98,3966066.0,3.1114453152580666,
20120614,22.9,22.99,22.45,22.46,1845969.0,1.4481936501212078,
20120615,22.41,22.73,22.27,22.52,873966.0,0.685640989432559,
20120618,22.7,22.86,22.53,22.77,1287139.0,1.0097821396910573,
20120619,22.78,22.78,22.42,22.49,697881.0,0.547499352773659,
20120620,22.48,22.7,22.39,22.4,795746.0,0.6242760871441236,
20120621,22.19,22.19,21.3,21.77,1301990.0,1.0214329983446697,
20120627,20.81,21.33,20.71,20.98,1910981.0,1.4991966548204634,
20120628,20.98,20.98,19.87,20.11,969711.0,0.760754548236014,
20120629,20.11,20.61,19.6,20.57,898691.0,0.7050381667411958,
20120702,20.91,21.06,20.22,20.39,1260044.0,0.9885256576211883,
20120703,20.29,20.55,19.8,20.46,1108298.0,0.869478374795045,
20120704,20.55,21.18,20.46,20.89,1650527.0,1.2948661222120235,
20120705,20.6,20.78,20.12,20.54,645890.0,0.5067115410263049,
20120706,20.68,20.84,20.08,20.83,627006.0,0.49189672621149005,
20120709,20.59,20.59,20.03,20.03,1047236.0,0.82157421136451,
20120710,20.04,20.27,19.34,19.45,613098.0,0.4809856668784862,
20120711,19.45,19.92,19.38,19.82,1072657.0,0.8415174123498631,
20120712,19.82,21.4,19.72,21.04,2183918.0,1.7133203103548371,
20120713,20.71,21.19,20.62,20.88,1776420.0,1.3936312928051966,
20120716,20.85,20.9,19.96,20.19,1127976.0,0.8849160959307114,
20120717,20.26,20.47,19.98,20.45,1107207.0,0.8686224669914566,
20120718,20.4,20.58,19.87,20.55,1183001.0,0.9280841315791538,
20120719,20.42,21.67,20.37,21.03,2126986.0,1.668656201212863,
20120720,21.25,21.25,20.24,20.53,1171506.0,0.9190661112287887,
20120723,20.24,20.47,19.84,20.23,822979.0,0.6456408325292037,
20120724,20.1,20.61,19.82,20.4,882951.0,0.6926898726729271,
20120725,20.16,20.55,20.16,20.34,968015.0,0.7594240077824065,
20120726,20.56,20.82,20.08,20.51,1065560.0,0.8359496967842658,
20120727,20.59,21.2,20.37,21.07,1757685.0,1.3789333709901386,
20120730,21.18,21.5,20.82,21.17,1082911.0,0.8495618473801062,
20120731,21.09,21.18,20.2,20.61,846790.0,0.6643209615037617,
20120801,20.61,21.2,20.41,21.1,1062846.0,0.8338205182517828,
20120802,20.99,21.08,20.53,20.73,931998.0,0.7311680670291134,
20120803,20.7,20.99,20.31,20.97,1161546.0,0.9112523241309515,
20120806,20.92,21.95,20.76,21.74,2482758.0,1.9477653039610254,
20120807,21.65,21.9,21.41,21.82,1377903.0,1.080988020428817,
20120808,22.0,22.48,21.77,22.1,2290373.0,1.7968360438387974,
20120809,22.01,22.37,21.58,22.29,1610565.0,1.2635152627738944,
20120810,22.27,22.68,22.03,22.63,1666778.0,1.3076153043532834,
20120813,22.69,22.75,21.82,21.86,2241023.0,1.7581201408992133,
20120814,21.71,22.5,21.66,22.37,1902821.0,1.4927949979210307,
20120815,22.37,22.39,21.91,22.03,904435.0,0.7095444311076593,
20120816,22.0,22.6,21.6,22.01,1039058.0,0.8151584331630932,
20120817,21.79,22.2,21.66,22.13,805607.0,0.6320122070810484,
20120820,21.73,22.15,21.71,22.13,736829.0,0.5780547122000204,
20120821,21.86,22.53,21.86,22.39,1368855.0,1.0738897126315046,
20120822,22.38,22.39,21.42,21.67,1134316.0,0.8898899322962022,
20120823,21.67,22.37,21.6,22.23,1526317.0,1.1974212933543584,
20120824,22.4,22.4,21.69,21.96,1146970.0,0.8998172075909843,
20120827,21.94,22.28,20.88,21.38,1245116.0,0.9768143911757553,
20120828,21.05,21.6,20.7,21.34,2154804.0,1.6904798889124244,
20120829,21.39,21.43,20.43,20.92,1176694.0,0.9231361842673005,
20120830,20.7,20.85,19.6,19.98,1378197.0,1.0812186683612228,
20120831,19.85,20.01,19.55,19.95,654277.0,0.513291283234092,
20120903,19.9,20.36,19.79,20.1,747938.0,0.5867699090745055,
20120904,20.43,20.43,19.86,19.91,968826.0,0.7600602508884653,
20120905,19.71,19.93,19.5,19.68,1537041.0,1.2058344512697403,
20120906,19.64,20.0,19.52,19.8,1555184.0,1.2200679391528788,
20120907,20.27,21.5,19.93,21.04,4925987.0,3.8645194442483155,
20120910,20.86,21.15,20.51,20.96,2067168.0,1.6217279766527808,
20120911,20.78,20.78,20.4,20.49,1253959.0,0.9837518730338048,
20120912,20.6,20.98,20.48,20.73,2922915.0,2.2930758549271575,
20120913,20.66,20.87,20.3,20.32,1385341.0,1.0868232562153342,
20120914,20.86,20.93,20.15,20.39,3085381.0,2.420533157601575,
20120917,20.39,20.4,19.66,19.77,2218668.0,1.7405822683518086,
20120918,19.79,19.79,19.38,19.44,916809.0,0.7192520417049119,
20120919,19.46,19.66,19.3,19.65,1377590.0,1.08074246667765,
20120920,19.63,19.63,18.9,18.94,1235110.0,0.9689645163061813,
20120921,18.81,19.57,18.81,19.11,1589211.0,1.2467626915201582,
20120924,18.99,19.57,18.62,19.56,1413844.0,1.109184337907066,
20120925,19.36,19.58,19.2,19.21,993538.0,0.7794472294790025,
20120926,19.15,19.52,19.0,19.06,707394.0,0.5549624608722258,
20120927,19.0,19.99,18.95,19.73,2165938.0,1.699214698706332,
20120928,19.61,20.3,19.51,20.29,3020294.0,2.369471314144053,
20121008,20.15,20.2,19.8,19.9,1551318.0,1.2170349972934171,
20121009,19.98,20.38,19.98,20.33,2560843.0,2.00902429648458,
20121010,20.1,20.44,20.1,20.28,1323135.0,1.0380216055920357,
20121011,20.1,20.18,19.82,19.85,1590921.0,1.2481042152086423,
20121012,19.99,20.14,19.73,19.78,1172189.0,0.9196019361874053,
20121015,19.69,19.95,18.98,19.12,1158951.0,0.9092165030949186,
20121016,19.17,19.81,19.08,19.41,1054769.0,0.827483976244832,
20121017,19.4,19.73,19.23,19.61,888536.0,0.6970713988718649,
20121018,19.61,20.17,19.61,20.01,1847384.0,1.449303741360509,
20121019,20.05,20.2,19.76,19.92,1538478.0,1.2069618018781332,
20121022,19.7,19.9,19.68,19.86,636567.0,0.4993974911153475,
20121023,19.87,19.87,19.2,19.22,1347180.0,1.0568853114923864,
20121024,19.1,19.35,19.0,19.18,749623.0,0.5880918198435674,
20121025,19.13,19.31,18.1,18.19,2398975.0,1.8820361348427437,
20121026,18.2,18.29,17.15,17.39,2576316.0,2.021163124573419,
20121029,17.41,17.41,16.87,16.98,1953283.0,1.532383283516518,
20121030,16.98,17.39,16.98,17.31,1565472.0,1.228139047753536,
20121031,17.5,17.92,17.14,17.79,2266053.0,1.7777565958248018,
20121101,17.7,18.24,17.62,17.87,3041676.0,2.386245851867542,
20121102,17.96,17.96,17.75,17.79,2532975.0,1.9871613829461743,
20121105,17.86,18.79,17.85,18.33,4371579.0,3.4295770670055776,
20121106,18.38,18.38,17.65,17.88,2606222.0,2.0446248833031295,
20121107,17.87,18.05,17.7,17.88,1214476.0,0.9527767971318067,
20121108,17.6,17.6,17.12,17.18,1930399.0,1.514430401594138,
20121109,17.25,17.76,17.25,17.45,2306223.0,1.809270634752524,
20121112,17.56,17.59,17.2,17.5,1344343.0,1.0546596373963457,
20121113,17.46,17.46,17.09,17.13,1086459.0,0.8523453129045165,
20121114,17.14,17.3,17.11,17.18,766713.0,0.6014992115606392,
20121115,17.06,17.06,16.25,16.26,2265875.0,1.7776169518385152,
20121116,16.25,16.25,15.5,15.68,2677647.0,2.100658994092589,
20121119,15.64,15.76,15.45,15.74,1326635.0,1.0407674143111552,
20121120,15.74,15.95,15.43,15.53,1277400.0,1.002141730800913,
20121121,15.5,16.26,15.5,16.21,2303955.0,1.8074913507025347,
20121122,16.0,16.61,15.89,16.28,2686714.0,2.107772207708662,
20121123,16.1,16.59,16.1,16.37,1326991.0,1.0410467022837284,
20121126,16.47,16.66,16.21,16.41,1211055.0,0.9500929652380616,
20121127,16.4,16.4,15.83,15.84,2042907.0,1.6026948151286216,
20121128,15.83,16.14,15.61,15.83,1251279.0,0.9816493680717362,
20121129,16.09,16.18,15.9,16.1,1458089.0,1.1438952827006206,
20121130,16.1,17.47,16.01,16.89,3755027.0,2.9458816791797093,
20121203,16.84,17.36,16.59,16.65,2881862.0,2.2608690876854403,
20121204,16.62,17.34,16.62,17.28,2916127.0,2.2877505550456196,
20121205,17.38,18.3,17.2,17.57,5679557.0,4.455707751810273,
20121206,17.54,17.7,17.23,17.46,2375157.0,1.8633505142507474,
20121207,17.5,18.33,17.16,17.92,5022986.0,3.940616787089992,
20121210,17.9,18.2,17.82,18.15,2919661.0,2.2905230373351535,
20121211,18.14,19.36,17.96,18.87,4837860.0,3.7953823342512183,
20121212,18.87,18.99,18.5,18.78,1923194.0,1.5087779582166365,
20121213,18.82,19.0,18.18,18.22,1617770.0,1.2691677061513962,
20121214,18.3,19.47,18.1,19.21,3818448.0,2.9956365176869304,
20121217,19.01,20.49,19.01,19.83,5556746.0,4.359360461923478,
20121218,19.75,19.95,19.3,19.51,2756742.0,2.162710348560804,
20121219,19.57,19.93,19.37,19.6,2220121.0,1.7417221712286317,
20121220,19.66,19.7,19.02,19.67,2070166.0,1.6240799579499008,
20121221,19.54,20.29,19.22,19.54,3946775.0,3.096311202115057,
20121224,19.6,19.69,19.28,19.55,2370311.0,1.8595487459499322,
20121225,19.4,20.08,19.22,19.94,5279369.0,4.141753551899708,
20121226,19.92,20.2,19.81,20.0,3382021.0,2.653252214298603,
20121227,20.0,20.78,19.68,19.69,5083752.0,3.988288733554567,
20121228,19.6,19.85,19.23,19.68,3443625.0,2.7015815858222125,
20121231,19.63,20.85,19.59,20.59,4616435.0,3.621670706928068,
20130104,20.72,21.15,20.35,20.86,5629720.0,4.416609789200343,
20130107,20.85,21.57,20.63,21.23,3266525.0,2.562643664634768,
20130108,21.23,21.3,20.42,20.71,2343939.0,1.8388594695097553,
20130109,20.71,21.39,20.6,21.37,2936501.0,2.3037342998580024,
20130110,21.37,22.49,21.08,22.0,5369834.0,4.212724862121176,
20130111,22.0,22.43,21.63,21.68,4212976.0,3.305150352640291,
20130114,21.3,22.95,21.09,22.65,4405664.0,3.456317321345917,
20130115,22.65,24.0,22.5,23.19,4765951.0,3.738968517341743,
20130116,23.5,23.99,23.08,23.85,4339636.0,3.40451724760134,
20130117,23.93,24.05,23.1,23.62,2238729.0,1.7563204594130244,
20130118,23.81,25.48,23.8,24.38,3067161.0,2.4062392619266166,
20130121,24.45,25.03,24.13,24.95,2141194.0,1.679802615578934,
20130122,24.91,25.71,23.3,24.0,3877709.0,3.0421277664022845,
20130123,23.98,24.65,23.5,24.57,4056811.0,3.1826362901770655,
20130124,24.65,24.98,23.7,24.14,2987507.0,2.3437493625801187,
20130125,24.14,24.59,23.42,23.73,3480775.0,2.7307263840837237,
20130128,23.67,24.48,23.0,23.66,4173962.0,3.274543215106655,
20130129,23.75,24.28,23.42,23.93,2702160.0,2.1198898538445246,
20130130,23.81,24.7,23.8,24.62,3491606.0,2.7392234852942328,
20130131,24.5,24.84,23.95,24.37,2193574.0,1.720895604352499,
20130201,24.32,24.38,23.72,23.93,2083761.0,1.6347454635317376,
20130204,24.04,24.5,23.16,24.06,4689167.0,3.678730181144924,
20130205,23.99,24.82,23.63,24.73,3297511.0,2.586952701483521,
20130206,24.65,24.82,24.18,24.47,1945356.0,1.5261644190261008,
20130207,24.28,24.56,24.05,24.23,1184335.0,0.9291306769595269,
20130208,24.23,24.64,24.1,24.57,1138041.0,0.8928122572901221,
20130218,24.8,24.82,24.05,24.09,1039547.0,0.815542061866993,
20130219,23.75,23.98,21.68,21.69,5510497.0,4.323077345509034,
20130220,21.7,21.96,21.11,21.9,4275983.0,3.3545804012018796,
20130221,21.83,21.83,20.88,21.35,3923301.0,3.0778954552943114,
20130222,21.05,21.5,21.05,21.2,1971402.0,1.546597942997011,
20130225,21.2,21.47,21.06,21.16,1223463.0,0.9598272494057286,
20130226,21.15,21.15,20.33,20.38,2317542.0,1.8181505801501563,
20130227,20.38,20.77,19.98,20.4,2496356.0,1.9584331630931928,
20130228,20.54,21.28,20.42,21.05,3410430.0,2.675539551413307,
20130301,21.07,21.18,20.68,20.87,2474940.0,1.9416319517992893,
20130304,20.5,20.5,18.78,18.79,7770975.0,6.096460260302666,
20130305,18.78,19.16,18.1,19.11,5455490.0,4.279923431162575,
20130306,19.03,19.66,18.73,19.61,4309473.0,3.380853868059969,
20130307,19.61,21.37,19.33,20.51,6015889.0,4.719565848415668,
20130308,20.41,21.08,20.0,20.25,2232471.0,1.7514109534232392,
20130311,20.3,20.86,20.01,20.34,2023464.0,1.5874414554355245,
20130312,20.38,20.72,19.45,20.02,2278971.0,1.7878909835486831,
20130313,19.98,20.28,19.8,20.05,1402525.0,1.1003043925094338,
20130314,20.05,20.58,19.86,20.44,1739771.0,1.3648795374489084,
20130315,20.4,20.81,19.84,20.0,2426306.0,1.903477762871959,
20130318,19.95,20.08,18.84,19.11,1932280.0,1.5159060776514706,
20130319,19.11,19.45,18.76,19.28,1531793.0,1.201717307224615,
20130320,19.29,20.52,19.2,20.41,3123251.0,2.450242807942448,
20130321,20.45,20.62,20.25,20.46,1739414.0,1.3645994649595583,
20130322,20.46,20.46,20.13,20.37,1516982.0,1.1900978292420783,
20130325,20.5,20.58,19.76,20.05,1676132.0,1.3149536742843244,
20130326,20.0,20.2,19.5,19.7,2132516.0,1.672994578989072,
20130327,19.7,20.15,19.67,19.94,1575857.0,1.236286254481552,
20130328,19.89,21.28,18.1,20.6,5129895.0,4.024488691190661,
20130329,20.5,20.97,20.4,20.62,2125207.0,1.6672605458667733,
20130401,20.5,21.08,20.0,20.25,2456895.0,1.927475346560286,
20130402,20.41,20.49,19.26,19.4,3528343.0,2.768044278126888,
20130403,19.41,19.79,19.26,19.76,2013970.0,1.5799932531557186,
20130408,19.4,20.82,19.25,20.55,3667118.0,2.876915593839974,
20130409,20.58,21.68,20.58,21.59,4950694.0,3.883902500254968,
20130410,21.38,22.45,21.35,21.98,3728493.0,2.925065311021676,
20130411,21.93,22.2,21.58,21.88,2951064.0,2.31515921767987,
20130412,22.1,22.1,20.91,20.98,4106814.0,3.2218644825719602,
20130415,20.94,20.94,20.39,20.62,1525020.0,1.1964037750947305,
20130416,20.55,20.55,19.58,20.17,3897129.0,3.057363082209513,
20130417,20.11,20.68,19.85,20.67,1781030.0,1.3972479151466655,
20130418,20.45,21.15,20.28,21.0,2747477.0,2.1554418006229064,
20130419,21.23,21.46,20.78,21.29,3811187.0,2.9899401413699236,
20130422,21.04,21.69,20.88,21.56,2916674.0,2.288179685722579,
20130423,21.59,21.96,21.2,21.38,4237832.0,3.3246503016467006,
20130424,21.39,21.88,21.0,21.63,3220966.0,2.5269018647963786,
20130425,21.83,21.83,21.1,21.17,2705015.0,2.1221296492425488,
20130426,21.19,21.37,20.66,21.16,1864215.0,1.462507943232366,
20130502,20.85,20.85,20.11,20.41,1847290.0,1.4492299967834812,
20130503,20.65,20.82,20.31,20.55,1657932.0,1.3006754689449034,
20130506,20.89,21.96,20.67,21.85,3176347.0,2.491897510728267,
20130507,21.69,22.23,21.48,22.11,3724979.0,2.9223085190676805,
20130508,22.13,22.2,21.7,22.0,2370249.0,1.859500105909765,
20130509,21.8,21.98,21.25,21.52,2900209.0,2.275262616991064,
20130510,21.45,22.44,21.38,22.38,3611079.0,2.8329520581797643,
20130513,22.38,22.38,22.0,22.09,2341408.0,1.8368738575474437,
20130514,22.0,22.12,21.58,21.96,1986990.0,1.5588269905151921,
20130515,21.77,22.18,21.68,22.05,1610840.0,1.2637310048875396,
20130516,22.0,22.97,21.8,22.95,4518826.0,3.545094808852487,
20130517,23.05,23.97,22.66,23.68,5083088.0,3.987767814414711,
20130520,23.79,23.79,23.09,23.48,4036491.0,3.166694909270635,
20130521,23.6,23.95,23.38,23.71,3591403.0,2.8175159060776513,
20130522,23.81,24.48,23.66,24.0,4484484.0,3.5181529337004873,
20130523,23.75,23.94,23.1,23.12,4013097.0,3.1483419237920405,
20130524,23.15,23.55,23.1,23.49,1731739.0,1.3585782986969175,
20130527,23.23,23.85,22.8,23.6,2599722.0,2.039525524253336,
20130528,23.58,24.17,23.26,23.8,2947009.0,2.311978002149576,
20130529,23.7,23.95,23.57,23.58,1777344.0,1.3943561863070442,
20130530,23.49,23.49,23.08,23.1,2183074.0,1.7126581781951409,
20130531,23.09,23.45,23.0,23.03,1338227.0,1.0498615327888787,
20130603,22.98,23.35,22.95,23.29,2248806.0,1.764226034973758,
20130604,23.57,23.57,22.51,22.57,1623990.0,1.2740474005036597,
20130605,22.51,23.18,22.15,23.02,1707004.0,1.339173276220512,
20130606,23.15,23.85,23.15,23.36,4381366.0,3.437255132701013,
20130607,23.3,23.64,22.61,23.54,2314002.0,1.8153733907599616,
20130613,23.47,23.47,22.19,23.05,2011367.0,1.5779511559854706,
20130614,23.05,23.17,22.16,22.85,3847956.0,3.0187860387394383,
20130617,11.0,12.05,11.0,11.88,7044565.0,5.526579428401076,
20130618,11.7,11.79,11.2,11.44,6461392.0,2.534535213035531,
20130619,11.23,11.44,10.34,10.89,6693130.0,2.6254363874571456,
20130620,10.74,10.92,10.4,10.5,4996526.0,1.9599292365867242,
20130621,10.18,10.71,10.08,10.34,3218115.0,1.262332603732731,
20130624,10.34,10.45,9.31,9.78,4459483.0,1.7492696148807143,
20130625,9.7,9.7,8.81,9.49,5657758.0,2.2193030352954097,
20130626,9.25,9.49,9.0,9.26,6210983.0,2.4363101822432474,
20130627,9.11,9.36,8.9,8.92,6439627.0,2.5259977092110115,
20130628,8.86,9.19,8.36,8.52,8381322.0,3.287643860763963,
20130701,8.48,8.88,8.07,8.77,7405138.0,2.904727498097547,
20130702,8.6,8.72,8.37,8.56,6846987.0,2.6857880863282264,
20130703,8.48,8.56,8.23,8.31,4886821.0,1.9168965300822955,
20130704,8.26,8.65,8.03,8.39,8397958.0,3.2941694713141443,
20130705,8.33,8.56,8.25,8.4,6158845.0,2.415858614386469,
20130708,8.24,8.24,7.87,7.88,4218105.0,1.6545870695944833,
20130709,7.87,8.22,7.82,8.06,3936226.0,1.5440176673178156,
20130710,8.0,8.47,7.96,8.43,5220773.0,2.0478920034204933,
20130711,8.43,9.27,8.43,9.27,17353988.0,6.807247365984921,
20130712,9.23,9.3,8.79,9.03,11344707.0,4.450056485207936,
20130715,8.97,9.08,8.76,9.06,5597545.0,2.1956839809519324,
20130716,9.04,9.05,8.86,8.99,3523132.0,1.3819780806012536,
20130717,8.98,9.62,8.88,9.08,9285987.0,3.642506295747135,
20130718,9.01,9.2,8.77,8.87,5661156.0,2.2206359292993483,
20130719,8.9,9.05,8.57,8.59,4026757.0,1.5795292114821877,
20130722,8.43,8.63,8.22,8.43,5099308.0,2.0002463382679436,
20130723,8.43,8.76,8.39,8.66,4434050.0,1.7392933072873762,
20130724,8.7,8.73,8.39,8.5,4099692.0,1.6081385770434702,
20130725,8.63,8.94,8.5,8.84,5819167.0,2.2826170695160313,
20130726,8.72,8.79,8.56,8.59,3157283.0,1.238470741446806,
20130729,8.5,8.5,8.01,8.06,6084920.0,2.3868609130206253,
20130730,7.91,7.93,7.25,7.54,20444168.0,8.01939639279186,
20130731,7.38,7.43,7.25,7.3,12936049.0,5.074273733593793,
20130801,7.31,7.54,7.3,7.52,8790159.0,3.4480136035209115,
20130802,7.58,8.04,7.44,8.0,13704482.0,5.375698023802239,
20130805,7.95,8.46,7.82,8.41,13099331.0,5.138322467775973,
20130808,9.09,9.2,8.81,8.89,14651867.0,5.7473177371398085,
20130809,8.94,9.24,8.6,9.06,11918564.0,4.675156707226185,
20130812,9.06,9.97,9.05,9.97,18544508.0,7.274238822597222,
20130813,10.41,10.88,10.28,10.34,26391618.0,10.352333545152863,
20130814,10.3,10.76,10.01,10.17,17287008.0,6.780973899126833,
20130815,10.03,10.87,10.01,10.54,20721630.0,8.128233189766764,
20130816,10.34,10.98,10.09,10.4,12703667.0,4.983119944770019,
20130819,10.21,10.61,10.15,10.5,10705241.0,4.199220582582158,
20130820,10.4,10.59,10.12,10.26,6345833.0,2.4892062259251415,
20130821,10.3,10.58,10.04,10.31,8304574.0,3.2575388139675363,
20130822,10.22,10.31,9.95,9.96,7909960.0,3.1027481622694504,
20130823,10.05,10.23,9.6,10.0,6382516.0,2.503595440388493,
20130826,10.06,10.23,10.02,10.15,5894080.0,2.3120023221696595,
20130827,10.16,10.23,10.02,10.15,5134735.0,2.0141428761954074,
20130828,10.08,10.48,9.95,10.23,8968493.0,3.517966610965975,
20130829,10.13,10.15,9.83,9.88,6376566.0,2.501261502977241,
20130830,9.91,9.95,9.26,9.34,6422919.0,2.5194438560568617,
20130902,9.33,9.55,9.3,9.42,2799621.0,1.0981748217185625,
20130903,9.45,9.85,9.35,9.75,4662271.0,1.828814908956828,
20130904,9.69,9.9,9.6,9.65,5247698.0,2.058453560529392,
20130905,9.72,9.72,9.4,9.42,4111459.0,1.6127542815003097,
20130906,9.24,9.52,9.15,9.43,3680405.0,1.4436697341272644,
20130909,9.47,9.9,9.35,9.75,6415174.0,2.5164058148383504,
20130910,9.65,9.99,9.48,9.67,10804840.0,4.238289125812956,
20130917,9.35,9.38,8.7,8.9,14719487.0,5.773842249366503,
20130918,8.75,8.94,8.75,8.92,3836406.0,1.504862434983172,
20130923,8.93,9.17,8.93,9.06,5229988.0,2.0515066644700197,
20130924,9.0,9.07,8.8,8.87,4009291.0,1.5726780264695959,
20130925,8.87,8.98,8.73,8.75,4018164.0,1.5761585351502743,
20130926,8.75,8.87,8.7,8.75,2892505.0,1.1346093498709469,
20130927,8.78,9.04,8.75,8.84,4396985.0,1.7247542501196387,
20130930,8.85,8.95,8.8,8.92,2027973.0,0.7954894207912635,
20131008,8.92,8.93,8.77,8.93,3569192.0,1.4000455019730598,
20131009,8.89,8.93,8.74,8.89,3123419.0,1.2251873033804828,
20131010,8.92,9.18,8.76,9.16,6404713.0,2.5123023998368206,
20131011,9.13,9.22,9.09,9.13,5044419.0,1.9787156675845512,
20131014,9.14,9.3,9.03,9.29,4826120.0,1.893086053645257,
20131015,9.27,9.35,9.13,9.22,3963126.0,1.5545694179670033,
20131016,9.18,9.23,8.8,8.9,3628984.0,1.4234994155350011,
20131017,8.94,9.48,8.84,9.18,7243105.0,2.841168694642535,
20131018,9.08,9.29,9.01,9.13,3089076.0,1.2117159735460943,
20131021,9.12,9.35,9.06,9.3,4460442.0,1.7496457906752336,
20131022,9.32,10.18,9.25,9.99,12643590.0,4.959554237567371,
20131023,10.1,10.59,9.8,10.45,23465368.0,9.204487435963818,
20131024,9.9,9.98,9.41,9.62,14388609.0,5.644052578314388,
20131025,9.58,9.73,9.16,9.34,7453810.0,2.923819498379973,
20131028,9.29,9.67,9.21,9.41,5096278.0,1.9990577953509534,
20131029,9.4,9.71,9.01,9.68,7857918.0,3.0823342512179623,
20131030,9.61,9.97,9.55,9.84,7167613.0,2.811556324381997,
20131031,9.75,9.79,9.32,9.43,6087335.0,2.3878082170287214,
20131101,9.6,9.6,9.39,9.51,3512922.0,1.3779731224552239,
20131104,9.51,9.53,9.01,9.03,7917253.0,3.1056089026963845,
20131105,8.9,8.95,8.5,8.81,6523387.0,2.558853271827218,
20131106,8.71,9.3,8.66,9.06,6892225.0,2.70353307130473,
20131107,9.0,9.86,8.99,9.83,9537507.0,0.9747602177474652,
20131108,9.78,9.78,8.85,8.92,25181852.0,2.573656568619498,
20131111,8.69,8.7,8.03,8.06,18122226.0,1.8521428043857555,
20131112,7.95,8.25,7.91,8.14,14221400.0,1.4534673432663066,
20131113,8.04,8.04,7.72,7.74,9989446.0,1.020949663065678,
20131114,7.75,7.89,7.75,7.86,6414950.0,0.6556260518434327,
20131115,7.89,8.17,7.81,8.05,8349157.0,0.8533074833211418,
20131118,8.05,8.35,8.01,8.32,9670835.0,0.9883867168223108,
20131119,8.5,8.5,8.21,8.25,7561564.0,0.7728132489078534,
20131120,8.25,8.39,8.22,8.38,6489874.0,0.6632834967663576,
20131121,8.36,8.75,8.26,8.53,10229072.0,1.0454401186887203,
20131122,8.59,8.59,8.29,8.4,6358191.0,0.6498251213487942,
20131125,8.39,8.39,8.22,8.25,4943843.0,0.5052747514826759,
20131126,8.21,8.25,8.09,8.17,4467826.0,0.45662446639544135,
20131127,8.14,8.3,8.1,8.3,4782211.0,0.4887555034742646,
20131128,8.4,8.64,8.4,8.52,11170373.0,1.1416437458761923,
20131129,8.52,8.53,8.38,8.41,6199538.0,0.633610335574452,
20131202,8.24,8.32,8.01,8.07,6547614.0,0.6691846882383784,
20131203,8.0,8.23,8.0,8.17,4468967.0,0.4567410798258115,
20131204,8.18,8.39,8.17,8.32,5396846.0,0.5515729406132585,
20131205,8.29,8.46,8.29,8.34,4673187.0,0.47761294200828625,
20131206,8.37,8.39,8.28,8.31,4137104.0,0.4228237416637188,
20131209,8.37,8.39,8.27,8.31,3516818.0,0.3594287563257574,
20131210,8.34,8.35,8.26,8.29,3650519.0,0.37309337705663115,
20131211,8.21,8.25,8.05,8.09,4531900.0,0.46317301060012195,
20131212,8.12,8.2,8.06,8.18,2587878.0,0.26448845833443424,
20131213,8.1,8.21,8.06,8.14,2957890.0,0.3023047323030064,
20131216,8.14,8.18,7.96,8.0,3603245.0,0.3682618404156836,
20131217,8.01,8.06,7.83,7.86,3544468.0,0.36225466460773476,
20131218,7.85,7.91,7.81,7.85,2363735.0,0.24158040914646822,
20131219,7.89,8.01,7.8,7.82,2671418.0,0.2730264828507594,
20131220,7.85,7.89,7.56,7.63,3410931.0,0.3486068051411736,
20131223,7.61,7.65,7.29,7.45,3647516.0,0.37278646195461385,
20131224,7.44,7.5,7.28,7.41,5184976.0,0.5299192267722982,
20131225,7.36,7.41,7.27,7.35,4452979.0,0.45510706096099224,
20131226,7.33,7.34,6.96,7.01,9987697.0,1.0207709103139535,
20131227,7.01,7.08,6.94,7.06,5107294.0,0.5219799064409937,
20131230,7.06,7.1,6.96,7.0,4283491.0,0.4377849075108734,
20131231,6.96,7.28,6.9,7.12,6115168.0,1.7426932745070203,
20140102,7.04,7.06,6.9,6.94,7137420.0,2.03401342879409,
20140103,6.9,6.92,6.76,6.8,5748446.0,1.6381852768504124,
20140106,6.81,6.94,6.68,6.73,5644371.0,1.608526107626555,
20140107,6.65,6.73,6.6,6.66,3554815.0,1.013046933889089,
20140108,6.7,6.7,6.43,6.45,5375167.0,1.5318086731635299,
20140109,6.46,6.6,6.41,6.48,4380489.0,1.248346524470298,
20140110,6.48,6.71,6.38,6.67,7014372.0,1.9989473566859255,
20140113,6.67,6.76,6.51,6.63,3731137.0,1.0632949669026754,
20140114,6.59,6.7,6.52,6.67,2695105.0,0.7680478046703285,
20140115,6.66,6.78,6.55,6.62,4279480.0,1.2195611002653244,
20140116,6.67,6.95,6.61,6.84,9345456.0,2.663256891454377,
20140117,6.78,6.8,6.59,6.61,4731688.0,1.3484307961229478,
20140120,6.61,6.61,6.4,6.42,3628224.0,1.0339669430512717,
20140121,6.42,6.49,6.4,6.46,2741104.0,0.7811565447628408,
20140122,6.48,6.73,6.45,6.7,4490239.0,1.2796229484176278,
20140123,6.69,6.7,6.59,6.63,3857482.0,1.0993006141338864,
20140124,6.61,6.75,6.55,6.67,5328224.0,1.5184309130782496,
20140127,6.63,6.76,6.51,6.69,6127064.0,1.7460833823819855,
20140128,6.68,6.74,6.57,6.6,3706549.0,1.0562879080232501,
20140129,6.6,6.65,6.57,6.58,2601074.0,0.7412509625729127,
20140130,6.55,6.61,6.52,6.52,1957218.0,0.5577656485225069,
20140207,6.53,6.55,6.45,6.54,2591310.0,0.7384684295121224,
20140210,6.58,6.7,6.51,6.68,5892629.0,1.6792743760212356,
20140211,6.69,6.95,6.62,6.94,12332547.0,3.514514517743704,
20140212,6.9,6.9,6.77,6.83,8077836.0,2.3020120575216723,
20140213,6.84,6.95,6.76,6.79,7615679.0,2.170307107524168,
20140214,6.78,6.91,6.75,6.88,4142802.0,1.1806107670327672,
20140217,6.9,6.97,6.85,6.94,7125992.0,2.0307566910002848,
20140218,6.91,6.91,6.75,6.8,5797639.0,1.6522042392489635,
20140219,6.75,6.85,6.73,6.82,4722464.0,1.3458021516173426,
20140220,6.82,7.05,6.81,6.94,12144542.0,3.460937077340809,
20140221,6.93,6.93,6.59,6.73,6469722.0,1.8437336500534585,
20140224,6.65,6.65,6.44,6.46,5564912.0,1.585881976688688,
20140225,6.48,6.54,6.12,6.2,5254568.0,1.49744051415101,
20140226,6.19,6.28,6.08,6.26,2677085.0,0.7629124865880424,
20140227,6.26,6.3,6.1,6.11,3769926.0,1.0743490098046615,
20140228,6.1,6.11,5.88,6.03,4217581.0,1.2019211971590302,
20140303,5.98,6.08,5.98,6.04,3789287.0,1.0798664844656571,
20140304,6.04,6.04,5.81,5.94,5561850.0,1.5850093715850277,
20140305,5.9,6.18,5.86,6.06,4961529.0,1.413930609849401,
20140306,6.0,6.03,5.9,5.99,2749540.0,0.7835606259693981,
20140307,5.96,6.03,5.91,5.92,2155382.0,0.6142381886145222,
20140310,5.89,5.89,5.49,5.51,4782157.0,1.362813391477825,
20140311,5.5,5.72,5.5,5.59,2698910.0,0.7691321490267712,
20140312,5.6,5.75,5.55,5.69,2707738.0,0.7716479419252407,
20140313,5.69,5.95,5.63,5.84,3869683.0,1.1027776405446506,
20140314,5.76,5.83,5.65,5.67,2783030.0,0.7931045661789297,
20140317,5.69,5.84,5.61,5.77,2387381.0,0.6803529866041038,
20140318,5.76,5.85,5.75,5.79,2698811.0,0.7691039361249872,
20140319,5.72,6.07,5.61,5.9,6657931.0,1.897369226132757,
20140320,5.83,5.89,5.69,5.7,4204297.0,1.1981355387014785,
20140321,5.63,6.03,5.52,5.98,7670536.0,2.1859401898793265,
20140324,5.95,6.35,5.83,6.15,8388670.0,2.3905931596742405,
20140325,6.12,6.15,6.0,6.07,6282457.0,1.790367093966928,
20140326,6.05,6.13,6.0,6.01,2924675.0,0.8334703891403833,
20140327,5.96,6.02,5.88,5.88,3165969.0,0.902234065130789,
20140328,5.82,5.86,5.75,5.76,3588346.0,1.0226025582296623,
20140331,5.76,5.79,5.51,5.56,2884934.0,0.8221450464151822,
20140401,5.55,5.8,5.55,5.8,3991306.0,1.1374376178544099,
20140402,5.8,5.89,5.76,5.89,2278632.0,0.649361826441478,
20140403,5.92,5.94,5.84,5.87,2258111.0,0.6435137763656407,
20140404,5.87,5.94,5.82,5.93,1703248.0,0.48538958118853537,
20140408,5.92,6.1,5.89,6.05,3706743.0,1.0563431939115944,
20140409,6.07,6.12,6.02,6.03,3296268.0,0.9393665185605214,
20140410,6.05,6.12,5.97,6.08,3901568.0,1.1118641897707153,
20140411,6.06,6.06,5.96,5.97,3178345.0,0.9057609628325854,
20140414,5.93,6.1,5.93,6.08,3438795.0,0.9799836928287774,
20140415,6.05,6.09,5.96,5.98,1903948.0,0.5425848275323086,
20140416,5.96,6.05,5.93,5.94,1903289.0,0.5423970264992217,
20140417,5.96,6.02,5.85,5.86,2371278.0,0.6757639728927247,
20140418,5.82,5.97,5.82,5.94,2076350.0,0.5917157436267739,
20140421,5.9,5.9,5.76,5.77,2980501.0,0.8493796159584575,
20140422,5.76,5.8,5.68,5.76,1464753.0,0.4174235608758388,
20140423,5.72,5.79,5.68,5.75,1985137.0,0.5657219718043793,
20140424,5.73,5.76,5.65,5.69,3176299.0,0.9051778961957175,
20140425,5.66,5.68,5.56,5.56,2467194.0,0.7030980000392587,
20140428,5.56,5.56,5.28,5.29,3011071.0,0.8580914180547662,
20140429,5.3,5.42,5.3,5.36,1860913.0,0.5303207646204786,
20140430,5.36,5.4,5.32,5.39,1107310.0,0.31555988155916054,
20140505,5.39,5.42,5.3,5.39,1952358.0,0.5563806515258415,
20140506,5.39,5.43,5.32,5.43,3530938.0,1.0062424949406572,
20140507,5.39,5.42,5.34,5.38,2033139.0,0.5794015244451058,
20140508,5.37,5.62,5.33,5.46,3707805.0,1.056645841403458,
20140509,5.46,5.62,5.41,5.57,6578143.0,1.8746313371677499,
20140512,5.58,6.13,5.51,6.13,23136344.0,6.5933676859705,
20140513,6.05,6.13,5.73,5.83,18689918.0,5.326230513975691,
20140514,5.81,5.87,5.68,5.73,7649787.0,2.180027164635744,
20140515,5.75,5.77,5.53,5.55,5531570.0,1.5763802133424296,
20140516,5.52,5.56,5.43,5.5,4409924.0,1.256734875621912,
20140519,5.48,5.49,5.36,5.43,3704960.0,1.0558350767006777,
20140520,5.45,5.47,5.42,5.46,2649568.0,0.755070724786141,
20140521,5.45,5.65,5.39,5.57,3590038.0,1.0230847423692422,
20140522,5.54,5.61,5.46,5.48,3362933.0,0.9583646306557263,
20140523,5.5,5.51,5.41,5.46,1679712.0,0.4786823200129148,
20140526,5.51,5.53,5.42,5.48,2707761.0,0.7716544964377763,
20140527,5.45,5.48,5.42,5.43,1888581.0,0.5382055582220706,
20140528,5.43,5.51,5.4,5.47,2668187.0,0.7603767451731601,
20140529,5.46,5.48,5.35,5.36,3607414.0,1.0280365341005298,
20140530,5.37,5.42,5.35,5.38,2217183.0,0.6318501637978382,
20140603,5.38,5.47,5.37,5.4,2017891.0,0.5750561676127697,
20140604,5.41,5.41,5.31,5.34,1527764.0,0.4353803604142917,
20140605,5.31,5.4,5.31,5.4,1510374.0,0.43042457897972164,
20140606,5.39,5.4,5.32,5.34,1287008.0,0.3667700030214593,
20140609,5.32,5.41,5.32,5.4,2389699.0,0.6810135674761759,
20140610,5.42,5.47,5.38,5.46,2216157.0,0.6315577755429866,
20140611,5.44,5.47,5.38,5.43,1368738.0,0.390061320827521,
20140612,5.43,5.44,5.37,5.38,1363481.0,0.388563187244914,
20140613,5.37,5.44,5.36,5.41,2502024.0,0.7130238118486938,
20140616,5.42,5.48,5.41,5.44,2114859.0,0.6026899924631085,
20140617,5.43,5.43,5.37,5.38,1279473.0,0.3646226877190162,
20140618,5.37,5.43,5.35,5.4,2058329.0,0.586580140565682,
20140619,5.4,5.4,5.18,5.2,2464321.0,0.7022792559299131,
20140620,5.2,5.25,5.19,5.22,2121229.0,0.6045053074566802,
20140623,5.25,5.29,5.17,5.25,2164779.0,0.6169161344535478,
20140624,5.23,5.3,5.21,5.28,2110091.0,0.6013312135165858,
20140625,5.27,5.49,5.21,5.31,3565395.0,1.0160620096554922,
20140626,5.32,5.34,5.28,5.32,2668712.0,0.7605263590462567,
20140627,5.33,5.34,5.27,5.28,2750027.0,0.7836994106478706,
20140630,5.31,5.32,5.28,5.29,3263774.0,0.3335669431140146,
20140701,5.28,5.4,5.28,5.36,3244416.0,0.33158850070813684,
20140702,5.33,5.47,5.3,5.45,5081452.0,0.51933878087778,
20140703,5.45,5.46,5.4,5.45,3543505.0,0.36215624328131363,
20140704,5.34,5.34,5.24,5.27,2737628.0,0.279793332302829,
20140707,5.26,5.28,5.21,5.23,2693244.0,0.275257161843976,
20140708,5.24,5.26,5.2,5.25,2230871.0,0.22800133218528756,
20140709,5.25,5.25,5.16,5.17,3320706.0,0.3393855546984463,
20140710,5.14,5.21,5.12,5.16,2891102.0,0.29547880961451795,
20140711,5.16,5.21,5.13,5.19,2482887.0,0.2537580808865829,
20140714,5.19,5.25,5.17,5.25,2262991.0,0.2312840871226154,
20140715,5.25,5.32,5.23,5.29,5114953.0,0.5227626779249599,
20140716,5.29,5.31,5.25,5.29,3846582.0,0.39313157074521465,
20140717,5.26,5.29,5.21,5.23,2593484.0,0.265061407405999,
20140718,5.23,5.28,5.21,5.24,2899268.0,0.29631339793388967,
20140721,5.25,5.25,5.18,5.22,2612964.0,0.26705231855728,
20140722,5.21,5.33,5.18,5.3,5913460.0,0.6043723540376877,
20140723,5.27,5.46,5.27,5.36,9505171.0,0.9714553869986037,
20140724,5.37,5.66,5.36,5.56,13757918.0,1.4060981706678455,
20140725,5.55,5.73,5.47,5.67,14447924.0,1.4766187373952993,
20140728,5.63,6.09,5.63,5.97,22499956.0,2.2995592045036912,
20140729,5.93,5.96,5.8,5.89,12467709.0,1.2742351580609097,
20140730,5.85,6.1,5.8,5.97,13091967.0,1.3380360930442965,
20140731,5.96,6.08,5.88,6.06,12195574.0,1.2464221905992128,
20140801,6.0,6.19,5.92,5.97,14401531.0,1.4718772414486165,
20140804,5.9,6.14,5.88,6.09,15401909.0,1.57411870529339,
20140805,6.1,6.45,6.07,6.17,18439176.0,1.8845359917265418,
20140806,6.12,6.16,6.01,6.13,10046011.0,1.0267307662110687,
20140807,6.1,6.2,5.86,5.89,11250655.0,1.1498487935685509,
20140808,5.9,5.96,5.84,5.92,6730751.0,0.6879018081311992,
20140811,5.92,6.02,5.9,5.98,5684092.0,0.5809302950568346,
20140812,5.98,6.01,5.88,5.94,5368379.0,0.5486635326182114,
20140813,5.94,6.15,5.87,6.11,12829506.0,1.3112118357713827,
20140814,6.06,6.09,5.89,5.92,8763237.0,0.8956276316539159,
20140815,5.93,6.03,5.88,5.96,5270606.0,0.5386708552057783,
20140818,5.95,6.09,5.93,6.09,7018385.0,0.717298817273271,
20140819,6.09,6.28,6.05,6.18,11844389.0,1.2105300893331645,
20140820,6.16,6.22,6.05,6.11,7476217.0,0.7640905438755957,
20140821,6.09,6.14,6.01,6.12,5839362.0,0.5967993286533131,
20140822,6.1,6.21,6.08,6.21,9598883.0,0.9810330187136368,
20140825,6.25,6.34,6.17,6.25,13909089.0,1.4215482748593393,
20140826,6.15,6.17,5.86,5.91,11381520.0,1.1632235670702133,
20140827,5.88,5.94,5.77,5.8,6172438.0,0.6308406388496206,
20140828,5.81,5.99,5.8,5.83,5043212.0,0.5154305446136637,
20140829,5.87,5.87,5.73,5.86,3731503.0,0.3813701711364741,
20140901,5.83,5.92,5.8,5.91,5087234.0,0.5199297176476315,
20140902,5.92,6.0,5.86,5.99,7189218.0,0.7347584335313198,
20140903,6.0,6.11,5.99,6.08,9186145.0,0.9388500265802991,
20140904,6.09,6.1,6.03,6.1,6635886.0,0.6782063365518218,
20140905,6.11,6.19,6.08,6.12,7531354.0,0.769725701378069,
20140909,6.12,6.18,6.03,6.1,7362599.0,0.7524784626032013,
20140910,6.07,6.07,5.99,6.05,5834651.0,0.5963178511156496,
20140911,6.05,6.28,6.02,6.25,17612108.0,1.8000073005526367,
20140912,6.22,6.3,6.16,6.29,14090781.0,1.4401177116611128,
20140915,6.32,6.58,6.29,6.42,19013908.0,1.9432752292931759,
20140916,6.4,6.44,6.12,6.13,14750545.0,1.5075474603681849,
20140917,6.22,6.23,6.07,6.19,8285479.0,0.8467994114376064,
20140918,6.15,6.51,6.1,6.5,19061500.0,1.948139266434437,
20140919,6.49,7.15,6.44,7.15,50162600.0,5.126759739078461,
20140922,7.14,7.44,6.92,7.14,42360304.0,4.329342998216287,
20140923,7.01,7.18,6.9,7.01,21739678.0,2.221856640423937,
20140924,7.0,7.0,6.76,6.91,22063050.0,2.254906174346526,
20140925,6.91,6.95,6.82,6.9,15326550.0,1.5664168021389042,
20140926,6.85,6.91,6.76,6.84,11577215.0,1.1832241501169247,
20140929,6.86,6.98,6.81,6.97,13560664.0,0.5671989984933999,
20140930,7.08,7.15,6.88,6.89,20436244.0,0.8547824155046356,
20141008,6.88,6.88,6.64,6.79,14102835.0,0.5898762691795674,
20141009,6.78,6.93,6.72,6.9,13325587.0,0.5573664829935076,
20141010,6.91,7.02,6.73,6.81,12926931.0,0.5406919835778902,
20141013,6.81,6.94,6.64,6.93,11115770.0,0.46493693903801325,
20141014,6.88,6.91,6.75,6.82,8745486.0,0.365795576126512,
20141015,6.83,6.85,6.69,6.77,6115481.0,0.2557909183875816,
20141016,6.76,6.8,6.57,6.59,8088524.0,0.3383169667864221,
20141017,6.59,6.64,6.29,6.37,9880929.0,0.41328750811792053,
20141020,6.38,6.44,6.35,6.43,4347994.0,0.18186261692313238,
20141021,6.44,6.47,6.35,6.37,4697476.0,0.1964803259373422,
20141022,6.37,6.41,6.22,6.23,5431797.0,0.22719461365752108,
20141023,6.25,6.32,6.12,6.19,6497832.0,0.27178343204863464,
20141024,6.16,6.21,6.13,6.16,3950893.0,0.16525315816058747,
20141027,6.18,6.24,6.11,6.2,3232036.0,0.13518567986749133,
20141028,6.17,6.34,6.17,6.34,6404258.0,0.26786953232477,
20141029,6.36,6.45,6.29,6.41,7871693.0,0.3292476228337718,
20141030,6.45,6.47,6.32,6.39,7584899.0,0.31725195141429585,
20141031,6.4,6.6,6.33,6.53,10049679.0,0.42034577834685327,
20141103,6.5,6.64,6.49,6.57,9062246.0,0.3790446290315002,
20141104,6.57,6.73,6.53,6.66,11561017.0,0.4835601902654008,
20141105,6.67,6.67,6.49,6.5,7214560.0,0.30176186111318326,
20141106,6.51,6.55,6.4,6.48,6274932.0,0.262460241328462,
20141107,6.47,6.55,6.36,6.39,7351483.0,0.30748891020684943,
20141110,6.38,6.51,6.35,6.49,7264238.0,0.303839732215008,
20141111,6.49,6.62,6.25,6.3,11865934.0,0.4963138885373743,
20141112,6.26,6.41,6.25,6.4,6956830.0,0.29098184341775885,
20141113,6.4,6.5,6.25,6.43,8983539.0,0.3757525681431529,
20141114,6.42,6.52,6.36,6.46,7413942.0,0.3101013694674652,
20141117,6.45,6.53,6.4,6.47,7952687.0,0.33263534158294034,
20141118,6.42,6.47,6.3,6.35,6326229.0,0.264605829997698,
20141119,6.31,6.37,6.28,6.34,3827487.0,0.16009148174060708,
20141120,6.33,6.38,6.32,6.35,2674001.0,0.11184486903962447,
20141121,6.36,6.38,6.31,6.37,5642991.0,0.2360281800144351,
20141124,6.4,6.55,6.36,6.53,14967933.0,0.6260605385633264,
20141125,6.54,6.63,6.5,6.62,13750919.0,0.5751567537669148,
20141126,6.66,6.75,6.55,6.63,14433408.0,0.6037030754870578,
20141127,6.65,6.84,6.6,6.74,17834330.0,0.7459527140264517,
20141128,6.75,6.76,6.5,6.67,14243665.0,0.5957667355282524,
20141201,6.67,6.97,6.61,6.81,24013080.0,1.004389971371748,
20141202,6.78,6.9,6.7,6.85,16102645.0,0.6735218951737728,
20141203,6.84,7.28,6.83,7.05,28899188.0,1.2087601677080475,
20141204,7.05,7.49,7.05,7.48,27491556.0,1.1498834445146064,
20141205,7.54,7.55,6.79,6.99,28991212.0,1.2126092359127725,
20141208,6.91,7.13,6.81,7.03,17061052.0,0.7136089801829629,
20141209,7.0,7.15,6.6,6.61,21604366.0,0.9036412050534444,
20141210,6.58,6.84,6.53,6.8,11130966.0,0.4655725388863028,
20141211,6.72,6.84,6.64,6.79,12757122.0,0.5335894187820095,
20141212,6.2,6.69,6.19,6.34,55416776.0,2.3179056605880866,
20141215,6.22,6.29,6.11,6.28,26707116.0,1.1170728400797378,
20141216,6.29,6.41,6.21,6.37,28789392.0,1.2041677538529014,
20141217,6.33,6.34,6.14,6.19,19653236.0,0.8220317070280949,
20141218,6.13,6.24,6.11,6.16,16099393.0,0.6733858744639388,
20141219,6.16,6.26,6.0,6.22,22322796.0,0.9336908233086872,
20141222,6.22,6.55,6.05,6.43,40321992.0,1.686539352325143,
20141223,6.31,6.32,5.9,6.0,19875440.0,0.8313257863048343,
20141224,6.0,6.08,5.96,6.06,9892481.0,0.4137706911560517,
20141225,6.06,6.15,6.03,6.12,16390822.0,0.6855754130390361,
20141226,6.1,6.13,6.03,6.09,13392015.0,0.5601449527699078,
20141229,6.1,6.16,5.96,6.05,17025176.0,0.7121084023889884,
20141230,6.01,6.06,5.93,5.98,9226600.0,0.38591902870679523,
20141231,6.01,6.05,5.94,6.03,7093583.0,0.29670178195771296,
20150105,6.03,6.63,6.0,6.63,48043612.0,2.009509903822224,
20150106,6.5,6.63,6.3,6.55,38394724.0,1.6059279250802547,
20150107,6.4,6.67,6.37,6.64,23210264.0,0.9708107579073868,
20150108,6.61,6.75,6.48,6.57,19379040.0,0.8105629694654729,
20150109,6.5,6.64,6.42,6.45,16864604.0,0.7053921916203947,
20150112,6.39,6.39,6.18,6.19,12065305.0,0.5046529367970043,
20150113,6.17,6.36,6.16,6.26,6310170.0,0.26393413363262286,
20150114,6.27,6.29,6.11,6.13,6023240.0,0.2519327737701772,
20150115,6.1,6.24,6.04,6.2,9453357.0,0.39540354534265965,
20150116,6.19,6.29,6.17,6.21,9197427.0,0.3846988158630106,
20150119,6.1,6.15,5.74,5.77,13392613.0,0.5601699651882599,
20150120,5.8,5.95,5.8,5.92,7901795.0,0.3305066927622538,
20150121,5.92,6.1,5.91,6.06,8154537.0,0.34107807844640753,
20150122,6.06,6.2,6.04,6.17,9459567.0,0.3956632896870844,
20150123,6.2,6.22,6.11,6.15,8101733.0,0.33886945680985303,
20150126,6.1,6.27,6.1,6.26,9658964.0,0.4040034254431645,
20150127,6.25,6.32,6.11,6.24,7970479.0,0.3333795237690924,
20150128,6.2,6.28,6.15,6.25,8006425.0,0.33488302943812487,
20150129,6.2,6.26,6.16,6.18,6520733.0,0.27274130728722895,
20150130,6.16,6.22,6.05,6.06,5503072.0,0.23017581786828964,
20150202,6.02,6.05,5.94,5.96,5609683.0,0.23463501340830004,
20150203,5.97,6.06,5.95,6.05,5921592.0,0.24768116457177386,
20150204,6.08,6.12,6.01,6.03,5006977.0,0.2094257581988233,
20150205,6.09,6.11,6.0,6.02,6557839.0,0.2742933320286499,
20150206,5.99,6.03,5.84,5.88,5206727.0,0.2177806588105527,
20150209,5.83,5.92,5.81,5.87,3653629.0,0.15281956028601862,
20150210,5.87,5.91,5.84,5.89,3873493.0,0.16201576488225025,
20150211,5.9,5.94,5.84,5.9,3449567.0,0.1442843025707209,
20150212,5.92,6.0,5.89,5.95,3289693.0,0.13759728689913328,
20150213,5.99,6.08,5.98,6.04,5325492.0,0.22274821711419246,
20150216,6.02,6.09,6.01,6.07,4816748.0,0.20146909042175867,
20150217,6.07,6.15,6.05,6.13,5458492.0,0.2283111797242551,
20150225,6.13,6.15,6.07,6.1,4330539.0,0.18113253036404484,
20150226,6.12,6.2,6.08,6.2,7313189.0,0.30588719524301683,
20150227,6.21,6.21,6.15,6.18,5968446.0,0.2496409168284045,
20150302,6.18,6.25,6.16,6.24,8969972.0,0.37518510413013995,
20150303,6.24,6.27,6.12,6.14,8520467.0,0.35638375444565723,
20150304,6.13,6.22,6.12,6.2,6999789.0,0.2927786803408091,
20150305,6.2,6.32,6.19,6.31,12407501.0,0.5189658958444704,
20150306,6.34,6.4,6.28,6.32,10062330.0,0.42087492902339396,
20150309,6.32,6.37,6.2,6.36,8993033.0,0.37614967165458096,
20150310,6.35,6.57,6.33,6.46,17607860.0,0.7364802016783247,
20150311,6.42,6.5,6.38,6.41,7883422.0,0.32973820921312086,
20150312,6.44,6.45,6.27,6.44,12653220.0,0.5292435320067408,
20150313,6.42,6.63,6.42,6.55,20494508.0,0.8572194113957086,
20150316,6.56,6.65,6.44,6.62,16590125.0,0.6939116170771813,
20150317,6.64,6.74,6.6,6.71,16456837.0,0.6883366083525946,
20150318,6.73,6.87,6.72,6.84,13470016.0,0.5634074839469567,
20150319,7.0,7.06,6.75,6.87,17627156.0,0.7372872913514358,
20150320,6.88,6.92,6.81,6.87,13039055.0,0.5453817701921055,
20150323,6.87,7.15,6.86,7.13,17978600.0,0.7519870645208406,
20150324,7.14,7.19,6.79,6.98,16151266.0,0.6755555553622229,
20150325,6.95,6.95,6.78,6.89,13386680.0,0.5599218068637072,
20150326,6.8,6.97,6.78,6.95,14538155.0,0.6080843058969543,
20150327,6.95,7.12,6.94,6.98,13838633.0,0.5788255485216444,
20150330,6.75,7.05,6.65,7.02,31598488.0,1.3216632126203938,
20150331,6.99,7.05,6.92,6.96,20498508.0,0.8573867185418758,
20150401,6.93,7.04,6.92,7.0,17293516.0,0.7233322022896216,
20150402,7.01,7.29,7.0,7.2,26150054.0,1.0937727267151762,
20150403,7.15,7.34,7.13,7.25,20193072.0,0.8446113121676871,
20150407,7.27,7.57,7.26,7.49,24855456.0,1.0396238525117036,
20150408,7.52,7.54,7.27,7.32,22479860.0,0.9402603057100922,
20150409,7.31,7.41,7.06,7.21,16674140.0,0.6974256945484927,
20150410,7.19,7.93,7.14,7.91,48703572.0,2.037113909868366,
20150413,7.7,8.59,7.61,8.29,53113144.0,2.221552136653171,
20150414,8.2,8.25,7.97,8.08,28162564.0,1.1779495528984627,
20150415,8.05,8.34,7.91,8.06,26282670.0,1.0993196278392068,
20150416,7.96,8.4,7.75,8.22,24979796.0,1.0448245951503141,
20150417,8.29,8.98,8.16,8.54,34655392.0,1.4495236837072423,
20150420,8.38,8.93,8.2,8.24,31523224.0,1.3185151613581099,
20150421,8.06,8.4,8.06,8.39,19253290.0,0.8053032510578385,
20150422,8.43,8.7,8.35,8.54,21440814.0,0.896800350460956,
20150423,8.58,8.84,8.4,8.71,30258880.0,1.2656317147546736,
20150424,8.54,8.68,8.35,8.5,19013526.0,0.7952746934094247,
20150427,8.5,8.64,8.39,8.63,23361688.0,0.977144337232696,
20150428,8.69,8.69,8.2,8.28,18649396.0,0.7800443056259501,
20150429,8.27,8.46,8.06,8.44,16008904.0,0.6696010103765556,
20150430,8.41,8.52,8.16,8.19,11105131.0,0.4644919438559948,
20150504,8.13,8.37,8.13,8.24,10454013.0,0.43725777025645524,
20150505,8.2,8.49,7.8,7.88,15590913.0,0.6521177900431521,
20150506,7.95,8.03,7.47,7.6,12889695.0,0.5391345213542187,
20150507,7.56,7.65,7.18,7.22,11765152.0,0.4920985013361161,
20150508,7.27,7.48,7.26,7.45,9466302.0,0.39594499309444353,
20150511,7.53,7.74,7.45,7.73,11808063.0,0.49389333057341234,
20150512,7.74,7.79,7.6,7.7,10054347.0,0.4205410257864306,
20150513,7.74,7.77,7.6,7.73,11938415.0,0.4993455358527122,
20150514,7.64,7.66,7.41,7.64,19461472.0,0.8140108351336885,
20150515,7.54,7.63,7.28,7.43,19463852.0,0.8141103828856581,
20150518,7.35,7.53,7.3,7.47,12504052.0,0.5230043139118701,
20150519,7.49,7.68,7.44,7.65,13990637.0,0.5851833873831478,
20150520,7.7,7.86,7.61,7.63,17353008.0,0.7258205614745677,
20150521,7.63,7.85,7.45,7.82,20526988.0,0.8585779454225869,
20150522,7.83,8.12,7.76,8.09,27585598.0,1.1538169191745726,
20150525,8.04,8.37,8.0,8.28,24296214.0,1.0162325567524808,
20150526,8.32,8.4,8.16,8.4,24514304.0,1.0253545606293872,
20150527,8.4,8.82,8.33,8.76,32688980.0,1.3672749887299607,
20150528,8.76,9.17,8.2,8.41,39384160.0,1.647312853449051,
20150529,8.4,8.55,7.92,8.27,22511448.0,0.9415815302433754,
20150601,8.3,9.1,8.22,9.1,27939500.0,1.1686195025852975,
20150602,9.15,9.8,9.15,9.65,41411768.0,1.7321211804555463,
20150603,9.66,10.13,9.2,9.8,35224260.0,1.4733176041137168,
20150604,9.73,10.45,9.12,10.4,43392712.0,1.8149777022948537,
20150605,10.33,10.87,10.1,10.39,38029060.0,1.5906333750062254,
20150608,10.37,10.46,10.05,10.18,27294404.0,1.1416372098943128,
20150609,10.15,10.66,9.69,10.41,35376100.0,1.4796685833822272,
20150610,10.15,10.55,9.91,10.32,23155610.0,0.9685247567157299,
20150611,10.31,11.3,10.23,11.07,27255780.0,1.1400216920909212,
20150612,11.0,11.96,10.86,11.56,37372864.0,1.5631868049846263,
20150615,11.55,11.56,11.06,11.1,24318996.0,1.0171854546034766,
20150616,10.86,10.86,10.13,10.15,24402148.0,1.0206634355580024,
20150617,10.03,10.58,9.71,10.57,21594990.0,0.9032490371028283,
20150618,10.5,10.72,10.01,10.1,17443120.0,0.7295896568634246,
20150619,9.84,10.0,9.18,9.2,14491752.0,0.6061434175210539,
20150623,9.19,9.64,8.71,9.57,19621792.0,0.8207165055520738,
20150624,9.7,10.04,9.5,9.97,25132842.0,1.051226017523394,
20150625,9.98,10.0,9.17,9.37,21434686.0,0.8965440359130278,
20150626,9.05,9.19,8.43,8.43,19073116.0,0.797767151619452,
20150629,8.73,8.74,7.59,8.29,22752076.0,0.9516462262353614,
20150630,8.09,9.07,7.54,8.94,22050248.0,0.9222910162902861,
20150701,8.8,9.2,8.32,8.35,20276000.0,0.8480799239220276,
20150702,8.58,8.58,7.63,7.75,15309407.0,0.6403432986709092,
20150703,7.5,7.8,6.98,6.99,18436708.0,0.7711482500499426,
20150706,7.66,7.66,6.31,6.89,20394260.0,0.8530263596984636,
20150707,6.74,6.74,6.2,6.21,18576754.0,0.777005924197979,
20150708,5.6,6.49,5.59,6.16,41780364.0,1.7475383666677164,
20150709,6.16,6.78,6.16,6.78,15255307.0,0.6380804695189966,
20150710,7.0,7.46,6.79,7.46,17045660.0,0.7129651822845111,
20150713,7.85,8.21,7.4,8.21,25499978.0,1.0665821366272132,
20150714,7.99,8.28,7.51,7.62,22550906.0,0.9432319315867428,
20150715,7.5,7.5,6.86,6.86,14124535.0,0.590783910447525,
20150716,6.86,7.2,6.5,6.99,12673544.0,0.5300936196164169,
20150717,6.99,7.43,6.99,7.31,10641559.0,0.44510221676522826,
20150720,7.26,7.5,7.12,7.36,12419675.0,0.5194750951438305,
20150721,7.25,7.45,7.1,7.36,11723953.0,0.49037527955737953,
20150722,7.3,7.48,7.13,7.38,10427521.0,0.43614969502738926,
20150723,7.38,7.7,7.28,7.69,14747831.0,0.6168543791918978,
20150724,7.96,8.1,7.56,7.59,24339984.0,1.0180633151994165,
20150727,7.35,7.55,6.83,6.83,13127903.0,0.5490979965227736,
20150728,6.28,7.19,6.21,7.07,18825790.0,0.7874222998112086,
20150729,6.98,7.4,6.98,7.38,8601327.0,0.3597658684054292,
20150730,7.2,7.44,6.95,7.05,7165381.0,0.2997048615778429,
20150731,7.0,7.16,6.9,7.12,4763114.0,0.19922575255237446,
20150803,7.29,7.79,7.03,7.7,12283696.0,0.5137875305366598,
20150804,7.68,7.96,7.41,7.82,15445476.0,0.6460346276888688,
20150805,7.88,7.99,7.51,7.53,10352875.0,0.4330274927191883,
20150806,7.5,7.8,7.36,7.62,6723117.0,0.2812063796547095,
20150807,7.62,7.79,7.53,7.7,8154881.0,0.34109246686097794,
20150810,7.7,8.1,7.65,7.94,13280160.0,0.5554664175612721,
20150811,7.94,8.06,7.84,7.9,10819777.0,0.4525565030091391,
20150812,7.84,8.08,7.71,7.91,9768900.0,0.40860169504842647,
20150813,7.85,7.95,7.68,7.94,7773730.0,0.32515014534377507,
20150814,8.02,8.25,7.88,7.92,9731146.0,0.4070225665493264,
20150817,7.8,8.12,7.62,8.1,11515645.0,0.4816624253064252,
20150818,8.09,8.09,7.29,7.29,10641274.0,0.4450902961310638,
20150819,6.9,7.45,6.76,7.37,8206457.0,0.34324972520365904,
20150820,7.21,7.39,6.95,7.01,5598117.0,0.2341512447951573,
20150821,6.86,7.02,6.45,6.56,5577910.0,0.23330605091950665,
20150824,6.25,6.3,5.9,5.9,6750523.0,0.2823526845666747,
20150825,5.39,5.65,5.31,5.31,5935190.0,0.24824992521516961,
20150826,5.39,5.5,4.93,5.11,7749835.0,0.32415069427935816,
20150827,5.2,5.62,5.11,5.44,5877697.0,0.2458451777765205,
20150828,5.49,5.83,5.41,5.81,7411381.0,0.30999425106713163,
20150831,5.79,5.79,5.49,5.53,4922993.0,0.20591297735789477,
20150901,5.52,5.55,5.16,5.25,5296500.0,0.22153557491877188,
20150902,5.08,5.36,4.81,5.13,4321226.0,0.18074299750098086,
20150907,5.2,5.36,5.18,5.22,3632648.0,0.1519419924775846,
20150908,5.24,5.45,5.1,5.41,4094017.0,0.1712395751575995,
20150909,5.41,5.66,5.4,5.6,6714089.0,0.2808287674258099,
20150910,5.52,5.59,5.41,5.52,4413124.0,0.1845867955306014,
20150911,5.48,5.53,5.4,5.51,3549272.0,0.14845464232287348,
20150914,5.53,5.59,4.96,4.98,4967874.0,0.20779020536467835,
20150915,4.83,4.98,4.52,4.53,6005272.0,0.25118123006959375,
20150916,4.55,4.98,4.55,4.98,5506761.0,0.2303301168838424,
20150917,5.08,5.48,4.78,5.32,14944406.0,0.6250764797563568,
20150918,5.28,5.85,5.24,5.85,17511334.0,0.7324428292805887,
20150921,5.8,6.15,5.6,5.73,24856636.0,1.039673208119823,
20150922,5.67,5.75,5.46,5.65,17301570.0,0.7236690752284294,
20150923,5.45,5.55,5.36,5.47,9282301.0,0.38824882254396137,
20150924,5.47,5.64,5.42,5.55,8730319.0,0.36516118925503216,
20150925,5.46,5.49,5.11,5.17,9108474.0,0.38097819771975566,
20150928,5.19,5.29,5.1,5.22,4033122.0,0.16869253299113512,
20150929,5.16,5.19,4.93,4.99,5060306.0,0.21165633889831229,
20150930,4.97,5.08,4.94,5.02,2837700.0,0.11869187216973455,
20151008,5.21,5.28,5.12,5.2,4296651.0,0.17971510422171552,
20151009,5.18,5.35,5.15,5.32,5698492.0,0.2383496084942929,
20151012,5.36,5.59,5.29,5.54,9862868.0,0.4125320745261886,
20151013,5.5,5.51,5.39,5.48,8775071.0,0.3670330216063519,
20151014,5.46,5.65,5.4,5.5,8881669.0,0.37149167339813727,
20151015,5.4,5.65,5.38,5.61,15413099.0,0.6446804018210041,
20151016,5.59,5.77,5.45,5.66,14728599.0,0.6160499664331255,
20151019,5.66,5.7,5.49,5.56,9906330.0,0.4143499503228694,
20151020,5.55,5.67,5.5,5.64,10342094.0,0.4325765581334809,
20151021,5.61,5.64,5.08,5.17,15660797.0,0.6550408131938409,
20151022,5.11,5.36,5.07,5.31,9075454.0,0.3795970772281446,
20151023,5.32,5.66,5.26,5.56,13828602.0,0.5784059840258432,
20151026,5.58,5.61,5.5,5.54,8857530.0,0.3704820165978041,
20151027,5.53,5.6,5.27,5.58,9228495.0,0.38599829046729195,
20151028,5.54,5.6,5.4,5.48,8559669.0,0.35802344813166986,
20151029,5.54,5.73,5.46,5.6,14332461.0,0.5994807868660204,
20151030,5.6,5.64,5.48,5.52,8754573.0,0.36617565613581754,
20151102,5.43,5.85,5.31,5.73,17195152.0,0.7192179522582215,
20151103,5.75,5.9,5.66,5.75,15639629.0,0.6541554237763235,
20151104,5.74,6.08,5.7,6.05,16261418.0,0.680162859553378,
20151105,6.0,6.57,5.94,6.28,32062744.0,1.341081549233155,
20151106,6.2,6.38,6.16,6.37,13931249.0,0.5826993781840019,
20151109,6.37,6.57,6.33,6.53,12141861.0,0.5078550282675002,
20151110,6.47,6.78,6.44,6.73,12806487.0,0.5356541980996467,
20151111,6.7,7.4,6.56,7.4,22671968.0,0.948295566019069,
20151112,7.58,8.14,7.5,8.14,39433320.0,1.6493690582754472,
20151113,8.12,8.92,7.51,8.89,63870604.0,2.671502119805383,
20151116,8.31,8.59,8.0,8.13,77222568.0,3.2299718679475045,
20151117,7.85,8.04,7.66,7.69,51977516.0,2.1740524667062524,
20151118,7.61,7.66,7.37,7.6,32636560.0,1.3650824285794383,
20151119,7.54,7.68,7.32,7.61,27653696.0,1.1566652396844979,
20151120,7.56,7.58,7.37,7.47,22162400.0,0.9269819740545246,
20151123,7.47,7.54,7.34,7.39,16584005.0,0.6936556371435454,
20151124,7.35,7.55,7.21,7.52,17034652.0,0.7125047530182588,
20151125,7.43,7.56,7.38,7.49,14421659.0,0.603211652571978,
20151126,7.54,7.59,7.38,7.39,17539844.0,0.7336353109648961,
20151127,7.37,7.43,6.65,6.65,23611918.0,0.9876106540290567,
20151130,6.59,6.67,6.2,6.48,15624219.0,0.653510872995714,
20151201,6.38,6.65,6.33,6.5,12325369.0,0.5155305782122173,
20151202,6.5,6.5,6.17,6.43,12405555.0,0.51888450091786,
20151203,6.46,6.64,6.42,6.6,12726627.0,0.5323139109264166,
20151204,6.52,6.61,6.41,6.46,10577486.0,0.4424222490711339,
20151207,6.44,6.56,6.33,6.5,7588797.0,0.3174149922282359,
20151208,6.45,6.46,6.22,6.24,10313126.0,0.43136491978093733,
20151209,6.24,6.32,6.19,6.28,7293021.0,0.3050436326120413,
20151210,6.22,6.34,6.21,6.27,8099924.0,0.3387937921529989,
20151211,6.3,6.58,6.26,6.46,15917286.0,0.6657689238471668,
20151214,6.41,6.72,6.21,6.66,14993370.0,0.6271244865325908,
20151215,6.56,6.75,6.5,6.57,12313861.0,0.5150492355526939,
20151216,6.57,6.66,6.42,6.48,11665910.0,0.48794752738613234,
20151217,6.42,6.6,6.42,6.54,15063763.0,0.6300687995176294,
20151218,6.53,6.56,6.41,6.53,10131848.0,0.42378264357020845,
20151221,6.5,6.68,6.46,6.57,14659977.0,0.6131797286870524,
20151222,6.59,6.69,6.53,6.62,11906891.0,0.4980269882337678,
20151223,6.51,6.61,6.31,6.39,10727660.0,0.44870354491326586,
20151224,6.4,6.44,6.17,6.24,10379834.0,0.4341551010575693,
20151225,6.23,6.31,6.21,6.29,7135504.0,0.2984552026763328,
20151228,6.27,6.34,5.93,5.96,10564618.0,0.44188402198191373,
20151229,5.9,6.06,5.9,6.05,7049853.0,0.294872696582239,
20151230,6.06,6.07,5.99,6.04,5488891.0,0.22958267220834,
20151231,6.02,6.13,5.93,5.95,5913396.0,0.24733835222927708,
20160104,5.95,5.95,5.4,5.42,6381101.0,0.266900949428821,
20160105,5.3,5.45,5.02,5.36,10004578.0,0.41845934844703053,
20160106,5.36,5.9,5.3,5.9,21155947.0,0.8848852792591462,
20160107,5.76,5.9,5.31,5.31,4228870.0,0.1768800428031241,
20160108,5.48,5.84,5.36,5.84,22616446.0,0.945973259176694,
20160111,5.7,5.85,5.26,5.8,25191182.0,1.0536661922502442,
20160112,5.66,6.04,5.51,6.0,17592552.0,0.7358399172299425,
20160113,5.96,6.24,5.75,5.86,18025572.0,0.7539517523382832,
20160114,5.6,6.2,5.3,6.06,13997479.0,0.5854695662566669,
20160115,5.95,6.06,5.51,5.54,11770138.0,0.4923070496938136,
20160118,5.3,5.49,5.15,5.31,9157777.0,0.3830403837766272,
20160119,5.3,5.5,5.24,5.42,12422243.0,0.5195825063316699,
20160120,5.35,5.39,5.16,5.21,9601673.0,0.4016071270153968,
20160121,5.11,5.4,5.07,5.11,8566670.0,0.35831627746424916,
20160122,5.3,5.36,5.11,5.2,6540013.0,0.27354772773175534,
20160125,5.27,5.41,5.23,5.32,6944273.0,0.2904566244591532,
20160126,5.24,5.34,4.79,4.79,8403756.0,0.3515021083615744,
20160127,4.79,5.0,4.55,4.98,7422943.0,0.3104778523731282,
20160128,4.85,4.94,4.57,4.6,4542500.0,0.18999817786623643,
20160129,4.65,4.78,4.61,4.72,3950962.0,0.16525604420885884,
20160201,4.72,4.72,4.51,4.59,3830701.0,0.16022591303255254,
20160202,4.59,4.75,4.59,4.72,4432045.0,0.18537820015875925,
20160203,4.67,4.73,4.59,4.71,4345224.0,0.18174675672441154,
20160204,4.7,4.83,4.68,4.74,5814545.0,0.24320373255283123,
20160205,4.75,4.77,4.68,4.69,3893190.0,0.16283962709676458,
20160215,4.53,4.68,4.52,4.64,3099839.0,0.12965630416702179,
20160216,4.64,5.1,4.64,5.1,8758116.0,0.3663238484405352,
20160217,5.09,5.15,4.97,5.1,9706375.0,0.40598647521989895,
20160218,5.09,5.2,5.02,5.04,7245831.0,0.30306982655513265,
20160219,5.01,5.08,4.97,5.02,4090770.0,0.1711037635816982,
20160222,5.06,5.32,5.03,5.15,11695069.0,0.48916715465490546,
20160223,5.11,5.67,5.0,5.67,26101997.0,1.091762656834336,
20160224,5.88,6.24,5.81,6.18,44020849.0,1.8412506545128753,
20160225,5.94,5.94,5.56,5.56,27173645.0,1.1365862489783087,
20160226,5.44,5.84,5.32,5.68,22171639.0,0.9273684117353846,
20160229,5.42,5.79,5.11,5.21,19174661.0,0.8020144526588415,
20160301,5.27,5.69,5.1,5.38,20910826.0,0.8746326555152277,
20160302,5.29,5.79,5.26,5.75,22241705.0,0.9302990473612242,
20160303,5.62,5.81,5.59,5.63,17230956.0,0.7207155185235651,
20160304,5.62,5.7,5.18,5.39,13220581.0,0.5529744194458968,
20160307,5.48,5.59,5.34,5.54,14104798.0,0.5899583751615489,
20160308,5.64,5.88,5.41,5.87,28223590.0,1.1805020743739643,
20160309,5.4,5.66,5.4,5.48,14257786.0,0.5963573715810095,
20160310,5.5,5.56,5.26,5.43,10709117.0,0.4479279508104208,
20160311,5.33,5.45,5.27,5.39,4621262.0,0.19329253922784362,
20160314,5.41,5.66,5.39,5.55,7394709.0,0.3092969148819063,
20160315,5.52,5.71,5.41,5.61,11462990.0,0.47946003586106545,
20160316,5.57,5.74,5.54,5.56,11252564.0,0.4706585924762155,
20160317,5.5,5.65,5.35,5.59,14609922.0,0.6110860888867014,
20160318,5.53,5.77,5.5,5.75,18196515.0,0.7611017487101023,
20160321,5.74,6.08,5.67,5.89,21788899.0,0.9113596274543669,
20160322,5.79,5.86,5.7,5.71,12662517.0,0.5296323956412202,
20160323,5.65,5.76,5.59,5.67,8369838.0,0.35008342741564885,
20160324,5.6,5.6,5.5,5.5,8019286.0,0.33542096373983926,
20160325,5.5,5.58,5.48,5.57,5185400.0,0.21688861893397524,
20160328,5.56,5.93,5.53,5.8,21184219.0,0.8860678061682565,
20160329,5.77,5.89,5.62,5.71,12834433.0,0.5368230894763445,
20160330,5.75,5.85,5.7,5.8,10283383.0,0.43012086566882385,
20160331,5.84,5.87,5.55,5.64,18419642.0,0.7704344341108199,
20160401,5.57,5.63,5.52,5.6,10657918.0,0.44578646116626597,
20160405,5.59,5.7,5.53,5.66,8657784.0,0.3621272832932209,
20160406,5.63,5.72,5.59,5.7,9182850.0,0.3840891067955904,
20160407,5.71,5.85,5.65,5.71,14557597.0,0.6088975022809003,
20160408,5.67,5.67,5.51,5.59,8256709.0,0.3453516048809588,
20160411,5.6,5.88,5.55,5.79,16570931.0,0.6931087937362975,
20160412,5.81,6.02,5.76,5.99,32455275.0,1.3574998595812036,
20160413,6.1,6.24,5.93,5.96,32323798.0,1.3520005991670443,
20160414,5.88,5.96,5.73,5.85,20152666.0,0.8429212590306783,
20160415,5.82,5.85,5.75,5.84,9523751.0,0.39834790015448485,
20160418,5.78,5.8,5.66,5.79,7864126.0,0.3289311195400098,
20160419,5.79,5.84,5.67,5.74,6721203.0,0.2811263231852685,
20160420,5.77,5.77,5.21,5.39,11135491.0,0.46576180509540455,
20160421,5.38,5.83,5.35,5.68,16439271.0,0.6876018790202009,
20160422,5.6,5.83,5.52,5.78,13790780.0,0.5768240113052584,
20160425,5.78,5.86,5.61,5.74,16062006.0,0.6718220963954996,
20160426,5.71,6.06,5.71,5.99,28668535.0,1.1991126939118162,
20160427,5.95,6.16,5.86,6.1,31142324.0,1.302583338364329,
20160428,6.1,6.26,6.02,6.06,18487928.0,0.7732906180566149,
20160429,6.08,6.12,6.01,6.09,9427588.0,0.3943257108802634,
20160503,6.03,6.53,6.01,6.39,22400066.0,0.9369227791047741,
20160504,6.35,6.49,6.28,6.37,12899866.0,0.5395599416001357,
20160505,6.36,7.01,6.3,6.96,41015859.0,1.7155615792225594,
20160506,6.8,7.07,6.73,6.76,22578162.0,0.9443719624807266,
20160509,6.68,6.7,6.12,6.18,17788781.0,0.7440475457262581,
20160510,6.2,6.58,6.15,6.36,14786230.0,0.6184604859683174,
20160511,6.35,6.78,6.3,6.64,13578736.0,0.5679548921797838,
20160512,6.57,6.84,6.37,6.55,11040534.0,0.4617900589257526,
20160513,6.45,6.58,6.31,6.48,8864249.0,0.3707630507765787,
20160516,6.4,6.59,6.25,6.52,9013763.0,0.377016740939593,
20160517,6.5,6.9,6.45,6.81,21234593.0,0.8881747887135145,
20160518,6.69,7.05,6.4,6.76,21822623.0,0.9127701940037033,
20160519,6.7,6.93,6.48,6.61,15534599.0,0.6497623563858358,
20160520,6.46,6.75,6.3,6.64,11748102.0,0.49138535462557803,
20160523,6.64,6.75,6.53,6.6,8598341.0,0.35964097362081526,
20160524,6.57,6.59,6.38,6.39,6923683.0,0.28959541092425706,
20160525,6.45,6.68,6.35,6.61,12719798.0,0.5320282758011224,
20160526,6.53,6.8,6.45,6.77,11776167.0,0.49255922338987435,
20160527,6.76,7.14,6.69,6.91,23919698.0,1.0004841023908992,
20160530,6.87,6.91,6.71,6.79,8163628.0,0.3414583257628593,
20160531,6.79,7.35,6.76,7.12,22889593.0,0.9573981204402335,
20160601,7.05,7.23,7.04,7.1,11220659.0,0.4693241088515986,
20160602,7.12,7.81,7.03,7.81,47942458.0,2.0052789570563725,
20160603,7.7,7.86,7.03,7.03,81374664.0,3.4036407010406666,
20160606,6.65,6.68,6.34,6.43,48299230.0,2.020201583344472,
20160607,6.35,6.48,6.23,6.43,23937881.0,1.0012446388505893,
20160608,6.38,6.38,6.27,6.33,15009150.0,0.6277845132242208,
20160613,6.3,6.3,5.93,5.95,19073535.0,0.7977846770430129,
20160614,5.94,5.99,5.75,5.88,12273958.0,0.5133802212893155,
20160615,5.72,6.05,5.72,6.03,14418954.0,0.6030985111143823,
20160616,5.92,6.04,5.92,6.02,13383541.0,0.5597905125807524,
20160617,6.0,6.36,5.98,6.2,16846381.0,0.704629982089243,
20160620,6.1,6.19,6.0,6.07,9437007.0,0.39471967738270075,
20160621,6.08,6.16,5.9,6.0,7689686.0,0.32163485489565397,
20160622,5.92,6.07,5.9,6.04,7624086.0,0.31889101769851036,
20160623,5.98,6.02,5.92,5.96,7633855.0,0.3192996235762374,
20160624,5.92,5.98,5.58,5.8,9676706.0,0.4047455162899895,
20160627,5.7,5.92,5.65,5.86,6483769.0,0.27119522194949697,
20160628,5.89,5.9,5.81,5.89,6420333.0,0.2685418979184298,
20160629,5.92,5.93,5.85,5.89,5395721.0,0.22568567050623825,
20160630,5.88,6.0,5.88,5.98,7298913.0,0.30529007603834574,
20160701,5.96,6.03,5.91,5.95,4273995.0,0.17876747654582395,
20160704,5.89,6.08,5.89,6.02,9682630.0,0.4049932981734633,
20160705,6.0,6.14,6.0,6.06,8304114.0,0.34733440369697394,
20160706,6.03,6.08,5.96,6.05,5947416.0,0.24876129950742995,
20160707,6.05,6.19,6.01,6.15,11088224.0,0.4637847783759322,
20160708,6.15,6.17,6.04,6.09,6129091.0,0.25636018095241586,
20160711,6.08,6.18,6.0,6.08,10550648.0,0.4412997017739244,
20160712,6.05,6.49,6.05,6.25,20808741.0,0.8703627680111057,
20160713,6.21,6.24,6.12,6.17,16179641.0,0.6767423904303471,
20160714,6.16,6.18,6.08,6.15,7692901.0,0.32176932801438596,
20160715,6.15,6.19,6.04,6.05,8403100.0,0.351474669989603,
20160718,6.01,6.07,5.91,5.93,6723662.0,0.2812291752533748,
20160719,5.93,5.98,5.91,5.98,3795501.0,0.1587536101462803,
20160720,5.96,6.02,5.94,5.95,4346193.0,0.18178728688057055,
20160721,5.95,6.04,5.93,5.99,5510555.0,0.23048880771198207,
20160722,5.99,6.02,5.92,5.96,3733640.0,0.15616616330401653,
20160725,5.95,6.1,5.9,6.1,9394950.0,0.3929605682211113,
20160726,6.1,6.17,5.98,6.06,14688210.0,0.6143606243514876,
20160727,6.06,6.08,5.51,5.85,11728538.0,0.4905670553736738,
20160728,5.85,5.85,5.61,5.72,7451561.0,0.3116748513503821,
20160729,5.68,5.78,5.62,5.72,5344567.0,0.22354606306747773,
20160801,5.7,5.72,5.47,5.54,5334582.0,0.22312842260385762,
20160802,5.53,5.6,5.51,5.56,3254600.0,0.13612945947902105,
20160803,5.56,5.57,5.49,5.52,5188121.0,0.21700242962015553,
20160804,5.51,5.57,5.48,5.54,7336764.0,0.3068732617357403,
20160805,5.53,5.56,5.5,5.56,4226567.0,0.17678371571371831,
20160808,5.55,5.82,5.52,5.72,8262333.0,0.34558683872847,
20160809,5.68,5.75,5.66,5.72,8071688.0,0.3376127710082039,
20160810,5.69,5.95,5.68,5.85,12126488.0,0.5072120250779928,
20160811,6.0,6.05,5.83,5.88,10210110.0,0.42705609153854474,
20160812,5.79,5.96,5.75,5.89,7058060.0,0.29521596901938774,
20160815,5.88,5.99,5.83,5.95,7319122.0,0.30613535356756943,
20160816,5.96,5.99,5.82,5.9,17752193.0,0.7425171872602659,
20160817,5.89,5.94,5.8,5.9,9467285.0,0.39598610882561414,
20160818,5.92,5.96,5.88,5.9,7957282.0,0.3328275356671,
20160819,5.88,5.93,5.81,5.91,5801680.0,0.24266563094397067,
20160822,5.93,5.93,5.8,5.85,5641864.0,0.23598104122600247,
20160823,5.85,5.89,5.81,5.82,3528051.0,0.14756703608566943,
20160824,5.9,5.9,5.82,5.86,3986871.0,0.16675800228678922,
20160825,5.82,5.9,5.79,5.89,4338600.0,0.18146969609035848,
20160826,5.89,5.94,5.85,5.87,4193901.0,0.17541740190454305,
20160829,5.86,6.19,5.82,6.01,18003104.0,0.7530119880982615,
20160830,5.99,5.99,5.88,5.92,8894659.0,0.37203500335531553,
20160831,5.88,5.89,5.81,5.88,5108392.0,0.21366762175596246,
20160901,5.88,5.88,5.82,5.83,3332151.0,0.13937316860212606,
20160902,5.82,5.86,5.8,5.83,2841986.0,0.11887114177685279,
20160905,5.82,5.93,5.82,5.84,4434804.0,0.18549360026282816,
20160906,5.85,5.88,5.81,5.87,3576876.0,0.14960922893857398,
20160907,5.88,5.89,5.84,5.87,4279890.0,0.179014045452488,
20160908,5.88,5.92,5.85,5.9,3799730.0,0.1589304956265657,
20160909,5.89,5.92,5.84,5.86,3709346.0,0.15515002335176944,
20160912,5.8,5.8,5.66,5.67,4615696.0,0.19305973133395182,
20160913,5.67,5.75,5.67,5.72,2377600.0,0.09944736768184123,
20160914,5.72,5.73,5.65,5.7,1738830.0,0.07272967124252018,
20160919,5.69,5.74,5.69,5.7,2101793.0,0.08791124716610031,
20160920,5.69,5.73,5.67,5.73,2576528.0,0.10776788667503324,
20160921,5.7,5.74,5.69,5.7,2357774.0,0.09861810981186302,
20160922,5.72,5.74,5.68,5.71,3272562.0,0.1368807522188853,
20160923,5.72,5.79,5.68,5.7,4373702.0,0.1829378999515496,
20160926,5.7,5.74,5.61,5.63,3715890.0,0.15542373784289915,
20160927,5.62,5.64,5.54,5.62,2319683.0,0.09702488568569839,
20160928,5.62,5.65,5.57,5.63,1557366.0,0.0651396152494946,
20160929,5.63,5.76,5.63,5.66,2758729.0,0.11538876900974014,
20160930,5.62,5.67,5.58,5.65,2222867.0,0.09297538351986515,
20161010,5.64,5.74,5.64,5.73,3018107.0,0.12623771724938543,
20161011,5.75,5.78,5.71,5.77,3247030.0,0.13581283070489944,
20161012,5.77,5.77,5.72,5.76,1900151.0,0.07947721027423381,
20161013,5.77,5.82,5.75,5.79,3067547.0,0.1283056335760132,
20161014,5.76,5.8,5.7,5.75,3107909.0,0.12999384633441433,
20161017,5.77,5.83,5.69,5.73,3734477.0,0.15620117232435202,
20161018,5.71,5.79,5.66,5.78,3881969.0,0.16237028872497877,
20161019,5.8,5.92,5.77,5.8,4485247.0,0.1876034688563574,
20161020,5.79,5.82,5.75,5.79,3568550.0,0.14926097911382677,
20161021,5.79,5.8,5.7,5.78,3435671.0,0.1437030775449357,
20161024,5.8,6.04,5.78,6.02,21178644.0,0.885834621833286,
20161025,6.02,6.12,5.91,6.02,17044938.0,0.712934983344628,
20161026,6.02,6.02,5.9,5.92,9164482.0,0.38332083238039016,
20161027,5.91,5.96,5.88,5.92,4939900.0,0.20662014283795738,
20161028,5.92,5.93,5.86,5.87,4514536.0,0.18882853360738086,
20161031,5.87,5.9,5.81,5.89,5109716.0,0.21372300042134382,
20161101,5.88,5.93,5.85,5.92,4646324.0,0.1943408021521548,
20161102,5.9,5.97,5.83,5.84,4691737.0,0.19624028200937865,
20161103,5.84,5.87,5.78,5.85,4380175.0,0.18320864474083484,
20161104,5.84,5.9,5.82,5.86,4140904.0,0.17320070769818602,
20161107,5.88,6.04,5.86,5.93,10349695.0,0.43289448353798526,
20161108,5.93,5.94,5.86,5.87,7049519.0,0.294858726435534,
20161109,5.86,5.93,5.78,5.9,5647400.0,0.236212594316298,
20161110,5.93,5.99,5.91,5.93,6384581.0,0.2670465066459865,
20161111,5.94,6.11,5.92,6.07,12281658.0,0.5137022875456876,
20161114,6.02,6.44,6.0,6.25,18950219.0,0.7926267650338212,
20161115,6.2,6.28,6.15,6.22,7331225.0,0.3066415831650851,
20161116,6.19,6.2,6.1,6.15,7608541.0,0.3182408203017177,
20161117,6.15,6.25,6.13,6.22,9194274.0,0.3845669360050442,
20161118,6.18,6.19,6.06,6.11,7728825.0,0.32327191349411444,
20161121,6.1,6.15,6.06,6.12,4838755.0,0.20238957251318457,
20161122,6.17,6.2,6.11,6.2,8595585.0,0.359525698997106,
20161123,6.2,6.23,6.12,6.13,5355602.0,0.2240076216569668,
20161124,6.11,6.21,6.07,6.1,5571584.0,0.23304145466784307,
20161125,6.1,6.1,5.91,6.03,6225817.0,0.2604059187074603,
20161128,6.07,6.09,6.0,6.07,5627609.0,0.23538480038384876,
20161129,6.03,6.06,5.88,5.94,6888679.0,0.288131306088147,
20161130,5.92,5.93,5.83,5.91,3968743.0,0.16599976630035904,
20161201,5.9,5.94,5.83,5.88,6714648.0,0.2808521485994868,
20161202,5.87,5.91,5.78,5.8,4789984.0,0.20034963830675326,
20161205,5.8,5.8,5.7,5.75,3710253.0,0.15518796024716286,
20161206,5.76,5.8,5.73,5.75,2654954.0,0.11104819423636234,
20161207,5.76,5.83,5.75,5.83,3304090.0,0.13819946714497594,
20161208,5.82,5.83,5.75,5.76,2584847.0,0.10811584371227467,
20161209,5.77,5.81,5.7,5.77,4370598.0,0.18280806960612378,
20161212,5.78,5.8,5.55,5.59,8154958.0,0.34109568752354164,
20161213,5.57,5.61,5.5,5.57,3559192.0,0.14886956404536839,
20161214,5.57,5.6,5.5,5.53,2937024.0,0.12284627591621468,
20161215,5.53,5.62,5.53,5.61,2718509.0,0.11370649565502798,
20161216,5.58,5.65,5.56,5.64,2917062.0,0.12201132960326679,
20161219,5.65,5.67,5.58,5.6,2283127.0,0.09549586567687547,
20161220,5.63,5.66,5.5,5.63,3672338.0,0.15360209763542962,
20161221,5.63,5.65,5.59,5.65,3699490.0,0.15473777854361323,
20161222,5.63,5.65,5.59,5.64,2855589.0,0.11944011155418123,
20161223,5.62,5.63,5.55,5.59,2733847.0,0.11434803490700648,
20161226,5.61,5.66,5.54,5.64,5072131.0,0.21215094064916934,
20161227,5.61,5.63,5.59,5.62,2796833.0,0.11698253688412982,
20161228,5.62,5.62,5.55,5.57,3202879.0,0.13396613625229137,
20161229,5.57,6.13,5.55,5.74,15687979.0,0.6561777489056208,
20161230,5.68,5.78,5.66,5.7,6906703.0,0.28888519208877683,
20170103,5.67,5.73,5.65,5.71,4069835.0,0.1702281198054451,
20170104,5.69,5.81,5.67,5.74,4843438.0,0.20258544735455997,
20170105,5.74,5.82,5.69,5.77,5046143.0,0.21106394612052043,
20170106,5.72,5.77,5.7,5.72,3541192.0,0.14811668188761554,
20170109,5.7,5.75,5.69,5.73,3427752.0,0.143371851222311,
20170110,5.73,5.79,5.71,5.76,4570812.0,0.19118237784680858,
20170111,5.84,5.97,5.72,5.73,9353700.0,0.3912352132762611,
20170112,5.68,5.71,5.58,5.61,6047532.0,0.2529488300688512,
20170113,5.61,5.65,5.55,5.56,3261640.0,0.1364239200562755,
20170116,5.52,5.58,5.21,5.37,6260783.0,0.2618684341256817,
20170117,5.32,5.36,5.19,5.29,4578691.0,0.1915119310979716,
20170118,5.29,5.32,5.26,5.3,2181100.0,0.09122840412637277,
20170119,5.3,5.32,5.21,5.26,2731888.0,0.11426609623217104,
20170120,5.28,5.35,5.25,5.32,2314584.0,0.09681161090112164,
20170123,5.34,5.4,5.31,5.37,2062486.0,0.08626716166750083,
20170124,5.35,5.41,5.32,5.37,1750740.0,0.0732278282702333,
20170125,5.39,5.41,5.32,5.39,1876080.0,0.07847039769538555,
20170126,5.35,5.4,5.33,5.37,2595161.0,0.10854724518866705,
20170203,5.35,5.38,5.34,5.37,1269379.0,0.053094044473674266,
20170206,5.36,5.4,5.35,5.39,2001636.0,0.08372200170643083,
20170207,5.4,5.42,5.35,5.38,1853000.0,0.07750503546200026,
20170208,5.39,5.4,5.33,5.39,2144446.0,0.08969528509246875,
20170209,5.37,5.44,5.35,5.42,3762446.0,0.15737102571714032,
20170210,5.39,5.51,5.38,5.47,4570916.0,0.19118672783260893,
20170213,5.46,5.61,5.4,5.53,6796570.0,0.28427868260656614,
20170214,5.54,5.54,5.43,5.49,3299625.0,0.13801271054306669,
20170215,5.5,5.52,5.43,5.46,3803589.0,0.15909190519583058,
20170216,5.45,5.6,5.4,5.52,4311824.0,0.1803497420539146,
20170217,5.51,5.57,5.44,5.5,4465886.0,0.18679366044212115,
20170220,5.47,5.54,5.46,5.52,2307572.0,0.09651832147389036,
20170221,5.54,5.57,5.49,5.56,5675572.0,0.23739093854675428,
20170222,5.54,5.59,5.52,5.55,3281029.0,0.13723489962053492,
20170223,5.55,5.55,5.49,5.53,2556544.0,0.10693202017278143,
20170224,5.53,5.56,5.5,5.55,3550269.0,0.14849634362905567,
20170227,5.55,5.67,5.47,5.56,4909756.0,0.20535931618444062,
20170228,5.56,5.61,5.51,5.56,4005993.0,0.16755781409904197,
20170301,5.56,5.78,5.52,5.6,6902823.0,0.2887229041569946,
20170302,5.6,5.63,5.55,5.59,4573458.0,0.19129305152399823,
20170303,5.61,5.61,5.53,5.57,4378424.0,0.1831354060376001,
20170306,5.53,5.62,5.53,5.59,6060648.0,0.2534974302011338,
20170307,5.57,5.6,5.55,5.58,3219062.0,0.13464301913889773,
20170308,5.54,5.64,5.54,5.58,5347755.0,0.2236794068629731,
20170309,5.58,5.58,5.51,5.52,3648247.0,0.15259444852085052,
20170310,5.51,5.6,5.5,5.52,3732486.0,0.15611789519234726,
20170313,5.48,5.53,5.43,5.53,3623719.0,0.15156852110055266,
20170314,5.5,5.56,5.5,5.54,3422443.0,0.14314979281256046,
20170315,5.54,5.55,5.51,5.54,2996300.0,0.12532560051526787,
20170316,5.53,5.62,5.52,5.55,4401940.0,0.18411900474991763,
20170317,5.53,5.57,5.51,5.52,4775249.0,0.1997333206070595,
20170320,5.55,5.57,5.5,5.52,3885902.0,0.16253479347644778,
20170321,5.51,5.52,5.37,5.44,4820857.0,0.20164095668765902,
20170322,5.41,5.45,5.33,5.41,4445100.0,0.18592424885706277,
20170323,5.4,5.89,5.38,5.47,7328500.0,0.3065276051717587,
20170327,5.21,5.3,5.2,5.2,7317200.0,0.30605496248383607,
20170328,5.01,5.08,4.94,4.95,12957260.0,0.5419605481869171,
20170329,4.93,5.05,4.93,4.98,7839092.0,0.3278840277657218,
20170330,4.97,5.01,4.94,4.99,4203047.0,0.1757999496942546,
20170331,4.99,5.04,4.97,5.03,4280286.0,0.17903060885995856,
20170405,5.03,5.18,5.02,5.12,3720396.0,0.1556122093430566,
20170406,5.1,5.13,5.07,5.1,2976000.0,0.12447651674846884,
20170407,5.1,5.17,5.08,5.11,2280880.0,0.095401880887516,
20170410,5.09,5.12,5.03,5.1,3397220.0,0.14209479577561604,
20170411,5.05,5.12,5.02,5.1,3137248.0,0.13122100242476492,
20170412,5.1,5.11,5.06,5.1,2187010.0,0.09147560043483495,
20170413,5.09,5.11,5.06,5.1,2269593.0,0.09492978194781843,
20170414,5.1,5.17,5.07,5.09,3633800.0,0.1519901769356808,
20170417,5.08,5.1,5.01,5.07,2861592.0,0.11969119775379182,
20170418,5.06,5.08,4.96,5.06,3134319.0,0.1310984917669839,
20170419,5.03,5.04,4.86,5.03,3775981.0,0.1579371512729839,
20170420,5.01,5.08,4.95,5.01,4175400.0,0.17464356452673277,
20170421,5.09,5.12,5.02,5.05,4120300.0,0.17233890858827827,
20170424,5.04,5.05,4.83,4.95,4794729.0,0.20054810640889426,
20170425,4.92,4.99,4.88,4.95,3030438.0,0.12675348335423267,
20170426,4.94,4.97,4.91,4.96,2082500.0,0.0871042829733489,
20170427,4.94,4.97,4.76,4.95,5951020.0,0.2489120432461267,
20170428,4.9,4.92,4.83,4.89,3501500.0,0.14645649307619746,
20170502,4.86,4.9,4.85,4.88,1685700.0,0.07050741407355306,
20170503,4.89,4.91,4.86,4.89,2164241.0,0.09052324633206416,
20170504,4.88,4.88,4.81,4.87,1586239.0,0.06634728005731669,
20170505,4.84,4.86,4.79,4.83,2862800.0,0.11974172451193434,
20170508,4.83,4.84,4.73,4.76,2625802.0,0.10982885975509507,
20170509,4.72,4.8,4.71,4.79,1609600.0,0.06732439561772025,
20170510,4.79,4.8,4.74,4.77,1394719.0,0.05833661389882651,
20170511,4.73,4.77,4.64,4.75,2345600.0,0.09810891051250285,
20170512,4.74,4.75,4.7,4.74,1665372.0,0.06965715915673086,
20170515,4.75,4.8,4.71,4.75,1336602.0,0.05590576654537532,
20170516,4.75,4.79,4.71,4.78,3987081.0,0.16676678591196298,
20170517,4.77,4.79,4.74,4.77,2313300.0,0.09675790530720194,
20170518,4.73,4.76,4.72,4.75,1725400.0,0.07216793749926348,
20170519,4.74,4.77,4.71,4.75,1160201.0,0.048527479572610985,
20170522,4.75,4.75,4.62,4.66,1714201.0,0.07169951931678159,
20170523,4.66,4.66,4.43,4.5,2664391.0,0.11144291362095754,
20170524,4.47,4.72,4.36,4.52,2103200.0,0.08797009745476467,
20170525,4.52,4.55,4.43,4.54,1950814.0,0.08159628076080223,
20170526,4.53,4.64,4.5,4.55,2480710.0,0.10376012764216871,
20170531,4.57,4.57,4.53,4.54,1109486.0,0.04640623409314237,
20170601,4.52,4.56,4.49,4.53,1886976.0,0.07892614236154527,
20170602,4.5,4.53,4.41,4.49,1985702.0,0.08305553368967342,
20170605,4.49,4.54,4.4,4.53,1476033.0,0.061737717219688404,
20170606,4.55,4.57,4.5,4.55,1260200.0,0.05271011640000686,
20170607,4.55,4.6,4.52,4.6,3143100.0,0.13146577277960766,
20170608,4.6,4.6,4.54,4.58,1306420.0,0.054643350473969975,
20170609,4.58,4.58,4.52,4.56,1086900.0,0.04546153429230873,
20170612,4.52,4.53,4.46,4.49,1074900.0,0.04495961285380684,
20170613,4.5,4.64,4.49,4.56,1508933.0,0.06311381849691443,
20170614,4.55,4.6,4.52,4.55,2069300.0,0.08655216939099683,
20170615,4.55,4.59,4.53,4.58,1930800.0,0.08075915945495417,
20170616,4.58,4.61,4.51,4.57,1473857.0,0.061646702132173395,
20170619,4.58,4.63,4.56,4.6,2950047.0,0.12339098615734886,
20170620,4.6,4.65,4.58,4.6,2009800.0,0.0840634755917583,
20170621,4.59,4.59,4.56,4.59,1457900.0,0.06097927209932551,
20170622,4.6,4.6,4.55,4.58,2207600.0,0.09233681396973112,
20170623,4.55,4.58,4.5,4.55,1387500.0,0.05803466632678108,
20170626,4.55,4.59,4.53,4.58,2061341.0,0.08621926999691044,
20170627,4.55,4.63,4.55,4.61,2650318.0,0.11085428525395445,
20170628,4.58,4.6,4.55,4.58,1724400.0,0.07212611071272165,
20170629,4.58,4.67,4.57,4.65,3559102.0,0.1488657996345796,
20170630,4.61,4.68,4.6,4.67,2939900.0,0.12296656975430897,
20170703,4.67,4.73,4.65,4.72,3091720.0,0.12931671248708873,
20170704,4.7,4.74,4.66,4.69,2681900.0,0.11217525882651833,
20170705,4.7,4.76,4.69,4.75,3155761.0,0.1319953417240137,
20170706,4.73,4.85,4.73,4.82,5697589.0,0.23831183890604563,
20170707,4.82,4.91,4.78,4.9,4766000.0,0.19934646465833414,
20170710,4.86,4.94,4.83,4.87,4305847.0,0.18009974335075413,
20170711,4.87,4.91,4.78,4.81,3042400.0,0.12725381537484595,
20170712,4.79,4.83,4.74,4.8,2669900.0,0.11167333738801644,
20170713,4.82,4.88,4.77,4.84,3015000.0,0.12610776142359997,
20170714,4.83,4.87,4.79,4.84,2787000.0,0.11657125409206405,
20170717,4.83,4.87,4.66,4.8,4265850.0,0.17842679736944078,
20170718,4.79,4.94,4.78,4.92,5846742.0,0.24455042959911832,
20170719,4.92,5.15,4.92,5.1,11817522.0,0.49428897014731143,
20170720,5.06,5.12,5.01,5.08,6110344.0,0.25557605418511625,
20170721,5.04,5.15,5.04,5.09,4544103.0,0.190065226205063,
20170724,5.15,5.2,5.07,5.1,5300559.0,0.22170534984534518,
20170725,5.12,5.13,4.97,5.05,4892820.0,0.20465093772756832,
20170726,5.04,5.1,4.96,5.02,3650083.0,0.15267124250094133,
20170727,5.02,5.02,4.85,4.93,4470100.0,0.18696991852060837,
20170728,4.93,5.05,4.91,4.97,2948134.0,0.12331097151469436,
20170731,5.0,5.08,4.97,5.06,5807230.0,0.24289776960927778,
20170801,5.06,5.06,4.95,4.97,3559285.0,0.14887345393651677,
20170802,4.98,5.04,4.92,4.96,4342127.0,0.1816172191664915,
20170803,4.94,5.01,4.93,4.99,3024420.0,0.12650176975282396,
20170804,5.0,5.14,4.99,5.03,7145850.0,0.2988879426098945,
20170807,5.01,5.07,4.94,5.06,3061062.0,0.12803438686528948,
20170808,5.07,5.09,5.03,5.06,3297715.0,0.13793282138077181,
20170809,5.07,5.18,5.02,5.16,6532187.0,0.27322039130027903,
20170810,5.14,5.19,5.06,5.15,4157872.0,0.1739104246122277,
20170811,5.1,5.18,4.91,4.97,5400000.0,0.2258646473258507,
20170814,4.97,5.01,4.95,5.0,1983602.0,0.08296769743793557,
20170815,5.0,5.0,4.94,4.97,2254300.0,0.09429012490123431,
20170816,4.98,5.0,4.94,4.98,1625915.0,0.0680067996401501,
20170817,5.01,5.15,5.01,5.1,4403987.0,0.18420462418196876,
20170818,5.04,5.11,4.97,5.04,4655600.0,0.19472878742411678,
20170821,5.02,5.11,5.01,5.07,3425160.0,0.1432634361915946,
20170822,5.06,5.11,5.05,5.07,2297200.0,0.09608449404387856,
20170823,5.05,5.06,4.99,5.03,2177000.0,0.09105691430155129,
20170824,5.05,5.07,4.99,5.01,2315401.0,0.0968457833857263,
20170825,5.03,5.11,5.03,5.08,5252564.0,0.2196978732252703,
20170828,5.08,5.1,5.05,5.08,3391852.0,0.1418702695854595,
20170829,5.09,5.18,5.07,5.08,4334600.0,0.1813023889441912,
20170830,5.08,5.14,5.05,5.11,4967561.0,0.2077771135804908,
20170831,5.1,5.17,5.09,5.17,5515015.0,0.2306753551799586,
20170901,5.21,5.43,5.2,5.28,13418318.0,0.5612451227363174,
20170904,5.31,5.37,5.22,5.26,5324480.0,0.22270588840621214,
20170905,5.24,5.38,5.21,5.33,4701518.0,0.19664938980854424,
20170906,5.29,5.52,5.28,5.41,6804635.0,0.2846160156400259,
20170907,5.41,5.51,5.32,5.33,5409652.0,0.2262683594695524,
20170908,5.35,5.39,5.26,5.29,4319002.0,0.18064997472771183,
20170911,5.28,5.34,5.26,5.32,2345502.0,0.09810481148742176,
20170912,5.35,5.41,5.23,5.25,4660200.0,0.19492119064220917,
20170913,5.25,5.3,5.23,5.29,3416183.0,0.14288795712880864,
20170914,5.28,5.31,5.18,5.25,2966700.0,0.12408752763362987,
20170915,5.26,5.26,5.17,5.2,3247500.0,0.1358324892945741,
20170918,5.19,5.26,5.17,5.25,2352400.0,0.09839333266098726,
20170919,5.24,5.29,5.21,5.23,2735027.0,0.11439739051512583,
20170920,5.23,5.29,5.2,5.26,2955800.0,0.12363161566032398,
20170921,5.28,5.28,5.17,5.19,2629800.0,0.10999608324768928,
20170922,5.17,5.2,5.13,5.15,2121422.0,0.0887322651591298,
20170925,5.15,5.16,5.08,5.11,1988879.0,0.08318841739051677,
20170926,5.1,5.15,5.1,5.12,1836012.0,0.07679448201222774,
20170927,5.12,5.22,5.12,5.16,2461625.0,0.102961863421018,
20170928,5.18,5.19,5.12,5.13,1663800.0,0.06959140744828711,
20170929,5.14,5.19,5.14,5.18,1943939.0,0.0813087216033272,
20171009,5.23,5.23,5.17,5.19,1771902.0,0.0741129667270314,
20171010,5.17,5.23,5.16,5.22,1883800.0,0.07879330048748844,
20171011,5.23,5.25,5.17,5.19,1959600.0,0.08196377090735871,
20171012,5.17,5.19,5.12,5.14,2464600.0,0.10308629811097993,
20171013,5.14,5.2,5.14,5.19,1320433.0,0.05522946923378056,
20171016,5.21,5.22,5.13,5.14,1924463.0,0.08049410310863864,
20171017,5.14,5.16,5.12,5.14,978600.0,0.04093169330982917,
20171018,5.14,5.18,5.11,5.14,1075500.0,0.044984708925731934,
20171019,5.15,5.15,4.97,5.03,3915800.0,0.16378533074047522,
20171020,5.01,5.14,4.97,5.12,1708411.0,0.07145734222270443,
20171023,5.12,5.13,5.08,5.11,814502.0,0.0340680012918889,
20171024,5.11,5.13,5.05,5.09,1167921.0,0.04885038236471387,
20171025,5.08,5.12,5.04,5.12,1659197.0,0.0693988787498351,
20171026,5.13,5.13,5.09,5.12,1800312.0,0.07530126573268463,
20171027,5.11,5.13,5.09,5.1,1761631.0,0.07368336380246032,
20171030,5.1,5.1,4.99,5.0,1504600.0,0.0629325830308287,
20171031,5.0,5.04,4.98,5.04,1161216.0,0.04856993376095093,
20171101,5.03,5.05,5.0,5.01,1181700.0,0.04942671365647366,
20171102,5.01,5.02,4.97,5.0,1234993.0,0.0516557885916471,
20171103,4.98,5.04,4.9,4.93,2527493.0,0.10571691019695488,
20171106,4.95,4.95,4.81,4.94,1760710.0,0.07364484133205529,
20171107,4.93,4.96,4.88,4.94,1603402.0,0.06706515319473401,
20171108,4.91,4.95,4.87,4.93,1538500.0,0.06435051109459654,
20171109,4.93,4.98,4.93,4.95,2069610.0,0.0865651356948248,
20171110,4.94,4.97,4.92,4.95,1371510.0,0.05736585600997731,
20171113,4.93,5.11,4.93,5.05,4069753.0,0.1702246900089487,
20171114,5.03,5.08,4.98,5.01,2393963.0,0.1001317793900251,
20171115,5.0,5.03,4.94,4.95,2710820.0,0.11338488949330788,
20171116,4.89,4.98,4.89,4.95,1179801.0,0.049347284588830746,
20171117,4.94,4.95,4.7,4.71,4290212.0,0.1794457815431727,
20171120,4.72,4.73,4.49,4.72,2970815.0,0.12425964486024947,
20171121,4.69,4.72,4.63,4.65,1948420.0,0.08149614743382112,
20171122,4.65,4.69,4.59,4.63,1723602.0,0.07209273293706128,
20171123,4.65,4.69,4.5,4.53,1856600.0,0.07765561189355082,
20171124,4.48,4.6,4.48,4.58,1164801.0,0.04871988279070338,
20171127,4.6,4.68,4.56,4.63,1173203.0,0.049071311451227784,
20171128,4.63,4.69,4.63,4.66,1061002.0,0.04437830417444857,
20171129,4.66,4.82,4.63,4.75,2154600.0,0.09011999428301444,
20171130,4.74,4.77,4.7,4.71,1304300.0,0.05455467768650131,
20171201,4.74,4.8,4.69,4.77,994942.0,0.041615226655495656,
20171204,4.75,4.84,4.67,4.71,1557500.0,0.0651452200388912,
20171205,4.67,4.71,4.58,4.59,1258800.0,0.05265155889884831,
20171206,4.59,4.66,4.57,4.66,748300.0,0.03129898436924705,
20171207,4.65,4.77,4.63,4.71,1144479.0,0.04786987883460043,
20171208,4.71,4.77,4.69,4.75,771679.0,0.03227685281180836,
20171211,4.75,4.81,4.74,4.76,899449.0,0.03762106132825724,
20171212,4.73,4.76,4.67,4.68,771100.0,0.032252635102400645,
20171213,4.65,4.74,4.63,4.74,886149.0,0.03706476506725098,
20171214,4.74,4.97,4.73,4.85,2405302.0,0.10060605332262285,
20171215,4.85,4.86,4.78,4.83,1472700.0,0.06159830854014451,
20171218,4.86,4.87,4.78,4.82,3029700.0,0.1267226151857648,
20171219,4.81,4.84,4.75,4.76,2496900.0,0.10443730331628086,
20171220,4.75,4.79,4.7,4.71,2486800.0,0.10401485277220844,
20171221,4.71,4.71,4.64,4.65,2831000.0,0.11841163269990433,
20171222,4.67,4.68,4.63,4.64,2503600.0,0.10471754278611108,
20171225,4.64,4.66,4.5,4.52,2053779.0,0.08590297583708117,
20171226,4.53,4.6,4.52,4.6,1214090.0,0.05078148327256334,
20171227,4.6,4.68,4.57,4.63,1996467.0,0.08350579904679614,
20171228,4.6,4.68,4.59,4.64,1918367.0,0.08023912701787968,
20171229,4.67,4.68,4.63,4.68,998146.0,0.04174923967957566,
20180102,4.7,4.75,4.68,4.73,1680617.0,0.07029480851756098,
20180103,4.73,4.76,4.7,4.72,2004617.0,0.08384668735711201,
20180104,4.72,4.74,4.68,4.74,1829100.0,0.07650537526365066,
20180105,4.73,4.76,4.64,4.71,3437800.0,0.14379212677348324,
20180108,4.71,4.87,4.71,4.79,4485333.0,0.18760706595999999,
20180109,4.78,4.8,4.73,4.75,1791257.0,0.0749225241805484,
20180110,4.76,4.76,4.67,4.69,1709900.0,0.07151962230786521,
20180111,4.69,4.73,4.63,4.69,1241200.0,0.05191540745571221,
20180112,4.68,4.72,4.62,4.65,1541800.0,0.06448853949018456,
20180115,4.65,4.65,4.54,4.56,1581500.0,0.06614906291589498,
20180116,4.56,4.61,4.54,4.57,1498094.0,0.0626604579575876,
20180117,4.58,4.61,4.52,4.59,1441072.0,0.0602754109353997,
20180118,4.59,4.69,4.57,4.63,1478400.0,0.06183672122343291,
20180119,4.66,4.69,4.6,4.63,1264628.0,0.05289532541081406,
20180122,4.63,4.68,4.61,4.66,1547501.0,0.0647269940002595,
20180123,4.68,4.71,4.64,4.69,1227500.0,0.05134238048008921,
20180124,4.71,4.71,4.65,4.67,1527801.0,0.06390300630538556,
20180125,4.66,4.72,4.65,4.7,2055601.0,0.08597918424216038,
20180126,4.69,4.71,4.6,4.64,2187300.0,0.09148773020293209,
20180129,4.65,4.79,4.64,4.68,3180357.0,0.1330241133657964,
20180130,4.68,4.72,4.62,4.67,1836310.0,0.07680694639461721,
20180131,4.66,4.71,4.56,4.59,3644900.0,0.15245445426629506,
20180201,4.58,4.63,4.41,4.45,3732503.0,0.15611860624771848,
20180202,4.45,4.45,4.24,4.36,3009701.0,0.12588612128171484,
20180205,4.28,4.55,4.27,4.44,2811660.0,0.11760270264818545,
20180206,4.35,4.37,4.22,4.22,3751123.0,0.15689742101312723,
20180207,4.28,4.37,4.23,4.28,2997200.0,0.1253632446231555,
20180208,4.28,4.32,4.23,4.28,1396700.0,0.05841947276296587,
20180209,4.25,4.25,4.07,4.07,3181800.0,0.13308446941877625,
20180212,4.1,4.14,4.06,4.13,1355800.0,0.05670875719340526,
20180213,4.13,4.17,4.11,4.12,1009400.0,0.04221995833531735,
20180214,4.11,4.16,4.1,4.16,831400.0,0.03477479033087265,
20180222,4.18,4.23,4.18,4.22,1139400.0,0.0476574405857545,
20180223,4.21,4.28,4.2,4.25,1195901.0,0.05002069585215411,
20180226,4.28,4.46,4.25,4.45,3487260.0,0.14586087963584188,
20180227,4.46,4.5,4.38,4.45,2118360.0,0.08860419153873873,
20180228,4.43,4.49,4.39,4.46,954400.0,0.03991948507551702,
20180301,4.46,4.66,4.42,4.58,2686142.0,0.11235268805502875,
20180302,4.55,4.63,4.52,4.55,1514900.0,0.06336339893220948,
20180305,4.53,4.58,4.5,4.56,880000.0,0.0368075721568053,
20180306,4.56,4.59,4.51,4.59,1000300.0,0.041839334577786755,
20180307,4.58,4.64,4.53,4.54,709900.0,0.029692835766041002,
20180308,4.55,4.58,4.52,4.56,819200.0,0.03426450353506239,
20180309,4.53,4.59,4.53,4.55,933901.0,0.03906207777819617,
20180312,4.55,4.6,4.53,4.58,1283700.0,0.053693045883739736,
20180313,4.58,4.6,4.55,4.57,1436800.0,0.06009672690329301,
20180314,4.55,4.58,4.47,4.54,1712101.0,0.07161168306504376,
20180315,4.53,4.54,4.48,4.5,1375514.0,0.05753333046329078,
20180316,4.52,4.52,4.48,4.49,932600.0,0.039007661128905254,
20180319,4.5,4.6,4.48,4.56,2047100.0,0.08562361472976833,
20180320,4.57,4.69,4.54,4.6,2520100.0,0.10540768476405117,
20180321,4.59,4.65,4.59,4.61,1113814.0,0.04658726042529539,
20180322,4.6,4.66,4.56,4.6,1561703.0,0.06532101802272648,
20180323,4.42,4.56,4.37,4.39,3608700.0,0.150940324593481,
20180326,4.35,4.37,4.19,4.36,1814000.0,0.07587379078686911,
20180327,4.39,4.58,4.39,4.54,2874898.0,0.12024774497551732,
20180328,4.52,4.63,4.49,4.55,2062100.0,0.08625101652789569,
20180329,4.59,4.62,4.55,4.62,2678602.0,0.1120373140845034,
20180330,4.65,4.66,4.57,4.64,2679902.0,0.11209168890700778,
20180402,4.65,4.68,4.61,4.62,1985702.0,0.08305553368967342,
20180403,4.53,4.66,4.51,4.62,2026602.0,0.08476624925923402,
20180404,4.63,4.66,4.59,4.64,2712000.0,0.11343424510142723,
20180409,4.64,4.85,4.64,4.79,6269727.0,0.2622425329045118,
20180410,4.85,4.97,4.75,4.95,5714820.0,0.2390325562649478,
20180412,4.65,4.78,4.59,4.65,11943917.0,0.4995756668322653,
20180413,4.63,4.72,4.6,4.63,5234000.0,0.2189214007599079,
20180416,4.58,4.58,4.3,4.34,5490600.0,0.22965415418653998,
20180417,4.37,4.4,4.16,4.21,4334300.0,0.18128984090822867,
20180418,4.25,4.42,4.14,4.36,5375675.0,0.2248472107432208,
20180419,4.37,4.4,4.31,4.35,2359500.0,0.0986903028454342,
20180420,4.35,4.35,4.19,4.21,2911401.0,0.12177454816465352,
20180423,4.2,4.25,4.15,4.16,2072401.0,0.08668187425606302,
20180424,4.16,4.27,4.16,4.23,1955002.0,0.0817714513428394,
20180425,4.24,4.24,4.21,4.22,1317400.0,0.055102608590199206,
20180426,4.28,4.28,4.16,4.17,1619802.0,0.06775111249401994,
20180427,4.2,4.3,4.2,4.26,1996303.0,0.08349893945380328,
20180502,4.27,4.27,4.2,4.21,2186814.0,0.09146740238467276,
20180503,4.22,4.25,4.18,4.24,1971700.0,0.08246987502451478,
20180504,4.23,4.26,4.21,4.22,1718706.0,0.07188794899015251,
20180507,4.23,4.29,4.23,4.26,2115500.0,0.08848456692922911,
20180508,4.24,4.3,4.24,4.29,2337102.0,0.09775346648047042,
20180509,4.28,4.34,4.27,4.31,1575517.0,0.06589881325201524,
20180510,4.31,4.67,4.31,4.5,6754377.0,0.28251388500200697,
20180511,4.54,4.54,4.44,4.46,3260333.0,0.13636925244626533,
20180514,4.42,4.48,4.38,4.39,2419800.0,0.10121245807390622,
20180515,4.41,4.45,4.34,4.43,1868200.0,0.07814080261743599,
20180516,4.43,4.43,4.32,4.36,3611761.0,0.15106835638708552,
20180517,4.35,4.4,4.33,4.34,1748416.0,0.07313062281831012,
20180518,4.34,4.48,4.32,4.46,3769071.0,0.1576481281779799,
20180521,4.44,4.5,4.39,4.46,3567165.0,0.14920304901446635,
20180522,4.45,4.48,4.42,4.46,1956700.0,0.08184247322638742,
20180523,4.43,4.43,4.32,4.35,3149318.0,0.1317258517383247,
20180524,4.33,4.37,4.29,4.31,1970258.0,0.08240956079832147,
20180525,4.3,4.34,4.21,4.22,2198200.0,0.09194364217623796,
20180528,4.22,4.26,4.2,4.23,1794864.0,0.07507339339960475,
20180529,4.21,4.27,4.2,4.24,1830600.0,0.07656811544346338,
20180530,4.21,4.21,4.07,4.09,2531800.0,0.10589705816659051,
20180531,4.12,4.15,4.09,4.12,2268520.0,0.09488490180585904,
20180601,4.12,4.19,4.1,4.15,2376200.0,0.09938881018068267,
20180604,4.16,4.19,4.15,4.16,1535400.0,0.06422084805631688,
20180605,4.18,4.2,4.16,4.19,1013734.0,0.042401235628189614,
20180606,4.19,4.28,4.17,4.24,1200000.0,0.05019214385018904,
20180607,4.29,4.29,4.2,4.23,1142600.0,0.047791286302688335,
20180608,4.23,4.23,4.11,4.17,1586217.0,0.06634635986801277,
20180611,4.16,4.27,4.12,4.17,1631802.0,0.06825303393252181,
20180612,4.16,4.23,4.15,4.22,1381719.0,0.0577928656737828,
20180613,4.16,4.18,4.1,4.13,1606000.0,0.06717381918616967,
20180614,4.15,4.16,4.07,4.13,1093459.0,0.04573587618523655,
20180615,4.15,4.5,4.13,4.41,9572975.0,0.4004067818952196,
20180619,4.33,4.39,4.04,4.15,5973158.0,0.2498380046465896,
20180620,4.14,4.36,4.12,4.28,7651297.0,0.3200291663870999,
20180621,4.28,4.55,4.25,4.51,14020062.0,0.5864141405771409,
20180622,4.4,4.6,4.31,4.56,10431970.0,0.43633578240071386,
20180625,4.59,4.59,4.38,4.42,6262301.0,0.2619319271876523,
20180626,4.35,4.44,4.31,4.43,5160095.0,0.21583019210053436,
20180627,4.42,4.47,4.25,4.33,5106200.0,0.21357593743986275,
20180628,4.33,4.36,4.22,4.26,3816729.0,0.15964150917099015,
20180629,4.26,4.34,4.14,4.33,5530718.0,0.2313321612090249,
20180702,4.3,4.4,4.25,4.3,4852761.0,0.20297539848548937,
20180703,4.29,4.45,4.27,4.44,5028395.0,0.2103216043129761,
20180704,4.39,4.48,4.37,4.4,5113838.0,0.21389541043546922,
20180705,4.38,4.41,4.3,4.31,4056414.0,0.1696667625032673,
20180706,4.29,4.32,4.16,4.21,4436685.0,0.1855722764483133,
20180709,4.23,4.28,4.18,4.28,3001025.0,0.12552323208167798,
20180710,4.28,4.29,4.21,4.25,2619045.0,0.10954623615843197,
20180711,4.21,4.21,4.09,4.1,4175100.0,0.17463101649077023,
20180712,4.11,4.21,4.11,4.18,3062993.0,0.12811515439010174,
20180713,4.18,4.2,4.15,4.18,1471100.0,0.06153138568167759,
20180716,4.21,4.27,4.16,4.22,1949585.0,0.08154487564014234,
20180717,4.2,4.2,4.14,4.2,1549572.0,0.06481361727518761,
20180718,4.18,4.21,4.16,4.19,1533293.0,0.06413271901707326,
20180719,4.2,4.24,4.17,4.19,1235565.0,0.05167971351354902,
20180720,4.16,4.22,4.11,4.21,1724395.0,0.07212590157878895,
20180723,4.19,4.29,4.17,4.29,3210839.0,0.13429907747316427,
20180724,4.3,4.38,4.29,4.32,3943400.0,0.16493975004902955,
20180725,4.32,4.36,4.27,4.34,3209279.0,0.13423382768615905,
20180726,4.33,4.41,4.3,4.36,3871124.0,0.16191667722493266,
20180727,4.35,4.38,4.33,4.35,3036547.0,0.12700900319321665,
20180730,4.38,4.4,4.24,4.26,3596179.0,0.15041661139919082,
20180731,4.24,4.3,4.21,4.24,1886308.0,0.07889820206813533,
20180801,4.28,4.28,4.17,4.19,2361200.0,0.09876140838255532,
20180802,4.14,4.18,4.05,4.14,3452881.0,0.1444229165413205,
20180803,4.14,4.29,4.09,4.2,3718015.0,0.15551261976430053,
20180806,4.19,4.25,4.15,4.16,2322702.0,0.09715116075426816,
20180807,4.19,4.29,4.16,4.28,3216302.0,0.1345275772080423,
20180808,4.3,4.3,4.23,4.26,2505200.0,0.104784465644578,
20180809,4.22,4.34,4.19,4.32,3276500.0,0.137045466104287,
20180810,4.34,4.34,4.24,4.27,1837600.0,0.07686090294925615,
20180813,4.26,4.26,4.19,4.25,1464379.0,0.061250267849329985,
20180814,4.2,4.3,4.2,4.26,1712400.0,0.07162418927421978,
20180815,4.27,4.27,4.15,4.16,1917235.0,0.08019177909551432,
20180816,4.1,4.19,4.07,4.17,1708587.0,0.0714647037371358,
20180817,4.17,4.2,4.11,4.13,1868500.0,0.07815335065339853,
20180820,4.15,4.16,4.07,4.14,1941700.0,0.08121507142826007,
20180821,4.14,4.21,4.1,4.19,2380000.0,0.0995477519695416,
20180822,4.17,4.27,4.15,4.2,2090600.0,0.08744307994433767,
20180823,4.19,4.21,4.1,4.16,1464200.0,0.06124278085453899,
20180824,4.13,4.19,4.11,4.16,1290074.0,0.053959649821157314,
20180827,4.15,4.22,4.14,4.21,2411539.0,0.10086692699028421,
20180828,4.21,4.27,4.17,4.24,1751012.0,0.07323920515617267,
20180829,4.24,4.38,4.2,4.27,5673213.0,0.23729226915730212,
20180830,4.23,4.26,4.16,4.17,1991800.0,0.08331059343400546,
20180831,4.15,4.36,4.11,4.21,3056313.0,0.12783575145600237,
20180903,4.21,4.31,4.16,4.3,3954470.0,0.16540277257604755,
20180904,4.25,4.32,4.25,4.3,2945108.0,0.1231844036586188,
20180905,4.28,4.29,4.23,4.24,1624700.0,0.06795598009450178,
20180906,4.2,4.25,4.15,4.19,2000437.0,0.08367185138936718,
20180907,4.23,4.27,4.18,4.22,1267615.0,0.05302026202221449,
20180910,4.22,4.26,4.19,4.2,1183800.0,0.0495145499082115,
20180911,4.2,4.25,4.18,4.22,1224000.0,0.05119598672719283,
20180912,4.23,4.28,4.18,4.2,1979400.0,0.08279194128088684,
20180913,4.18,4.22,4.18,4.2,1375800.0,0.057545292924241744,
20180914,4.21,4.21,4.12,4.13,2226000.0,0.09310642684210067,
20180917,4.13,4.15,4.08,4.13,1878100.0,0.07855488780420004,
20180918,4.1,4.17,4.1,4.16,1409900.0,0.05897158634531795,
20180919,4.16,4.31,4.12,4.23,2695800.0,0.1127566511594497,
20180920,4.2,4.24,4.18,4.19,1066100.0,0.04459153713223878,
20180921,4.2,4.29,4.19,4.26,2016100.0,0.08432698434697178,
20180925,4.26,4.28,4.21,4.23,1207900.0,0.050522575463869464,
20180926,4.29,4.3,4.23,4.27,3213812.0,0.13442342850955313,
20180927,4.23,4.29,4.21,4.21,2039200.0,0.08529318311608791,
20180928,4.21,4.26,4.21,4.23,1303900.0,0.05453794697188458,
20181008,4.18,4.22,4.16,4.17,1766400.0,0.07388283574747827,
20181009,4.16,4.24,4.16,4.21,1315300.0,0.05501477233846138,
20181010,4.22,4.31,4.21,4.28,3137700.0,0.1312399081322818,
20181011,4.23,4.25,4.04,4.09,3874300.0,0.16204951909898951,
20181012,4.09,4.1,3.73,4.03,5541700.0,0.2317915029788272,
20181015,4.01,4.04,3.78,3.8,2868600.0,0.11998431987387691,
20181016,3.81,3.84,3.75,3.78,1683648.0,0.07042158550756923,
20181017,3.85,3.87,3.71,3.8,1037100.0,0.043378560322525885,
20181018,3.79,3.79,3.42,3.49,3129100.0,0.13088019776802212,
20181019,3.45,3.58,3.38,3.56,2529046.0,0.10578186719645433,
20181022,3.54,3.75,3.54,3.68,2342402.0,0.0979751484491421,
20181023,3.69,3.69,3.59,3.64,1630300.0,0.06819021009913599,
20181024,3.63,3.67,3.58,3.62,1468800.0,0.06143518407263139,
20181025,3.54,3.66,3.5,3.64,1879526.0,0.07861453280180868,
20181026,3.67,3.93,3.62,3.93,4354383.0,0.1821298482623481,
20181029,3.83,3.88,3.72,3.74,3144564.0,0.1315270071951049,
20181030,3.74,3.77,3.62,3.75,2042800.0,0.08544375954763848,
20181031,3.73,3.82,3.71,3.78,1803417.0,0.07543113790489699,
20181101,3.82,3.83,3.75,3.75,1768803.0,0.07398334551553827,
20181102,3.79,3.84,3.76,3.81,2090671.0,0.08744604964618215,
20181105,3.78,3.82,3.77,3.8,1691203.0,0.07073758687989272,
20181106,3.8,3.86,3.79,3.83,1810400.0,0.07572321435531855,
20181107,3.81,3.84,3.79,3.81,1383648.0,0.057873549545021975,
20181108,3.82,3.85,3.8,3.82,1142000.0,0.04776619023076324,
20181109,3.81,3.85,3.77,3.81,1242500.0,0.05196978227821657,
20181112,3.81,3.87,3.78,3.87,1990340.0,0.08324952632565438,
20181113,3.82,3.98,3.81,3.93,2588800.0,0.1082811849994745,
20181114,3.89,4.02,3.88,3.97,3230007.0,0.13510081331759796,
20181115,3.97,4.0,3.94,3.97,1226700.0,0.05130891905085575,
20181116,3.98,4.0,3.93,3.98,1673800.0,0.07000967531370536,
20181119,3.97,3.98,3.82,3.96,2138080.0,0.08942901576934349,
20181120,3.93,3.96,3.88,3.88,975600.0,0.040806212950203695,
20181121,3.87,3.91,3.84,3.89,1147400.0,0.04799205487808909,
20181122,3.89,3.92,3.86,3.87,988275.0,0.04133636746962131,
20181123,3.89,3.95,3.73,3.76,2641416.0,0.11048194320015911,
20181126,3.73,3.81,3.73,3.74,1151884.0,0.04817960618894263,
20181127,3.75,3.78,3.73,3.75,634700.0,0.026547461418095823,
20181128,3.74,3.78,3.69,3.77,748100.0,0.031290619011938685,
20181129,3.76,3.84,3.7,3.7,1331186.0,0.0556792326694648,
20181130,3.7,3.72,3.64,3.71,1163548.0,0.04866747382716647,
20181203,3.76,3.84,3.76,3.8,1280548.0,0.0535612078525599,
20181204,3.8,3.88,3.77,3.87,1372746.0,0.05741755391814301,
20181205,3.81,3.88,3.78,3.83,1489058.0,0.06228251111439567,
20181206,3.83,3.85,3.77,3.8,913296.0,0.03820023684150188,
20181207,3.81,3.83,3.77,3.82,1021020.0,0.04270598559493335,
20181210,3.81,3.84,3.77,3.79,989920.0,0.041405172533482616,
20181211,3.77,3.85,3.77,3.83,1466129.0,0.06132346472577818,
20181212,3.87,3.89,3.82,3.83,1360828.0,0.05691906227613755,
20181213,3.84,3.88,3.82,3.85,1789753.0,0.0748596166935895,
20181214,3.82,3.87,3.82,3.84,2188890.0,0.09155423479353358,
20181217,3.84,3.89,3.82,3.88,2779328.0,0.11625035898571519,
20181218,3.88,4.02,3.86,3.93,5099800.0,0.21330824600599507,
20181219,3.94,3.98,3.88,3.9,2707779.0,0.1132576942354342,
20181220,3.9,3.91,3.79,3.81,1645982.0,0.06884613776568488,
20181221,3.78,3.81,3.69,3.72,1585200.0,0.06630382202609973,
20181224,3.74,3.77,3.69,3.72,1006501.0,0.04209870248113261,
20181225,3.71,3.71,3.56,3.6,1275020.0,0.0533299893765567,
20181226,3.62,3.75,3.59,3.69,1527721.0,0.06389966016246222,
20181227,3.83,3.83,3.69,3.7,704300.0,0.029458605761406787,
20181228,3.75,3.77,3.66,3.67,810354.0,0.033894503781313416,
20190102,3.67,3.78,3.64,3.65,913666.0,0.038215712752522356,
20190103,3.65,3.68,3.58,3.59,1035400.0,0.04330745478540478,
20190104,3.59,3.69,3.56,3.68,1141102.0,0.047728629776448685,
20190107,3.68,3.73,3.65,3.72,1063204.0,0.04447040675841366,
20190108,3.71,3.76,3.69,3.73,873599.0,0.03653983889615109,
20190109,3.73,3.83,3.7,3.74,1339263.0,0.056017067624363114,
20190110,3.75,3.83,3.75,3.79,1517947.0,0.06349084515080242,
20190111,4.09,4.09,3.8,3.85,3764035.0,0.1574374884809553,
20190114,3.83,3.98,3.81,3.9,3532726.0,0.14776257631275244,
20190115,3.89,3.96,3.86,3.89,1914680.0,0.08008491165589997,
20190116,3.9,3.96,3.79,3.87,2961002.0,0.12384919860391455,
20190117,3.87,4.0,3.85,3.94,6060613.0,0.2534959662636048,
20190118,3.92,3.97,3.86,3.88,3657942.0,0.15299995921637352,
20190121,3.86,3.93,3.86,3.88,2740500.0,0.11462630851786923,
20190122,3.88,3.98,3.88,3.89,2620146.0,0.10959228745041451,
20190123,3.83,3.94,3.83,3.88,1951361.0,0.08161916001304062,
20190124,3.92,3.97,3.86,3.9,2442137.0,0.10214674300489093,
20190125,3.92,3.96,3.9,3.91,1990000.0,0.08323530521823017,
20190128,3.92,3.95,3.84,3.85,1460800.0,0.06110056978029679,
20190129,3.85,3.91,3.76,3.82,2226023.0,0.09310738885819114,
20190130,3.79,3.83,3.69,3.72,1606000.0,0.06717381918616967,
20190131,3.75,3.78,3.64,3.68,1867000.0,0.0780906104735858,
20190201,3.71,3.74,3.69,3.7,1264051.0,0.052871191354979426,
20190211,3.7,3.82,3.7,3.78,1961895.0,0.08205976338247219,
20190212,3.8,3.86,3.77,3.84,2126001.0,0.0889237900147048,
20190213,3.85,3.89,3.79,3.89,2586669.0,0.10819205211735387,
20190214,3.86,3.89,3.84,3.87,2231855.0,0.09335132267730306,
20190215,3.85,3.87,3.8,3.82,2630721.0,0.11003460571809433,
20190218,3.82,3.92,3.82,3.92,3479985.0,0.1455565897637501,
20190219,3.91,3.93,3.85,3.89,3679053.0,0.15388296450705796,
20190220,3.89,3.94,3.86,3.9,2707240.0,0.11323514959748816,
20190221,3.91,3.95,3.88,3.95,4394472.0,0.1838066423080233,
20190222,3.95,3.95,3.87,3.94,3870067.0,0.16187246631155797,
20190225,3.95,4.11,3.94,4.08,7298863.0,0.30528798469901863,
20190226,4.07,4.49,4.04,4.45,20699447.0,0.8657913512028035,
20190227,4.4,4.54,4.29,4.35,13745321.0,0.5749226074158537,
20190228,4.3,4.35,4.24,4.25,5934934.0,0.24823921755781486,
20190301,4.27,4.29,4.18,4.26,4302364.0,0.17995406065322894,
20190304,4.27,4.36,4.24,4.29,7801045.0,0.326292644018165,
20190305,4.29,4.33,4.24,4.33,5648174.0,0.2362449682490814,
20190306,4.36,4.46,4.32,4.42,9386688.0,0.39261499531070276,
20190307,4.4,4.62,4.37,4.46,10025482.0,0.41933369559290085,
20190308,4.34,4.4,4.2,4.2,7901193.0,0.3304815130367556,
20190311,4.19,4.35,4.19,4.35,4735870.0,0.198086223579829,
20190312,4.33,4.65,4.33,4.52,12094345.0,0.5058675866781788,
20190313,4.5,4.57,4.37,4.39,6546060.0,0.27380065430997375,
20190314,4.4,4.43,4.25,4.29,3197492.0,0.13374081535319055,
20190315,4.32,4.41,4.31,4.4,3173011.0,0.13271685379186016,
20190318,4.39,4.57,4.36,4.54,9193479.0,0.38453368370974345,
20190319,4.53,4.6,4.48,4.51,7079272.0,0.2961031988155129,
20190320,4.51,4.59,4.39,4.46,7562548.0,0.3163170809082995,
20190321,4.46,4.51,4.41,4.49,5971011.0,0.24974820253588428,
20190322,4.47,4.5,4.38,4.49,4409050.0,0.18441639320223,
20190325,4.41,4.79,4.38,4.56,9469760.0,0.3960896301223052,
20190326,4.56,4.6,4.43,4.46,4785563.0,0.20016472208345187,
20190327,4.51,4.51,4.4,4.49,4416821.0,0.18474142916044653,
20190328,4.47,4.49,4.36,4.38,3501903.0,0.1464733492711738,
20190329,4.36,4.53,4.36,4.52,5908515.0,0.24713419568416642,
20190401,4.55,4.83,4.48,4.82,17632897.0,0.7375274189329724,
20190402,4.88,5.3,4.81,5.14,26485172.0,1.1077896357674992,
20190403,5.14,5.35,4.92,5.0,18984493.0,0.7940603363157559,
20190404,5.0,5.02,4.9,4.93,9769413.0,0.40862315218992246,
20190408,4.94,5.05,4.84,4.95,11748399.0,0.491397777181181,
20190409,4.93,4.95,4.82,4.88,6018589.0,0.25173823738597123,
20190410,4.83,4.91,4.8,4.84,4943643.0,0.20677670049998342,
20190411,4.83,5.05,4.78,4.8,7149450.0,0.29903851904144507,
20190412,4.76,4.86,4.66,4.72,7267972.0,0.3039959134359551,
20190415,4.76,4.88,4.72,4.77,5860002.0,0.2451050527886629,
20190416,4.74,4.9,4.72,4.9,6600642.0,0.2760836439729996,
20190417,4.9,5.03,4.85,4.9,9839214.0,0.4115427037173283,
20190418,4.86,4.94,4.8,4.8,5191955.0,0.2171627935197569,
20190419,4.8,5.02,4.77,5.01,11655890.0,0.48752842298498333,
20190422,4.95,5.0,4.76,4.79,8524859.0,0.3565674576921489,
20190423,4.78,4.92,4.7,4.72,5724402.0,0.23943334053359155,
20190424,4.72,4.85,4.71,4.81,3817671.0,0.15968091000391255,
20190425,4.84,4.84,4.47,4.49,7127500.0,0.298120421076852,
20190426,4.49,4.57,4.37,4.39,4302325.0,0.17995242940855383,
20190429,4.39,4.43,4.19,4.22,5161162.0,0.21587482128177451,
20190430,4.2,4.31,4.2,4.26,2254400.0,0.09429430757988849,
20190506,4.11,4.2,3.91,3.93,5598900.0,0.23418399516901955,
20190507,3.99,4.06,3.96,4.01,2977234.0,0.12452813100306144,
20190508,3.99,4.06,3.92,4.03,2895400.0,0.12110527775319781,
20190509,4.01,4.07,3.98,4.03,2669167.0,0.11164267835348128,
20190510,4.06,4.11,3.96,4.1,3408110.0,0.1425502894810565,
20190513,4.09,4.25,4.01,4.18,4546602.0,0.19016975134463102,
20190514,4.14,4.19,4.11,4.14,2916401.0,0.12198368209736266,
20190515,4.16,4.23,4.12,4.2,2946902.0,0.12325944091367484,
20190516,4.18,4.3,4.18,4.23,3028000.0,0.1266515096486437,
20190517,4.27,4.27,4.03,4.09,3493355.0,0.1461158138998143,
20190520,4.06,4.16,4.01,4.1,1814857.0,0.07590963634293546,
20190521,4.06,4.16,4.05,4.14,3026902.0,0.12660558383702078,
20190522,4.15,4.18,4.05,4.09,2426353.0,0.10148654900611478,
20190523,4.09,4.18,4.03,4.12,3456213.0,0.14456228339407787,
20190524,4.07,4.13,3.97,4.0,2704900.0,0.11313727491698028,
20190527,3.97,4.07,3.96,4.05,1915499.0,0.08011916779407773,
20190528,4.05,4.07,3.98,4.0,1653800.0,0.06917313958286887,
20190529,3.99,4.14,3.96,4.11,3094600.0,0.1294371736323292,
20190530,4.08,4.13,4.01,4.08,1568030.0,0.0655856561011766,
20190531,4.0,4.1,3.92,4.02,4081685.0,0.17072376722596574,
20190603,4.02,4.12,4.01,4.11,3671586.0,0.15357064389195016,
20190604,4.11,4.14,4.05,4.11,3138413.0,0.13126973063108613,
20190605,4.13,4.17,4.06,4.08,2056900.0,0.08603351723787821,
20190606,4.08,4.1,3.71,3.83,7568299.0,0.3165576267577016,
20190610,3.76,3.82,3.67,3.81,4140000.0,0.1731628962831522,
20190611,3.8,3.92,3.73,3.91,2394301.0,0.10014591684387623,
20190612,3.89,4.04,3.87,3.9,3449102.0,0.14426485311497894,
20190613,3.9,3.93,3.86,3.9,1284000.0,0.05370559391970228,
20190614,3.94,3.94,3.78,3.8,2112400.0,0.08835490389094945,
20190617,3.81,3.85,3.79,3.84,986600.0,0.041266307602163765,
20190618,3.86,3.86,3.8,3.83,781200.0,0.03267508564647307,
20190619,3.87,3.96,3.85,3.85,1168500.0,0.04887460007412159,
20190620,3.88,3.94,3.82,3.92,2304599.0,0.09639397043750152,
20190621,3.93,3.98,3.93,3.96,2439100.0,0.1020197150541634,
20190624,3.96,4.03,3.93,3.99,2456900.0,0.1027642318546079,
20190625,3.99,3.99,3.86,3.93,1830501.0,0.07656397459159575,
20190626,3.91,3.94,3.88,3.94,980800.0,0.04102371224022118,
20190627,3.94,3.96,3.89,3.93,1589300.0,0.06647531185092122,
20190628,3.94,3.94,3.83,3.93,2681200.0,0.11214598007593907,
20190701,3.96,4.03,3.93,3.99,3247201.0,0.13581998308539808,
20190702,3.99,3.99,3.95,3.96,1086700.0,0.045453168935000364,
20190703,3.96,3.96,3.89,3.9,1523667.0,0.06373009436982166,
20190704,3.91,3.95,3.89,3.92,1240101.0,0.05186943981730274,
20190705,3.95,4.0,3.91,3.93,1201700.0,0.05026324938731014,
20190708,3.95,3.95,3.76,3.81,2078203.0,0.08692455327157869,
20190709,3.81,3.84,3.76,3.8,1181100.0,0.049401617584548564,
20190710,3.78,3.82,3.72,3.73,1190900.0,0.04981152009265844,
20190711,3.74,3.78,3.7,3.75,994400.0,0.04159255653718999,
20190712,3.8,3.8,3.73,3.78,959400.0,0.04012861900822614,
20190715,3.77,3.82,3.74,3.78,1030100.0,0.04308577281673311,
20190716,3.8,3.81,3.73,3.8,1528700.0,0.06394060858648666,
20190717,3.78,3.94,3.78,3.8,1629400.0,0.06815256599124836,
20190718,3.76,3.81,3.75,3.81,1342600.0,0.05615664361105318,
20190719,3.8,4.01,3.79,3.92,3819400.0,0.15975322851784338,
20190722,3.89,3.98,3.8,3.9,3976500.0,0.16632421668356395,
20190723,3.93,3.93,3.86,3.87,1335700.0,0.05586803878391459,
20190724,3.87,3.92,3.87,3.88,1823200.0,0.07625859722305389,
20190725,3.88,3.91,3.84,3.86,848700.0,0.0354983937380462,
20190726,3.89,3.9,3.86,3.87,733740.0,0.030689986357198093,
20190729,3.86,3.89,3.83,3.84,749400.0,0.03134499383444306,
20190730,3.82,3.86,3.81,3.85,918001.0,0.03839703187218116,
20190731,3.83,3.86,3.81,3.83,628901.0,0.026304907882939783,
20190801,3.83,3.89,3.83,3.89,1842203.0,0.07705343164770817,
20190802,3.79,3.79,3.68,3.69,1260203.0,0.05271024188036649,
20190805,3.67,3.7,3.63,3.66,1225100.0,0.05124199619238884,
20190806,3.63,3.63,3.29,3.48,3688200.0,0.15426555412355603,
20190807,3.48,3.58,3.41,3.47,2167700.0,0.09066792518671232,
20190808,3.52,3.52,3.4,3.47,833400.0,0.034858443903956295,
20190809,3.5,3.5,3.43,3.47,508600.0,0.02127310363517179,
20190812,3.44,3.5,3.44,3.5,714912.0,0.029902471620188626,
20190813,3.42,3.48,3.42,3.47,380000.0,0.015894178885893197,
20190814,3.49,3.51,3.46,3.48,1084900.0,0.045377880719225085,
20190815,3.44,3.44,3.35,3.43,1169100.0,0.04889969614604668,
20190816,3.41,3.46,3.39,3.45,1674000.0,0.07001804067101372,
20190819,3.44,3.53,3.44,3.5,1504380.0,0.0629233811377895,
20190820,3.5,3.55,3.5,3.52,1543930.0,0.06457763054551864,
20190821,3.51,3.57,3.49,3.55,1595600.0,0.0667388206061347,
20190822,3.55,3.57,3.51,3.53,1310300.0,0.054805638405752255,
20190823,3.54,3.55,3.48,3.52,1432002.0,0.05989604198146535,
20190826,3.4,3.51,3.4,3.46,1952957.0,0.08168591556436137,
20190827,3.46,3.52,3.45,3.5,1136250.0,0.047525686208147754,
20190828,3.53,3.53,3.5,3.51,964959.0,0.040361134114612146,
20190829,3.52,3.54,3.5,3.51,1247057.0,0.05216038694448767,
20190830,3.55,3.58,3.46,3.47,1995100.0,0.08344862182959346,
20190902,3.43,3.56,3.43,3.54,2112298.0,0.08835063755872219,
20190903,3.53,3.57,3.51,3.55,1522110.0,0.06366497006317604,
20190904,3.54,3.57,3.51,3.56,2104852.0,0.08803919530613176,
20190905,3.58,3.62,3.55,3.59,3493080.0,0.14610431153351527,
20190906,3.61,3.62,3.57,3.59,937200.0,0.039200064346997646,
20190909,3.6,3.63,3.6,3.61,1853000.0,0.07750503546200026,
20190910,3.63,3.63,3.56,3.6,1618100.0,0.06767992330332574,
20190911,3.61,3.74,3.58,3.68,3668533.0,0.15344294671263797,
20190912,3.66,3.74,3.64,3.67,2651200.0,0.11089117647968433,
20190916,3.71,3.72,3.67,3.69,1846959.0,0.07725235984450109,
20190917,3.69,3.7,3.58,3.59,1524100.0,0.06374820536839426,
20190918,3.61,3.64,3.56,3.57,1053600.0,0.04406870230046598,
20190919,3.61,3.64,3.57,3.61,1162300.0,0.04861527399756227,
20190920,3.6,3.63,3.57,3.6,842759.0,0.03524990079920123,
20190923,3.62,3.62,3.24,3.59,2129850.0,0.08908478131610428,
20190924,3.58,3.66,3.55,3.64,2312157.0,0.09671009729018462,
20190925,3.64,3.64,3.49,3.52,1801213.0,0.07533895166735881,
20190926,3.5,3.54,3.46,3.47,1006000.0,0.042077747261075146,
20190927,3.49,3.49,3.41,3.45,1524212.0,0.06375288996848695,
20190930,3.45,3.48,3.41,3.46,4386407.0,0.18346930927456348,
20191008,3.46,3.48,3.42,3.44,1314100.0,0.054964580194611194,
20191009,3.4,3.47,3.4,3.46,1192200.0,0.04986589491516282,
20191010,3.44,3.73,3.44,3.71,6973928.0,0.29169699781405095,
20191011,3.71,3.95,3.69,3.95,9540122.0,0.39903264647696096,
20191014,3.96,4.18,3.83,3.89,13643561.0,0.5706663136173575,
20191015,3.85,3.85,3.6,3.79,11188424.0,0.4679758223874229,
20191016,3.78,3.78,3.66,3.68,2773500.0,0.11600659247374943,
20191017,3.68,3.7,3.63,3.67,3292954.0,0.13773368405004618,
20191018,3.72,3.76,3.66,3.71,3109357.0,0.13005441152132688,
20191021,3.65,3.74,3.6,3.73,2809300.0,0.11750399143194674,
20191022,3.73,3.81,3.69,3.76,4076657.0,0.17051346214323343,
20191023,3.75,3.83,3.75,3.81,3776137.0,0.15794367625168443,
20191024,3.81,3.84,3.74,3.78,2502837.0,0.10468562894797966,
20191025,3.76,3.79,3.68,3.73,1845400.0,0.07718715188428239,
20191028,3.73,3.84,3.71,3.84,2198914.0,0.09197350650182883,
20191029,3.83,3.86,3.78,3.81,1714983.0,0.0717322278638573,
20191030,3.74,3.81,3.73,3.76,1655331.0,0.0692371763930644,
20191031,3.75,3.83,3.75,3.82,2196600.0,0.09187671931777106,
20191101,3.83,3.84,3.71,3.77,2302700.0,0.09631454136985859,
20191104,3.78,3.79,3.7,3.74,1714483.0,0.07171131447058639,
20191105,3.72,3.75,3.66,3.72,3533800.0,0.14780749828149836,
20191106,3.72,3.85,3.69,3.85,3844383.0,0.16079818712601776,
20191107,3.85,3.93,3.84,3.93,3842231.0,0.16070817588137976,
20191108,3.92,3.95,3.86,3.88,4241043.0,0.17738920027569777,
20191111,3.84,3.9,3.83,3.84,2702577.0,0.11304011129184363,
20191112,3.84,4.06,3.81,4.06,8058808.0,0.33707404199754526,
20191113,4.04,4.05,3.95,3.96,3636799.0,0.15211561546851973,
20191114,3.92,3.99,3.9,3.92,2428666.0,0.10158329436338602,
20191115,3.93,4.04,3.91,3.91,4277752.0,0.17892461978286156,
20191118,3.91,3.99,3.84,3.98,1957266.0,0.0818661471875701,
20191119,4.0,4.04,3.93,3.96,2004512.0,0.08384229554452513,
20191120,3.96,4.09,3.93,3.98,2660003.0,0.11125937768161201,
20191121,3.98,4.07,3.91,4.06,3412265.0,0.14272407977913776,
20191122,4.06,4.12,3.98,4.08,3574956.0,0.14952892150841368,
20191125,4.03,4.24,4.03,4.18,6676165.0,0.2792425283729978,
20191126,4.19,4.36,4.09,4.31,9470219.0,0.3961088286173278,
20191127,4.26,4.3,4.18,4.25,5180514.0,0.21668425325493187,
20191128,4.23,4.24,4.12,4.22,4502332.0,0.18831807950442445,
20191129,4.22,4.22,4.13,4.17,2503033.0,0.10469382699814186,
20191202,4.15,4.19,4.13,4.13,2040901.0,0.08536433047999556,
20191203,4.13,4.2,4.05,4.2,2837400.0,0.118679324133772,
20191204,4.19,4.31,4.15,4.17,2827702.0,0.11827368795788938,
20191205,4.18,4.19,4.12,4.13,3007500.0,0.1257940605245363,
20191206,4.15,4.15,4.09,4.13,1563303.0,0.0653879408811934,
20191209,4.14,4.19,4.1,4.16,1986658.0,0.08309552009760739,
20191210,4.16,4.19,4.05,4.05,2752944.0,0.11514680104959568,
20191211,4.05,4.1,4.01,4.05,2029290.0,0.08487867966145844,
20191212,4.02,4.05,3.66,3.94,3081025.0,0.1288693750050239,
20191213,3.93,3.98,3.92,3.96,1463200.0,0.06120095406799718,
20191216,3.94,4.0,3.9,3.98,8834800.0,0.3695312937397085,
20191217,3.95,4.14,3.91,4.09,10862302.0,0.4543351871068301,
20191218,4.09,4.09,4.0,4.04,2180836.0,0.09121736185472573,
20191219,4.05,4.08,4.01,4.05,1926279.0,0.08057006055299859,
20191220,4.06,4.1,4.03,4.08,2607748.0,0.10907371895086898,
20191223,4.1,4.27,4.07,4.2,8800427.0,0.36809358160590633,
20191224,4.2,4.62,4.15,4.45,29381545.0,1.2289356109840022,
20191225,4.32,4.42,4.15,4.26,10496187.0,0.4390217731520702,
20191226,4.2,4.24,4.15,4.19,10910069.0,0.4563331272195734,
20191227,4.18,4.29,4.15,4.25,12817071.0,0.5360968928084053,
20191230,4.2,4.28,4.17,4.23,4883266.0,0.2042513246089477,
20191231,4.21,4.22,4.07,4.1,5717006.0,0.23912398962032824,
20200102,4.13,4.15,4.1,4.14,3730282.0,0.15602570895480908,
20200103,4.13,4.21,4.11,4.17,3506200.0,0.14665307897294402,
20200106,4.13,4.23,4.12,4.23,4555400.0,0.190537743412626,
20200107,4.21,4.37,4.21,4.29,9108338.0,0.380972509276786,
20200108,4.26,4.29,4.11,4.11,5482700.0,0.22932372257285955,
20200109,4.16,4.19,4.11,4.15,2855360.0,0.11943053322006317,
20200110,4.15,4.15,4.07,4.07,3165570.0,0.13240562067320244,
20200113,4.07,4.11,3.99,4.03,4539799.0,0.189885203715787,
20200114,4.01,4.05,3.99,4.03,3386329.0,0.14163926024338902,
20200115,4.04,4.04,3.93,3.95,2781190.0,0.11632824046225605,
20200116,3.96,4.04,3.96,4.03,6346670.0,0.2654608113413994,
20200117,4.03,4.05,3.96,3.97,1671600.0,0.06991765638331335,
20200120,3.98,4.03,3.97,3.98,1284193.0,0.053713666489504854,
20200121,4.01,4.01,3.85,3.88,3005646.0,0.12571651366228775,
20200122,3.89,3.89,3.72,3.82,2766839.0,0.11572798424859435,
20200123,3.82,3.82,3.61,3.63,3975000.0,0.1662614765037512,
20200203,3.27,3.43,3.27,3.27,5838200.0,0.24419314518847804,
20200204,3.24,3.37,3.1,3.32,3323965.0,0.13903077452749468,
20200205,3.31,3.54,3.31,3.46,4514880.0,0.18884292202195127,
20200206,3.46,3.54,3.43,3.5,2860500.0,0.11964552290288813,
20200207,3.5,3.56,3.46,3.55,2897801.0,0.12120570386768473,
20200210,3.53,3.61,3.48,3.59,2112700.0,0.088367451926912,
20200211,3.55,3.71,3.54,3.68,3636701.0,0.15211151644343862,
20200212,3.66,3.76,3.66,3.68,2366144.0,0.0989682000152181,
20200213,3.66,3.71,3.61,3.68,2943100.0,0.12310041547124281,
20200214,3.66,3.73,3.62,3.7,2157400.0,0.09023710928533155,
20200217,3.7,3.79,3.7,3.77,3842299.0,0.1607110201028646,
20200218,3.75,4.15,3.73,3.93,7966396.0,0.33320874499964215,
20200219,3.95,4.02,3.86,3.89,5974402.0,0.24989003716904762,
20200220,3.86,4.08,3.78,4.0,7367106.0,0.30814237009299233,
20200221,4.0,4.07,3.95,4.02,5875627.0,0.2457585963283789,
20200224,3.97,4.05,3.95,4.01,3864100.0,0.16162288587626292,
20200225,3.96,3.96,3.86,3.94,2826600.0,0.1182275948391203,
20200226,3.93,4.18,3.86,4.15,8112145.0,0.33930495731132654,
20200227,4.15,4.23,4.11,4.16,4882595.0,0.20422325883517814,
20200228,4.11,4.12,3.92,3.98,3518641.0,0.14717344602431084,
20200302,3.98,4.18,3.98,4.14,2835117.0,0.11858383358009703,
20200303,4.16,4.23,4.12,4.14,5280419.0,0.2208629583643928,
20200304,4.16,4.21,4.08,4.21,2582838.0,0.10803181369811214,
20200305,4.25,4.25,4.15,4.17,3999403.0,0.16728217557573133,
20200306,4.15,4.21,4.07,4.15,3035001.0,0.126944338981223,
20200309,4.14,4.14,3.99,4.0,2468902.0,0.10326623694668285,
20200310,4.03,4.08,3.89,4.02,2297505.0,0.09609725121377381,
20200311,4.04,4.08,3.97,3.97,1694901.0,0.07089226233652438,
20200312,3.99,3.99,3.87,3.91,1471702.0,0.061556565407175766,
20200313,3.81,4.0,3.7,3.95,1997273.0,0.08353951143674886,
20200316,4.01,4.01,3.85,3.92,1442502.0,0.0603352232401545,
20200317,3.95,4.2,3.87,4.17,4188102.0,0.17517484836938704,
20200318,4.18,4.27,4.1,4.13,3395200.0,0.14201030566680153,
20200319,4.16,4.25,4.03,4.12,5845986.0,0.24451880854849273,
20200320,4.16,4.16,4.06,4.09,2409702.0,0.10079009118340687,
20200323,4.1,4.1,3.79,3.85,2932603.0,0.1226613596929133,
20200324,3.93,3.93,3.81,3.87,1158577.0,0.04845955287126706,
20200325,3.94,3.94,3.86,3.9,1086704.0,0.04545333624214653,
20200326,3.9,3.93,3.83,3.86,823200.0,0.034431810681229684,
20200327,3.9,3.9,3.83,3.86,751406.0,0.03142889836824596,
20200330,3.86,3.88,3.75,3.87,1233700.0,0.05160170655664852,
20200331,3.92,3.94,3.84,3.93,633400.0,0.026493086595591454,
20200401,3.97,3.98,3.87,3.9,937702.0,0.03922106139384164,
20200402,3.91,3.95,3.85,3.93,682700.0,0.028555147172103387,
20200403,3.95,4.05,3.9,4.03,2041368.0,0.08538386358931059,
20200407,4.05,4.19,4.03,4.18,3408446.0,0.14256434328133455,
20200408,4.17,4.6,4.11,4.33,9545797.0,0.39927001349058583,
20200409,4.36,4.65,3.9,4.08,35098552.0,1.468059642431117,
20200410,3.83,3.83,3.67,3.68,14623608.0,0.6116585302873128,
20200413,3.61,3.61,3.49,3.54,5170202.0,0.21625293543211258,
20200414,3.49,3.57,3.49,3.55,3200768.0,0.13387783990590157,
20200415,3.56,3.61,3.52,3.57,3087400.0,0.12913602076922806,
20200416,3.55,3.56,3.52,3.52,2659600.0,0.11124252148663565,
20200417,3.54,3.56,3.46,3.48,2926000.0,0.12238517742137761,
20200420,3.46,3.5,3.45,3.49,3163342.0,0.13231243059278727,
20200421,3.44,3.46,3.41,3.45,2299172.0,0.09616697646693903,
20200422,3.41,3.45,3.41,3.43,3644689.0,0.15244562881433474,
20200423,3.42,3.45,3.4,3.44,3647029.0,0.15254350349484258,
20200424,3.42,3.47,3.42,3.47,2405021.0,0.10059429999560458,
20200427,3.45,3.58,3.45,3.55,3846102.0,0.16087008737208316,
20200428,3.52,3.65,3.41,3.63,5186121.0,0.21691877604707188,
20200429,3.63,3.64,3.49,3.51,3963235.0,0.16576938436008665,
20200430,3.43,3.62,3.43,3.59,3387778.0,0.1416998672570881,
20200506,3.54,3.59,3.51,3.59,2317702.0,0.09694202682155904,
20200507,3.56,3.61,3.54,3.6,3379815.0,0.14136680055585557,
20200508,3.61,3.61,3.53,3.61,2402953.0,0.1005078022010361,
20200511,3.58,3.66,3.58,3.66,2284171.0,0.09553953284202513,
20200512,3.66,3.67,3.6,3.61,2461000.0,0.10293572167942937,
20200513,3.59,3.63,3.59,3.62,1952001.0,0.08164592915642739,
20200514,3.59,3.6,3.54,3.56,1088472.0,0.045527286000752475,
20200515,3.54,3.58,3.52,3.53,1296629.0,0.054233824406938975,
20200518,3.55,3.55,3.46,3.49,2862200.0,0.11971662844000924,
20200519,3.44,3.65,3.44,3.54,3890500.0,0.16272711304096707,
20200520,3.5,3.54,3.5,3.51,953381.0,0.039876863580030904,
20200521,3.52,3.53,3.47,3.48,1188900.0,0.049727866519574795,
20200522,3.47,3.53,3.41,3.42,1448600.0,0.06059028298448654,
20200525,3.41,3.49,3.36,3.48,2368357.0,0.09906076269383514,
20200526,3.45,3.56,3.45,3.52,2260713.0,0.09455836008332702,
20200527,3.52,3.74,3.51,3.64,3830600.0,0.1602216885271118,
20200528,3.6,3.7,3.58,3.65,1845567.0,0.07719413695763487,
20200529,3.68,3.68,3.6,3.62,755400.0,0.031595954553694,
20200601,3.64,3.77,3.62,3.76,2381177.0,0.09959698209730133,
20200602,3.76,3.81,3.73,3.78,3300317.0,0.13804165467935364,
20200603,3.77,3.79,3.67,3.68,1609800.0,0.0673327609750286,
20200604,3.67,3.71,3.63,3.69,1689900.0,0.07068308657702872,
20200605,3.69,3.7,3.59,3.67,2474960.0,0.10351962361955322,
20200608,3.64,3.75,3.63,3.67,3733772.0,0.15617168443984006,
20200609,3.66,3.75,3.64,3.71,1695900.0,0.07093404729627967,
20200610,3.7,3.72,3.65,3.68,585100.0,0.024472852805621344,
20200611,3.7,3.71,3.64,3.69,868000.0,0.036305650718303405,
20200612,3.65,3.74,3.59,3.7,1655300.0,0.06923587976268161,
20200615,3.72,4.07,3.64,3.76,5235600.0,0.2189883236183748,
20200616,3.76,3.8,3.66,3.74,3303500.0,0.13817478934091626,
20200617,3.81,3.81,3.64,3.67,3772355.0,0.15778548734498324,
20200618,3.64,3.87,3.64,3.87,6814412.0,0.28502495613204537,
20200619,3.86,3.86,3.74,3.81,3511836.0,0.14688881474189375,
20200622,3.8,3.84,3.66,3.7,3527237.0,0.14753298908142437,
20200623,3.67,3.72,3.64,3.66,1916581.0,0.08016442437711598,
20200624,3.66,3.7,3.62,3.63,1273800.0,0.053278960696975665,
20200629,3.63,3.65,3.54,3.55,1464560.0,0.061257838497694055,
20200630,3.56,3.6,3.55,3.58,772700.0,0.032319557960867565,
20200701,3.58,3.61,3.56,3.61,1219901.0,0.05102453872915789,
20200702,3.61,3.8,3.56,3.72,4134458.0,0.17293109223213743,
20200703,3.72,4.07,3.7,3.95,9716630.0,0.40641540891588535,
20200706,3.93,4.35,3.91,4.35,20567582.0,0.8602758619954657,
20200707,4.5,4.6,4.31,4.31,16675095.0,0.6974656391296401,
20200708,4.35,4.58,4.31,4.53,13760654.0,0.5755639375338995,
20200709,4.53,4.94,4.38,4.77,14033492.0,0.5869758743203977,
20200710,4.75,4.85,4.61,4.71,9939416.0,0.41573383138239217,
20200713,4.71,4.88,4.7,4.78,14770968.0,0.617822125552116,
20200714,4.76,5.03,4.71,4.82,10799902.0,0.45172519562662033,
20200715,4.82,4.82,4.6,4.62,9274024.0,0.38790262223175465,
20200716,4.63,4.68,4.32,4.38,11076902.0,0.46331121549870563,
20200717,4.47,4.49,4.27,4.34,10827600.0,0.4528837139602558,
20200720,4.34,4.55,4.31,4.52,13482873.0,0.5639452509415249,
20200721,4.51,4.58,4.07,4.34,44484100.0,1.8606269552051622,
20200722,4.04,4.19,3.95,4.12,25688802.0,1.0744800377691868,
20200723,4.04,4.05,3.95,4.01,11079003.0,0.46339909357723,
20200724,3.96,4.07,3.87,3.89,8228972.0,0.3441914553026482,
20200727,3.9,3.95,3.79,3.84,6323067.0,0.26447357369865276,
20200728,3.85,3.93,3.74,3.79,9748601.0,0.407752653108414,
20200729,3.79,3.88,3.7,3.86,8729900.0,0.3651436638314711,
20200730,3.83,3.91,3.83,3.85,8109201.0,0.3391818192517474,
20200731,3.83,3.88,3.78,3.83,9127600.0,0.3817781768391546,
20200803,3.83,4.0,3.83,3.97,14420940.0,0.6031815791124544,
20200804,3.97,4.1,3.94,3.99,15924501.0,0.666070704112066,
20200805,3.97,4.02,3.92,3.97,6973201.0,0.29166658974023507,
20200806,4.0,4.0,3.91,3.97,5742261.0,0.240180325114442,
20200807,3.96,3.96,3.85,3.89,5213701.0,0.2180723588198954,
20200810,3.9,3.97,3.87,3.97,4661700.0,0.1949839308220219,
20200811,3.94,3.97,3.89,3.9,5170900.0,0.2162821305291188,
20200812,3.84,3.93,3.78,3.89,7080744.0,0.2961647678453025,
20200813,3.88,4.01,3.88,3.92,6663460.0,0.2787111190499839,
20200814,3.89,3.93,3.86,3.89,5883973.0,0.24610768268885697,
20200817,3.91,3.96,3.89,3.95,8062535.0,0.3372299304309866,
20200818,3.96,4.09,3.94,4.02,15834902.0,0.6623230658647051,
20200819,4.0,4.13,3.95,4.03,13690229.0,0.5726182860916915,
20200820,4.01,4.05,3.97,4.01,7810290.0,0.3266793326597442,
20200821,4.0,4.04,3.98,4.01,4303501.0,0.180001617709527,
20200824,3.98,4.13,3.98,4.07,9798700.0,0.40984813328737285,
20200825,4.07,4.09,3.98,4.02,5497100.0,0.22992602829906184,
20200826,4.04,4.08,3.94,4.0,7458079.0,0.31194747834506176,
20200827,4.01,4.03,3.94,4.03,4026854.0,0.16843036269309095,
20200828,4.03,4.19,4.02,4.1,12407627.0,0.5189711660195747,
20200831,4.1,4.16,4.04,4.04,5845000.0,0.24447756733696246,
20200901,4.04,4.09,4.01,4.04,3507400.0,0.1467032711167942,
20200902,4.04,4.07,4.02,4.07,3761080.0,0.1573138903267242,
20200903,4.06,4.15,4.02,4.09,4881400.0,0.20417327582526065,
20200904,4.05,4.05,3.94,3.98,4742600.0,0.19836771785325547,
20200907,3.98,4.02,3.94,3.96,4633280.0,0.19379521354850324,
20200908,3.95,4.21,3.92,4.21,16034830.0,0.6706854116444391,
20200909,4.21,4.28,4.12,4.16,21579935.0,0.9026193348314411,
20200910,4.17,4.23,3.97,3.98,9325200.0,0.3900431498598191,
20200911,3.98,3.99,3.76,3.83,9506666.0,0.39763328950641774,
20200914,3.82,3.84,3.65,3.77,14487940.0,0.6059839738107565,
20200915,3.75,3.77,3.71,3.76,4711163.0,0.19705280916474016,
20200916,3.76,3.76,3.7,3.73,3387401.0,0.14168409855856184,
20200917,3.73,3.73,3.68,3.71,4335212.0,0.1813279869375548,
20200918,3.69,3.79,3.69,3.77,7443600.0,0.31134186830272265,
20200921,3.77,3.96,3.74,3.93,11625685.0,0.4862650448974875,
20200922,3.89,3.89,3.75,3.78,7186100.0,0.30057147076820295,
20200923,3.79,3.83,3.75,3.83,3638600.0,0.15219094551108153,
20200924,3.8,3.81,3.71,3.73,3822189.0,0.1598698834255085,
20200925,3.74,3.77,3.59,3.61,3976300.0,0.1663158513262556,
20200928,3.62,3.7,3.61,3.66,2974721.0,0.12442302028848183,
20200929,3.64,3.68,3.62,3.67,7228700.0,0.30235329187488463,
20200930,3.67,3.71,3.63,3.65,3228621.0,0.135042841391451,
20201009,3.7,3.76,3.64,3.74,2643223.0,0.1105575242034402,
20201012,3.74,3.82,3.73,3.81,6432094.0,0.26903382275494825,
20201013,3.81,3.81,3.76,3.79,2910564.0,0.12173953914431802,
20201014,3.78,3.8,3.74,3.76,1702802.0,0.07122273577699134,
20201015,3.77,3.87,3.73,3.78,8950908.0,0.37438771827150663,
20201016,3.76,3.89,3.74,3.84,6620954.0,0.2769332296612371,
20201019,3.85,3.86,3.73,3.73,4904369.0,0.20513399528533982,
20201020,3.72,3.75,3.66,3.71,3121337.0,0.13055549642409794,
20201021,3.72,3.72,3.65,3.68,3023900.0,0.1264800198238222,
20201022,3.68,3.69,3.59,3.64,2429315.0,0.10161043994785168,
20201023,3.61,3.65,3.57,3.59,3734286.0,0.15619318340812255,
20201026,3.58,3.59,3.53,3.56,1978656.0,0.0827608221516997,
20201027,3.61,3.65,3.51,3.6,6861890.0,0.2870108083034781,
20201028,3.56,3.63,3.56,3.6,2069598.0,0.08656463377338629,
20201029,3.56,3.59,3.55,3.57,1873498.0,0.07836240093253456,
20201030,3.61,3.61,3.49,3.5,2848090.0,0.1191264524819041,
20201102,3.49,3.53,3.48,3.5,1850800.0,0.07741301653160823,
20201103,3.53,3.61,3.47,3.58,2847480.0,0.11910093814211359,
20201104,3.58,3.62,3.53,3.57,2593370.0,0.10847233341397064,
20201105,3.57,3.6,3.54,3.58,2460751.0,0.10292530680958045,
20201106,3.59,3.62,3.5,3.53,3609708.0,0.15098248599431519,
20201109,3.53,3.6,3.53,3.58,4867308.0,0.2035838527493133,
20201110,3.59,3.67,3.54,3.66,12847510.0,0.5373700583639519,
20201111,3.64,3.84,3.54,3.69,11770123.0,0.4923064222920155,
20201112,3.66,3.68,3.6,3.63,6730700.0,0.28152355217705616,
20201113,3.63,3.63,3.57,3.61,4833413.0,0.20216613381947812,
20201116,3.61,3.76,3.57,3.7,13415681.0,0.5611348255002067,
20201117,3.69,3.78,3.66,3.7,8201906.0,0.34305937149810717,
20201118,3.68,3.75,3.66,3.72,5076615.0,0.21233849196002288,
20201119,3.71,3.73,3.56,3.58,11067600.0,0.46292214273029353,
20201120,3.57,3.68,3.52,3.63,10558225.0,0.4416166233355519,
20201123,3.63,3.94,3.62,3.86,28370032.0,1.186627272648722,
20201124,3.82,3.96,3.74,3.83,40629731.0,1.6994110857887375,
20201125,3.84,4.13,3.79,3.98,46582625.0,1.9484015124328438,
20201126,3.91,4.18,3.88,4.05,30178741.0,1.2622797579079983,
20201127,4.01,4.13,3.87,4.04,26523344.0,1.1093862478633738,
20201130,4.03,4.25,3.92,3.98,33640779.0,1.4070856823336824,
20201201,3.9,4.03,3.83,3.98,23913005.0,1.0002041557085748,
20201202,3.97,4.24,3.95,4.14,36525602.0,1.5277485581656272,
20201203,4.05,4.12,3.95,4.03,27245397.0,1.1395874045662577,
20201204,3.96,4.0,3.87,3.99,16123406.0,0.6743902610891677,
20201207,3.99,4.08,3.84,3.87,20543739.0,0.8592785859239491,
20201208,3.9,3.98,3.84,3.96,13533097.0,0.5660459594688015,
20201209,3.95,4.36,3.94,4.36,62825880.0,2.6278046720622625,
20201210,4.39,4.48,4.08,4.26,64971300.0,2.7175406964448228,
20201211,4.28,4.43,4.14,4.29,41575471.0,1.7389683508928024,
20201214,4.05,4.12,3.93,3.99,33302345.0,1.3929300756571865,
20201215,3.93,3.94,3.78,3.84,19894157.0,0.8321086582685377,
20201216,3.85,3.89,3.65,3.66,18037086.0,0.7544333459585258,
20201217,3.61,3.79,3.58,3.75,16946747.0,0.7088279693472997,
20201218,3.7,4.13,3.7,4.13,54761538.0,2.290499160627995,
20201221,4.16,4.37,4.13,4.22,55390236.0,2.3167955776732665,
20201222,4.24,4.44,4.1,4.13,43588143.0,1.823151953015509,
20201223,4.17,4.35,4.12,4.23,41392335.0,1.731308360512679,
20201224,4.63,4.65,4.32,4.65,64826935.0,2.7115023724057123,
20201225,5.12,5.12,5.12,5.12,51053378.0,2.1353987438450637,
20201228,5.63,5.63,5.63,5.63,3587354.0,0.15004749000795925,
20201229,5.63,6.19,5.07,6.18,156634041.0,6.551498598090341,
20201230,5.56,6.53,5.56,6.2,144570460.0,6.046917770673335,
20201231,5.99,6.17,5.58,5.59,115704797.0,4.839559845984102,
20210104,5.45,5.9,5.43,5.71,79731056.0,3.334893860066232,
20210105,5.62,5.69,5.14,5.14,70323423.0,2.9414028027114107,
20210106,5.07,5.3,4.85,5.07,66426260.0,2.778396997791716,
20210107,5.03,5.45,4.99,5.18,75666003.0,3.16486575595403,
20210108,5.15,5.15,4.7,4.93,49784718.0,2.082334772830913,
20210111,4.85,4.93,4.5,4.5,54073792.0,2.2617329554910013,
20210112,4.53,4.69,4.41,4.51,39292339.0,1.6434722760819944,
20210113,4.54,4.77,4.33,4.59,53908831.0,2.2548331669562756,
20210114,4.48,4.48,4.14,4.2,49366361.0,2.064836243893635,
20210115,4.19,4.31,4.18,4.27,30187097.0,1.2626292625363418,
20210118,4.26,4.44,4.24,4.36,28079099.0,1.1744584801597495,
20210119,4.33,4.5,4.24,4.26,34874869.0,1.458703701337082,
20210120,4.24,4.41,4.12,4.32,33831359.0,1.415057031312823,
20210121,4.29,4.55,4.26,4.5,42576264.0,1.7808283060763546,
20210122,4.42,4.43,4.21,4.23,31468244.0,1.3162155246340403,
20210125,4.12,4.22,4.05,4.06,24317637.0,1.0171286120005663,
20210126,4.03,4.47,4.01,4.47,15061407.0,0.6299702556085368,
20210127,4.67,4.86,4.44,4.5,77456697.0,3.2397647316537554,
20210128,4.28,4.57,4.22,4.23,43215643.0,1.8075714750286793,
20210129,4.24,4.3,3.81,3.83,45169698.0,1.8893033164046638,
20210201,3.56,3.78,3.56,3.72,36913069.0,1.5439550576666283,
20210202,3.71,3.8,3.5,3.54,27728625.0,1.1597992789732903,
20210203,3.57,3.58,3.33,3.34,24235911.0,1.0137102760436492,
20210204,3.33,3.49,3.13,3.23,25905321.0,1.083536331764436,
20210205,3.29,3.31,3.04,3.08,21697100.0,0.9075199702766139,
20210208,3.09,3.18,2.98,3.08,16524617.0,0.6911716279443995,
20210209,3.07,3.17,3.05,3.12,16886122.0,0.7062922204132016,
20210210,3.1,3.13,3.01,3.03,16623212.0,0.6952955399634906,
20210218,3.07,3.3,3.07,3.23,27999026.0,1.171109283880986,
20210219,3.23,3.55,3.19,3.55,34074407.0,1.4252229481282404,
20210222,3.47,3.91,3.46,3.9,54851793.0,2.294274237247327,
20210223,3.86,3.86,3.55,3.63,43530995.0,1.8207616358182168,
20210224,3.59,3.7,3.5,3.57,26125222.0,1.0927340839517696,
20210225,3.63,3.84,3.6,3.69,38398730.0,1.6060954831871415,
20210226,3.58,3.65,3.49,3.54,25219532.0,1.054851981648705,
20210301,3.6,3.65,3.47,3.58,19727800.0,0.8251504795397996,
20210302,3.59,3.74,3.52,3.54,24629800.0,1.0301853871678217,
20210303,3.52,3.68,3.51,3.64,24061005.0,1.006394520116765,
20210304,3.62,3.79,3.54,3.72,36138059.0,1.5115388798288492,
20210305,3.65,3.7,3.55,3.64,26217168.0,1.0965798896671441,
20210308,3.66,3.85,3.63,3.74,40466804.0,1.692596372937838,
20210309,3.66,3.7,3.37,3.54,32238985.0,1.3484531439200724,
20210310,3.52,3.89,3.44,3.89,57979020.0,2.4250760934441566,
20210311,3.89,4.28,3.72,4.16,86339293.0,3.611295178483017,
20210312,3.99,4.2,3.89,4.01,62538231.0,2.615773238740293,
20210315,3.91,4.02,3.84,3.99,41273203.0,1.7263254517783784,
20210316,3.94,3.96,3.81,3.88,32909488.0,1.3764981297767251,
20210317,3.87,3.96,3.75,3.96,30957502.0,1.294852828022096,
20210318,3.87,3.95,3.8,3.8,24628006.0,1.0301103499127657,
20210319,3.72,3.85,3.7,3.71,23052623.0,0.9642171414501471,
20210322,3.69,3.84,3.65,3.79,23848094.0,0.9974891371673585,
20210323,3.76,3.78,3.53,3.56,27206723.0,1.137969795423539,
20210324,3.52,3.59,3.45,3.46,18780744.0,0.7855381703846457,
20210325,3.45,3.58,3.43,3.48,14683281.0,0.614154460120623,
20210326,3.48,3.58,3.43,3.56,15800964.0,0.6609035483830488,
20210329,3.62,3.71,3.6,3.67,20379718.0,0.8524181145685724,
20210330,3.64,3.64,3.55,3.6,12016386.0,0.5026068122261648,
20210331,3.7,3.96,3.69,3.96,38673736.0,1.6175981004468623,
20210401,4.14,4.36,3.96,4.36,79900561.0,3.341983709519004,
20210402,4.36,4.65,4.1,4.19,80647665.0,3.3732326690515473,
20210406,4.15,4.28,4.08,4.15,43871144.0,1.8349889754336317,
20210407,4.08,4.22,4.0,4.16,42551378.0,1.7797874046664748,
20210408,4.1,4.3,4.05,4.09,45413978.0,1.8995207638211005,
20210409,4.05,4.16,4.0,4.09,26557824.0,1.1108284354633358,
20210412,4.11,4.5,4.06,4.5,43030839.0,1.7998417175686041,
20210413,4.6,4.95,4.38,4.41,95621068.0,3.9995220001372576,
20210414,4.44,4.56,4.18,4.46,61321874.0,2.5648969341426393,
20210415,4.35,4.64,4.27,4.47,55801533.0,2.3339988094975594,
20210416,4.49,4.72,4.4,4.59,55955614.0,2.34044352259471,
20210419,4.5,4.72,4.43,4.48,45848092.0,1.917678357433918,
20210420,4.43,4.46,4.2,4.31,34595256.0,1.447008388071763,
20210421,4.27,4.38,4.16,4.35,28686600.0,1.1998682948106942,
20210422,4.31,4.64,4.26,4.42,36603921.0,1.5310243902607963,
20210423,4.28,4.34,4.07,4.12,36221456.0,1.5150271083460776,
20210426,4.11,4.17,4.03,4.09,22551530.0,0.9432580315015447,
20210428,3.89,3.89,3.89,3.89,196700.0,0.008227328912776822,
20210429,3.7,3.7,3.7,3.7,166300.0,0.0069557946019053645,
20210430,3.52,3.52,3.52,3.52,244200.0,0.01021410127351347,
20210506,3.34,3.34,3.34,3.34,1645000.0,0.06880506386130081,
20210507,3.17,3.5,3.17,3.32,58301449.0,2.43856226240205,
20210510,3.32,3.49,3.3,3.49,32285392.0,1.3503941996031188,
20210511,3.48,3.66,3.45,3.57,31280601.0,1.3083670209269727,
20210512,3.6,3.72,3.51,3.58,21865632.0,0.9145691222660808,
20210513,3.53,3.58,3.4,3.4,26848510.0,1.1229868967360326,
20210514,3.4,3.44,3.31,3.37,19062361.0,0.7973173045301947,
20210517,3.39,3.4,3.28,3.33,15466265.0,0.6469041647542867,
20210518,3.34,3.42,3.34,3.39,10837978.0,0.4533177923509868,
20210519,3.39,3.54,3.38,3.42,12469727.0,0.5215686094638219,
20210520,3.35,3.38,3.29,3.35,10272757.0,0.4296764142350304,
20210521,3.33,3.37,3.31,3.34,8837081.0,0.3696267006398104,
20210524,3.34,3.37,3.23,3.25,11065401.0,0.46283016562668805,
20210525,3.25,3.31,3.2,3.27,8844700.0,0.36994537892647256,
20210526,3.26,3.26,3.22,3.24,8719553.0,0.36471088207112284,
20210527,3.24,3.29,3.24,3.26,8375557.0,0.3503226348078815,
20210528,3.27,3.32,3.25,3.27,9386802.0,0.39261976356436856,
20210531,3.3,3.3,3.23,3.26,9278205.0,0.38807750002628605,
20210601,3.25,3.38,3.22,3.35,16015836.0,0.6698909536608636,
20210602,3.34,3.46,3.33,3.37,14741563.0,0.6165922088938536,
20210603,3.4,3.47,3.38,3.42,14948888.0,0.6252639474136373,
20210604,3.4,3.4,3.33,3.36,9960900.0,0.4166324380644567,
20210607,3.4,3.48,3.39,3.43,11755021.0,0.4916747541616609,
20210608,3.46,3.46,3.4,3.44,9585400.0,0.40092647971800177,
20210609,3.46,3.61,3.44,3.61,13714728.0,0.5736430005351796,
20210610,3.65,3.73,3.54,3.55,24191024.0,1.0118327970761465,
20210611,3.54,3.67,3.51,3.57,15033547.0,0.6288049613354816,
20210615,3.57,3.61,3.47,3.5,13808061.0,0.5775468200034877,
20210616,3.33,3.41,3.33,3.34,20022614.0,0.837481601787341,
20210617,3.34,3.39,3.26,3.37,9826235.0,0.410999833854802,
20210618,3.43,3.54,3.42,3.54,18011028.0,0.7533434235548189,
20210621,3.41,3.53,3.41,3.52,12665714.0,0.5297661158777944,
20210622,3.52,3.63,3.52,3.57,12969991.0,0.5424930450063811,
20210623,3.67,3.73,3.6,3.61,14576100.0,0.6096714233122837,
20210624,3.58,3.79,3.54,3.73,24695763.0,1.0329444074884802,
20210625,3.73,3.9,3.71,3.81,18011167.0,0.7533492374781482,
20210628,3.7,3.7,3.62,3.62,18958610.0,0.7929777335996937,
20210629,3.59,3.62,3.51,3.52,14571064.0,0.6094607836152591,
20210630,3.52,3.58,3.49,3.52,9717499.0,0.40645175639339015,
20210701,3.52,3.52,3.4,3.42,10202700.0,0.4267461550502698,
20210702,3.4,3.49,3.39,3.47,6901905.0,0.28868450716694916,
20210705,3.52,3.58,3.5,3.56,7283346.0,0.30463895845224914,
20210706,3.58,3.59,3.47,3.53,9216996.0,0.38551732424884755,
20210707,3.48,3.57,3.48,3.54,8380115.0,0.3505132813009391,
20210708,3.56,3.56,3.47,3.51,7944020.0,0.3322728288239823,
20210709,3.55,3.68,3.52,3.63,15237822.0,0.6373491281563128,
20210712,3.6,3.7,3.56,3.6,11332500.0,0.47400205848522275,
20210713,3.61,3.74,3.58,3.69,13950992.0,0.5835251644306971,
20210714,3.68,3.79,3.67,3.69,12411403.0,0.5191291039655566,
20210715,3.68,3.7,3.58,3.65,11463617.0,0.4794862612562271,
20210716,3.65,3.71,3.63,3.66,10589934.0,0.44294290891000654,
20210719,3.7,3.79,3.68,3.76,12686122.0,0.53061971693754,
20210720,3.72,3.75,3.66,3.71,9207903.0,0.3851369932788227,
20210721,3.69,3.7,3.61,3.63,10843128.0,0.4535332003016772,
20210722,3.61,3.67,3.6,3.63,7062021.0,0.2953816449208799,
20210723,3.66,3.77,3.64,3.67,11477600.0,0.4800711252124415,
20210726,3.66,3.69,3.49,3.58,10951316.0,0.458058356684064,
20210727,3.58,3.63,3.5,3.51,7700800.0,0.32209971780127983,
20210728,3.48,3.5,3.34,3.39,8054143.0,0.33687892003832764,
20210729,3.43,3.48,3.39,3.42,6503000.0,0.27199959288148284,
20210730,3.43,3.48,3.38,3.46,8640210.0,0.3613922193465349,
20210802,3.39,3.47,3.36,3.46,7279616.0,0.30448294453844815,
20210803,3.45,3.52,3.42,3.42,6371610.0,0.2665039713977525,
20210804,3.43,3.5,3.42,3.46,6540014.0,0.2735477695585419,
20210805,3.46,3.49,3.42,3.46,6775754.0,0.2834080162179115,
20210806,3.44,3.49,3.43,3.48,7689279.0,0.3216178313935315,
20210809,3.48,3.48,3.41,3.44,7293300.0,0.3050553022854865,
20210810,3.44,3.49,3.42,3.47,7326800.0,0.30645649963463756,
20210811,3.47,3.55,3.46,3.53,10379600.0,0.4341453135895185,
20210812,3.53,3.6,3.5,3.55,10853940.0,0.45398543151776743,
20210813,3.56,3.67,3.54,3.66,10138394.0,0.42405644171491125,
20210816,3.72,3.75,3.6,3.61,10756270.0,0.4499002092762275,
20210817,3.59,3.65,3.54,3.54,10275328.0,0.4297839509032294,
20210818,3.55,3.64,3.55,3.59,6525212.0,0.2729286494641498,
20210819,3.59,3.62,3.47,3.56,5939102.0,0.2484135516041212,
20210820,3.55,3.6,3.53,3.59,6008000.0,0.2512953335432798,
20210823,3.64,3.68,3.62,3.64,8256021.0,0.345322828051818,
20210824,3.67,3.74,3.66,3.69,9862200.0,0.4125041342327787,
20210825,3.69,3.87,3.68,3.87,7481785.0,0.31293902414682223,
20210826,4.0,4.06,3.86,3.89,29974840.0,1.2537512343053339,
20210827,3.79,4.08,3.76,4.08,25650681.0,1.0728855588394257,
20210830,4.07,4.28,3.99,4.17,29042477.0,1.214753486124839,
20210831,4.19,4.23,4.04,4.13,20254985.0,0.8472009340028511,
20210901,4.12,4.2,3.92,3.96,25199366.0,1.0540085026713024,
20210902,3.92,4.16,3.92,4.16,18778688.0,0.7854521745115157,
20210903,4.17,4.19,4.03,4.07,15170611.0,0.6345379080060503,
20210906,4.09,4.2,4.05,4.08,12174352.0,0.5092140223890306,
20210907,4.13,4.28,4.1,4.25,19706659.0,0.8242662194455188,
20210908,4.16,4.35,4.13,4.22,19852016.0,0.8303460356568787,
20210909,4.25,4.43,4.2,4.36,23326603.0,0.9756768444268762,
20210910,4.3,4.36,4.14,4.15,23864161.0,0.9981611681467261,
20210913,4.15,4.27,4.15,4.19,15967420.0,0.6678658679636547,
20210914,4.14,4.17,4.02,4.05,16206476.0,0.677864812247197,
20210915,4.05,4.25,4.04,4.24,19373800.0,0.8103437971039937,
20210916,4.28,4.45,4.27,4.28,25377300.0,1.0614509101078353,
20210917,4.2,4.39,4.11,4.21,17528802.0,0.7331734595879013,
20210922,4.22,4.42,4.21,4.39,15512200.0,0.6488254781940854,
20210923,4.45,4.49,4.3,4.4,15916961.0,0.6657553301415408,
20210924,4.35,4.38,4.19,4.24,14945362.0,0.6251164661642908,
20210927,4.29,4.3,4.03,4.06,14424503.0,0.6033306079529028,
20210928,4.07,4.25,4.02,4.19,13399664.0,0.5604648858601663,
20210929,4.17,4.27,4.0,4.01,14865001.0,0.6217552237710033,
20210930,4.04,4.21,4.03,4.21,9915503.0,0.41473362743581754,
20211008,4.31,4.42,4.23,4.28,14322482.0,0.5990633973631194,
20211011,4.33,4.49,4.32,4.49,25486172.0,1.066004676012217,
20211012,4.54,4.64,4.33,4.41,20318570.0,0.849860490225113,
20211013,4.4,4.45,4.19,4.19,16442600.0,0.6877411203925986,
20211014,4.07,4.2,4.07,4.15,9157106.0,0.3830123180028577,
20211015,4.15,4.26,4.0,4.22,17463238.0,0.730431128155073,
20211018,4.21,4.42,4.21,4.36,14459980.0,0.6048144968590472,
20211019,4.35,4.45,4.32,4.39,16871585.0,0.7056841844172431,
20211020,4.17,4.17,4.17,4.17,2242500.0,0.09379656882004078,
20211021,4.03,4.26,4.03,4.14,15489900.0,0.6478927408542027,
20211022,4.14,4.19,4.04,4.06,11775000.0,0.49251041152998,
20211025,4.12,4.14,4.04,4.1,8097600.0,0.33869658670107566,
20211026,4.1,4.12,4.04,4.06,7202600.0,0.301261612746143,
20211027,4.01,4.02,3.86,3.86,14333573.0,0.5995272982526548,
20211028,3.72,3.78,3.67,3.73,13562627.0,0.5672811044753816,
20211029,3.79,3.82,3.71,3.77,7870973.0,0.3292175075474617,
20211101,3.75,3.82,3.71,3.79,6778200.0,0.28351032453779285,
20211102,3.77,3.79,3.63,3.67,8374600.0,0.350282606573161,
20211103,3.66,3.77,3.66,3.76,5727600.0,0.23956710259695232,
20211104,3.73,3.77,3.71,3.77,5207500.0,0.21781299091654954,
20211105,3.77,3.78,3.73,3.76,4109100.0,0.17187044857900985,
20211108,3.74,3.86,3.74,3.85,5175100.0,0.21645780303259443,
20211109,3.82,3.88,3.82,3.87,3624601.0,0.15160541232628255,
20211110,3.84,3.87,3.82,3.87,3766275.0,0.15753118048280895,
20211111,3.88,4.02,3.87,3.97,6726601.0,0.28135210417902123,
20211112,3.94,3.99,3.9,3.9,4273575.0,0.17874990929547638,
20211115,3.88,3.93,3.84,3.9,3581400.0,0.1497984533208892,
20211116,3.87,3.93,3.87,3.89,4057300.0,0.16970382103614334,
20211117,3.89,3.96,3.89,3.94,3327675.0,0.13918595190556485,
20211118,3.95,4.02,3.93,3.94,5278700.0,0.22079105811832742,
20211119,3.93,3.95,3.9,3.94,4412160.0,0.18454647450837508,
20211122,3.92,3.96,3.86,3.86,5600500.0,0.23425091802748646,
20211123,3.88,3.92,3.86,3.9,3877000.0,0.16216245142265243,
20211124,3.91,3.94,3.88,3.93,5138900.0,0.21494367335978043,
20211125,3.92,3.93,3.87,3.88,4646484.0,0.19434749443800148,
20211126,3.87,3.87,3.84,3.87,3591586.0,0.15022450096860424,
20211129,3.82,3.86,3.8,3.84,4155100.0,0.17379448075993376,
20211130,3.85,3.87,3.82,3.83,4517000.0,0.18893159480941996,
20211201,3.81,3.88,3.81,3.87,6149802.0,0.25722645552848356,
20211202,3.86,3.94,3.85,3.9,5419900.0,0.22669700037803298,
20211203,3.9,3.99,3.88,3.97,9041800.0,0.3781894385538661,
20211206,4.0,4.1,3.97,3.99,10215100.0,0.42726480720338844,
20211207,4.0,4.13,3.95,4.12,10899700.0,0.4558994252699212,
20211208,4.11,4.13,4.02,4.04,7613221.0,0.3184365696627334,
20211209,4.02,4.1,3.99,4.03,7378421.0,0.3086156401827131,
20211210,4.03,4.07,3.98,4.0,4492800.0,0.1879193865751078,
20211213,4.01,4.05,3.97,4.0,5274800.0,0.22062793365081432,
20211214,3.99,3.99,3.94,3.95,5432200.0,0.22721146985249743,
20211215,3.93,3.98,3.91,3.95,4354100.0,0.18211801128175678,
20211216,3.97,4.12,3.97,4.06,9746200.0,0.40765222699392706,
20211217,4.05,4.1,4.01,4.04,6214400.0,0.25992838228551235,
20211220,4.04,4.07,3.99,4.02,4905677.0,0.20518870472213654,
20211221,4.01,4.06,4.0,4.06,5216863.0,0.21820461511894065,
20211222,4.06,4.12,4.04,4.08,6300900.0,0.26354639932138013,
20211223,4.1,4.13,4.07,4.07,4748900.0,0.19863122660846894,
20211224,4.08,4.09,4.0,4.05,5877510.0,0.24583735616743718,
20211227,4.03,4.23,4.03,4.11,9601765.0,0.4016109750797587,
20211228,4.1,4.2,4.1,4.13,6924800.0,0.28964213144482426,
20211229,4.12,4.18,4.08,4.11,9971001.0,0.4170549304353157,
20211230,4.13,4.17,4.11,4.16,5114300.0,0.21391473441085151,
20211231,4.18,4.31,4.16,4.24,7825281.0,0.32730635801679264,
20220104,4.38,4.43,4.26,4.27,10586300.0,0.4427909103677136,
20220105,4.26,4.35,4.24,4.28,7879800.0,0.3295867125922664,
20220106,4.31,4.49,4.28,4.47,16466964.0,0.6887601882199037,
20220107,4.42,4.5,4.39,4.39,10742100.0,0.44930752371092975,
20220110,4.37,4.44,4.36,4.43,5502910.0,0.23016904192886983,
20220111,4.42,4.6,4.4,4.44,8799065.0,0.3680366135226364,
20220112,4.46,4.48,4.34,4.41,8094029.0,0.3385472232463348,
20220113,4.39,4.47,4.36,4.37,7793902.0,0.3259938752818967,
20220114,4.36,4.4,4.22,4.25,10436080.0,0.43650769049340077,
20220117,4.25,4.32,4.21,4.3,5127900.0,0.21448357870782034,
20220118,4.29,4.35,4.25,4.3,4184500.0,0.1750241882842634,
20220119,4.32,4.42,4.3,4.38,6499089.0,0.2718360083193177,
20220120,4.34,4.38,4.29,4.31,5112287.0,0.21383053708954286,
20220121,4.29,4.4,4.29,4.4,7111101.0,0.29743450360435264,
20220124,4.37,4.43,4.33,4.38,5429502.0,0.22709862118240762,
20220125,4.34,4.37,4.16,4.16,11554800.0,0.4833001531334703,
20220126,4.09,4.22,4.08,4.22,5242800.0,0.21928947648147593,
20220127,4.19,4.31,4.18,4.18,6453351.0,0.2699229347564678,
20220128,4.25,4.37,4.14,4.25,8542553.0,0.35730754085322003,
20220207,4.3,4.36,4.27,4.32,9228002.0,0.3859776698615269,
20220208,4.35,4.48,4.34,4.45,11276703.0,0.4716682492765486,
20220209,4.42,4.56,4.4,4.51,12676201.0,0.5302047533882586,
20220210,4.47,4.56,4.46,4.55,11841300.0,0.49528352747770293,
20220211,4.53,4.59,4.47,4.49,10595600.0,0.44317989948255254,
20220214,4.46,4.55,4.44,4.48,7561100.0,0.316256515721387,
20220215,4.45,4.52,4.39,4.45,5002405.0,0.2092345261307541,
20220216,4.45,4.67,4.45,4.67,17891381.0,0.7483389740254494,
20220217,4.66,4.68,4.58,4.6,8753777.0,0.36614236201373024,
20220218,4.58,4.8,4.58,4.73,13394381.0,0.5602439149468659,
20220221,4.73,4.86,4.71,4.84,11732985.0,0.4907530590934252,
20220222,4.79,4.88,4.76,4.87,13103702.0,0.548085746461675,
20220223,4.84,4.89,4.77,4.85,11580702.0,0.4843835505584766,
20220224,4.83,5.04,4.61,4.75,24754368.0,1.0353956663137638,
20220225,4.77,4.99,4.75,4.85,24211202.0,1.0126767779749872,
20220228,4.7,4.93,4.69,4.91,16766302.0,0.7012805348497603,
20220301,4.92,5.16,4.91,5.11,20465584.0,0.8560096134217727,
20220302,5.16,5.29,5.07,5.1,22980200.0,0.9611879200884286,
20220303,5.12,5.3,5.12,5.3,14159700.0,0.5922547493962682,
20220304,5.26,5.5,5.21,5.41,14994009.0,0.6271512138491909,
20220307,5.53,5.6,5.3,5.44,18493501.0,0.7735237187380124,
20220308,5.38,5.4,5.17,5.17,16870381.0,0.7056338249662467,
20220309,5.12,5.25,4.91,5.05,20354898.0,0.8513799737266045,
20220310,5.04,5.16,4.92,5.07,10698500.0,0.44748387581770627,
20220311,5.01,5.07,4.83,5.06,10697300.0,0.4474336836738561,
20220314,4.97,5.09,4.9,4.91,9283319.0,0.38829140221266095,
20220315,4.88,4.91,4.66,4.66,14950200.0,0.6253188241575802,
20220316,4.65,4.7,4.43,4.58,18417324.0,0.770337479619616,
20220317,4.61,4.81,4.61,4.78,13126300.0,0.549030948183947,
20220318,4.83,5.02,4.78,5.02,11013802.0,0.46067194526791655,
20220321,5.07,5.18,5.01,5.13,12806904.0,0.5356716398696346,
20220322,5.08,5.18,5.05,5.11,9459102.0,0.3956438402313424,
20220323,5.1,5.37,5.1,5.34,14939329.0,0.624864125161084,
20220324,5.33,5.43,5.23,5.27,13506600.0,0.5649376751058027,
20220325,5.27,5.37,5.1,5.2,14168700.0,0.5926311904751446,
20220328,5.2,5.25,5.03,5.07,11827000.0,0.4946854044301549,
20220329,5.1,5.32,5.0,5.32,16327102.0,0.6829102102005911,
20220330,5.32,5.46,5.14,5.27,16547302.0,0.6921204685971007,
20220331,5.5,5.5,5.3,5.32,20339654.0,0.8507423661925608,
20220401,5.27,5.59,5.25,5.59,18225400.0,0.7623099154393629,
20220406,5.55,5.87,5.55,5.87,18830900.0,0.7876360346904374,
20220407,5.9,6.16,5.83,6.12,20970402.0,0.8771245281502434,
20220408,6.13,6.41,5.86,6.16,24402557.0,1.020680542713698,
20220411,6.07,6.47,6.01,6.47,23885603.0,0.9990580181037558,
20220412,6.49,6.62,6.2,6.35,24513400.0,1.0253167492143536,
20220413,6.32,6.66,6.26,6.61,24257202.0,1.0146008101559112,
20220414,6.57,6.89,6.46,6.88,26003889.0,1.0876591144602905,
20220418,6.37,6.59,6.19,6.19,40829887.0,1.707782968075803,
20220419,6.05,6.39,5.9,6.09,47590293.0,1.9905490267738708,
20220420,5.95,6.24,5.92,6.04,36463018.0,1.5251308705566937,
20220421,5.93,6.27,5.57,5.63,52028313.0,2.176177141982217,
20220422,5.39,5.8,5.39,5.74,35889460.0,1.501140782521338,
20220425,5.6,5.64,5.17,5.17,25145808.0,1.0517683436376954,
20220426,4.96,4.98,4.65,4.65,41467414.0,1.7344486738194527,
20220427,4.63,5.12,4.62,5.1,36177200.0,1.5131760220808825,
20220428,4.93,5.17,4.79,4.92,39296701.0,1.6436547245248896,
20220429,4.96,5.19,4.9,5.07,37593900.0,1.5724320305746848,
20220505,5.11,5.35,5.08,5.14,27373346.0,1.1449391000774973,
20220506,5.07,5.12,4.92,4.95,20552246.0,0.8596344063970603,
20220509,4.94,4.99,4.82,4.99,15590146.0,0.6520857088978744,
20220510,4.88,5.21,4.73,5.18,27894546.0,1.1667392212230963,
20220511,5.17,5.27,5.04,5.13,31299600.0,1.309161688044481,
20220512,4.77,4.85,4.49,4.56,34018600.0,1.422888720651701,
20220513,4.57,4.63,4.51,4.62,14651156.0,0.612810774602967,
20220516,4.62,4.77,4.57,4.7,21293410.0,0.8906349148175449,
20220517,4.75,4.86,4.67,4.73,21314510.0,0.8915174600135775,
20220518,4.68,4.72,4.53,4.63,18687201.0,0.781625567291164,
20220519,4.5,4.67,4.41,4.64,19019413.0,0.7955209277017964,
20220520,4.7,5.1,4.65,5.1,33730700.0,1.4108467888063096,
20220523,5.15,5.5,5.13,5.24,62057763.0,2.595676806264116,
20220524,5.26,5.46,5.14,5.28,53805932.0,2.2505292324479083,
20220525,5.3,5.42,5.23,5.4,53432500.0,2.234909771896022,
20220526,5.35,5.94,5.34,5.94,82239024.0,3.439794102255958,
20220527,5.94,6.53,5.82,6.53,117064818.0,4.896445154043501,
20220530,6.54,7.0,6.32,6.74,128206424.0,5.362462729938608,
20220531,6.07,6.2,6.07,6.07,56661500.0,2.3699684656395723,
20220601,6.07,6.14,5.46,5.88,137653790.0,5.757615691003095,
20220602,5.66,5.67,5.41,5.52,73512401.0,3.074787504803984,
20220606,5.47,5.84,5.46,5.74,72400494.0,3.028280008060624,
20220607,5.69,5.78,5.5,5.54,59404721.0,2.484708584843622,
20220608,5.55,6.09,5.55,6.09,106682303.0,4.462177915371212,
20220609,6.05,6.48,5.85,6.06,111803987.0,4.676401498773888,
20220610,5.92,6.26,5.86,6.08,78474391.0,3.282331601356651,
20220613,5.96,6.14,5.75,5.92,59030446.0,2.4690538643106805,
20220614,5.81,6.28,5.78,6.21,80493107.0,3.3667680045772155,
20220615,6.12,6.18,5.9,5.91,63343800.0,2.6494676013480043,
20220616,5.9,5.96,5.51,5.62,67584908.0,2.826859520364827,
20220617,5.51,5.64,5.46,5.52,34277107.0,1.4337012377602683,
20220620,5.34,5.35,5.11,5.19,46010862.0,1.9244865034793306,
20220621,5.13,5.25,5.04,5.16,32227008.0,1.347952184497661,
20220622,5.19,5.25,5.04,5.08,25142307.0,1.0516219080580125,
20220623,5.05,5.15,4.95,5.13,28414400.0,1.1884830435140097,
20220624,5.09,5.19,5.01,5.03,25672800.0,1.0738107255309444,
20220627,5.05,5.3,5.02,5.3,43934860.0,1.8376540109649306,
20220628,5.33,5.48,5.24,5.45,50801607.0,2.1248679719706423,
20220629,5.38,5.49,5.21,5.23,33680900.0,1.408763814836527,
20220630,5.19,5.33,5.16,5.27,22936902.0,0.9593769038847406,
20220701,5.2,5.32,5.06,5.25,22278500.0,0.9318380639720305,
20220704,5.25,5.29,5.12,5.17,19367497.0,0.8100801628684207,
20220705,5.19,5.42,5.19,5.4,42035800.0,1.758222433714814,
20220706,5.28,5.29,5.05,5.1,34807900.0,1.4559026032691629,
20220707,5.08,5.17,5.0,5.08,23386062.0,0.9781638233278664,
20220708,5.15,5.21,5.06,5.08,17420164.0,0.7286294811515704,
20220711,5.01,5.02,4.9,4.98,16920602.0,0.7077344080131638,
20220712,5.02,5.05,4.96,4.99,11964100.0,0.500419856865039,
20220713,4.98,5.07,4.91,5.07,12640467.0,0.5287101149979729,
20220714,5.03,5.1,4.97,4.98,13377902.0,0.5595546513314431,
20220715,5.07,5.4,5.03,5.18,45264273.0,1.893259084741857,
20220718,5.18,5.68,5.18,5.61,59971363.0,2.508409398823254,
20220719,5.62,5.62,5.41,5.47,39668020.0,1.6591858050768133,
20220720,5.46,5.56,5.4,5.45,22622800.0,0.9462390265783805,
20220721,5.42,5.43,5.25,5.27,23405600.0,0.9789810350833206,
20220722,5.23,5.27,5.15,5.23,17643900.0,0.7379876390652921,
20220725,5.25,5.4,5.23,5.39,26379573.0,1.103372768935469,
20220726,5.33,5.38,5.25,5.36,17506100.0,0.7322239078798287,
20220727,5.36,5.39,5.27,5.31,15174564.0,0.6347032492932501,
20220728,5.36,5.48,5.3,5.42,25931800.0,1.0846438632452768,
20220729,5.44,5.45,5.15,5.19,26399900.0,1.104222982025505,
20220801,5.15,5.27,5.12,5.2,14326400.0,0.5992272747127902,
20220802,5.1,5.1,4.84,4.97,25441700.0,1.0641445551611288,
20220803,4.92,5.05,4.84,4.87,14988400.0,0.6269166074034779,
20220804,4.88,4.93,4.82,4.93,10224900.0,0.4276747097114983,
20220805,4.9,5.01,4.87,4.99,11857200.0,0.495948573383718,
20220808,4.97,5.08,4.96,5.07,10944600.0,0.4577774479856492,
20220809,5.08,5.23,5.04,5.19,18089355.0,0.7566195902642804,
20220810,5.15,5.21,5.06,5.09,14355600.0,0.6004486168798115,
20220811,5.12,5.29,5.12,5.23,19430402.0,0.812711276875834,
20220812,5.24,5.37,5.23,5.31,18767600.0,0.7849883991023399,
20220815,5.35,5.48,5.32,5.43,25552240.0,1.068768088145462,
20220816,5.36,5.45,5.31,5.44,21072400.0,0.8813907767239363,
20220817,5.46,5.49,5.37,5.44,18064107.0,0.7555635475576724,
20220818,5.35,5.39,5.21,5.24,30368200.0,1.2702042190594258,
20220819,5.27,5.37,5.19,5.31,27857115.0,1.165173602776049,
20220822,5.34,5.47,5.3,5.42,26014400.0,1.0880987558136317,
20220823,5.42,5.49,5.33,5.45,29465100.0,1.2324304481335044,
20220824,5.48,5.54,5.31,5.32,29678000.0,1.2413353709882586,
20220825,5.35,5.65,5.3,5.62,75111308.0,3.1416646465932128,
20220826,5.56,5.58,5.35,5.36,50845200.0,2.12669132707636,
20220829,5.28,5.6,5.15,5.58,47858201.0,2.0017547575027175,
20220830,5.55,5.57,5.3,5.41,39200400.0,1.6396267631541255,
20220831,5.34,5.38,5.07,5.11,35507508.0,1.4851649577481152,
20220901,5.08,5.34,5.08,5.24,29117600.0,1.2178956398102205,
20220902,5.24,5.28,5.15,5.2,18551900.0,0.7759663612452685,
20220905,5.2,5.51,5.2,5.48,40980300.0,1.7140742605199182,
20220906,5.48,5.7,5.46,5.65,46120000.0,1.929051395308932,
20220907,5.57,5.69,5.51,5.59,25748000.0,1.0769560998788896,
20220908,5.52,5.55,5.4,5.49,20013100.0,0.837083661740182,
20220909,5.48,5.55,5.38,5.51,20964500.0,0.8768776664560736,
20220913,5.52,5.54,5.38,5.41,15823800.0,0.6618587048805178,
20220914,5.3,5.46,5.25,5.33,16728000.0,0.6996784852716353,
20220915,5.4,5.52,5.2,5.3,27591000.0,1.1540428674754715,
20220916,5.26,5.36,5.01,5.04,27259900.0,1.1401940184514736,
20220919,5.04,5.12,4.96,5.03,16493800.0,0.68988265186354,
20220920,5.05,5.24,5.04,5.14,18509300.0,0.7741845401385868,
20220921,5.13,5.26,5.11,5.24,17682194.0,0.7395893540291247,
20220922,5.2,5.36,5.18,5.35,23555419.0,0.9852474824162301,
20220923,5.31,5.44,5.24,5.27,16811114.0,0.7031548768082725,
20220926,5.18,5.22,5.0,5.02,17625200.0,0.73720547815696,
20220927,5.04,5.13,4.84,5.01,23108700.0,0.966562662159053,
20220928,5.03,5.08,4.88,4.91,18034877.0,0.7543409505870549,
20220929,4.96,5.06,4.92,4.97,17345100.0,0.7254897952465951,
20220930,4.95,5.1,4.9,5.04,15521606.0,0.6492189009482978,
20221010,5.13,5.21,5.03,5.08,18462006.0,0.7722063840958777,
20221011,5.04,5.12,4.92,5.07,15484014.0,0.6476465483886176,
20221012,5.01,5.1,4.93,5.1,13973009.0,0.5844460647899885,
20221013,5.05,5.05,4.91,4.96,17278400.0,0.7226999485842553,
20221014,4.98,5.03,4.96,5.0,13665600.0,0.5715881341659529,
20221017,4.97,5.02,4.84,5.02,17119142.0,0.7160386982131774,
20221018,5.05,5.06,4.95,4.99,12760500.0,0.5337307096669477,
20221019,4.95,5.04,4.93,4.97,12792600.0,0.5350733495149403,
20221020,4.97,4.97,4.84,4.88,13992455.0,0.5852594284810808,
20221021,4.91,4.94,4.82,4.83,13414400.0,0.5610812453866466,
20221024,4.84,4.9,4.76,4.78,13177320.0,0.551164950833311,
20221025,4.76,4.79,4.62,4.71,12029902.0,0.503172143073064,
20221026,4.72,4.75,4.67,4.69,11864250.0,0.4962434522288378,
20221027,4.72,4.8,4.67,4.74,11774050.0,0.4924706760827653,
20221028,4.73,4.82,4.64,4.69,15824147.0,0.6618732187754478,
20221031,4.61,4.65,4.46,4.48,15381700.0,0.6433670825503773,
20221101,4.48,4.55,4.42,4.54,12899100.0,0.5395279022816446,
20221102,4.55,4.6,4.52,4.58,9135350.0,0.38210233443485375,
20221103,4.53,4.57,4.51,4.54,7390400.0,0.3091166832586976,
20221104,4.53,4.68,4.52,4.67,11088674.0,0.463803600429876,
20221107,4.64,4.77,4.64,4.73,12506600.0,0.5231108885639786,
20221108,4.7,4.77,4.7,4.74,9632900.0,0.4029132520787384,
20221109,4.73,4.78,4.71,4.72,7664619.0,0.3205863828374101,
20221110,4.7,4.76,4.6,4.75,9053340.0,0.37867211967055875,
20221111,4.82,4.87,4.77,4.86,16058077.0,0.6716577589511769,
20221114,4.9,5.01,4.76,4.78,16396231.0,0.6858016541274408,
20221115,4.76,4.82,4.71,4.81,11514976.0,0.4816344431862287,
20221116,4.81,4.85,4.79,4.83,9554200.0,0.3996214839778968,
20221117,4.79,4.8,4.71,4.74,9583000.0,0.4008260954303014,
20221118,4.75,4.77,4.68,4.69,7757600.0,0.3244754792768555,
20221121,4.68,4.69,4.6,4.67,7482920.0,0.31298649754954716,
20221122,4.7,4.76,4.68,4.71,9109525.0,0.38102215767241115,
20221123,4.71,4.77,4.68,4.74,8356460.0,0.3495238686652923,
20221124,4.74,4.84,4.71,4.83,10563776.0,0.44184880382764546,
20221125,4.82,4.98,4.78,4.93,16066600.0,0.6720142486528728,
20221128,4.86,4.92,4.81,4.89,10659076.0,0.44583489658508135,
20221129,4.91,4.99,4.9,4.97,12102600.0,0.5062128668010816,
20221130,4.96,5.1,4.95,5.04,14168300.0,0.5926144597605278,
20221201,5.07,5.12,5.01,5.03,11802700.0,0.49366901351718856,
20221202,5.0,5.07,4.95,5.0,7157900.0,0.29939195538772345,
20221205,4.99,5.1,4.99,5.08,9345400.0,0.3908880509479639,
20221206,5.1,5.12,5.01,5.11,8852900.0,0.3702883585761155,
20221207,5.1,5.12,5.0,5.02,10336300.0,0.4323342137322575,
20221208,5.0,5.02,4.95,4.98,10354802.0,0.4331080929368543,
20221209,5.01,5.36,4.95,5.22,39254917.0,1.6419070340760262,
20221212,5.2,5.3,5.15,5.18,23291128.0,0.9741930391743049,
20221213,5.2,5.22,5.09,5.13,11909776.0,0.49814765851294085,
20221214,5.07,5.19,5.07,5.11,6604256.0,0.27623480597956174,
20221215,5.08,5.11,4.98,5.02,9594512.0,0.4013076053969708,
20221216,5.01,5.04,4.96,5.02,7531440.0,0.31501593323255644,
20221219,4.98,5.01,4.81,4.86,8342840.0,0.34895418783259263,
20221220,4.86,4.89,4.78,4.83,6400960.0,0.26773158758275506,
20221221,4.81,4.86,4.76,4.79,3616260.0,0.1512565350997372,
20221222,4.81,4.84,4.62,4.65,6552000.0,0.2740491054220322,
20221223,4.65,4.69,4.58,4.65,5138100.0,0.21491021193054696,
20221226,4.68,4.71,4.63,4.67,4465700.0,0.18678588065982435,
20221227,4.67,4.79,4.67,4.75,5005400.0,0.20935979735644686,
20221228,4.72,4.77,4.68,4.72,3953200.0,0.16534965255713946,
20221229,4.71,4.71,4.59,4.6,5298600.0,0.22162341117050977,
20221230,4.61,4.65,4.59,4.61,3743200.0,0.15656602738335637,
20230103,4.63,4.67,4.58,4.66,3883311.0,0.16242642027251789,
20230104,4.68,4.68,4.59,4.62,6338700.0,0.26512745185266107,
20230105,4.61,4.62,4.57,4.59,6630390.0,0.2773279072190458,
20230106,4.59,4.62,4.57,4.61,6925800.0,0.28968395823136606,
20230109,4.6,4.68,4.58,4.66,9215700.0,0.3854631167334893,
20230110,4.68,4.68,4.59,4.6,7012600.0,0.2933145233031964,
20230111,4.6,4.77,4.6,4.72,14308782.0,0.5984903703874964,
20230112,4.72,4.72,4.62,4.68,9516680.0,0.39805214294684754,
20230113,4.68,4.76,4.63,4.66,8192780.0,0.3426776602441265,
20230116,4.68,4.71,4.63,4.69,6963454.0,0.29125890405181193,
20230117,4.7,4.74,4.66,4.73,6555854.0,0.2742103058573644,
20230118,4.74,4.81,4.72,4.77,7784225.0,0.32558911746853153,
20230119,4.79,4.83,4.76,4.82,6219171.0,0.2601279378841034,
20230120,4.81,4.94,4.81,4.92,9040900.0,0.37815179444597846,
20230130,4.95,4.98,4.86,4.87,10842225.0,0.45349543071342996,
20230131,4.85,4.93,4.83,4.91,6736500.0,0.28176614753899876,
20230201,4.91,4.96,4.88,4.95,6957160.0,0.29099564625731766,
20230202,4.98,5.02,4.93,4.97,8717321.0,0.3646175246835615,
20230203,4.97,4.98,4.86,4.91,8761760.0,0.36647626525069366,
20230206,4.91,4.93,4.86,4.91,4176801.0,0.17470216385467788,
20230207,4.92,4.97,4.9,4.96,5401100.0,0.22591065679104672,
20230208,4.95,4.98,4.88,4.89,5139200.0,0.21495622139574297,
20230209,4.87,4.93,4.87,4.93,5037002.0,0.2106816074647416,
20230210,4.93,4.94,4.86,4.9,4680900.0,0.19578700512362493,
20230213,4.91,4.91,4.84,4.87,7167400.0,0.2997893098598708,
20230214,4.88,4.92,4.87,4.91,6295900.0,0.263337265388671,
20230215,4.92,4.93,4.88,4.92,7459200.0,0.3119943661727751,
20230216,4.9,4.93,4.76,4.81,10073100.0,0.42132540351444936,
20230217,4.84,4.88,4.81,4.84,6731700.0,0.281565378963598,
20230220,4.85,4.92,4.84,4.91,6439483.0,0.2693428808807058,
20230221,4.93,5.04,4.91,5.02,14429343.0,0.6035330495997653,
20230222,5.01,5.09,4.96,5.06,12787642.0,0.534865972307266,
20230223,5.11,5.16,5.04,5.06,12318100.0,0.5152265393008447,
20230224,5.05,5.09,5.0,5.08,8526397.0,0.3566317872898503,
20230227,5.08,5.13,5.05,5.08,7363047.0,0.30797259516641906,
20230228,5.03,5.1,5.03,5.07,5781052.0,0.24180282799118588,
20230301,5.07,5.09,5.04,5.06,5208100.0,0.21783808698847465,
20230302,5.07,5.13,5.03,5.11,8501213.0,0.355578421497581,
20230303,5.09,5.17,5.05,5.11,9631200.0,0.40284214654161726,
20230306,5.12,5.14,5.0,5.02,9790147.0,0.4094903887820806,
20230307,4.99,5.16,4.99,5.08,15662800.0,0.6551245922472841,
20230308,5.01,5.19,5.01,5.17,18132200.0,0.7584116589336648,
20230309,5.13,5.24,5.11,5.15,12918300.0,0.5403309765832476,
20230310,5.15,5.17,5.05,5.08,10873633.0,0.4548091264251356,
20230313,5.03,5.11,5.02,5.07,7486860.0,0.31315129508852196,
20230314,5.09,5.09,4.93,4.99,10073600.0,0.42134631690772034,
20230315,5.03,5.09,4.99,5.08,7362600.0,0.3079538985928349,
20230316,5.05,5.07,4.92,4.95,8642600.0,0.3614921853663699,
20230317,5.01,5.08,4.94,5.03,7740675.0,0.3237675609146351,
20230320,5.05,5.14,5.0,5.09,12677320.0,0.5302515575623988,
20230321,5.12,5.14,5.07,5.08,7113600.0,0.2975390287439207,
20230322,5.12,5.16,5.07,5.14,7953200.0,0.33265679872443626,
20230323,5.13,5.19,5.08,5.16,9136000.0,0.38212952184610594,
20230324,5.2,5.22,5.13,5.16,13863871.0,0.5798811729603869,
20230327,5.18,5.21,5.13,5.17,11979634.0,0.5010695941671797,
20230328,5.19,5.19,5.11,5.12,7951604.0,0.3325900431731155,
20230329,5.13,5.21,5.11,5.16,8167317.0,0.34161262477841203,
20230330,5.16,5.18,5.08,5.17,9430419.0,0.3944441225129633,
20230331,5.16,5.23,5.12,5.13,7800414.0,0.3262662513158571,
20230403,5.13,5.17,5.08,5.15,8338603.0,0.3487769677380149,
20230404,5.14,5.33,5.11,5.23,16898888.0,0.7068261811701946,
20230406,5.26,5.28,5.17,5.25,9901700.0,0.41415629230118073,
20230407,5.24,5.24,5.14,5.15,8304300.0,0.34734218347927076,
20230410,5.13,5.14,5.06,5.09,7407897.0,0.3098485265428199,
20230411,5.11,5.11,5.02,5.05,7107800.0,0.2972964333819781,
20230412,5.06,5.13,5.05,5.1,6290414.0,0.2631078036377026,
20230413,5.1,5.15,5.07,5.11,5200901.0,0.21753697595216004,
20230414,5.1,5.12,5.04,5.09,5888900.0,0.24631376326614854,
20230417,5.04,5.15,4.98,5.12,10087114.0,0.4219115641010465,
20230418,5.1,5.18,5.1,5.17,11021300.0,0.46098556251340705,
20230419,5.15,5.24,5.14,5.21,11224200.0,0.46947221750274326,
20230420,5.18,5.2,5.05,5.18,12464548.0,0.5213519885363218,
20230421,5.25,5.31,5.18,5.18,17116698.0,0.7159364735468693,
20230424,5.19,5.25,5.15,5.23,10797700.0,0.45163309304265525,
20230425,5.21,5.28,5.13,5.2,10949700.0,0.4579907645970125,
20230426,5.2,5.28,5.15,5.27,18349562.0,0.7675032129099688,
20230427,4.8,4.8,4.58,4.66,21291603.0,0.8905593338142639,
20230428,4.67,4.78,4.66,4.76,12213034.0,0.5108319661460414,
20230504,4.75,4.85,4.69,4.82,13919506.0,0.5822082062296413,
20230505,4.82,4.84,4.75,4.8,7766100.0,0.3248310069624609,
20230508,4.8,4.89,4.78,4.88,11862046.0,0.4961512659912996,
20230509,4.88,5.07,4.87,4.94,16987800.0,0.7105450844152013,
20230510,4.94,4.96,4.86,4.89,10609000.0,0.4437403784222129,
20230511,4.77,4.85,4.6,4.79,21671938.0,0.9064675246736484,
20230512,4.77,4.85,4.73,4.8,15051861.0,0.6295709771042086,
20230515,4.8,4.96,4.77,4.9,16229388.0,0.6788231475804433,
20230516,4.9,4.91,4.81,4.86,8279954.0,0.34632386853412345,
20230517,4.83,4.85,4.76,4.8,9890902.0,0.4137046466601021,
20230518,4.81,4.84,4.76,4.78,6397300.0,0.26757850154401197,
20230519,4.77,4.78,4.71,4.72,6065819.0,0.25371371651434155,
20230522,4.68,4.73,4.64,4.65,9083900.0,0.3799503462672769,
20230523,4.65,4.68,4.52,4.54,11115302.0,0.46491736410191165,
20230524,4.54,4.54,4.41,4.43,11458547.0,0.4792741994484601,
20230525,4.41,4.41,4.27,4.31,12653200.0,0.52924269547101,
20230526,4.29,4.31,4.18,4.19,11353300.0,0.4748720556452928,
20230529,4.19,4.24,4.15,4.21,11909585.0,0.49813966959671147,
20230530,4.2,4.27,4.16,4.23,8597450.0,0.3596037059540065,
20230531,4.23,4.23,4.13,4.14,10776755.0,0.4507570309985367,
20230601,4.14,4.17,4.11,4.14,6108785.0,0.25551084622489756,
20230602,4.13,4.17,4.13,4.16,6561900.0,0.27446319060879626,
20230605,4.17,4.2,4.15,4.19,7084202.0,0.2963094048731641,
20230606,4.18,4.23,4.16,4.2,10527800.0,0.44034404335501687,
20230607,4.18,4.2,4.14,4.15,7258100.0,0.3035829993992143,
20230608,4.15,4.21,4.14,4.2,7653000.0,0.3201003974045806,
20230609,4.2,4.21,4.16,4.17,5604500.0,0.23441822517365377,
20230612,4.17,4.2,4.16,4.18,5981450.0,0.25018483236059436,
20230613,4.18,4.2,4.12,4.13,6452100.0,0.26987060944650393,
20230614,4.14,4.14,4.09,4.09,9176817.0,0.38383676579238357,
20230615,4.1,4.12,4.04,4.1,7601700.0,0.31795468325498505,
20230616,4.12,4.15,4.09,4.13,5954800.0,0.24907014849925474,
20230619,4.14,4.15,4.09,4.09,7074512.0,0.29590410331157385,
20230620,4.09,4.09,4.02,4.02,7874117.0,0.3293490109643492,
20230621,4.04,4.04,3.95,3.96,7347879.0,0.3073381664681527,
20230626,3.91,3.98,3.89,3.92,7937562.0,0.33200271143649523,
20230627,3.93,4.01,3.92,4.0,5735435.0,0.2398948154695075,
20230628,4.02,4.28,3.99,4.18,24238488.0,1.0138180636725673,
20230629,4.15,4.15,4.06,4.09,13186700.0,0.5515572860910732,
20230630,4.09,4.13,4.07,4.11,8649187.0,0.3617676984093209,
20230703,4.1,4.18,4.1,4.18,10963776.0,0.4585795184443752,
20230704,4.18,4.19,4.15,4.16,7049300.0,0.29484956636928134,
20230705,4.17,4.2,4.16,4.19,7141433.0,0.29870319369373927,
20230706,4.17,4.2,4.16,4.18,6189800.0,0.2588994433365835,
20230707,4.19,4.24,4.17,4.24,8577200.0,0.35875671352653454,
20230710,4.25,4.28,4.22,4.24,8012000.0,0.33511621377309553,
20230711,4.24,4.26,4.18,4.23,7459827.0,0.3120205915679368,
20230712,4.22,4.23,4.18,4.19,6836016.0,0.2859285820284949,
20230713,4.17,4.24,4.17,4.22,4967964.0,0.20779396977546713,
20230714,4.22,4.26,4.22,4.24,5781900.0,0.24183829710617338,
20230717,4.19,4.2,4.11,4.19,6334201.0,0.2649392731400094,
20230718,4.2,4.23,4.17,4.2,5131136.0,0.21461893018906966,
20230719,4.23,4.24,4.17,4.21,4628155.0,0.1935808512674764,
20230720,4.23,4.25,4.18,4.2,5784237.0,0.2419360463063216,
20230721,4.18,4.22,4.17,4.17,3669600.0,0.1534875758938781,
20230724,4.19,4.21,4.16,4.16,4022017.0,0.16822804652658815,
20230725,4.19,4.24,4.18,4.24,7325358.0,0.30639618540844427,
20230726,4.24,4.28,4.23,4.28,5222278.0,0.21843110716806463,
20230727,4.28,4.3,4.24,4.28,5814962.0,0.24322117432281917,
20230728,4.26,4.33,4.25,4.32,7113001.0,0.2975139744987821,
20230731,4.33,4.38,4.32,4.35,6765862.0,0.2829942656454398,
20230801,4.38,4.4,4.35,4.38,6582043.0,0.27530570757010825,
20230802,4.42,4.43,4.33,4.35,5808760.0,0.24296176459268679,
20230803,4.35,4.36,4.31,4.35,5285842.0,0.22108978502780913,
20230804,4.37,4.38,4.3,4.3,4227500.0,0.17682274010556182,
20230807,4.29,4.3,4.24,4.27,5333100.0,0.22306643530620265,
20230808,4.27,4.27,4.21,4.23,4460002.0,0.18654755163010903,
20230809,4.23,4.23,4.2,4.21,2526411.0,0.10567165361391663,
20230810,4.22,4.33,4.21,4.32,8078167.0,0.3378837667582084,
20230811,4.3,4.32,4.18,4.18,6223840.0,0.2603232271504672,
20230814,4.16,4.19,4.12,4.18,4714700.0,0.19720075050873856,
20230815,4.17,4.22,4.14,4.19,3801200.0,0.15899198100278217,
20230816,4.18,4.19,4.15,4.16,2739100.0,0.11456775101671068,
20230817,4.19,4.19,4.11,4.18,4202362.0,0.17577129834547345,
20230818,4.17,4.21,4.13,4.13,6055209.0,0.2532699343091328,
20230821,4.15,4.19,4.11,4.11,4905100.0,0.2051645706663019,
20230822,4.16,4.17,4.07,4.12,4363700.0,0.18251954843255827,
20230823,4.12,4.22,4.09,4.17,7704300.0,0.3222461115541762,
20230824,4.14,4.19,4.08,4.09,6755949.0,0.28257963671045067,
20230825,4.12,4.15,4.06,4.09,5503204.0,0.2301813390041131,
20230828,4.23,4.27,4.15,4.17,11921900.0,0.498654766472974,
20230829,4.19,4.22,4.13,4.14,7631500.0,0.3192011214939314,
20230830,4.14,4.15,4.02,4.03,9938500.0,0.4156955180459198,
20230831,4.02,4.05,3.96,3.96,6850300.0,0.28652603584745834,
20230901,3.98,4.13,3.97,4.11,11356516.0,0.47500657059081125,
20230904,4.17,4.28,4.13,4.28,19893354.0,0.8320750713589447,
20230905,4.31,4.31,4.23,4.29,10889949.0,0.45549157227435194,
20230906,4.28,4.31,4.23,4.3,11155597.0,0.46660277446561443,
20230907,4.27,4.34,4.25,4.27,6907666.0,0.28892547128421664,
20230908,4.28,4.29,4.16,4.17,5835400.0,0.24407603018616097,
20230911,4.19,4.29,4.15,4.21,7526134.0,0.31479400030316557,
20230912,4.22,4.27,4.21,4.22,5485700.0,0.22944920293248502,
20230913,4.23,4.33,4.22,4.27,8521800.0,0.3564395095521175,
20230914,4.24,4.37,4.24,4.34,12969902.0,0.5424893224223788,
20230915,4.37,4.37,4.32,4.35,10525342.0,0.44024123311369706,
20230918,4.37,4.41,4.31,4.4,10891900.0,0.455573176334895,
20230919,4.4,4.45,4.35,4.39,8633300.0,0.3611031962515309,
20230920,4.38,4.41,4.34,4.36,7301200.0,0.3053857338991669,
20230921,4.37,4.37,4.31,4.35,6275700.0,0.2624923643005262,
20230922,4.31,4.37,4.25,4.26,11645800.0,0.48710639070877637,
20230925,4.27,4.33,4.24,4.25,9360300.0,0.39151127006743713,
20230926,4.25,4.26,4.21,4.22,5571300.0,0.2330295758604652,
20230927,4.23,4.24,4.14,4.15,8526400.0,0.3566319127702099,
20230928,4.19,4.26,4.19,4.23,8126000.0,0.3398844674388635,
20231009,4.22,4.26,4.14,4.21,9105999.0,0.38087467642306466,
20231010,4.21,4.25,4.13,4.15,7672100.0,0.32089928902752946,
20231011,4.16,4.17,4.04,4.06,8211500.0,0.34346065768818945,
20231012,4.06,4.09,4.05,4.06,7028800.0,0.293992117245174,
20231013,4.06,4.1,4.02,4.06,6973822.0,0.29169256417467754,
20231016,4.07,4.14,4.05,4.13,9390400.0,0.39277025634234597,
20231017,4.1,4.16,4.06,4.15,7940271.0,0.332116020201237,
20231018,4.13,4.16,4.07,4.07,6146314.0,0.2570805636970257,
20231019,4.06,4.1,3.99,4.03,6332300.0,0.2648597604187934,
20231020,4.03,4.07,3.99,4.0,5993360.0,0.2506829893883075,
20231023,3.98,3.99,3.86,3.89,7354650.0,0.3076213756398274,
20231024,3.89,3.96,3.87,3.94,7591000.0,0.31750713663898755,
20231025,3.97,4.08,3.97,4.03,7275300.0,0.3043024201277336,
20231026,3.96,4.02,3.83,3.87,13728950.0,0.5742378610933774,
20231027,3.84,3.88,3.76,3.86,11617200.0,0.48591014461368015,
20231030,3.85,3.93,3.84,3.85,10691693.0,0.4471991608817161,
20231031,3.85,3.89,3.83,3.85,9469893.0,0.3960951930849153,
20231101,3.86,3.89,3.84,3.87,7497493.0,0.31359603930982116,
20231102,3.87,3.9,3.84,3.85,6707392.0,0.28054865343633933,
20231103,3.85,3.92,3.85,3.87,8544700.0,0.3573973429639253,
20231106,3.91,3.92,3.84,3.88,10377300.0,0.43404911198047236,
20231107,3.88,3.9,3.85,3.88,9169500.0,0.38353071919525705,
20231108,3.87,3.88,3.82,3.84,10042200.0,0.420032955810307,
20231109,3.86,3.98,3.83,3.93,30267287.0,1.2659833525491306,
20231110,3.92,3.94,3.8,3.94,23297955.0,0.974478590646026,
20231113,3.94,4.02,3.93,4.01,21065820.0,0.8811155564684912,
20231114,3.99,4.0,3.9,3.92,16498700.0,0.690087603117595,
20231115,3.94,3.99,3.92,3.98,15513300.0,0.6488714876592815,
20231116,3.97,4.01,3.94,3.99,13061501.0,0.5463206142428234,
20231117,3.96,3.99,3.93,3.97,8572374.0,0.35855485745468374,
20231120,3.98,3.99,3.94,3.95,9816600.0,0.41059683276647146,
20231121,3.95,4.0,3.95,3.96,10044600.0,0.42013334009800746,
20231122,3.95,4.01,3.94,3.97,9499400.0,0.39732937607540486,
20231123,3.96,4.02,3.94,4.0,10305850.0,0.43106058808205894,
20231124,3.99,4.08,3.99,4.03,10508920.0,0.4395543536251072,
20231127,4.03,4.12,4.02,4.04,17355002.0,0.7259039640869321,
20231128,4.04,4.06,4.0,4.05,10928504.0,0.457104204029472,
20231129,4.05,4.09,4.04,4.06,9180300.0,0.38398244848990876,
20231130,4.05,4.06,3.98,4.01,7093400.0,0.29669412765577585,
20231201,4.01,4.07,4.0,4.07,9916750.0,0.4147857854386352,
20231204,4.08,4.1,4.04,4.06,5904900.0,0.24698299185081773,
20231205,4.07,4.08,3.99,4.0,7046600.0,0.29473663404561845,
20231206,4.0,4.05,3.96,4.03,7546900.0,0.3156625753524931,
20231207,4.03,4.04,4.01,4.02,6005100.0,0.2511740358623085,
20231208,4.02,4.05,3.96,3.96,7869197.0,0.3291432231745634,
20231211,3.96,4.05,3.86,4.04,12439000.0,0.5202833977937513,
20231212,4.03,4.05,3.98,4.05,6885800.0,0.2880108867696931,
20231213,4.03,4.07,4.02,4.03,7146700.0,0.29892349537845503,
20231214,4.04,4.13,4.01,4.1,12219400.0,0.5110982354691667,
20231215,4.08,4.11,4.02,4.04,9086800.0,0.38007164394824816,
20231218,4.02,4.08,4.0,4.01,8397700.0,0.35124880534227715,
20231219,4.02,4.02,3.94,3.97,7767300.0,0.32488119910631114,
20231220,3.97,4.04,3.96,3.96,7619200.0,0.318686652019467,
20231221,3.97,3.97,3.88,3.94,7192101.0,0.3008224733142404,
20231222,3.96,4.01,3.92,3.93,7230596.0,0.30243259546216794,
20231225,3.91,3.94,3.85,3.93,7913100.0,0.3309795445841091,
20231226,3.93,3.98,3.86,3.87,7733400.0,0.3234632710425433,
20231227,3.88,3.89,3.81,3.88,6905500.0,0.288834874464567,
20231228,3.85,3.89,3.81,3.86,13868400.0,0.5800706064766348,
20231229,3.84,3.87,3.78,3.8,17556000.0,0.7343110645282657,
20240102,3.8,3.95,3.79,3.9,25667100.0,1.073572312847656,
20240103,3.88,3.98,3.86,3.95,16778314.0,0.7017829582097007,
20240104,3.97,4.01,3.94,3.99,13937497.0,0.5829607119463153,
20240105,3.98,4.09,3.97,4.0,14068400.0,0.5884359637849996,
20240108,4.0,4.01,3.91,3.93,8052900.0,0.3368269293426561,
20240109,3.91,4.03,3.85,4.0,10331500.0,0.43213344515685675,
20240110,3.99,4.02,3.93,3.93,7225200.0,0.30220689812198825,
20240111,3.93,3.96,3.89,3.94,7805400.0,0.32647479967355464,
20240112,3.93,3.97,3.91,3.91,8094019.0,0.3385468049784694,
20240115,3.89,3.92,3.86,3.89,4999829.0,0.20912678032862236,
20240116,3.88,3.9,3.79,3.83,8539722.0,0.3571891292205201,
20240117,3.81,3.86,3.75,3.76,8722430.0,0.3648312177360037,
20240118,3.73,3.73,3.53,3.64,13971720.0,0.5843921500621361,
20240119,3.62,3.65,3.55,3.58,8801980.0,0.3681585386054058,
20240122,3.57,3.57,3.34,3.37,10704200.0,0.44772228850099466,
20240123,3.37,3.5,3.32,3.46,11868100.0,0.49640448535702386,
20240124,3.48,3.55,3.41,3.55,8767978.0,0.3667363442094107,
20240125,3.57,3.8,3.56,3.8,13286512.0,0.5557321013093858,
20240126,3.8,3.91,3.73,3.9,12616210.0,0.527695522636828,
20240129,3.95,3.95,3.82,3.84,10115000.0,0.42307794587055186,
20240130,3.82,3.87,3.73,3.77,11383820.0,0.4761486091705492,
20240131,3.66,3.76,3.55,3.56,15072598.0,0.6304383391767264,
20240201,3.57,3.6,3.45,3.48,14044950.0,0.5874551256405939,
20240202,3.45,3.49,3.2,3.3,12936238.0,0.5410812654802348,
20240205,3.28,3.28,2.97,2.97,17548660.0,0.7340040559150487,
20240206,2.92,3.09,2.77,2.99,20010924.0,0.8369926466526669,
20240207,2.97,3.18,2.93,3.18,20366422.0,0.8518619856147124,
20240208,3.18,3.45,3.08,3.35,22669718.0,0.94820145574935,
20240219,3.34,3.5,3.33,3.5,17507064.0,0.732264228902055,
20240220,3.48,3.55,3.41,3.46,10246052.0,0.42855942990043094,
20240221,3.44,3.69,3.41,3.58,16110280.0,0.6738412426890197,
20240222,3.56,3.74,3.56,3.73,11714300.0,0.4899715255868913,
20240223,3.73,3.8,3.69,3.76,13665200.0,0.5715714034513362,
20240226,3.79,3.79,3.6,3.63,10469300.0,0.4378971763423201,
20240227,3.58,3.68,3.57,3.67,11907798.0,0.4980649251291612,
20240228,3.65,3.69,3.5,3.5,12421700.0,0.5195597943865777,
20240229,3.48,3.61,3.47,3.6,8321182.0,0.34804830328966985,
20240301,3.6,3.66,3.58,3.63,6687760.0,0.2797275099629502,
20240304,3.62,3.68,3.56,3.59,7120462.0,0.29782604415317065,
20240305,3.59,3.62,3.53,3.55,6249250.0,0.2613860457964949,
20240306,3.52,3.63,3.52,3.59,6880500.0,0.28778920480102144,
20240307,3.57,3.68,3.57,3.59,7227950.0,0.30232192178497824,
20240308,3.6,3.66,3.54,3.59,6627600.0,0.27721121048459413,
20240311,3.58,3.58,3.5,3.54,8172900.0,0.341846143727675,
20240312,3.52,3.55,3.42,3.47,11153210.0,0.4665029339261392,
20240313,3.46,3.5,3.43,3.49,7786100.0,0.32566754269329745,
20240314,3.48,3.52,3.45,3.49,7910750.0,0.33088125163573584,
20240315,3.49,3.51,3.42,3.51,7270800.0,0.30411419958829544,
20240318,3.5,3.52,3.46,3.5,8037300.0,0.3361744314726037,
20240319,3.5,3.55,3.48,3.5,10754456.0,0.44982433548544054,
20240320,3.51,3.54,3.46,3.52,8000102.0,0.3346185586668209,
20240321,3.52,3.54,3.47,3.49,6846700.0,0.2863754594159078,
20240322,3.49,3.51,3.41,3.43,7972400.0,0.3334598730260393,
20240325,3.42,3.46,3.37,3.37,6183700.0,0.2586442999386783,
20240326,3.38,3.4,3.28,3.35,8684100.0,0.3632279970078556,
20240327,3.31,3.44,3.29,3.29,9626952.0,0.40266446635238756,
20240328,3.31,3.35,3.27,3.29,7243000.0,0.3029514149224327,
20240329,3.29,3.36,3.28,3.36,6816300.0,0.28510392510503635,
20240401,3.36,3.38,3.28,3.36,9125400.0,0.3816861579087626,
20240402,3.36,3.45,3.36,3.43,9837609.0,0.41147557172492866,
20240403,3.42,3.55,3.42,3.54,12347300.0,0.516447881467866,
20240408,3.54,3.6,3.49,3.49,11892300.0,0.497416693591336,
20240409,3.49,3.54,3.46,3.52,8614600.0,0.3603210353431988,
20240410,3.51,3.56,3.44,3.46,7250200.0,0.30325256778553383,
20240411,3.43,3.57,3.42,3.52,9867500.0,0.4127258162014503,
20240412,3.51,3.56,3.47,3.52,10458500.0,0.4374454470476684,
20240415,3.51,3.56,3.38,3.47,9403527.0,0.39331931656928054,
20240416,3.48,3.5,3.23,3.25,16673300.0,0.6973905600477975,
20240417,3.29,3.36,3.24,3.36,11814400.0,0.49415838691972785,
20240418,3.36,3.42,3.29,3.3,12515400.0,0.5234789642855466,
20240419,3.29,3.4,3.28,3.31,10636500.0,0.4448906150521132,
20240422,3.3,3.31,3.01,3.06,18216800.0,0.7619502050751032,
20240423,3.04,3.04,2.93,2.96,13647000.0,0.5708101559362749,
20240424,2.96,2.97,2.85,2.92,12411425.0,0.5191300241548605,
20240425,2.92,2.99,2.88,2.95,12266798.0,0.513080741497676,
20240426,2.95,2.98,2.86,2.94,12099498.0,0.5060831201092288,
20240429,2.89,3.08,2.88,3.08,16777875.0,0.7017645962504088,
20240430,3.08,3.11,3.0,3.01,12155000.0,0.5084045904158732,
20240506,3.05,3.12,3.04,3.12,11853400.0,0.495789631594859,
20240507,3.11,3.16,3.07,3.11,7803800.0,0.3264078768150877,
20240508,3.11,3.15,3.08,3.09,8244000.0,0.3448200282507987,
20240509,3.1,3.19,3.09,3.14,8863200.0,0.3707191744774963,
20240510,3.13,3.16,3.07,3.12,7796300.0,0.3260941759160241,
20240513,3.11,3.16,3.05,3.12,11656000.0,0.48753302393150294,
20240514,3.11,3.12,3.05,3.07,9896600.0,0.4139429756898174,
20240515,3.06,3.12,3.03,3.07,8152400.0,0.3409886946035676,
20240516,3.08,3.14,3.07,3.08,6387500.0,0.2671685990359021,
20240517,3.07,3.16,3.06,3.16,9170604.0,0.3835768959675992,
20240520,3.18,3.3,3.18,3.27,11055600.0,0.46242022129179167,
20240521,3.25,3.28,3.22,3.25,8440100.0,0.35302226109165047,
20240522,3.26,3.32,3.23,3.24,5869100.0,0.24548559289262042,
20240523,3.28,3.28,3.11,3.12,8413300.0,0.3519013032123296,
20240524,3.15,3.2,3.1,3.12,8706440.0,0.3641624074191999,
20240527,3.14,3.19,3.1,3.14,7590108.0,0.31746982714539224,
20240528,3.14,3.17,3.1,3.11,8324500.0,0.3481870845674156,
20240529,3.1,3.21,3.08,3.15,9052100.0,0.3786202544552469,
20240530,3.13,3.16,3.07,3.08,9326204.0,0.3900851439535071,
20240531,3.07,3.13,3.07,3.08,6012800.0,0.25149610211868056,
20240603,3.09,3.09,2.87,2.91,16351512.0,0.683931202060077,
20240604,2.91,2.91,2.8,2.85,12313981.0,0.515054254767079,
20240605,2.82,2.85,2.76,2.76,8793800.0,0.3678163954914937,
20240606,2.74,2.79,2.63,2.65,12735319.0,0.532677469355038,
20240607,2.68,2.92,2.68,2.92,16647600.0,0.6963156116336726,
20240611,2.96,3.03,2.78,2.8,22211256.0,0.9290254635378121,
20240612,2.8,3.08,2.78,3.08,21299738.0,0.8908995947227817,
20240613,3.1,3.1,2.95,3.0,30666636.0,1.2826868379278216,
20240614,2.98,2.98,2.87,2.9,20864900.0,0.8727117185165079,
20240617,2.86,2.87,2.77,2.82,19847100.0,0.8301404151742391,
20240618,2.8,2.84,2.75,2.84,13763402.0,0.5756788775433164,
20240619,2.81,2.84,2.73,2.76,14196200.0,0.5937814271050448,
20240620,2.75,2.79,2.7,2.71,11338100.0,0.474236288489857,
20240621,2.7,2.73,2.68,2.7,8606718.0,0.35999135661167614,
20240624,2.64,2.7,2.5,2.53,14339999.0,0.5997960771829726,
20240625,2.51,2.62,2.5,2.58,9608811.0,0.40190568661773235,
20240626,2.59,2.69,2.55,2.69,8270799.0,0.3459409443033331,
20240627,2.67,2.73,2.6,2.62,7329400.0,0.30656524927964635,
20240628,2.62,2.65,2.57,2.58,8518499.0,0.35630143932974295,
20240701,2.57,2.67,2.57,2.67,7419900.0,0.31035057346168143,
20240702,2.67,2.75,2.65,2.74,7144660.0,0.2988381687339097,
20240703,2.75,2.78,2.7,2.73,7288600.0,0.3048587163887399,
20240704,2.72,2.75,2.62,2.63,5800100.0,0.24259954462123456,
20240705,2.64,2.66,2.59,2.64,5370100.0,0.22461402640825018,
20240708,2.63,2.63,2.5,2.51,8599500.0,0.35968945086641724,
20240709,2.5,2.52,2.4,2.47,10850251.0,0.45383113250221463,
20240710,2.41,2.42,2.31,2.36,10472501.0,0.4380310638860406,
20240711,2.39,2.52,2.38,2.49,9144600.0,0.3824892322103656,
20240712,2.49,2.53,2.41,2.44,5821700.0,0.243503003210538,
20240715,2.44,2.44,2.38,2.41,5454400.0,0.22814002451372592,
20240716,2.41,2.41,2.37,2.39,4563636.0,0.19088222882658445,
20240717,2.39,2.42,2.36,2.4,6593296.0,0.2757763843990634,
20240718,2.39,2.4,2.33,2.39,5219400.0,0.21831072967639725,
20240719,2.39,2.42,2.34,2.39,6148650.0,0.25717827107038743,
20240722,2.39,2.4,2.33,2.39,3764900.0,0.15747366865131396,
20240723,2.39,2.44,2.36,2.36,6070300.0,0.25390114234483546,
20240724,2.43,2.43,2.33,2.36,7529900.0,0.31495151998128207,
20240725,2.35,2.39,2.32,2.37,4736700.0,0.19812093981265871,
20240726,2.35,2.42,2.35,2.39,5548800.0,0.23208847316327413,
20240729,2.4,2.42,2.36,2.39,4981800.0,0.2083726851940598,
20240730,2.38,2.42,2.37,2.41,5539300.0,0.23169111869112682,
20240731,2.39,2.53,2.39,2.53,8785897.0,0.3674858383974537,
20240801,2.53,2.57,2.47,2.48,8283802.0,0.34648481800873643,
20240802,2.46,2.51,2.46,2.47,4273800.0,0.1787593203224483,
20240805,2.46,2.52,2.44,2.44,7871902.0,0.32925636463215907,
20240806,2.45,2.51,2.45,2.5,5801300.0,0.24264973676508475,
20240807,2.5,2.56,2.45,2.54,7831100.0,0.32754974808767956,
20240808,2.52,2.56,2.5,2.54,4451300.0,0.1861835749336221,
20240809,2.54,2.58,2.52,2.52,4827486.0,0.20191822645564475,
20240812,2.52,2.54,2.49,2.51,3707650.0,0.15507908512179452,
20240813,2.5,2.54,2.47,2.52,4449750.0,0.18611874341448226,
20240814,2.52,2.52,2.47,2.48,3941700.0,0.16486864451190847,
20240815,2.48,2.53,2.46,2.5,6778300.0,0.283514507216447,
20240816,2.53,2.54,2.47,2.47,5201800.0,0.21757457823326115,
20240819,2.48,2.5,2.43,2.44,5490003.0,0.2296291835949745,
20240820,2.44,2.45,2.36,2.37,6474000.0,0.2707866160717699,
20240821,2.37,2.4,2.35,2.37,4924700.0,0.20598437568252168,
20240822,2.36,2.4,2.34,2.36,5395400.0,0.2256722441077583,
20240823,2.36,2.38,2.32,2.34,5506800.0,0.23033174812851753,
20240826,2.33,2.4,2.31,2.38,4808800.0,0.20113665112232423,
20240827,2.38,2.41,2.36,2.41,4287800.0,0.17934489533403383,
20240828,2.41,2.44,2.38,2.42,6099700.0,0.25513084986916507,
20240829,2.41,2.45,2.38,2.44,5462800.0,0.22849136952067728,
20240830,2.43,2.51,2.42,2.46,8683300.0,0.36319453557862214,
20240902,2.48,2.53,2.46,2.48,7873300.0,0.3293148384797445,
20240903,2.48,2.49,2.43,2.44,5542400.0,0.23182078172940646,
20240904,2.42,2.44,2.38,2.4,4789500.0,0.20032939414206702,
20240905,2.4,2.44,2.36,2.39,5750700.0,0.24053330136606846,
20240906,2.39,2.39,2.33,2.35,4511200.0,0.18868899944747736,
20240909,2.34,2.36,2.3,2.34,6097350.0,0.2550325569207918,
20240910,2.36,2.4,2.3,2.34,8251000.0,0.34511281575659153,
20240911,2.33,2.33,2.29,2.31,4691200.0,0.1962178210250057,
20240912,2.31,2.38,2.31,2.37,9504267.0,0.3975329470455039,
20240913,2.37,2.38,2.34,2.35,5937919.0,0.24836407051564224,
20240918,2.35,2.39,2.32,2.38,5308500.0,0.2220374963572738,
20240919,2.38,2.48,2.36,2.47,9479300.0,0.39648865766591423,
20240920,2.47,2.49,2.44,2.46,6164300.0,0.25783286027976693,
20240923,2.47,2.49,2.43,2.48,4626500.0,0.19351162793574966,
20240924,2.49,2.73,2.48,2.73,16585141.0,0.6937031523730568,
20240925,2.88,2.91,2.75,2.76,28571552.0,1.1950562066726305,
20240926,2.8,2.97,2.78,2.92,23171136.0,0.9691741594035783,
20240927,2.92,2.99,2.89,2.96,15458522.0,0.6465802999460933,
20240930,3.11,3.22,3.03,3.2,24642123.0,1.0307008186583766,
20241008,3.51,3.52,3.13,3.28,31357744.0,1.3115936647211688,
20241009,3.25,3.25,2.95,2.95,24683000.0,1.0324105722118468,
20241010,3.0,3.19,2.96,3.08,21528502.0,0.9004680577192354,
20241011,3.08,3.12,2.97,3.0,13306727.0,0.5565776297993288,
20241014,3.01,3.08,2.98,3.05,13758790.0,0.5754859724037854,
20241015,3.05,3.07,2.96,2.97,11802500.0,0.4936606481598802,
20241016,2.97,3.02,2.93,2.98,10822600.0,0.4526745800275466,
20241017,2.97,3.05,2.94,2.94,9937600.0,0.4156578739380322,
20241018,2.94,3.0,2.89,2.96,17337487.0,0.7251713679206521,
20241021,2.95,2.99,2.92,2.94,11417152.0,0.4775427796195613,
20241022,2.95,3.03,2.93,3.03,11384198.0,0.47616441969586204,
20241023,3.06,3.1,3.01,3.09,13249300.0,0.5541756429285914,
20241024,3.07,3.11,3.04,3.1,9044885.0,0.37831847419034764,
20241025,3.08,3.2,3.08,3.19,11318600.0,0.4734206661522914,
20241028,3.21,3.42,3.18,3.41,17512630.0,0.7324970367959469,
20241029,3.38,3.42,3.2,3.21,18123371.0,0.7580423702352871,
20241030,3.22,3.28,3.2,3.26,13386702.0,0.5599227270530112,
20241031,3.24,3.37,3.22,3.37,13582425.0,0.5681091911953366,
20241101,3.32,3.42,3.29,3.3,13903942.0,0.5815572141239043,
20241104,3.29,3.32,3.22,3.31,9195301.0,0.38460989211482266,
20241105,3.29,3.4,3.28,3.39,12332267.0,0.5158190993857827,
20241106,3.37,3.38,3.28,3.36,9712041.0,0.4062234657924449,
20241107,3.35,3.52,3.34,3.51,15782800.0,0.6601438066323031,
20241108,3.51,3.57,3.43,3.46,12758900.0,0.5336637868084808,
20241111,3.45,3.47,3.33,3.4,14201450.0,0.5940010177343894,
20241112,3.38,3.41,3.27,3.31,13449800.0,0.5625619136302271,
20241113,3.32,3.34,3.21,3.26,10688976.0,0.44708551750268194,
20241114,3.27,3.29,3.18,3.19,10555599.0,0.441506786194093,
20241115,3.2,3.26,3.17,3.19,12808400.0,0.5357342127423012,
20241118,3.21,3.32,3.2,3.24,16321985.0,0.6826961825338566,
20241119,3.24,3.31,3.17,3.26,12230949.0,0.5115812930269382,
20241120,3.25,3.36,3.22,3.36,12854300.0,0.5376540622445709,
20241121,3.34,3.37,3.25,3.28,8838128.0,0.3696704932853197,
20241122,3.29,3.31,3.17,3.17,10331028.0,0.432113702913609,
20241125,3.18,3.28,3.16,3.27,12336142.0,0.5159811781836323,
20241126,3.25,3.29,3.17,3.19,11947286.0,0.4997165812761248,
20241127,3.19,3.2,3.08,3.2,10304600.0,0.43100830459888173,
20241128,3.19,3.29,3.18,3.26,12235649.0,0.5117778789236848,
20241129,3.26,3.28,3.16,3.24,10975600.0,0.4590740783684457,
20241202,3.25,3.4,3.24,3.36,12951900.0,0.5417363566110529,
20241203,3.38,3.4,3.31,3.38,9707700.0,0.4060418957120668,
20241204,3.38,3.41,3.31,3.35,9129800.0,0.3818701957695466,
20241205,3.34,3.4,3.29,3.4,9324823.0,0.3900273811612928,
20241206,3.4,3.48,3.36,3.46,11785600.0,0.49295377546732333,
20241209,3.47,3.51,3.38,3.41,10957091.0,0.4582999063763431,
20241210,3.5,3.51,3.35,3.36,12736200.0,0.5327143187539815,
20241211,3.36,3.47,3.34,3.46,11032143.0,0.4614390903598801,
20241212,3.48,3.49,3.41,3.44,8449500.0,0.3534154328851436,
20241213,3.45,3.45,3.28,3.29,13871563.0,0.5802029046024666,
20241216,3.29,3.38,3.29,3.34,9836200.0,0.4114166377826913,
20241217,3.35,3.37,3.21,3.24,11014739.0,0.46071113696690624,
20241218,3.25,3.29,3.23,3.23,8915710.0,0.37291549903880744,
20241219,3.2,3.22,3.09,3.12,14446190.0,0.6042377054726354,
20241220,3.12,3.14,3.03,3.04,13858600.0,0.579660703968525,
20241223,3.05,3.05,2.9,2.91,14190602.0,0.5935472807539836,
20241224,2.91,2.94,2.87,2.92,13228428.0,0.5533026342398906,
20241225,2.92,2.93,2.84,2.9,10175600.0,0.42561264913498636,
20241226,2.88,2.94,2.87,2.88,11196760.0,0.46832449048003555,
20241227,2.88,3.0,2.86,2.96,12373800.0,0.5175562913112244,
20241230,2.96,2.97,2.88,2.94,10329400.0,0.43204560890511895,
20241231,2.93,3.0,2.92,2.94,11891642.0,0.49738917156579143,
20250102,2.93,2.95,2.81,2.84,12281800.0,0.5137082269493766,
20250103,2.81,2.88,2.77,2.79,10535640.0,0.44067196536150477,
20250106,2.79,2.86,2.71,2.82,10037940.0,0.41985477369963886,
20250107,2.82,2.84,2.76,2.81,8270100.0,0.34591170737954036,
20250108,2.8,2.83,2.71,2.76,8107600.0,0.33911485456649393,
20250109,2.75,2.78,2.71,2.78,8027600.0,0.335768711643148,
20250110,2.77,2.82,2.65,2.65,11690171.0,0.4889622870544236,
20250113,2.64,2.7,2.61,2.68,10888200.0,0.4554184172246903,
20250114,2.69,2.79,2.67,2.77,9809200.0,0.410287314546062,
20250115,2.77,2.8,2.7,2.76,9782600.0,0.4091747220240495,
20250116,2.76,2.89,2.76,2.83,10711000.0,0.44800671064947906,
20250117,2.81,2.82,2.77,2.79,6249900.0,0.26141323320774706,
20250120,2.77,2.8,2.68,2.75,10065800.0,0.42102006797269403,
20250121,2.76,2.78,2.69,2.72,8051242.0,0.33675758053056976,
20250122,2.72,2.72,2.66,2.68,6254600.0,0.26160981910449366,
20250123,2.7,2.79,2.69,2.71,10025681.0,0.4193420191234226,
20250124,2.69,2.74,2.67,2.71,7381350.0,0.3087381508404941,
20250127,2.71,2.83,2.71,2.74,8817700.0,0.3688160556898433,
20250205,2.74,2.8,2.72,2.75,8112302.0,0.3393115241168136,
20250206,2.76,2.79,2.72,2.78,5939960.0,0.24844943898697408,
20250207,2.78,2.89,2.76,2.84,9747602.0,0.4077108681486587,
20250210,2.85,2.89,2.84,2.87,8755412.0,0.36621074880972615,
20250211,2.89,2.91,2.8,2.83,7774040.0,0.32516311164760303,
20250212,2.84,2.86,2.81,2.85,6093353.0,0.25486537525498415,
20250213,2.84,2.88,2.83,2.84,6356351.0,0.26586573646191086,
20250214,2.87,2.87,2.8,2.82,5852449.0,0.24478913506991254,
20250217,2.78,2.88,2.78,2.83,8801395.0,0.3681340699352788,
20250218,2.85,2.86,2.77,2.77,7872600.0,0.32928555972916523,
20250219,2.77,2.8,2.76,2.78,6375242.0,0.26665588628647247,
20250220,2.77,2.8,2.75,2.78,8042649.0,0.33639816295381586,
20250221,2.79,2.81,2.7,2.71,10619939.0,0.444197921640194,
20250224,2.71,2.74,2.69,2.72,10805826.0,0.4519729775100941,
20250225,2.7,2.76,2.67,2.7,9223900.0,0.3858060963831323,
20250226,2.7,2.8,2.7,2.8,12212439.0,0.510807079208049,
20250227,2.8,2.83,2.74,2.77,9681449.0,0.4049439007385574,
20250228,2.77,2.81,2.75,2.77,8672403.0,0.3627387490856759,
20250303,2.77,2.83,2.76,2.77,8807501.0,0.36838946429390323,
20250304,2.78,2.78,2.73,2.74,7569200.0,0.31659531269237573,
20250305,2.75,2.75,2.66,2.7,10685200.0,0.44692757955670004,
20250306,2.7,2.72,2.66,2.71,7201400.0,0.30121142060229283,
20250307,2.71,2.85,2.68,2.77,16962340.0,0.7094801744298463,
20250310,2.78,3.05,2.78,3.05,40310722.0,1.686067964440817,
20250311,3.01,3.31,3.01,3.14,64123675.0,2.682087266502309,
20250312,3.19,3.22,3.04,3.05,36481620.0,1.5259089324399446,
20250313,3.05,3.36,3.05,3.36,29264154.0,1.224025522685071,
20250314,3.66,3.7,3.47,3.7,41681774.0,1.7434146637825583,
20250317,3.8,4.03,3.6,3.62,98858442.0,4.134930951391309,
20250318,3.62,3.98,3.46,3.98,101947852.0,4.264151044001486,
20250319,3.91,4.38,3.84,4.38,91823387.0,3.8406772075963156,
20250320,4.38,4.8,4.37,4.38,132770880.0,5.553379256730157,
20250321,4.19,4.39,3.94,3.95,93022563.0,3.890834886174394,
20250324,3.83,3.98,3.56,3.61,73110895.0,3.0579937990467223,
20250325,3.7,3.97,3.51,3.97,58610780.0,2.4515005841098194,
20250326,4.17,4.37,4.14,4.26,103568725.0,4.331946952983892,
20250327,4.18,4.36,4.04,4.08,61068650.0,2.5543053879473727,
20250328,4.15,4.32,4.07,4.07,67801318.0,2.835911255240343,
20250331,3.92,4.26,3.82,4.04,49555850.0,2.072761959848659,
20250401,4.09,4.1,3.9,3.95,36955250.0,1.5457193533497489,
20250402,3.95,4.07,3.89,4.0,32147418.0,1.3446231905567974,
20250403,3.89,3.96,3.69,3.8,47280018.0,1.977571220579606,
20250407,3.58,3.62,3.42,3.42,17521900.0,0.7328847711071895,
20250408,3.09,3.37,3.09,3.24,46872600.0,1.9605302348603093,
20250409,3.09,3.29,2.93,3.27,40538801.0,1.6956077760884898,
20250410,3.31,3.42,3.3,3.33,30610200.0,1.2803263014025472,
20250411,3.3,3.46,3.27,3.32,23108835.0,0.9665683087752363,
20250414,3.4,3.65,3.35,3.65,23901100.0,0.9997062078147946,
20250415,3.69,3.75,3.57,3.65,49226574.0,2.0589894028833133,
20250416,3.63,3.68,3.47,3.53,26986009.0,1.1287380380587468,
20250417,3.54,3.6,3.5,3.53,18820700.0,0.7872094014677108,
20250418,3.51,3.53,3.39,3.47,16045900.0,0.671148434171457,
20250421,3.47,3.59,3.44,3.51,18397200.0,0.7694957573672483,
20250422,3.52,3.61,3.44,3.46,18279400.0,0.7645685619126213,
20250423,3.46,3.54,3.4,3.42,21767700.0,0.9104729414064667,
20250424,3.4,3.42,3.34,3.38,17032000.0,0.7123938283803499,
20250425,3.38,3.42,3.34,3.39,13837300.0,0.5787697934151841,
20250428,3.38,3.38,3.23,3.28,17823000.0,0.7454788165349329,
20250429,3.28,3.35,3.22,3.3,12121002.0,0.5069825633270243,
20250430,3.3,3.35,3.28,3.31,13483500.0,0.5639714763366867,
20250506,3.35,3.44,3.33,3.44,18447700.0,0.7716080100876104,
20250507,3.47,3.55,3.43,3.5,25483902.0,1.065909729206767,
20250508,3.51,3.58,3.44,3.53,20539400.0,0.859097099497144,
20250509,3.53,3.55,3.44,3.46,15607001.0,0.6527906993850369,
20250512,3.46,3.51,3.41,3.45,15847600.0,0.6628541824002133,
20250513,3.48,3.54,3.41,3.44,14965700.0,0.6259671393489785,
20250514,3.4,3.49,3.4,3.46,13179230.0,0.5512448399956058,
20250515,3.46,3.81,3.44,3.81,17720830.0,0.7412053737539546,
20250516,4.19,4.19,3.88,3.99,99540437.0,4.1634566106788995,
20250519,3.83,4.29,3.82,3.93,61285937.0,2.563393804914686,
20250520,3.9,4.09,3.88,3.95,44613240.0,1.8660284664191733,
20250521,3.89,4.35,3.89,4.35,47020635.0,1.9667220632060283,
20250522,4.63,4.78,4.34,4.48,112466325.0,4.704104968918427,
20250523,4.38,4.6,4.15,4.22,69111316.0,2.89070426195656,
20250526,4.18,4.32,4.08,4.22,41888474.0,1.7520602605607531,
20250527,4.21,4.28,4.0,4.08,45134500.0,1.8878310971719645,
20250528,4.04,4.04,3.88,3.9,46436074.0,1.942271755038353,
20250529,3.84,3.93,3.84,3.87,32615904.0,1.3642184544766303,
20250530,3.82,3.84,3.67,3.71,34447500.0,1.4408282293994892,
20250603,3.68,3.75,3.64,3.72,21039574.0,0.88,88.93822134999999
20250604,3.75,3.79,3.61,3.78,32726957.0,1.3689,90.3727088
20250605,3.74,3.81,3.7,3.73,24397302.0,1.0205,89.17730259
20250606,3.78,4.1,3.77,4.1,37908936.0,1.5856,98.02330848
20250609,4.02,4.05,3.92,4.02,70291870.0,2.9401,96.11065856
20250610,3.99,4.05,3.9,3.96,38492000.0,1.61,94.67617112
20250611,3.93,3.98,3.92,3.94,25014334.0,1.0463,94.19800864
20250612,3.93,3.94,3.87,3.88,23091000.0,0.9658,92.7635212
20250613,3.9,4.07,3.88,3.93,52090700.0,2.1788,93.9589274
20250616,3.88,4.02,3.85,3.9,32103700.0,1.3428,93.24168368
20250617,3.93,3.94,3.83,3.85,24228400.0,1.0134,92.04627748
20250618,3.82,3.86,3.78,3.84,20136225.0,0.8422,91.80719624
20250619,3.81,3.82,3.7,3.72,23048666.0,0.9641,88.93822134999999
20250620,3.73,3.76,3.68,3.69,14526599.0,0.6076,88.22097763000001
20250623,3.68,3.77,3.67,3.75,17477110.0,0.731,89.65546508
20250624,3.72,3.77,3.65,3.76,21466102.0,0.8979,89.89454632
20250625,3.77,3.79,3.72,3.78,18015500.0,0.7535,90.3727088
20250626,3.78,3.83,3.72,3.73,21699800.0,0.9076,89.17730259
20250627,3.73,3.95,3.73,3.82,32050100.0,1.3406,91.32903376
20250630,3.83,3.83,3.72,3.79,22172466.0,0.9274,90.61179004
20250701,3.78,3.81,3.75,3.79,16269600.0,0.6805,90.61179004
20250702,3.78,4.1,3.74,3.97,63846775.0,2.6705,94.91525236
20250703,3.88,3.93,3.84,3.93,32600858.0,1.3636,93.9589274
20250704,3.9,4.09,3.89,3.95,44983033.0,1.8815,94.43708988
20250707,3.95,4.02,3.84,4.02,33190481.0,1.3883,96.11065856
20250708,4.02,4.03,3.9,3.97,31975840.000000004,1.3374,94.91525236
20250709,3.96,4.18,3.96,4.02,39254500.0,1.6419,96.11065856
20250710,3.99,4.42,3.97,4.25,93126344.0,3.8952,101.60952709
20250711,4.11,4.38,4.1,4.26,74485500.0,3.1155,101.84860833
20250714,4.16,4.32,4.12,4.18,57026400.0,2.3852,99.9359584
20250715,4.06,4.1,3.78,3.8,60744013.0,2.5407,90.85087128
20250716,3.81,3.81,3.71,3.75,24275000.0,1.0153,89.65546508
20250717,3.75,3.78,3.74,3.77,17946900.0,0.7507,90.13362756
20250718,3.8,3.94,3.79,3.82,29189200.0,1.2209,91.32903376
20250721,3.83,3.91,3.8,3.89,27533000.0,1.1516,93.00260244
20250722,3.93,4.1,3.83,4.07,57234502.0,2.3939,97.30606476
20250723,4.22,4.44,4.11,4.14,85982700.0,3.5964,98.97963344
20250724,4.13,4.17,4.01,4.15,55565743.99999999,2.3241,99.21871468
20250725,4.15,4.22,4.06,4.07,33198700.0,1.3886,97.30606476
20250728,3.97,4.04,3.89,3.97,29704900.0,1.2425,94.91525236
20250729,3.97,3.97,3.89,3.95,21887200.0,0.9155,94.43708988
20250730,3.97,4.01,3.89,3.91,21343502.0,0.8927,93.48076492
20250731,3.91,3.91,3.78,3.78,26306500.0,1.1003,90.3727088
20250801,3.77,3.87,3.75,3.85,18777595.0,0.7854,92.04627748
20250804,3.83,3.86,3.77,3.85,14002179.999999998,0.5857,92.04627748
20250805,3.84,3.91,3.83,3.9,14813100.0,0.6196,93.24168368
20250806,3.91,3.94,3.87,3.91,17366800.0,0.7264,93.48076492
20250807,3.89,3.91,3.83,3.88,15495700.0,0.6481,92.7635212
20250808,3.89,3.9,3.83,3.84,12943100.0,0.5414,91.80719624
20250811,3.86,3.89,3.84,3.88,14025600.0,0.5866,92.7635212
20250812,3.88,3.9,3.85,3.89,15034904.0,0.6289,93.00260244
20250813,3.88,3.88,3.82,3.83,18244900.0,0.7631,91.568115
20250814,3.82,3.83,3.73,3.75,17963900.0,0.7514,89.65546508
20250815,3.74,3.77,3.73,3.74,13231900.0,0.5534,89.41638383
20250818,3.75,3.79,3.73,3.76,18294909.0,0.7652,89.89454632
20250819,3.75,3.77,3.73,3.77,12433395.0,0.52,90.13362756
20250820,3.78,3.82,3.74,3.81,14797657.0,0.6189,91.08995252
20250821,3.8,3.83,3.78,3.83,19282800.0,0.8065,91.568115
20250822,3.82,3.84,3.77,3.82,14593400.0,0.6104,91.32903376
20250825,3.83,3.88,3.81,3.86,22164900.0,0.9271,92.28535872
20250826,3.86,3.88,3.83,3.85,15199000.0,0.6357,92.04627748
20250827,3.83,3.85,3.73,3.73,22323107.0,0.9337,89.17730259
20250828,3.71,3.74,3.62,3.73,18432839.0,0.771,89.17730259
20250829,3.73,3.73,3.66,3.67,12465000.0,0.5214,87.74281515
20250901,3.67,3.71,3.63,3.7,11214095.0,0.469,88.46005887
20250902,3.68,3.72,3.64,3.72,12975000.0,0.5427,88.93822134999999
20250903,3.71,3.73,3.6,3.63,12430705.0,0.5199,86.78649019000001
20250904,3.63,3.67,3.61,3.64,13646000.0,0.5708,87.02557143
20250905,3.63,3.68,3.6,3.66,14572600.0,0.6095,87.50373391
20250908,3.64,3.7,3.63,3.69,12801250.0,0.5354,88.22097763000001
20250909,3.69,3.72,3.65,3.67,11520100.0,0.4818,87.74281515
20250910,3.66,3.67,3.62,3.64,9861650.0,0.4125,87.02557143
20250911,3.65,3.66,3.6,3.65,12028784.0,0.5031,87.26465267
20250912,3.64,3.69,3.62,3.66,14602424.0,0.6108,87.50373391
20250915,3.66,3.72,3.63,3.72,16608900.0,0.6947,88.93822134999999
20250916,3.75,3.79,3.72,3.75,16305300.0,0.682,89.65546508
20250917,3.74,3.83,3.71,3.81,22745311.0,0.9514,91.08995252
20250918,3.81,3.81,3.7,3.72,18707900.0,0.7825,88.93822134999999
20250919,3.72,3.8,3.72,3.78,16690949.0,0.6981,90.3727088
20250922,3.78,3.81,3.69,3.71,14398600.0,0.6022,88.69914011
20250923,3.71,3.75,3.6,3.75,16076601.999999998,0.6724,89.65546508
20250924,3.73,3.76,3.68,3.72,10756201.0,0.4499,88.93822134999999
20250925,3.71,3.73,3.65,3.69,9139000.0,0.3823,88.22097763000001
20250926,4.06,4.06,4.06,4.06,20758516.0,0.8683,97.06698352
20250929,4.29,4.47,3.92,4.06,96132715.0,4.0209,97.06698352
20250930,3.87,4.26,3.82,4.06,71219288.0,2.9789,97.06698352
20251009,3.98,3.99,3.87,3.92,43749582.0,1.8299,93.71984616
20251010,3.87,4.31,3.86,4.31,50434328.0,2.1095,103.04401453
20251013,4.13,4.73,4.11,4.5,106625478.0,4.4598,107.58655809
20251014,4.5,4.95,4.34,4.95,92041127.0,3.8498,118.3452139
20251015,5.08,5.45,4.98,5.45,79429668.0,3.3223,130.29927590999998
20251016,5.54,6.0,5.44,6.0,150298149.0,6.2865,143.44874412
20251017,6.5,6.6,6.41,6.6,48065480.0,2.0104,157.79361853
20251020,6.88,7.26,6.7,7.26,46218023.0,1.9332,173.57298039
20251021,7.99,7.99,7.65,7.99,114587763.0,4.7928,191.02591092
20251022,8.4,8.79,8.4,8.79,74545729.0,3.118,210.15241014
20251023,9.5,9.67,8.87,9.67,70252430.0,2.9384,231.19155927
20251024,9.95,10.08,8.7,9.06,213823201.0,8.9435,216.60760362
20251027,9.01,9.87,8.6,9.28,212756840.0,8.8989,221.86739091
20251028,8.68,9.08,8.35,8.6,175354034.0,7.3345,205.60986657
20251029,8.34,8.85,8.22,8.53,128290686.0,5.366,203.93629789
20251030,8.28,8.94,8.2,8.79,144903139.0,6.0608,210.15241014
20251031,8.47,8.57,7.91,7.91,118687352.0,4.9643,189.113261
20251103,7.9,8.28,7.75,8.26,113664003.0,4.7542,197.48110441
20251104,8.25,8.75,8.12,8.55,126843308.0,5.3054,204.41446037
20251105,8.31,9.41,7.8,9.06,202599584.0,8.4741,216.60760362
20251106,8.35,8.73,8.15,8.15,158858928.0,6.6446,194.85121076
20251107,7.92,8.48,7.75,8.29,118317791.0,4.9489,198.19834813
20251110,8.35,8.88,8.23,8.25,143640122.0,6.008,197.24202317
20251111,8.11,9.08,8.08,9.08,136512727.0,5.7099,217.0857661
20251112,9.15,9.85,8.85,8.87,188425534.0,7.8812,212.06506006
20251113,8.93,9.52,8.7,9.22,157031852.0,6.5681,220.43290346
20251114,8.95,10.14,8.95,10.14,147901072.0,6.1862,242.42837756
20251117,10.39,11.15,10.23,11.15,137722637.0,5.7605,266.57558282
20251118,11.2,12.0,10.1,10.26,200248157.0,8.3757,245.29735245
20251119,10.09,10.16,9.23,9.23,122040155.0,5.1045,220.6719847
20251120,8.8,9.08,8.31,8.31,110843061.0,4.6362,198.67651061
20251121,8.11,8.65,7.93,8.01,93892098.0,3.9272,191.5040734
20251124,7.8,8.09,7.65,7.89,68370863.0,2.8597,188.63509852
20251125,7.96,8.25,7.81,8.2,68151824.0,2.8506,196.04661696
20251126,8.13,8.17,7.84,7.88,60120093.99999999,2.5146,188.39601728
20251127,7.89,8.16,7.74,8.02,58975437.0,2.4668,191.74315464
20251128,7.92,8.1,7.71,8.1,55713923.0,2.3303,193.65580456
20251201,8.26,8.27,8.05,8.1,51756235.0,2.1648,193.65580456
20251202,8.09,8.65,7.95,8.36,101138663.0,4.2303,199.87191681
20251203,8.18,9.2,8.1,9.2,147093286.0,6.1524,219.95474098
20251204,9.15,9.16,8.28,8.31,127064187.0,5.3147,198.67651061
20251205,8.0,8.18,7.8,8.16,80924361.0,3.3848,195.090292
20251208,8.11,8.22,7.9,8.04,74273142.0,3.1066,192.22131712
20251209,7.97,8.0,7.52,7.67,77576341.0,3.2448,183.37531123
20251210,7.65,7.79,7.58,7.71,41110301.0,1.7195,184.33163619
20251211,7.69,7.71,7.5,7.5,38848616.0,1.6249,179.31093015000002
20251212,7.47,7.62,7.35,7.42,40358937.0,1.6881,177.39828023
20251215,7.33,7.81,7.31,7.58,58295810.0,2.4383,181.22358007
20251216,7.45,7.49,6.82,6.84,66953498.0,2.8004,163.5315683
20251217,6.76,6.94,6.63,6.88,49332173.0,2.0634,164.48789326
20251218,7.1,7.16,6.85,6.92,55307907.99999999,2.3134,165.44421821999998
20251219,6.89,6.98,6.73,6.95,49443805.0,2.0681,166.16146194
20251222,7.0,7.05,6.94,7.04,28975394.0,1.2119,168.3131931
20251223,7.06,7.06,6.92,6.95,24618220.0,1.0297,166.16146194
20251224,6.97,7.04,6.86,7.04,25762589.0,1.0776,168.3131931
20251225,7.03,7.1,7.0,7.1,21879803.0,0.9152,169.74768054
20251226,7.13,7.24,7.06,7.21,28309705.0,1.1841,172.37757417999998
20251229,7.22,7.26,7.1,7.12,26529493.0,1.1096,170.22584302
20251230,7.08,7.1,6.98,7.05,23708622.0,0.9917,168.55227434
20251231,7.03,7.05,6.88,6.98,21889600.0,0.9156,166.87870566
20260105,7.05,7.08,6.96,7.08,24817774.0,1.038,169.26951806
20260106,7.09,7.23,7.08,7.15,27818026.0,1.1635,170.94308674
20260107,7.2,7.87,7.1,7.87,115290451.0,4.8222,188.15693604
20260108,8.1,8.54,7.96,8.37,175471758.0,7.3394,200.11099805
20260109,8.01,8.3,7.72,8.1,106568169.0,4.4574,193.65580456
20260112,7.99,8.25,7.9,8.18,94821674.0,3.9661,195.56845448
20260113,8.18,8.23,7.73,7.77,70334495.0,2.9419,185.76612364
20260114,7.78,7.83,7.53,7.67,61720828.0,2.5816,183.37531123
20260115,7.38,7.43,6.9,6.9,64384760.0,2.693,164.96605574
20260116,6.62,6.89,6.34,6.39,76452291.0,3.1978,152.77291248999998
20260119,6.5,6.88,6.45,6.67,70336163.0,2.9419,159.46718721
20260120,6.79,7.34,6.74,7.34,76456413.0,3.1979,175.48563030999998
20260121,7.34,7.34,6.7,6.73,95358679.0,3.9885,160.90167465
20260122,6.69,7.4,6.55,7.4,117280441.0,4.9055,176.92011775
20260123,7.36,7.58,7.25,7.3,123454625.0,5.1637,174.52930535
20260126,7.3,7.5,7.25,7.36,76485334.0,3.1991,175.96379279
20260127,7.29,7.36,6.9,7.01,60888897.0,2.5468,167.59594938
20260128,7.11,7.41,6.92,7.28,84510683.0,3.5348,174.05114287
20260129,7.1,7.26,6.95,6.98,61625532.99999999,2.5776,166.87870566
20260130,7.09,7.68,7.09,7.37,123022941.0,5.1457,176.20287403
20260202,6.95,6.97,6.63,6.63,90405518.0,3.7814,158.51086225
20260203,6.6,6.71,6.49,6.69,47840941.0,2.001,159.94534969
20260204,6.69,7.36,6.66,7.36,118157668.0,4.9422,175.96379279
20260205,7.09,7.64,7.0,7.14,107251199.0,4.486,170.7040055
20260206,7.07,7.27,7.0,7.08,60079618.99999999,2.5129,169.26951806
20260209,7.09,7.23,7.06,7.21,48242826.0,2.0178,172.37757417999998
20260210,7.19,7.23,7.07,7.17,34058559.0,1.4246,171.42124922
20260211,7.12,7.2,7.0,7.13,31756116.0,1.3283,170.46492426
20260212,7.1,7.18,6.98,7.0,29548289.0,1.2359,167.35686814
20260213,6.99,6.99,6.85,6.85,24606703.0,1.0292,163.77064954
20260224,6.99,7.18,6.91,7.13,37948000.0,1.5872,170.46492426
20260225,7.1,7.25,7.03,7.16,32462245.0,1.3578,171.18216798
20260226,7.14,7.3,7.03,7.04,28418401.0,1.1887,168.3131931
20260227,7.01,7.27,7.0,7.25,37581388.0,1.5719,173.33389915
20260302,7.46,7.5,7.06,7.16,57672542.00000001,2.4123,171.18216798
20260303,7.22,7.88,7.18,7.88,159614038.0,6.6761,188.39601728
20260304,7.76,7.76,7.09,7.26,123915145.0,5.183,173.57298039
20260305,7.05,7.2,6.76,7.07,92946434.0,3.8877,169.03043681999998
20260306,6.95,7.0,6.7,6.97,49713099.0,2.0793,166.63962442000002
20260309,7.3,7.35,6.96,6.99,79681775.0,3.3328,167.1177869
20260310,6.61,6.89,6.58,6.83,49121555.0,2.0546,163.29248706
20260311,6.77,6.83,6.62,6.71,41392421.0,1.7313,160.42351217
20260312,6.71,7.1,6.66,6.87,68497924.0,2.865,164.24881202
20260313,6.86,7.08,6.82,6.86,59341221.0,2.4821,164.00973078
20260316,6.81,7.01,6.6,6.66,45735161.0,1.913,159.22810597
20260317,6.58,6.71,6.5,6.51,32772747.0,1.3708,155.64188737
20260318,6.48,6.49,6.23,6.28,34724031.0,1.4524,150.14301885
20260319,6.45,6.68,6.37,6.56,49744369.0,2.0806,156.83729357
20260320,6.35,6.36,5.96,6.21,39988829.0,1.6726,148.46945016
20260323,6.31,6.4,6.11,6.14,36847915.0,1.5412,146.79588148
20260324,6.0,6.23,5.82,6.2,34811891.0,1.4561,148.23036892
20260325,6.08,6.26,5.98,6.25,32585789.0,1.363,149.42577512999998
20260326,6.19,6.28,6.05,6.12,24992612.0,1.0454,146.31771899999998
20260327,6.04,6.24,6.04,6.21,22411993.0,0.9374,148.46945016
20260330,6.16,6.37,6.06,6.09,27764800.0,1.1613,145.60047527999998
20260331,6.0,6.14,5.83,5.84,30882565.000000004,1.2917,139.62344428
20260401,5.84,5.88,5.72,5.79,18952027.0,0.7927,138.42803808
20260402,5.85,5.86,5.74,5.76,18260284.0,0.7638,137.71079436000002
20260403,5.76,5.77,5.43,5.53,25884368.0,1.0827,132.21192583
20260407,5.5,5.68,5.46,5.67,20976071.0,0.8774,135.55906319
20260408,5.59,5.77,5.56,5.76,19600980.0,0.8198,137.71079436000002
20260409,5.79,5.82,5.65,5.69,16939971.0,0.7085,136.03722567
20260410,5.68,5.76,5.65,5.68,15615085.0,0.6531,135.79814443
20260413,5.68,5.78,5.68,5.76,14596603.0,0.6105,137.71079436000002
20260414,5.71,5.77,5.62,5.71,15135964.000000002,0.6331,136.51538814999998
20260415,5.71,5.71,5.62,5.66,10939178.0,0.4576,135.31998195
20260416,5.68,5.74,5.61,5.72,14445106.0,0.6042,136.75446939
20260417,5.74,5.74,5.61,5.67,12891800.0,0.5392,135.55906319
20260420,5.67,5.8,5.66,5.76,20382518.0,0.8525,137.71079436000002
20260421,5.75,5.83,5.73,5.81,16840544.0,0.7044,138.90620056
20260422,5.82,5.82,5.63,5.7,14921748.000000002,0.6241,136.27630691
20260423,5.66,5.91,5.64,5.86,28686648.0,1.1999,140.10160675999998
20260424,5.85,5.85,5.65,5.67,22823184.0,0.9546,135.55906319
20260427,5.58,5.73,5.52,5.71,16831113.0,0.704,136.51538814999998
20260428,5.71,5.83,5.69,5.8,20441442.0,0.855,138.66711932
20260429,5.77,5.96,5.75,5.91,25563775.0,1.0693,141.29701296000002
20260430,5.85,5.9,5.74,5.79,20194765.0,0.8447,138.42803808
20260506,5.78,5.87,5.73,5.86,18203128.0,0.7614,140.10160675999998
20260507,5.8,5.86,5.59,5.7,29736786.0,1.2438,136.27630691
20260508,5.7,5.75,5.66,5.71,16969286.0,0.7098,136.51538814999998
20260511,5.78,5.82,5.67,5.71,18544463.0,0.7757,136.51538814999998
20260512,5.73,5.75,5.58,5.61,17818200.0,0.7453,134.12457575000002
20260513,5.62,5.71,5.56,5.68,17594420.0,0.7359,135.79814443
20260514,5.69,5.71,5.46,5.46,20579778.0,0.8608,130.53835715
20260515,5.43,5.52,5.34,5.42,16856553.0,0.7051,129.58203219
20260518,5.48,5.51,5.32,5.47,13097467.0,0.5478,130.77743839
20260519,5.45,5.49,5.38,5.48,13111760.999999998,0.5484,131.01651963
20260520,5.48,5.5,5.31,5.33,13884726.0,0.5808,127.43030103
20260521,5.33,5.36,5.09,5.1,16919579.0,0.7077,121.9314325
20260522,5.16,5.22,5.05,5.17,13839204.0,0.5788,123.60500118
20260525,5.39,5.43,5.13,5.17,26055900.0,1.0898,123.60500118
20260526,5.14,5.25,5.01,5.09,21105907.0,0.8828,121.69235126
20260527,5.05,5.09,4.9,5.01,19626000.0,0.8209,119.77970134
20260528,5.0,5.15,4.96,5.02,17952162.0,0.7509,120.01878258
20260529,5.04,5.16,5.0,5.05,20036600.0,0.8381,120.7360263
20260601,5.06,5.56,5.01,5.56,44083400.0,1.8439,132.92916954999998
20260602,6.11,6.12,6.03,6.12,25036105.0,1.0472,146.31771899999998
20260603,6.73,6.73,6.28,6.73,96648694.0,4.0425,160.90167465
20260604,7.4,7.4,7.4,7.4,26478877.0,1.1075,176.92011775
20260605,7.4,8.14,7.35,8.14,213082408.0,8.9126,194.61212952
20260608,8.23,8.95,8.23,8.95,215638300.0,9.0195,213.97770998
20260609,8.06,8.58,8.06,8.06,174737397.0,7.3087,192.6994796
20260610,7.8,8.68,7.58,7.65,191181140.0,7.9965,182.89714875
20260611,7.8,8.42,7.8,8.05,200190231.0,8.3733,192.46039836
20260612,7.25,7.45,7.25,7.25,94133900.0,3.9373,173.33389915
20260615,6.6,6.73,6.53,6.53,32507300.0,1.3597,156.12004985
20260616,6.29,6.85,6.14,6.62,172251844.0,7.2047,158.27178088
20260617,6.52,6.53,6.16,6.22,129537108.0,5.4181,148.70853128
20260618,6.14,6.3,5.97,6.01,89003170.0,3.7227,143.68782524000002
20260622,6.0,6.32,5.97,6.28,97375797.0,4.0729,150.14301872
20260623,6.18,6.64,6.18,6.23,96801046.0,4.0489,148.94761251999998
20260624,6.23,6.23,5.61,5.71,101628122.0,4.2508,136.51538804
20260625,5.58,5.87,5.5,5.66,74718855.0,3.1252,135.31998184
20260626,5.67,5.73,5.39,5.49,54589197.0,2.2833,131.25560076
20260629,5.5,5.6,5.4,5.57,42609230.0,,
20260630,5.5,5.52,5.24,5.29,49825672.0,,
20260701,5.26,5.49,5.24,5.43,41649296.0,,
20260702,5.38,5.79,5.31,5.33,57280457.0,,
20260703,5.33,5.44,5.29,5.34,35728631.0,,
20260706,5.29,5.48,5.27,5.35,47755131.0,,
20260707,5.28,5.32,4.99,5.03,48443673.0,,
20260708,5.02,5.06,4.78,4.82,45383480.0,,
20260709,4.74,4.92,4.69,4.76,41984931.0,,
20260710,4.68,5.05,4.6,4.91,52712146.0,,
20260713,4.91,5.01,4.62,4.65,40185439.0,,
20260714,4.66,5.12,4.66,5.12,37833842.0,,
20260715,5.18,5.63,5.05,5.63,69641536.0,,
20260716,5.63,6.06,5.22,5.25,140138379.0,,
20260717,5.08,5.38,4.74,4.8,104564728.0,,
20260720,4.72,5.28,4.7,5.28,47117363.0,,
20260721,5.45,5.55,4.8,5.18,122332377.0,,
20260722,5.15,5.7,5.01,5.7,148442377.0,,
20260723,5.7,6.19,5.7,5.94,162042431.0,,
20260724,5.76,5.9,5.35,5.35,121418075.0,,
20260727,5.25,5.68,5.12,5.58,110624066.0,,
20260728,5.44,5.9,5.36,5.72,109367800.0,,
20260729,5.56,5.8,5.4,5.64,97226486.0,,
20260730,5.6,6.2,5.6,5.75,135949810.0,,
20260731,5.18,5.62,5.18,5.57,101577210.0,,
20260803,5.46,5.63,5.33,5.55,68131131.0,,
20260804,5.59,5.73,5.49,5.7,69483095.0,,
20260805,5.69,5.86,5.61,5.83,68184994.0,,
20260806,5.83,6.41,5.81,6.41,102660791.0,,
20260807,6.6,6.66,6.12,6.46,148900438.0,,
20260810,6.28,6.81,6.28,6.68,137950510.0,,
20260811,7.0,7.35,6.7,6.7,173764159.0,,
20260812,6.39,6.87,6.39,6.71,126663406.0,,
20260813,6.5,6.71,6.3,6.53,107326563.0,,
20260814,6.5,6.63,6.17,6.32,101075006.0,,
20260817,6.2,6.35,6.12,6.3,82557309.0,,
20260818,6.29,6.59,6.13,6.2,110440697.0,,
20260819,6.42,6.82,6.33,6.82,124376696.0,,
20260820,6.5,7.43,6.48,7.11,184992061.0,,
20260821,6.89,6.97,6.4,6.64,130631473.0,,
20260824,6.6,7.3,6.6,7.3,148215847.0,,
20260825,7.23,7.55,6.98,7.11,175551096.0,,
20260826,6.85,7.22,6.82,7.0,132126226.0,,
20260827,6.87,7.18,6.82,7.11,107745284.0,4.506638994756227,
20260828,7.26,7.46,7.06,7.14,128537514.0,5.3763111606947405,
20260831,7.3,7.85,7.08,7.65,175068379.0,7.322547718656179,
20260901,7.4,8.18,7.4,7.5,179732184.0,7.517619694863871,
20260902,7.9,8.08,7.01,7.17,156038720.0,6.526598233699475,
20260903,6.85,7.43,6.72,7.03,137102864.0,5.734572226800754,
20260904,6.8,6.8,6.33,6.53,121416592.0,5.07846587621976,
20260907,6.35,6.62,6.35,6.59,74144816.0,3.101239392014832,
20260908,6.61,6.85,6.51,6.8,89427148.0,3.7404502304401213,
20260909,6.78,7.48,6.7,7.48,149508942.0,6.253478603127975,
