=== k_中报雷达 ===
  0%|          | 0/10 [00:00<?, ?it/s] 10%|█         | 1/10 [00:00<00:02,  4.44it/s] 20%|██        | 2/10 [00:00<00:01,  4.56it/s] 30%|███       | 3/10 [00:00<00:01,  4.13it/s] 40%|████      | 4/10 [00:00<00:01,  4.33it/s] 50%|█████     | 5/10 [00:01<00:01,  4.65it/s] 60%|██████    | 6/10 [00:01<00:00,  4.33it/s] 70%|███████   | 7/10 [00:01<00:00,  4.12it/s] 80%|████████  | 8/10 [00:01<00:00,  4.20it/s] 90%|█████████ | 9/10 [00:02<00:00,  3.63it/s]100%|██████████| 10/10 [00:02<00:00,  3.95it/s]                                               bars进度 15
bars进度 30
bars进度 45
bars进度 60
bars进度 75
bars进度 90
bars进度 105
bars进度 120
bars进度 135
bars进度 150
bars进度 165
bars进度 180
bars进度 195
bars进度 210
bars进度 225
bars进度 240
bars进度 255
bars进度 270
bars进度 285
bars进度 300
bars进度 315
bars进度 330
bars进度 345
bars进度 360
bars进度 375
bars进度 390
bars进度 405
bars进度 420
bars进度 435
bars进度 450
bars进度 465
bars进度 480
bars进度 495
bars进度 510
bars进度 525
bars进度 540
bars进度 555
bars进度 570
bars进度 585
bars进度 600
bars进度 615
bars进度 630
bars进度 645
bars进度 660
bars进度 675
bars进度 690
bars进度 705
bars进度 720
bars进度 735
bars进度 750
bars进度 765
f10进度 15
f10进度 30
f10进度 45
f10进度 60
f10进度 75
f10进度 90
f10进度 105
f10进度 120
f10进度 135
f10进度 150
f10进度 165
f10进度 180
f10进度 195
f10进度 210
f10进度 225
f10进度 240
f10进度 255
f10进度 270
f10进度 285
f10进度 300
f10进度 315
f10进度 330
f10进度 345
f10进度 360
f10进度 375
f10进度 390
f10进度 405
f10进度 420
f10进度 435
f10进度 450
f10进度 465
f10进度 480
f10进度 495
f10进度 510
f10进度 525
f10进度 540
f10进度 555
f10进度 570
f10进度 585
f10进度 600
OK D:\股票数据\市场数据\_学习\中报预增雷达_20260922.json
{"预告池(净利润·预增扭亏)": 798, "剔ST退N/C": 19, "未发酵候选": 568, "其中概念叠加": 431, "已发酵(对照)": 83, "其中刚点火": 17, "预期已兑现(r250≥100%)": 94, "行情缺失": 34, "成色A共振": 81, "成色B概念蹭": 265, "成色C低质": 85}
活跃线: 待归位·电力,待归位·其他电子,待归位·家居用品,待归位·计算机设,待归位·玻璃玻纤,待归位·环境治理,待归位·塑料,待归位·地面兵装,待归位·化学原料,待归位·IT服务Ⅱ,待归位·元件,待归位·电网设备,待归位·汽车零部,待归位·通信设备,待归位·旅游及景,待归位·中药Ⅱ,待归位·医疗服务,待归位·广告营销,待归位·房地产服,待归位·服装家纺,待归位·小金属,待归位·出版,待归位·化学制品,待归位·其他家电,待归位·包装印刷,待归位·半导体,待归位·化学制药,待归位·纺织制造,待归位·家电零部,待归位·软件开发,待归位·专用设备,待归位·一般零售,待归位·通用设备,待归位·光学光电,待归位·医疗器械,待归位·铁路公路,待归位·养殖业,待归位·燃气Ⅱ,待归位·房地产开,待归位·多元金融,商业航天,AI算力,人形机器人,创新药
成色: A共振81 B蹭265 C低质85
 A 9 001298 好上好 存储/半导体类 自动初判 | 动因词:机器人(题材业务=业绩来源)
 A 9 603615 茶花股份 待归位·家居用品类 自动初判 | 动因词:元器件(题材业务=业绩来源)
 A 9 000818 航锦科技 存储/半导体类 自动初判 | 动因词:智算,算力(题材业务=业绩来源)
 A 9 301563 云汉芯城 存储/半导体类 自动初判 | 动因词:元器件(题材业务=业绩来源)
 A 9 300458 全志科技 存储/半导体类 自动初判 | 动因词:存储(题材业务=业绩来源)
 A 8 002151 北斗星通 存储/半导体类 自动初判 | 动因词:元器件,芯片(题材业务=业绩来源)
 A 8 002414 高德红外 存储/半导体类 自动初判 | 动因词:芯片(题材业务=业绩来源)
 A 8 301099 雅创电子 存储/半导体类 自动初判 | 动因词:AI算力,半导体,存储,算力(题材业务=业绩来源)
 A 8 001339 智微智能 AI算力类 自动初判 | 动因词:AI算力,智算,算力(题材业务=业绩来源)
 A 8 300184 力源信息 电网/特高压类 自动初判 | 动因词:GPU,光模块,半导体,服务器(题材业务=业绩来源)
 A 8 002197 证通电子 AI算力类 自动初判 | 动因词:IDC(题材业务=业绩来源)
 A 8 002184 海得控制 AI算力类 自动初判 | 动因词:算力(题材业务=业绩来源)
 A 8 300033 同花顺 AI算力类 自动初判 | 动因词:人工智能(题材业务=业绩来源)
 A 8 000062 深圳华强 存储/半导体类 自动初判 | 动因词:元器件,存储,数据中心,服务器(题材业务=业绩来源)
 A 7 002975 博杰股份 AI算力类 自动初判 | 动因词:服务器(题材业务=业绩来源)
 A 7 688110 东芯股份 存储/半导体类 自动初判 | 动因词:AI算力,存储,算力,芯片(题材业务=业绩来源)
 A 7 002653 海思科 创新药类 自动初判 | 动因词:创新药(题材业务=业绩来源)
 A 7 688202 美迪西 创新药类 自动初判 | 动因词:创新药(题材业务=业绩来源)
 A 7 300223 君正股份 存储/半导体类 自动初判 | 动因词:光模块,存储,服务器,芯片(题材业务=业绩来源)
 A 7 301666 大普微 存储/半导体类 自动初判 | 动因词:人工智能,存储,数据中心(题材业务=业绩来源)
 A 7 603516 淳中科技 存储/半导体类 自动初判 | 动因词:元器件,存储,芯片;含非经常增厚(公允价值变动),幅度打折
 A 7 300607 拓斯达 机器人/人形类 自动初判 | 动因词:机器人;含非经常增厚(减值损失同比),幅度打折
 A 7 002606 大连电瓷 电网/特高压类 自动初判 | 动因词:特高压,电网(题材业务=业绩来源)
 A 7 002786 银宝山新 存储/半导体类 自动初判 | 动因词:半导体;含非经常增厚(补助),幅度打折
 A 7 002793 罗欣药业 待归位·医疗器械类 自动初判 | 动因词:创新药(题材业务=业绩来源)
 A 7 300558 贝达药业 创新药类 自动初判 | 动因词:创新药(题材业务=业绩来源)
 A 7 002845 同兴达 存储/半导体类 自动初判 | 动因词:半导体(题材业务=业绩来源)
 A 7 002180 奔图科技 存储/半导体类 自动初判 | 动因词:芯片,集成电路(题材业务=业绩来源)
 A 7 300531 优博讯 存储/半导体类 自动初判 | 动因词:IDC(题材业务=业绩来源)
 A 7 600460 士兰微 存储/半导体类 自动初判 | 动因词:算力(题材业务=业绩来源)
 A 7 301421 波长光电 待归位·元件类 自动初判 | 动因词:半导体(题材业务=业绩来源)
 A 7 603933 睿能科技 存储/半导体类 自动初判 | 动因词:半导体(题材业务=业绩来源)
 A 7 603806 福斯特 存储/半导体类 自动初判 | 动因词:PCB(题材业务=业绩来源)
 A 7 300199 翰宇药业 创新药类 自动初判 | 动因词:创新药(题材业务=业绩来源)
 A 7 000725 京东方A 存储/半导体类 自动初判 | 动因词:存储(题材业务=业绩来源)
 A 7 688307 中润光学 待归位·元件类 自动初判 | 动因词:元件(题材业务=业绩来源)
 A 6 688449 联芸科技 存储/半导体类 自动初判 | 动因词:存储,数据中心,芯片(题材业务=业绩来源)
 A 6 002213 大为股份 存储/半导体类 自动初判 | 动因词:半导体,存储(题材业务=业绩来源)
 A 6 300857 协创数据 AI算力类 自动初判 | 动因词:AI算力,人工智能,服务器,算力(题材业务=业绩来源)
 A 6 600118 中国卫星 商业航天类 自动初判 | 动因词:卫星(题材业务=业绩来源)
 A 6 001287 中电港 存储/半导体类 自动初判 | 动因词:人工智能,元器件,存储,数据中心(题材业务=业绩来源)
 A 6 605358 立昂微 存储/半导体类 自动初判 | 动因词:半导体,芯片(题材业务=业绩来源)
 A 6 300005 探路者 存储/半导体类 自动初判 | 动因词:芯片;含非经常增厚(汇兑),幅度打折
 A 6 688220 翱捷科技 存储/半导体类 自动初判 | 动因词:芯片;含非经常增厚(公允价值变动),幅度打折
 A 6 002439 启明星辰 AI算力类 自动初判 | 动因词:算力(题材业务=业绩来源)
 A 6 600292 电投水电 待归位·电力类 自动初判 | 动因词:电力(题材业务=业绩来源)
 A 6 300159 新研股份 商业航天类 自动初判 | 动因词:航天;含非经常增厚(重整),幅度打折
 A 6 002712 思美传媒 待归位·广告营销类 自动初判 | 动因词:广告营销(题材业务=业绩来源)
 A 6 000938 紫光股份 AI算力类 自动初判 | 动因词:人工智能,智算,算力(题材业务=业绩来源)
 A 6 000100 TCL科技 存储/半导体类 自动初判 | 动因词:半导体,存储(题材业务=业绩来源)
 A 6 300502 新易盛 AI算力类 自动初判 | 动因词:人工智能,算力(题材业务=业绩来源)
 A 6 600973 宝胜股份 待归位·电力类 自动初判 | 动因词:电力(题材业务=业绩来源)
 A 6 605117 德业股份 待归位·电力类 自动初判 | 动因词:电力(题材业务=业绩来源)
 A 6 600550 保变电气 电网/特高压类 自动初判 | 动因词:电网(题材业务=业绩来源)
 A 6 603985 恒润股份 AI算力类 自动初判 | 动因词:算力(题材业务=业绩来源)
 A 6 601677 明泰铝业 AI算力类 自动初判 | 动因词:液冷,覆铜板(题材业务=业绩来源)
 A 6 300602 飞荣达 AI算力类 自动初判 | 动因词:存储,机器人,液冷,芯片(题材业务=业绩来源)
 A 6 688041 海光信息 存储/半导体类 自动初判 | 动因词:人工智能(题材业务=业绩来源)
 A 6 300748 金力永磁 机器人/人形类 自动初判 | 动因词:伺服,机器人(题材业务=业绩来源)
 A 5 601700 风范股份 电网/特高压类 自动初判 | 动因词:电力,电网;含非经常增厚(转让),幅度打折
 A 5 600116 三峡水利 待归位·电力类 自动初判 | 动因词:电力;含非经常增厚(处置收益,资产处置),幅度打折
 A 5 002156 通富微电 存储/半导体类 自动初判 | 动因词:AI算力,半导体,存储,算力(题材业务=业绩来源)
 A 5 600525 长园集团 电网/特高压类 自动初判 | 动因词:智能电网,电网,电网设备;含非经常增厚(资产处置,转让),幅度打折
 A 5 600267 海正药业 创新药类 自动初判 | 动因词:创新药;含非经常增厚(处置收益,转让),幅度打折
 A 5 688183 生益电子 AI算力类 自动初判 | 动因词:AI算力,算力(题材业务=业绩来源)
 A 5 601138 工业富联 AI算力类 自动初判 | 动因词:AI算力,数据中心,服务器,算力(题材业务=业绩来源)
 A 5 600584 长电科技 存储/半导体类 自动初判 | 动因词:人工智能,半导体(题材业务=业绩来源)
 A 5 300331 苏大维格 存储/半导体类 自动初判 | 动因词:半导体;含非经常增厚(补助),幅度打折
 A 5 002463 沪电股份 AI算力类 自动初判 | 动因词:服务器(题材业务=业绩来源)
 A 5 301696 三瑞智能 机器人/人形类 自动初判 | 动因词:机器人(题材业务=业绩来源)
 A 5 002741 光华科技 AI算力类 自动初判 | 动因词:PCB(题材业务=业绩来源)
 A 5 603124 江南新材 AI算力类 自动初判 | 动因词:AI算力,PCB,服务器,液冷(题材业务=业绩来源)
 A 5 002108 沧州明珠 待归位·塑料类 自动初判 | 动因词:塑料(题材业务=业绩来源)
 A 5 301165 锐捷网络 AI算力类 自动初判 | 动因词:数据中心(题材业务=业绩来源)
 A 4 002452 长高电气 待归位·电力类 自动初判 | 动因词:输变电;含非经常增厚(公允价值变动,出售),幅度打折
 A 4 688012 中微公司 存储/半导体类 自动初判 | 动因词:半导体(题材业务=业绩来源)
 A 4 000037 深南电A 待归位·电力类 自动初判 | 动因词:电力(题材业务=业绩来源)
 A 4 688052 纳芯微 存储/半导体类 自动初判 | 动因词:AI算力,半导体,服务器,算力;含非经常增厚(公允价值变动),幅度打折
 A 4 000809 和展能源 待归位·电力类 自动初判 | 动因词:电力(题材业务=业绩来源)
 A 4 301369 联动科技 存储/半导体类 自动初判 | 动因词:半导体(题材业务=业绩来源)
 A 3 688008 澜起科技 存储/半导体类 自动初判 | 动因词:芯片;含非经常增厚(公允价值变动),幅度打折
[存储/半导体类] 61只: 北斗星通 长鑫科技 南网数字 联芸科技 东芯股份 雅创电子 君正股份 大普微 淳中科技 富满微 通富微电 大为股份 中微公司 航锦科技 云汉芯城 全志科技 纳芯微 中电港 立昂微 同兴达 奔图科技 德赛电池 联动科技 TCL科技 实益达 士兰微 中微半导 睿能科技 苏州固锝 长电科技 苏大维格 福斯特 超纯应材 澜起科技 深圳华强 海光信息 高德红外 上峰材料 好上好 福日电子 银宝山新 探路者 泰和科技 华东重机 翱捷科技 优博讯 岱勒新材 奥普光电 京泉华 京东方A 中熔电气 蔚蓝锂芯 海立股份 美畅股份 四川长虹 北纬科技 苏州高新 西陇科学 盈趣科技 朗迪集团 宝通科技
[AI算力类] 53只: 亿道信息 东方材料 中一科技 博杰股份 协创数据 智微智能 浪潮信息 移为通信 红板科技 证通电子 生益电子 紫光股份 中国长城 工业富联 新易盛 恒润股份 沪电股份 世纪华通 江南新材 科华数据 明泰铝业 飞荣达 凌云光 人民网 诺德股份 方大集团 拉卡拉 启明星辰 海得控制 同花顺 光华科技 锐捷网络 歌华有线 传智教育 奥飞娱乐 华宏科技 视源股份 新安股份 创维数字 丽人丽妆 巨人网络 安洁科技 视觉中国 中通国脉 杭钢股份 凯撒文化 吉宏股份 福蓉科技 生物股份 青木科技 兴通股份 华勤技术 恺英网络
[待归位·电力类] 52只: 盘江股份 鹏辉能源 三峡水利 立新能源 长高电气 广西能源 中利集团 恒大高新 深南电A 新联电子 福华尚纬 柘中股份 和展能源 电投水电 大烨智能 海博思创 西昌电力 长源电力 宝胜股份 黔源电力 安孚科技 韶能股份 德业股份 泽宇智能 富春环保 圣元环保 佳电股份 五矿新能 恩捷股份 天赐材料 嘉元科技 振江股份 石大胜华 信德新材 龙蟠科技 方正电机 东方新能 杉杉股份 容百科技 八方股份 滨化股份 丰元股份 壹石通 景兴纸业 联泓新科 德新科技 川能动力 中伟新材 湘潭电化 山高环能 冠农股份 当升科技
[待归位·小金属类] 38只: 中矿资源 赣锋锂业 厦门信达 和邦生物 章源钨业 西藏矿业 中稀有色 盛达资源 招金黄金 西部黄金 永杉锂业 盛新锂能 株冶集团 钒钛股份 兴业银锡 北方铜业 东方锆业 白银有色 盛和资源 厦门钨业 西部矿业 北方稀土 藏格矿业 恒邦股份 中金岭南 江西铜业 北京利尔 洛阳钼业 中信金属 驰宏锌锗 盛屯矿业 包钢股份 鹏欣资源 紫金矿业 中国铝业 天和磁材 山金国际 湖南黄金
[锂电/固态电池类] 19只: 西上海 青岛双星 宁波华翔 常青股份 通达电气 联诚精密 圣龙股份 东风科技 保隆科技 远东传动 岱美股份 金固股份 中原内配 顺景科技 申达股份 通用股份 天成自控 动力新科 绿控传动
[机器人/人形类] 18只: 埃斯顿 宇树科技 拓斯达 祥源新材 宁波韵升 震裕科技 三瑞智能 雷赛智能 金力永磁 凯尔达 江苏北人 音飞储存 亿纬锂能 永创智能 松霖科技 永茂泰 鸿路钢构 涛涛车业
[待归位·化学制品类] 18只: 鼎际得 东岳硅材 多氟多 雅化集团 建新股份 永太科技 乐通股份 沧州大化 闰土股份 合盛硅业 丽臣实业 德美化工 常青科技 山东赫达 永和股份 万华化学 兄弟科技 莱茵生物
[待归位·塑料类] 15只: 佛塑科技 冠豪高新 新疆天业 永冠新材 道恩股份 美联新材 天洋新材 恒力石化 银禧科技 德冠新材 沧州明珠 齐翔腾达 宇新股份 中泰化学 华峰化学
[待归位·化学原料类] 14只: 天原股份 江苏索普 三友化工 金煤科技 善水科技 宝丰能源 惠云钛业 诚志股份 华昌化工 安纳达 世龙实业 卫星化学 鲁北化工 钛能化学
[待归位·化学制药类] 11只: 石药创新 永安药业 润都股份 金城医药 双成药业 灵康药业 联环药业 石药景峰 易明医药 金石亚药 科源制药
[电网/特高压类] 10只: 风范股份 大连电瓷 力源信息 长园集团 保变电气 恒星科技 国轩高科 中成股份 九联科技 东方铁塔
[商业航天类] 9只: 长江通信 中国卫星 航天彩虹 三维通信 星网宇达 新研股份 中无人机 永兴材料 航发动力
[待归位·专用设备类] 9只: 东方精工 金鹰股份 炜冈科技 蓝科高新 中重科技 天桥起重 科达制造 亚联机械 慈星股份
[待归位·通用设备类] 9只: 华锐精密 百达精工 华曙高科 宁波东力 普源精电 日发精机 晋亿实业 华丰股份 银龙股份
[待归位·房地产开类] 8只: 华联控股 中洲控股 世荣兆业 亚通股份 盈新发展 新黄浦 金科股份 上海临港
[待归位·多元金融类] 8只: 越秀资本 海德股份 弘业期货 渤海租赁 浙江东方 五矿资本 瑞达期货 永安期货
[创新药类] 7只: 海思科 美迪西 贝达药业 海正药业 华海药业 翰宇药业 荣昌生物
[待归位·医疗器械类] 7只: 赛诺医疗 九安医疗 蓝帆医疗 罗欣药业 华强科技 威海广泰 基蛋生物
[待归位·服装家纺类] 7只: 盛泰集团 安正时尚 欣贺股份 三夫户外 红蜻蜓 金发拉比 璞源材料
[待归位·一般零售类] 7只: 广百股份 永辉超市 百联股份 豫园股份 轻纺城 美凯龙 汇嘉时代
[待归位·软件开发类] 5只: 南天信息 金山办公 三六零 丝路视觉 大恒科技
[待归位·中药Ⅱ类] 5只: 康惠股份 华神科技 九芝堂 吉林敖东 汉森制药
[待归位·家居用品类] 4只: 茶花股份 蒙娜丽莎 悦心健康 中源家居
[待归位·医疗服务类] 4只: 昭衍新药 金域医学 开开实业 联化科技
[待归位·光学光电类] 4只: 宇顺电子 木林森 亚世光电 三利谱
[待归位·环境治理类] 4只: 中山公用 大地海洋 浙富控股 绿城水务
[待归位·包装印刷类] 4只: 上海艾录 环球印务 昇兴股份 众鑫股份
[待归位·元件类] 3只: 波长光电 中润光学 富森美
[待归位·IT服务Ⅱ类] 3只: 金证股份 北投科技 中科创达
[旅游/免税类] 3只: 张家界 长白山 曲江文旅
[待归位·纺织制造类] 2只: 富春染织 百隆东方
[待归位·铁路公路类] 2只: 海南高速 富临运业
[待归位·广告营销类] 2只: 思美传媒 遥望科技
[待归位·房地产服类] 2只: 中交发展 津投城开
[待归位·地面兵装类] 1只: 中兵红箭
[待归位·计算机设类] 1只: 新北洋
[待归位·通信设备类] 1只: 东方通信
[农业类] 1只: 益生股份
[rc=0] k_中报雷达
=== k2_双源校验 ===
[pass] 龙虎榜双源校验_20260922.json 可比=52 一致=20 分歧=14 强矛盾=8 打折=10
  强矛盾 002172 澳洋健康 源1=-1.1038亿 源2=0.2867亿
  强矛盾 002589 瑞康医药 源1=-0.9988亿 源2=1.0103亿
  强矛盾 300642 透景生命 源1=-1.3709亿 源2=0.0829亿
  强矛盾 600127 金健米业 源1=-0.0011亿 源2=5.2708亿
  强矛盾 600499 科达制造 源1=-4.772亿 源2=0.924亿
  强矛盾 600721 百花医药 源1=-0.0313亿 源2=3.4987亿
  强矛盾 600792 云煤能源 源1=-0.0928亿 源2=1.187亿
  强矛盾 601123 马矿股份 源1=-0.3635亿 源2=1.1801亿
[rc=0] k2_双源校验
=== k3_风险日历 ===
{'schema_version': 1, 'capability': 'risk_calendar', 'date': '20260922', 'status': 'partial', 'sources': ['_学习/_交易日历.json'], 'metrics': {'is_trading_day': True, 'event_source_present': False, 'event_source_status': None, '事件条数': None, '覆盖维度': None, '未接入维度': None}, 'errors': ['事件源缺失: _学习/风险事件_20260922.json 未生成(风险事件.py 未跑或失败)'], 'note': '事件源缺失/降级时保持partial；不把缺事件解释成无风险'}
[rc=1] k3_风险日历
=== k4_撤单差分 ===
{'schema_version': 1, 'capability': 'auction_cancel_diff', 'date': '20260922', 'status': 'unavailable', 'sources': [], 'metrics': {'codes_with_pre_post': 0, 'trajectory_codes': 0}, 'errors': ['缺少同一代码9:20前后两时点轨迹'], 'note': '差分是价格/匹配轨迹位移代理，不把它命名为逐笔撤单量'}
[rc=1] k4_撤单差分
=== k5_开盘验证维 ===
{'schema_version': 1, 'capability': 'open_verification', 'date': '20260922', 'status': 'pass', 'sources': ['盘中/20260922/realtime_ticks.jsonl'], 'metrics': {'verified_codes': 101, 'min_samples_per_code': 2}, 'errors': [], 'note': '只验证已采集窗口，不从收盘或竞价单帧补造开盘表现'}
[rc=0] k5_开盘验证维
=== k6_日内温度曲线 ===
{'schema_version': 1, 'capability': 'intraday_temperature_curve', 'date': '20260922', 'status': 'pass', 'sources': ['盘中/20260922/realtime_ticks.jsonl'], 'metrics': {'time_points': 333}, 'errors': [], 'note': '该曲线是观察池样本分布，不等同全市场温度；样本不足不输出结论', 'curve': [{'ts': '2026-09-22 09:31:02', 'n': 101, 'up': 54, 'flat': 1, 'down': 46, 'mean_pct': 1.7563}, {'ts': '2026-09-22 09:32:03', 'n': 101, 'up': 57, 'flat': 2, 'down': 42, 'mean_pct': 2.443}, {'ts': '2026-09-22 09:33:03', 'n': 101, 'up': 57, 'flat': 3, 'down': 41, 'mean_pct': 2.5016}, {'ts': '2026-09-22 09:34:03', 'n': 101, 'up': 56, 'flat': 3, 'down': 42, 'mean_pct': 2.1004}, {'ts': '2026-09-22 09:35:03', 'n': 101, 'up': 53, 'flat': 1, 'down': 47, 'mean_pct': 1.8668}, {'ts': '2026-09-22 09:36:04', 'n': 101, 'up': 52, 'flat': 1, 'down': 48, 'mean_pct': 1.761}, {'ts': '2026-09-22 09:37:04', 'n': 101, 'up': 52, 'flat': 1, 'down': 48, 'mean_pct': 1.672}, {'ts': '2026-09-22 09:38:04', 'n': 101, 'up': 52, 'flat': 1, 'down': 48, 'mean_pct': 1.8208}, {'ts': '2026-09-22 09:39:04', 'n': 101, 'up': 53, 'flat': 1, 'down': 47, 'mean_pct': 1.9668}, {'ts': '2026-09-22 09:40:05', 'n': 101, 'up': 52, 'flat': 3, 'down': 46, 'mean_pct': 2.0086}, {'ts': '2026-09-22 09:41:05', 'n': 101, 'up': 54, 'flat': 1, 'down': 46, 'mean_pct': 2.1051}, {'ts': '2026-09-22 09:42:05', 'n': 101, 'up': 54, 'flat': 1, 'down': 46, 'mean_pct': 2.0469}, {'ts': '2026-09-22 09:43:05', 'n': 101, 'up': 52, 'flat': 4, 'down': 45, 'mean_pct': 1.9804}, {'ts': '2026-09-22 09:44:05', 'n': 101, 'up': 53, 'flat': 1, 'down': 47, 'mean_pct': 2.0332}, {'ts': '2026-09-22 09:45:06', 'n': 101, 'up': 55, 'flat': 2, 'down': 44, 'mean_pct': 2.1856}, {'ts': '2026-09-22 09:46:06', 'n': 101, 'up': 53, 'flat': 1, 'down': 47, 'mean_pct': 2.1145}, {'ts': '2026-09-22 09:47:06', 'n': 101, 'up': 55, 'flat': 1, 'down': 45, 'mean_pct': 2.1268}, {'ts': '2026-09-22 09:48:06', 'n': 101, 'up': 57, 'flat': 2, 'down': 42, 'mean_pct': 2.2696}, {'ts': '2026-09-22 09:49:06', 'n': 101, 'up': 58, 'flat': 2, 'down': 41, 'mean_pct': 2.348}, {'ts': '2026-09-22 09:50:07', 'n': 101, 'up': 58, 'flat': 1, 'down': 42, 'mean_pct': 2.3923}, {'ts': '2026-09-22 09:51:07', 'n': 101, 'up': 60, 'flat': 1, 'down': 40, 'mean_pct': 2.4644}, {'ts': '2026-09-22 09:52:07', 'n': 101, 'up': 59, 'flat': 3, 'down': 39, 'mean_pct': 2.5443}, {'ts': '2026-09-22 09:53:07', 'n': 101, 'up': 60, 'flat': 2, 'down': 39, 'mean_pct': 2.5018}, {'ts': '2026-09-22 09:54:08', 'n': 101, 'up': 58, 'flat': 2, 'down': 41, 'mean_pct': 2.3783}, {'ts': '2026-09-22 09:55:08', 'n': 101, 'up': 58, 'flat': 2, 'down': 41, 'mean_pct': 2.3625}, {'ts': '2026-09-22 09:56:08', 'n': 101, 'up': 56, 'flat': 1, 'down': 44, 'mean_pct': 2.3367}, {'ts': '2026-09-22 09:57:08', 'n': 101, 'up': 58, 'flat': 3, 'down': 40, 'mean_pct': 2.3858}, {'ts': '2026-09-22 09:58:08', 'n': 101, 'up': 57, 'flat': 2, 'down': 42, 'mean_pct': 2.3057}, {'ts': '2026-09-22 09:59:09', 'n': 101, 'up': 57, 'flat': 1, 'down': 43, 'mean_pct': 2.2201}, {'ts': '2026-09-22 10:00:09', 'n': 101, 'up': 56, 'flat': 1, 'down': 44, 'mean_pct': 2.2022}, {'ts': '2026-09-22 10:01:09', 'n': 101, 'up': 57, 'flat': 2, 'down': 42, 'mean_pct': 2.2052}, {'ts': '2026-09-22 10:02:09', 'n': 101, 'up': 56, 'flat': 2, 'down': 43, 'mean_pct': 2.1599}, {'ts': '2026-09-22 10:03:09', 'n': 101, 'up': 56, 'flat': 2, 'down': 43, 'mean_pct': 2.1623}, {'ts': '2026-09-22 10:04:10', 'n': 101, 'up': 56, 'flat': 1, 'down': 44, 'mean_pct': 2.1357}, {'ts': '2026-09-22 10:05:10', 'n': 101, 'up': 56, 'flat': 2, 'down': 43, 'mean_pct': 2.0982}, {'ts': '2026-09-22 10:06:10', 'n': 101, 'up': 55, 'flat': 2, 'down': 44, 'mean_pct': 2.0344}, {'ts': '2026-09-22 10:07:10', 'n': 101, 'up': 57, 'flat': 1, 'down': 43, 'mean_pct': 2.055}, {'ts': '2026-09-22 10:08:11', 'n': 101, 'up': 56, 'flat': 2, 'down': 43, 'mean_pct': 2.0043}, {'ts': '2026-09-22 10:09:11', 'n': 101, 'up': 56, 'flat': 2, 'down': 43, 'mean_pct': 2.0963}, {'ts': '2026-09-22 10:10:11', 'n': 101, 'up': 56, 'flat': 2, 'down': 43, 'mean_pct': 2.1343}, {'ts': '2026-09-22 10:11:11', 'n': 101, 'up': 59, 'flat': 2, 'down': 40, 'mean_pct': 2.3087}, {'ts': '2026-09-22 10:12:12', 'n': 101, 'up': 60, 'flat': 2, 'down': 39, 'mean_pct': 2.4307}, {'ts': '2026-09-22 10:13:12', 'n': 101, 'up': 60, 'flat': 1, 'down': 40, 'mean_pct': 2.4128}, {'ts': '2026-09-22 10:14:12', 'n': 101, 'up': 60, 'flat': 2, 'down': 39, 'mean_pct': 2.5454}, {'ts': '2026-09-22 10:15:12', 'n': 101, 'up': 61, 'flat': 1, 'down': 39, 'mean_pct': 2.5293}, {'ts': '2026-09-22 10:16:12', 'n': 101, 'up': 61, 'flat': 2, 'down': 38, 'mean_pct': 2.5256}, {'ts': '2026-09-22 10:17:13', 'n': 101, 'up': 62, 'flat': 1, 'down': 38, 'mean_pct': 2.4677}, {'ts': '2026-09-22 10:18:13', 'n': 101, 'up': 61, 'flat': 2, 'down': 38, 'mean_pct': 2.4754}, {'ts': '2026-09-22 10:19:13', 'n': 101, 'up': 60, 'flat': 2, 'down': 39, 'mean_pct': 2.4654}, {'ts': '2026-09-22 10:20:13', 'n': 101, 'up': 60, 'flat': 1, 'down': 40, 'mean_pct': 2.4159}, {'ts': '2026-09-22 10:21:13', 'n': 101, 'up': 59, 'flat': 1, 'down': 41, 'mean_pct': 2.4489}, {'ts': '2026-09-22 10:22:14', 'n': 101, 'up': 62, 'flat': 1, 'down': 38, 'mean_pct': 2.5031}, {'ts': '2026-09-22 10:23:14', 'n': 101, 'up': 59, 'flat': 2, 'down': 40, 'mean_pct': 2.4944}, {'ts': '2026-09-22 10:24:14', 'n': 101, 'up': 60, 'flat': 2, 'down': 39, 'mean_pct': 2.4839}, {'ts': '2026-09-22 10:25:14', 'n': 101, 'up': 58, 'flat': 3, 'down': 40, 'mean_pct': 2.4918}, {'ts': '2026-09-22 10:26:14', 'n': 101, 'up': 59, 'flat': 2, 'down': 40, 'mean_pct': 2.5165}, {'ts': '2026-09-22 10:27:15', 'n': 101, 'up': 59, 'flat': 1, 'down': 41, 'mean_pct': 2.5101}, {'ts': '2026-09-22 10:28:15', 'n': 101, 'up': 59, 'flat': 1, 'down': 41, 'mean_pct': 2.4622}, {'ts': '2026-09-22 10:29:15', 'n': 101, 'up': 59, 'flat': 2, 'down': 40, 'mean_pct': 2.4796}, {'ts': '2026-09-22 10:30:15', 'n': 101, 'up': 59, 'flat': 1, 'down': 41, 'mean_pct': 2.5451}, {'ts': '2026-09-22 10:31:15', 'n': 101, 'up': 60, 'flat': 2, 'down': 39, 'mean_pct': 2.5883}, {'ts': '2026-09-22 10:32:16', 'n': 101, 'up': 61, 'flat': 2, 'down': 38, 'mean_pct': 2.5674}, {'ts': '2026-09-22 10:33:16', 'n': 101, 'up': 61, 'flat': 2, 'down': 38, 'mean_pct': 2.5323}, {'ts': '2026-09-22 10:34:16', 'n': 101, 'up': 62, 'flat': 1, 'down': 38, 'mean_pct': 2.4997}, {'ts': '2026-09-22 10:35:16', 'n': 101, 'up': 62, 'flat': 1, 'down': 38, 'mean_pct': 2.4876}, {'ts': '2026-09-22 10:36:17', 'n': 101, 'up': 62, 'flat': 1, 'down': 38, 'mean_pct': 2.5132}, {'ts': '2026-09-22 10:37:17', 'n': 101, 'up': 62, 'flat': 1, 'down': 38, 'mean_pct': 2.4433}, {'ts': '2026-09-22 10:38:17', 'n': 101, 'up': 62, 'flat': 1, 'down': 38, 'mean_pct': 2.3999}, {'ts': '2026-09-22 10:39:17', 'n': 101, 'up': 61, 'flat': 2, 'down': 38, 'mean_pct': 2.4313}, {'ts': '2026-09-22 10:40:17', 'n': 101, 'up': 63, 'flat': 1, 'down': 37, 'mean_pct': 2.4599}, {'ts': '2026-09-22 10:41:18', 'n': 101, 'up': 63, 'flat': 1, 'down': 37, 'mean_pct': 2.4471}, {'ts': '2026-09-22 10:42:18', 'n': 101, 'up': 62, 'flat': 1, 'down': 38, 'mean_pct': 2.4604}, {'ts': '2026-09-22 10:43:18', 'n': 101, 'up': 62, 'flat': 2, 'down': 37, 'mean_pct': 2.5084}, {'ts': '2026-09-22 10:44:18', 'n': 101, 'up': 62, 'flat': 1, 'down': 38, 'mean_pct': 2.4979}, {'ts': '2026-09-22 10:45:18', 'n': 101, 'up': 61, 'flat': 1, 'down': 39, 'mean_pct': 2.4866}, {'ts': '2026-09-22 10:46:19', 'n': 101, 'up': 63, 'flat': 1, 'down': 37, 'mean_pct': 2.4744}, {'ts': '2026-09-22 10:47:19', 'n': 101, 'up': 62, 'flat': 1, 'down': 38, 'mean_pct': 2.5818}, {'ts': '2026-09-22 10:48:19', 'n': 101, 'up': 62, 'flat': 1, 'down': 38, 'mean_pct': 2.5744}, {'ts': '2026-09-22 10:49:19', 'n': 101, 'up': 62, 'flat': 1, 'down': 38, 'mean_pct': 2.5871}, {'ts': '2026-09-22 10:50:20', 'n': 101, 'up': 61, 'flat': 1, 'down': 39, 'mean_pct': 2.6288}, {'ts': '2026-09-22 10:51:20', 'n': 101, 'up': 62, 'flat': 1, 'down': 38, 'mean_pct': 2.6491}, {'ts': '2026-09-22 10:52:20', 'n': 101, 'up': 60, 'flat': 2, 'down': 39, 'mean_pct': 2.6944}, {'ts': '2026-09-22 10:53:20', 'n': 101, 'up': 61, 'flat': 2, 'down': 38, 'mean_pct': 2.6544}, {'ts': '2026-09-22 10:54:20', 'n': 101, 'up': 61, 'flat': 1, 'down': 39, 'mean_pct': 2.6346}, {'ts': '2026-09-22 10:55:21', 'n': 101, 'up': 59, 'flat': 2, 'down': 40, 'mean_pct': 2.5569}, {'ts': '2026-09-22 10:56:21', 'n': 101, 'up': 61, 'flat': 2, 'down': 38, 'mean_pct': 2.611}, {'ts': '2026-09-22 10:57:21', 'n': 101, 'up': 59, 'flat': 2, 'down': 40, 'mean_pct': 2.5977}, {'ts': '2026-09-22 10:58:21', 'n': 101, 'up': 60, 'flat': 1, 'down': 40, 'mean_pct': 2.6262}, {'ts': '2026-09-22 10:59:22', 'n': 101, 'up': 60, 'flat': 2, 'down': 39, 'mean_pct': 2.5944}, {'ts': '2026-09-22 11:00:22', 'n': 101, 'up': 58, 'flat': 2, 'down': 41, 'mean_pct': 2.5866}, {'ts': '2026-09-22 11:01:22', 'n': 101, 'up': 62, 'flat': 1, 'down': 38, 'mean_pct': 2.6585}, {'ts': '2026-09-22 11:02:22', 'n': 101, 'up': 61, 'flat': 1, 'down': 39, 'mean_pct': 2.728}, {'ts': '2026-09-22 11:03:23', 'n': 101, 'up': 62, 'flat': 1, 'down': 38, 'mean_pct': 2.7011}, {'ts': '2026-09-22 11:04:23', 'n': 101, 'up': 62, 'flat': 1, 'down': 38, 'mean_pct': 2.7169}, {'ts': '2026-09-22 11:05:23', 'n': 101, 'up': 63, 'flat': 1, 'down': 37, 'mean_pct': 2.7497}, {'ts': '2026-09-22 11:06:23', 'n': 101, 'up': 60, 'flat': 2, 'down': 39, 'mean_pct': 2.6971}, {'ts': '2026-09-22 11:07:23', 'n': 101, 'up': 60, 'flat': 1, 'down': 40, 'mean_pct': 2.6973}, {'ts': '2026-09-22 11:08:24', 'n': 101, 'up': 60, 'flat': 1, 'down': 40, 'mean_pct': 2.739}, {'ts': '2026-09-22 11:09:24', 'n': 101, 'up': 60, 'flat': 1, 'down': 40, 'mean_pct': 2.7455}, {'ts': '2026-09-22 11:10:24', 'n': 101, 'up': 61, 'flat': 1, 'down': 39, 'mean_pct': 2.7244}, {'ts': '2026-09-22 11:11:24', 'n': 101, 'up': 61, 'flat': 2, 'down': 38, 'mean_pct': 2.7013}, {'ts': '2026-09-22 11:12:25', 'n': 101, 'up': 62, 'flat': 3, 'down': 36, 'mean_pct': 2.7242}, {'ts': '2026-09-22 11:13:25', 'n': 101, 'up': 61, 'flat': 1, 'down': 39, 'mean_pct': 2.7251}, {'ts': '2026-09-22 11:14:25', 'n': 101, 'up': 60, 'flat': 1, 'down': 40, 'mean_pct': 2.7365}, {'ts': '2026-09-22 11:15:25', 'n': 101, 'up': 60, 'flat': 1, 'down': 40, 'mean_pct': 2.757}, {'ts': '2026-09-22 11:16:26', 'n': 101, 'up': 62, 'flat': 1, 'down': 38, 'mean_pct': 2.7988}, {'ts': '2026-09-22 11:17:26', 'n': 101, 'up': 62, 'flat': 2, 'down': 37, 'mean_pct': 2.7965}, {'ts': '2026-09-22 11:18:26', 'n': 101, 'up': 62, 'flat': 3, 'down': 36, 'mean_pct': 2.8366}, {'ts': '2026-09-22 11:19:26', 'n': 101, 'up': 61, 'flat': 3, 'down': 37, 'mean_pct': 2.8134}, {'ts': '2026-09-22 11:20:26', 'n': 101, 'up': 61, 'flat': 2, 'down': 38, 'mean_pct': 2.7464}, {'ts': '2026-09-22 11:21:27', 'n': 101, 'up': 62, 'flat': 1, 'down': 38, 'mean_pct': 2.7599}, {'ts': '2026-09-22 11:22:27', 'n': 101, 'up': 61, 'flat': 2, 'down': 38, 'mean_pct': 2.7419}, {'ts': '2026-09-22 11:23:27', 'n': 101, 'up': 62, 'flat': 1, 'down': 38, 'mean_pct': 2.7423}, {'ts': '2026-09-22 11:24:27', 'n': 101, 'up': 62, 'flat': 1, 'down': 38, 'mean_pct': 2.772}, {'ts': '2026-09-22 11:25:28', 'n': 101, 'up': 62, 'flat': 1, 'down': 38, 'mean_pct': 2.8083}, {'ts': '2026-09-22 11:26:28', 'n': 101, 'up': 62, 'flat': 1, 'down': 38, 'mean_pct': 2.808}, {'ts': '2026-09-22 11:27:28', 'n': 101, 'up': 62, 'flat': 1, 'down': 38, 'mean_pct': 2.8083}, {'ts': '2026-09-22 11:28:28', 'n': 101, 'up': 62, 'flat': 1, 'down': 38, 'mean_pct': 2.8265}, {'ts': '2026-09-22 11:29:29', 'n': 101, 'up': 63, 'flat': 1, 'down': 37, 'mean_pct': 2.816}, {'ts': '2026-09-22 11:30:29', 'n': 101, 'up': 63, 'flat': 1, 'down': 37, 'mean_pct': 2.8277}, {'ts': '2026-09-22 11:31:29', 'n': 101, 'up': 63, 'flat': 1, 'down': 37, 'mean_pct': 2.8277}, {'ts': '2026-09-22 11:32:29', 'n': 101, 'up': 63, 'flat': 1, 'down': 37, 'mean_pct': 2.8277}, {'ts': '2026-09-22 11:33:29', 'n': 101, 'up': 63, 'flat': 1, 'down': 37, 'mean_pct': 2.8277}, {'ts': '2026-09-22 11:34:30', 'n': 101, 'up': 63, 'flat': 1, 'down': 37, 'mean_pct': 2.8277}, {'ts': '2026-09-22 11:35:30', 'n': 101, 'up': 63, 'flat': 1, 'down': 37, 'mean_pct': 2.8277}, {'ts': '2026-09-22 11:36:30', 'n': 101, 'up': 63, 'flat': 1, 'down': 37, 'mean_pct': 2.8277}, {'ts': '2026-09-22 11:37:30', 'n': 101, 'up': 63, 'flat': 1, 'down': 37, 'mean_pct': 2.8277}, {'ts': '2026-09-22 11:38:31', 'n': 101, 'up': 63, 'flat': 1, 'down': 37, 'mean_pct': 2.8277}, {'ts': '2026-09-22 11:39:31', 'n': 101, 'up': 63, 'flat': 1, 'down': 37, 'mean_pct': 2.8277}, {'ts': '2026-09-22 11:40:31', 'n': 101, 'up': 63, 'flat': 1, 'down': 37, 'mean_pct': 2.8277}, {'ts': '2026-09-22 11:41:31', 'n': 101, 'up': 63, 'flat': 1, 'down': 37, 'mean_pct': 2.8277}, {'ts': '2026-09-22 11:42:31', 'n': 101, 'up': 63, 'flat': 1, 'down': 37, 'mean_pct': 2.8277}, {'ts': '2026-09-22 11:43:32', 'n': 101, 'up': 63, 'flat': 1, 'down': 37, 'mean_pct': 2.8277}, {'ts': '2026-09-22 11:44:32', 'n': 101, 'up': 63, 'flat': 1, 'down': 37, 'mean_pct': 2.8277}, {'ts': '2026-09-22 11:45:32', 'n': 101, 'up': 63, 'flat': 1, 'down': 37, 'mean_pct': 2.8277}, {'ts': '2026-09-22 11:46:32', 'n': 101, 'up': 63, 'flat': 1, 'down': 37, 'mean_pct': 2.8277}, {'ts': '2026-09-22 11:47:33', 'n': 101, 'up': 63, 'flat': 1, 'down': 37, 'mean_pct': 2.8277}, {'ts': '2026-09-22 11:48:33', 'n': 101, 'up': 63, 'flat': 1, 'down': 37, 'mean_pct': 2.8277}, {'ts': '2026-09-22 11:49:33', 'n': 101, 'up': 63, 'flat': 1, 'down': 37, 'mean_pct': 2.8277}, {'ts': '2026-09-22 11:50:33', 'n': 101, 'up': 63, 'flat': 1, 'down': 37, 'mean_pct': 2.8277}, {'ts': '2026-09-22 11:51:33', 'n': 101, 'up': 63, 'flat': 1, 'down': 37, 'mean_pct': 2.8277}, {'ts': '2026-09-22 11:52:34', 'n': 101, 'up': 63, 'flat': 1, 'down': 37, 'mean_pct': 2.8277}, {'ts': '2026-09-22 11:53:34', 'n': 101, 'up': 63, 'flat': 1, 'down': 37, 'mean_pct': 2.8277}, {'ts': '2026-09-22 11:54:34', 'n': 101, 'up': 63, 'flat': 1, 'down': 37, 'mean_pct': 2.8277}, {'ts': '2026-09-22 11:55:34', 'n': 101, 'up': 63, 'flat': 1, 'down': 37, 'mean_pct': 2.8277}, {'ts': '2026-09-22 11:56:35', 'n': 101, 'up': 63, 'flat': 1, 'down': 37, 'mean_pct': 2.8277}, {'ts': '2026-09-22 11:57:35', 'n': 101, 'up': 63, 'flat': 1, 'down': 37, 'mean_pct': 2.8277}, {'ts': '2026-09-22 11:58:35', 'n': 101, 'up': 63, 'flat': 1, 'down': 37, 'mean_pct': 2.8277}, {'ts': '2026-09-22 11:59:35', 'n': 101, 'up': 63, 'flat': 1, 'down': 37, 'mean_pct': 2.8277}, {'ts': '2026-09-22 12:00:35', 'n': 101, 'up': 63, 'flat': 1, 'down': 37, 'mean_pct': 2.8277}, {'ts': '2026-09-22 12:01:36', 'n': 101, 'up': 63, 'flat': 1, 'down': 37, 'mean_pct': 2.8277}, {'ts': '2026-09-22 12:02:36', 'n': 101, 'up': 63, 'flat': 1, 'down': 37, 'mean_pct': 2.8277}, {'ts': '2026-09-22 12:03:36', 'n': 101, 'up': 63, 'flat': 1, 'down': 37, 'mean_pct': 2.8277}, {'ts': '2026-09-22 12:04:36', 'n': 101, 'up': 63, 'flat': 1, 'down': 37, 'mean_pct': 2.8277}, {'ts': '2026-09-22 12:05:36', 'n': 101, 'up': 63, 'flat': 1, 'down': 37, 'mean_pct': 2.8277}, {'ts': '2026-09-22 12:06:37', 'n': 101, 'up': 63, 'flat': 1, 'down': 37, 'mean_pct': 2.8277}, {'ts': '2026-09-22 12:07:37', 'n': 101, 'up': 63, 'flat': 1, 'down': 37, 'mean_pct': 2.8277}, {'ts': '2026-09-22 12:08:37', 'n': 101, 'up': 63, 'flat': 1, 'down': 37, 'mean_pct': 2.8277}, {'ts': '2026-09-22 12:09:37', 'n': 101, 'up': 63, 'flat': 1, 'down': 37, 'mean_pct': 2.8277}, {'ts': '2026-09-22 12:10:38', 'n': 101, 'up': 63, 'flat': 1, 'down': 37, 'mean_pct': 2.8277}, {'ts': '2026-09-22 12:11:38', 'n': 101, 'up': 63, 'flat': 1, 'down': 37, 'mean_pct': 2.8277}, {'ts': '2026-09-22 12:12:38', 'n': 101, 'up': 63, 'flat': 1, 'down': 37, 'mean_pct': 2.8277}, {'ts': '2026-09-22 12:13:38', 'n': 101, 'up': 63, 'flat': 1, 'down': 37, 'mean_pct': 2.8277}, {'ts': '2026-09-22 12:14:38', 'n': 101, 'up': 63, 'flat': 1, 'down': 37, 'mean_pct': 2.8277}, {'ts': '2026-09-22 12:15:39', 'n': 101, 'up': 63, 'flat': 1, 'down': 37, 'mean_pct': 2.8277}, {'ts': '2026-09-22 12:16:39', 'n': 101, 'up': 63, 'flat': 1, 'down': 37, 'mean_pct': 2.8277}, {'ts': '2026-09-22 12:17:39', 'n': 101, 'up': 63, 'flat': 1, 'down': 37, 'mean_pct': 2.8277}, {'ts': '2026-09-22 12:18:39', 'n': 101, 'up': 63, 'flat': 1, 'down': 37, 'mean_pct': 2.8277}, {'ts': '2026-09-22 12:19:39', 'n': 101, 'up': 63, 'flat': 1, 'down': 37, 'mean_pct': 2.8277}, {'ts': '2026-09-22 12:20:40', 'n': 101, 'up': 63, 'flat': 1, 'down': 37, 'mean_pct': 2.8277}, {'ts': '2026-09-22 12:21:40', 'n': 101, 'up': 63, 'flat': 1, 'down': 37, 'mean_pct': 2.8277}, {'ts': '2026-09-22 12:22:40', 'n': 101, 'up': 63, 'flat': 1, 'down': 37, 'mean_pct': 2.8277}, {'ts': '2026-09-22 12:23:40', 'n': 101, 'up': 63, 'flat': 1, 'down': 37, 'mean_pct': 2.8277}, {'ts': '2026-09-22 12:24:40', 'n': 101, 'up': 63, 'flat': 1, 'down': 37, 'mean_pct': 2.8277}, {'ts': '2026-09-22 12:25:41', 'n': 101, 'up': 63, 'flat': 1, 'down': 37, 'mean_pct': 2.8277}, {'ts': '2026-09-22 12:26:41', 'n': 101, 'up': 63, 'flat': 1, 'down': 37, 'mean_pct': 2.8277}, {'ts': '2026-09-22 12:27:41', 'n': 101, 'up': 63, 'flat': 1, 'down': 37, 'mean_pct': 2.8277}, {'ts': '2026-09-22 12:28:41', 'n': 101, 'up': 63, 'flat': 1, 'down': 37, 'mean_pct': 2.8277}, {'ts': '2026-09-22 12:29:41', 'n': 101, 'up': 63, 'flat': 1, 'down': 37, 'mean_pct': 2.8277}, {'ts': '2026-09-22 12:30:42', 'n': 101, 'up': 63, 'flat': 1, 'down': 37, 'mean_pct': 2.8277}, {'ts': '2026-09-22 12:31:42', 'n': 101, 'up': 63, 'flat': 1, 'down': 37, 'mean_pct': 2.8277}, {'ts': '2026-09-22 12:32:42', 'n': 101, 'up': 63, 'flat': 1, 'down': 37, 'mean_pct': 2.8277}, {'ts': '2026-09-22 12:33:42', 'n': 101, 'up': 63, 'flat': 1, 'down': 37, 'mean_pct': 2.8277}, {'ts': '2026-09-22 12:34:42', 'n': 101, 'up': 63, 'flat': 1, 'down': 37, 'mean_pct': 2.8277}, {'ts': '2026-09-22 12:35:43', 'n': 101, 'up': 63, 'flat': 1, 'down': 37, 'mean_pct': 2.8277}, {'ts': '2026-09-22 12:36:43', 'n': 101, 'up': 63, 'flat': 1, 'down': 37, 'mean_pct': 2.8277}, {'ts': '2026-09-22 12:37:43', 'n': 101, 'up': 63, 'flat': 1, 'down': 37, 'mean_pct': 2.8277}, {'ts': '2026-09-22 12:38:43', 'n': 101, 'up': 63, 'flat': 1, 'down': 37, 'mean_pct': 2.8277}, {'ts': '2026-09-22 12:39:43', 'n': 101, 'up': 63, 'flat': 1, 'down': 37, 'mean_pct': 2.8277}, {'ts': '2026-09-22 12:40:44', 'n': 101, 'up': 63, 'flat': 1, 'down': 37, 'mean_pct': 2.8277}, {'ts': '2026-09-22 12:41:44', 'n': 101, 'up': 63, 'flat': 1, 'down': 37, 'mean_pct': 2.8277}, {'ts': '2026-09-22 12:42:44', 'n': 101, 'up': 63, 'flat': 1, 'down': 37, 'mean_pct': 2.8277}, {'ts': '2026-09-22 12:43:44', 'n': 101, 'up': 63, 'flat': 1, 'down': 37, 'mean_pct': 2.8277}, {'ts': '2026-09-22 12:44:45', 'n': 101, 'up': 63, 'flat': 1, 'down': 37, 'mean_pct': 2.8277}, {'ts': '2026-09-22 12:45:45', 'n': 101, 'up': 63, 'flat': 1, 'down': 37, 'mean_pct': 2.8277}, {'ts': '2026-09-22 12:46:45', 'n': 101, 'up': 63, 'flat': 1, 'down': 37, 'mean_pct': 2.8277}, {'ts': '2026-09-22 12:47:45', 'n': 101, 'up': 63, 'flat': 1, 'down': 37, 'mean_pct': 2.8277}, {'ts': '2026-09-22 12:48:45', 'n': 101, 'up': 63, 'flat': 1, 'down': 37, 'mean_pct': 2.8277}, {'ts': '2026-09-22 12:49:46', 'n': 101, 'up': 63, 'flat': 1, 'down': 37, 'mean_pct': 2.8277}, {'ts': '2026-09-22 12:50:46', 'n': 101, 'up': 63, 'flat': 1, 'down': 37, 'mean_pct': 2.8277}, {'ts': '2026-09-22 12:51:46', 'n': 101, 'up': 63, 'flat': 1, 'down': 37, 'mean_pct': 2.8277}, {'ts': '2026-09-22 12:52:46', 'n': 101, 'up': 63, 'flat': 1, 'down': 37, 'mean_pct': 2.8277}, {'ts': '2026-09-22 12:53:46', 'n': 101, 'up': 63, 'flat': 1, 'down': 37, 'mean_pct': 2.8277}, {'ts': '2026-09-22 12:54:47', 'n': 101, 'up': 63, 'flat': 1, 'down': 37, 'mean_pct': 2.8277}, {'ts': '2026-09-22 12:55:47', 'n': 101, 'up': 63, 'flat': 1, 'down': 37, 'mean_pct': 2.8277}, {'ts': '2026-09-22 12:56:47', 'n': 101, 'up': 63, 'flat': 1, 'down': 37, 'mean_pct': 2.8277}, {'ts': '2026-09-22 12:57:47', 'n': 101, 'up': 63, 'flat': 1, 'down': 37, 'mean_pct': 2.8277}, {'ts': '2026-09-22 12:58:48', 'n': 101, 'up': 63, 'flat': 1, 'down': 37, 'mean_pct': 2.8277}, {'ts': '2026-09-22 12:59:48', 'n': 101, 'up': 63, 'flat': 1, 'down': 37, 'mean_pct': 2.8277}, {'ts': '2026-09-22 13:00:48', 'n': 101, 'up': 61, 'flat': 1, 'down': 39, 'mean_pct': 2.6893}, {'ts': '2026-09-22 13:01:48', 'n': 101, 'up': 59, 'flat': 3, 'down': 39, 'mean_pct': 2.7071}, {'ts': '2026-09-22 13:02:49', 'n': 101, 'up': 60, 'flat': 3, 'down': 38, 'mean_pct': 2.765}, {'ts': '2026-09-22 13:03:49', 'n': 101, 'up': 59, 'flat': 3, 'down': 39, 'mean_pct': 2.7738}, {'ts': '2026-09-22 13:04:49', 'n': 101, 'up': 60, 'flat': 2, 'down': 39, 'mean_pct': 2.7139}, {'ts': '2026-09-22 13:05:49', 'n': 101, 'up': 58, 'flat': 3, 'down': 40, 'mean_pct': 2.6629}, {'ts': '2026-09-22 13:06:49', 'n': 101, 'up': 59, 'flat': 2, 'down': 40, 'mean_pct': 2.6093}, {'ts': '2026-09-22 13:07:50', 'n': 101, 'up': 59, 'flat': 2, 'down': 40, 'mean_pct': 2.6052}, {'ts': '2026-09-22 13:08:50', 'n': 101, 'up': 60, 'flat': 2, 'down': 39, 'mean_pct': 2.6318}, {'ts': '2026-09-22 13:09:50', 'n': 101, 'up': 60, 'flat': 2, 'down': 39, 'mean_pct': 2.5893}, {'ts': '2026-09-22 13:10:50', 'n': 101, 'up': 60, 'flat': 2, 'down': 39, 'mean_pct': 2.5765}, {'ts': '2026-09-22 13:11:51', 'n': 101, 'up': 59, 'flat': 4, 'down': 38, 'mean_pct': 2.631}, {'ts': '2026-09-22 13:12:51', 'n': 101, 'up': 59, 'flat': 2, 'down': 40, 'mean_pct': 2.6461}, {'ts': '2026-09-22 13:13:51', 'n': 101, 'up': 59, 'flat': 2, 'down': 40, 'mean_pct': 2.6418}, {'ts': '2026-09-22 13:14:51', 'n': 101, 'up': 59, 'flat': 2, 'down': 40, 'mean_pct': 2.6341}, {'ts': '2026-09-22 13:15:51', 'n': 101, 'up': 59, 'flat': 2, 'down': 40, 'mean_pct': 2.5724}, {'ts': '2026-09-22 13:16:52', 'n': 101, 'up': 60, 'flat': 2, 'down': 39, 'mean_pct': 2.5576}, {'ts': '2026-09-22 13:17:52', 'n': 101, 'up': 59, 'flat': 1, 'down': 41, 'mean_pct': 2.5404}, {'ts': '2026-09-22 13:18:52', 'n': 101, 'up': 59, 'flat': 1, 'down': 41, 'mean_pct': 2.3784}, {'ts': '2026-09-22 13:19:53', 'n': 101, 'up': 58, 'flat': 2, 'down': 41, 'mean_pct': 2.3941}, {'ts': '2026-09-22 13:20:53', 'n': 101, 'up': 58, 'flat': 2, 'down': 41, 'mean_pct': 2.4349}, {'ts': '2026-09-22 13:21:53', 'n': 101, 'up': 59, 'flat': 2, 'down': 40, 'mean_pct': 2.4702}, {'ts': '2026-09-22 13:22:53', 'n': 101, 'up': 58, 'flat': 1, 'down': 42, 'mean_pct': 2.4936}, {'ts': '2026-09-22 13:23:53', 'n': 101, 'up': 58, 'flat': 1, 'down': 42, 'mean_pct': 2.4606}, {'ts': '2026-09-22 13:24:54', 'n': 101, 'up': 58, 'flat': 1, 'down': 42, 'mean_pct': 2.4072}, {'ts': '2026-09-22 13:25:54', 'n': 101, 'up': 57, 'flat': 2, 'down': 42, 'mean_pct': 2.3133}, {'ts': '2026-09-22 13:26:54', 'n': 101, 'up': 58, 'flat': 1, 'down': 42, 'mean_pct': 2.2039}, {'ts': '2026-09-22 13:27:54', 'n': 101, 'up': 58, 'flat': 1, 'down': 42, 'mean_pct': 2.2716}, {'ts': '2026-09-22 13:28:54', 'n': 101, 'up': 58, 'flat': 1, 'down': 42, 'mean_pct': 2.317}, {'ts': '2026-09-22 13:29:55', 'n': 101, 'up': 57, 'flat': 2, 'down': 42, 'mean_pct': 2.3143}, {'ts': '2026-09-22 13:30:55', 'n': 101, 'up': 58, 'flat': 1, 'down': 42, 'mean_pct': 2.2512}, {'ts': '2026-09-22 13:31:55', 'n': 101, 'up': 58, 'flat': 1, 'down': 42, 'mean_pct': 2.2135}, {'ts': '2026-09-22 13:32:55', 'n': 101, 'up': 56, 'flat': 3, 'down': 42, 'mean_pct': 2.2249}, {'ts': '2026-09-22 13:33:56', 'n': 101, 'up': 54, 'flat': 5, 'down': 42, 'mean_pct': 2.1714}, {'ts': '2026-09-22 13:34:56', 'n': 101, 'up': 55, 'flat': 3, 'down': 43, 'mean_pct': 2.2168}, {'ts': '2026-09-22 13:35:56', 'n': 101, 'up': 55, 'flat': 3, 'down': 43, 'mean_pct': 2.2033}, {'ts': '2026-09-22 13:36:56', 'n': 101, 'up': 57, 'flat': 2, 'down': 42, 'mean_pct': 2.2827}, {'ts': '2026-09-22 13:37:56', 'n': 101, 'up': 59, 'flat': 1, 'down': 41, 'mean_pct': 2.3724}, {'ts': '2026-09-22 13:38:57', 'n': 101, 'up': 58, 'flat': 2, 'down': 41, 'mean_pct': 2.4237}, {'ts': '2026-09-22 13:39:57', 'n': 101, 'up': 59, 'flat': 1, 'down': 41, 'mean_pct': 2.4594}, {'ts': '2026-09-22 13:40:57', 'n': 101, 'up': 58, 'flat': 2, 'down': 41, 'mean_pct': 2.4804}, {'ts': '2026-09-22 13:41:57', 'n': 101, 'up': 59, 'flat': 1, 'down': 41, 'mean_pct': 2.4913}, {'ts': '2026-09-22 13:42:57', 'n': 101, 'up': 61, 'flat': 1, 'down': 39, 'mean_pct': 2.5364}, {'ts': '2026-09-22 13:43:58', 'n': 101, 'up': 60, 'flat': 3, 'down': 38, 'mean_pct': 2.4983}, {'ts': '2026-09-22 13:44:58', 'n': 101, 'up': 59, 'flat': 3, 'down': 39, 'mean_pct': 2.4905}, {'ts': '2026-09-22 13:45:58', 'n': 101, 'up': 59, 'flat': 2, 'down': 40, 'mean_pct': 2.541}, {'ts': '2026-09-22 13:46:58', 'n': 101, 'up': 60, 'flat': 2, 'down': 39, 'mean_pct': 2.562}, {'ts': '2026-09-22 13:47:59', 'n': 101, 'up': 61, 'flat': 2, 'down': 38, 'mean_pct': 2.5759}, {'ts': '2026-09-22 13:48:59', 'n': 101, 'up': 60, 'flat': 2, 'down': 39, 'mean_pct': 2.5395}, {'ts': '2026-09-22 13:49:59', 'n': 101, 'up': 59, 'flat': 2, 'down': 40, 'mean_pct': 2.5229}, {'ts': '2026-09-22 13:50:59', 'n': 101, 'up': 59, 'flat': 3, 'down': 39, 'mean_pct': 2.5394}, {'ts': '2026-09-22 13:52:00', 'n': 101, 'up': 59, 'flat': 2, 'down': 40, 'mean_pct': 2.5718}, {'ts': '2026-09-22 13:53:00', 'n': 101, 'up': 60, 'flat': 2, 'down': 39, 'mean_pct': 2.5671}, {'ts': '2026-09-22 13:54:00', 'n': 101, 'up': 59, 'flat': 2, 'down': 40, 'mean_pct': 2.5223}, {'ts': '2026-09-22 13:55:00', 'n': 101, 'up': 59, 'flat': 2, 'down': 40, 'mean_pct': 2.4797}, {'ts': '2026-09-22 13:56:00', 'n': 101, 'up': 58, 'flat': 3, 'down': 40, 'mean_pct': 2.4531}, {'ts': '2026-09-22 13:57:01', 'n': 101, 'up': 58, 'flat': 2, 'down': 41, 'mean_pct': 2.4916}, {'ts': '2026-09-22 13:58:01', 'n': 101, 'up': 59, 'flat': 2, 'down': 40, 'mean_pct': 2.4986}, {'ts': '2026-09-22 13:59:01', 'n': 101, 'up': 58, 'flat': 3, 'down': 40, 'mean_pct': 2.5509}, {'ts': '2026-09-22 14:00:01', 'n': 101, 'up': 58, 'flat': 3, 'down': 40, 'mean_pct': 2.5236}, {'ts': '2026-09-22 14:01:01', 'n': 101, 'up': 58, 'flat': 2, 'down': 41, 'mean_pct': 2.4064}, {'ts': '2026-09-22 14:02:02', 'n': 101, 'up': 59, 'flat': 2, 'down': 40, 'mean_pct': 2.3928}, {'ts': '2026-09-22 14:03:02', 'n': 101, 'up': 60, 'flat': 2, 'down': 39, 'mean_pct': 2.3917}, {'ts': '2026-09-22 14:04:02', 'n': 101, 'up': 60, 'flat': 2, 'down': 39, 'mean_pct': 2.4365}, {'ts': '2026-09-22 14:05:02', 'n': 101, 'up': 58, 'flat': 4, 'down': 39, 'mean_pct': 2.4161}, {'ts': '2026-09-22 14:06:02', 'n': 101, 'up': 57, 'flat': 4, 'down': 40, 'mean_pct': 2.377}, {'ts': '2026-09-22 14:07:03', 'n': 101, 'up': 58, 'flat': 4, 'down': 39, 'mean_pct': 2.4152}, {'ts': '2026-09-22 14:08:03', 'n': 101, 'up': 60, 'flat': 1, 'down': 40, 'mean_pct': 2.4573}, {'ts': '2026-09-22 14:09:03', 'n': 101, 'up': 59, 'flat': 2, 'down': 40, 'mean_pct': 2.4826}, {'ts': '2026-09-22 14:10:04', 'n': 101, 'up': 59, 'flat': 3, 'down': 39, 'mean_pct': 2.4779}, {'ts': '2026-09-22 14:11:04', 'n': 101, 'up': 60, 'flat': 3, 'down': 38, 'mean_pct': 2.4511}, {'ts': '2026-09-22 14:12:04', 'n': 101, 'up': 60, 'flat': 2, 'down': 39, 'mean_pct': 2.4664}, {'ts': '2026-09-22 14:13:04', 'n': 101, 'up': 60, 'flat': 2, 'down': 39, 'mean_pct': 2.4734}, {'ts': '2026-09-22 14:14:05', 'n': 101, 'up': 61, 'flat': 2, 'down': 38, 'mean_pct': 2.449}, {'ts': '2026-09-22 14:15:05', 'n': 101, 'up': 59, 'flat': 3, 'down': 39, 'mean_pct': 2.3899}, {'ts': '2026-09-22 14:16:05', 'n': 101, 'up': 59, 'flat': 3, 'down': 39, 'mean_pct': 2.3825}, {'ts': '2026-09-22 14:17:05', 'n': 101, 'up': 60, 'flat': 1, 'down': 40, 'mean_pct': 2.3957}, {'ts': '2026-09-22 14:18:05', 'n': 101, 'up': 60, 'flat': 2, 'down': 39, 'mean_pct': 2.4257}, {'ts': '2026-09-22 14:19:06', 'n': 101, 'up': 59, 'flat': 1, 'down': 41, 'mean_pct': 2.4207}, {'ts': '2026-09-22 14:20:06', 'n': 101, 'up': 59, 'flat': 3, 'down': 39, 'mean_pct': 2.4367}, {'ts': '2026-09-22 14:21:06', 'n': 101, 'up': 59, 'flat': 3, 'down': 39, 'mean_pct': 2.4585}, {'ts': '2026-09-22 14:22:06', 'n': 101, 'up': 59, 'flat': 3, 'down': 39, 'mean_pct': 2.4725}, {'ts': '2026-09-22 14:23:07', 'n': 101, 'up': 60, 'flat': 3, 'down': 38, 'mean_pct': 2.5074}, {'ts': '2026-09-22 14:24:07', 'n': 101, 'up': 61, 'flat': 3, 'down': 37, 'mean_pct': 2.4876}, {'ts': '2026-09-22 14:25:07', 'n': 101, 'up': 62, 'flat': 2, 'down': 37, 'mean_pct': 2.4762}, {'ts': '2026-09-22 14:26:08', 'n': 101, 'up': 61, 'flat': 2, 'down': 38, 'mean_pct': 2.444}, {'ts': '2026-09-22 14:27:08', 'n': 101, 'up': 61, 'flat': 2, 'down': 38, 'mean_pct': 2.4353}, {'ts': '2026-09-22 14:28:08', 'n': 101, 'up': 61, 'flat': 1, 'down': 39, 'mean_pct': 2.405}, {'ts': '2026-09-22 14:29:08', 'n': 101, 'up': 60, 'flat': 1, 'down': 40, 'mean_pct': 2.3619}, {'ts': '2026-09-22 14:30:09', 'n': 101, 'up': 60, 'flat': 1, 'down': 40, 'mean_pct': 2.3575}, {'ts': '2026-09-22 14:31:09', 'n': 101, 'up': 60, 'flat': 3, 'down': 38, 'mean_pct': 2.3146}, {'ts': '2026-09-22 14:32:09', 'n': 101, 'up': 60, 'flat': 2, 'down': 39, 'mean_pct': 2.2263}, {'ts': '2026-09-22 14:33:09', 'n': 101, 'up': 58, 'flat': 2, 'down': 41, 'mean_pct': 2.1503}, {'ts': '2026-09-22 14:34:09', 'n': 101, 'up': 58, 'flat': 3, 'down': 40, 'mean_pct': 2.1157}, {'ts': '2026-09-22 14:35:10', 'n': 101, 'up': 57, 'flat': 3, 'down': 41, 'mean_pct': 2.0782}, {'ts': '2026-09-22 14:36:10', 'n': 101, 'up': 57, 'flat': 4, 'down': 40, 'mean_pct': 2.1165}, {'ts': '2026-09-22 14:37:10', 'n': 101, 'up': 58, 'flat': 2, 'down': 41, 'mean_pct': 2.1598}, {'ts': '2026-09-22 14:38:10', 'n': 101, 'up': 58, 'flat': 2, 'down': 41, 'mean_pct': 2.1691}, {'ts': '2026-09-22 14:39:11', 'n': 101, 'up': 58, 'flat': 2, 'down': 41, 'mean_pct': 2.1527}, {'ts': '2026-09-22 14:40:11', 'n': 101, 'up': 59, 'flat': 1, 'down': 41, 'mean_pct': 2.1946}, {'ts': '2026-09-22 14:41:11', 'n': 101, 'up': 59, 'flat': 1, 'down': 41, 'mean_pct': 2.26}, {'ts': '2026-09-22 14:42:11', 'n': 101, 'up': 59, 'flat': 2, 'down': 40, 'mean_pct': 2.2519}, {'ts': '2026-09-22 14:43:12', 'n': 101, 'up': 60, 'flat': 2, 'down': 39, 'mean_pct': 2.366}, {'ts': '2026-09-22 14:44:12', 'n': 101, 'up': 60, 'flat': 2, 'down': 39, 'mean_pct': 2.3556}, {'ts': '2026-09-22 14:45:12', 'n': 101, 'up': 59, 'flat': 3, 'down': 39, 'mean_pct': 2.3986}, {'ts': '2026-09-22 14:46:12', 'n': 101, 'up': 59, 'flat': 2, 'down': 40, 'mean_pct': 2.4359}, {'ts': '2026-09-22 14:47:13', 'n': 101, 'up': 59, 'flat': 2, 'down': 40, 'mean_pct': 2.4449}, {'ts': '2026-09-22 14:48:13', 'n': 101, 'up': 59, 'flat': 2, 'down': 40, 'mean_pct': 2.419}, {'ts': '2026-09-22 14:49:13', 'n': 101, 'up': 60, 'flat': 3, 'down': 38, 'mean_pct': 2.3994}, {'ts': '2026-09-22 14:50:14', 'n': 101, 'up': 60, 'flat': 1, 'down': 40, 'mean_pct': 2.4282}, {'ts': '2026-09-22 14:51:14', 'n': 101, 'up': 61, 'flat': 2, 'down': 38, 'mean_pct': 2.4095}, {'ts': '2026-09-22 14:52:14', 'n': 101, 'up': 60, 'flat': 1, 'down': 40, 'mean_pct': 2.4497}, {'ts': '2026-09-22 14:53:14', 'n': 101, 'up': 60, 'flat': 2, 'down': 39, 'mean_pct': 2.4255}, {'ts': '2026-09-22 14:54:14', 'n': 101, 'up': 59, 'flat': 3, 'down': 39, 'mean_pct': 2.4211}, {'ts': '2026-09-22 14:55:15', 'n': 101, 'up': 60, 'flat': 3, 'down': 38, 'mean_pct': 2.4547}, {'ts': '2026-09-22 14:56:15', 'n': 101, 'up': 60, 'flat': 3, 'down': 38, 'mean_pct': 2.4705}, {'ts': '2026-09-22 14:57:15', 'n': 101, 'up': 61, 'flat': 1, 'down': 39, 'mean_pct': 2.5622}, {'ts': '2026-09-22 14:58:15', 'n': 101, 'up': 61, 'flat': 1, 'down': 39, 'mean_pct': 2.5622}, {'ts': '2026-09-22 14:59:16', 'n': 101, 'up': 61, 'flat': 1, 'down': 39, 'mean_pct': 2.5622}, {'ts': '2026-09-22 15:00:16', 'n': 101, 'up': 60, 'flat': 2, 'down': 39, 'mean_pct': 2.468}, {'ts': '2026-09-22 15:01:16', 'n': 101, 'up': 60, 'flat': 2, 'down': 39, 'mean_pct': 2.468}, {'ts': '2026-09-22 15:02:16', 'n': 101, 'up': 60, 'flat': 2, 'down': 39, 'mean_pct': 2.468}, {'ts': '2026-09-22 15:03:16', 'n': 101, 'up': 60, 'flat': 2, 'down': 39, 'mean_pct': 2.468}, {'ts': '2026-09-22 15:04:17', 'n': 101, 'up': 60, 'flat': 2, 'down': 39, 'mean_pct': 2.468}]}
[rc=0] k6_日内温度曲线
=== k7_日内轮动图谱 ===
{'schema_version': 1, 'capability': 'intraday_rotation_graph', 'date': '20260922', 'status': 'pass', 'sources': ['盘中/20260922/realtime_ticks.jsonl', '_学习/题材归位_20260922.json'], 'metrics': {'time_points': 333, 'themes': 17, 'rows': 5661}, 'errors': [], 'note': '题材名只来自题材归位唯一真源；缺映射不归因', 'graph': [{'ts': '2026-09-22 09:31:02', 'theme': '待归位·IT服务Ⅱ', 'n': 1, 'mean_pct': 10.03}, {'ts': '2026-09-22 09:31:02', 'theme': '待归位·其他家电', 'n': 1, 'mean_pct': 10.08}, {'ts': '2026-09-22 09:31:02', 'theme': '待归位·出版', 'n': 3, 'mean_pct': 9.2533}, {'ts': '2026-09-22 09:31:02', 'theme': '待归位·包装印刷', 'n': 1, 'mean_pct': 10.05}, {'ts': '2026-09-22 09:31:02', 'theme': '待归位·化学制品', 'n': 1, 'mean_pct': 4.69}, {'ts': '2026-09-22 09:31:02', 'theme': '待归位·化学制药', 'n': 3, 'mean_pct': 10.26}, {'ts': '2026-09-22 09:31:02', 'theme': '待归位·医疗服务', 'n': 2, 'mean_pct': 7.39}, {'ts': '2026-09-22 09:31:02', 'theme': '待归位·半导体', 'n': 1, 'mean_pct': 5.57}, {'ts': '2026-09-22 09:31:02', 'theme': '待归位·塑料', 'n': 1, 'mean_pct': 6.75}, {'ts': '2026-09-22 09:31:02', 'theme': '待归位·家居用品', 'n': 2, 'mean_pct': 3.73}, {'ts': '2026-09-22 09:31:02', 'theme': '待归位·广告营销', 'n': 1, 'mean_pct': 9.93}, {'ts': '2026-09-22 09:31:02', 'theme': '待归位·房地产开', 'n': 1, 'mean_pct': -3.29}, {'ts': '2026-09-22 09:31:02', 'theme': '待归位·房地产服', 'n': 2, 'mean_pct': 7.13}, {'ts': '2026-09-22 09:31:02', 'theme': '待归位·服装家纺', 'n': 1, 'mean_pct': 10.0}, {'ts': '2026-09-22 09:31:02', 'theme': '待归位·燃气Ⅱ', 'n': 1, 'mean_pct': 6.19}, {'ts': '2026-09-22 09:31:02', 'theme': '待归位·软件开发', 'n': 1, 'mean_pct': 6.3}, {'ts': '2026-09-22 09:31:02', 'theme': '待归位·铁路公路', 'n': 1, 'mean_pct': 5.87}, {'ts': '2026-09-22 09:32:03', 'theme': '待归位·IT服务Ⅱ', 'n': 1, 'mean_pct': 10.03}, {'ts': '2026-09-22 09:32:03', 'theme': '待归位·其他家电', 'n': 1, 'mean_pct': 10.08}, {'ts': '2026-09-22 09:32:03', 'theme': '待归位·出版', 'n': 3, 'mean_pct': 9.6133}, {'ts': '2026-09-22 09:32:03', 'theme': '待归位·包装印刷', 'n': 1, 'mean_pct': 10.05}, {'ts': '2026-09-22 09:32:03', 'theme': '待归位·化学制品', 'n': 1, 'mean_pct': 7.16}, {'ts': '2026-09-22 09:32:03', 'theme': '待归位·化学制药', 'n': 3, 'mean_pct': 10.0367}, {'ts': '2026-09-22 09:32:03', 'theme': '待归位·医疗服务', 'n': 2, 'mean_pct': 7.085}, {'ts': '2026-09-22 09:32:03', 'theme': '待归位·半导体', 'n': 1, 'mean_pct': 7.83}, {'ts': '2026-09-22 09:32:03', 'theme': '待归位·塑料', 'n': 1, 'mean_pct': 8.5}, {'ts': '2026-09-22 09:32:03', 'theme': '待归位·家居用品', 'n': 2, 'mean_pct': 3.97}, {'ts': '2026-09-22 09:32:03', 'theme': '待归位·广告营销', 'n': 1, 'mean_pct': 9.93}, {'ts': '2026-09-22 09:32:03', 'theme': '待归位·房地产开', 'n': 1, 'mean_pct': -2.06}, {'ts': '2026-09-22 09:32:03', 'theme': '待归位·房地产服', 'n': 2, 'mean_pct': 9.325}, {'ts': '2026-09-22 09:32:03', 'theme': '待归位·服装家纺', 'n': 1, 'mean_pct': 10.0}, {'ts': '2026-09-22 09:32:03', 'theme': '待归位·燃气Ⅱ', 'n': 1, 'mean_pct': 7.96}, {'ts': '2026-09-22 09:32:03', 'theme': '待归位·软件开发', 'n': 1, 'mean_pct': 4.33}, {'ts': '2026-09-22 09:32:03', 'theme': '待归位·铁路公路', 'n': 1, 'mean_pct': 8.41}, {'ts': '2026-09-22 09:33:03', 'theme': '待归位·IT服务Ⅱ', 'n': 1, 'mean_pct': 10.03}, {'ts': '2026-09-22 09:33:03', 'theme': '待归位·其他家电', 'n': 1, 'mean_pct': 10.08}, {'ts': '2026-09-22 09:33:03', 'theme': '待归位·出版', 'n': 3, 'mean_pct': 9.23}, {'ts': '2026-09-22 09:33:03', 'theme': '待归位·包装印刷', 'n': 1, 'mean_pct': 10.05}, {'ts': '2026-09-22 09:33:03', 'theme': '待归位·化学制品', 'n': 1, 'mean_pct': 9.07}, {'ts': '2026-09-22 09:33:03', 'theme': '待归位·化学制药', 'n': 3, 'mean_pct': 9.0233}, {'ts': '2026-09-22 09:33:03', 'theme': '待归位·医疗服务', 'n': 2, 'mean_pct': 7.62}, {'ts': '2026-09-22 09:33:03', 'theme': '待归位·半导体', 'n': 1, 'mean_pct': 8.24}, {'ts': '2026-09-22 09:33:03', 'theme': '待归位·塑料', 'n': 1, 'mean_pct': 9.0}, {'ts': '2026-09-22 09:33:03', 'theme': '待归位·家居用品', 'n': 2, 'mean_pct': 4.53}, {'ts': '2026-09-22 09:33:03', 'theme': '待归位·广告营销', 'n': 1, 'mean_pct': 9.93}, {'ts': '2026-09-22 09:33:03', 'theme': '待归位·房地产开', 'n': 1, 'mean_pct': -1.23}, {'ts': '2026-09-22 09:33:03', 'theme': '待归位·房地产服', 'n': 2, 'mean_pct': 9.95}, {'ts': '2026-09-22 09:33:03', 'theme': '待归位·服装家纺', 'n': 1, 'mean_pct': 10.0}, {'ts': '2026-09-22 09:33:03', 'theme': '待归位·燃气Ⅱ', 'n': 1, 'mean_pct': 7.52}, {'ts': '2026-09-22 09:33:03', 'theme': '待归位·软件开发', 'n': 1, 'mean_pct': 3.35}, {'ts': '2026-09-22 09:33:03', 'theme': '待归位·铁路公路', 'n': 1, 'mean_pct': 9.74}, {'ts': '2026-09-22 09:34:03', 'theme': '待归位·IT服务Ⅱ', 'n': 1, 'mean_pct': 10.03}, {'ts': '2026-09-22 09:34:03', 'theme': '待归位·其他家电', 'n': 1, 'mean_pct': 10.08}, {'ts': '2026-09-22 09:34:03', 'theme': '待归位·出版', 'n': 3, 'mean_pct': 9.1633}, {'ts': '2026-09-22 09:34:03', 'theme': '待归位·包装印刷', 'n': 1, 'mean_pct': 10.05}, {'ts': '2026-09-22 09:34:03', 'theme': '待归位·化学制品', 'n': 1, 'mean_pct': 10.02}, {'ts': '2026-09-22 09:34:03', 'theme': '待归位·化学制药', 'n': 3, 'mean_pct': 8.5167}, {'ts': '2026-09-22 09:34:03', 'theme': '待归位·医疗服务', 'n': 2, 'mean_pct': 7.275}, {'ts': '2026-09-22 09:34:03', 'theme': '待归位·半导体', 'n': 1, 'mean_pct': 7.67}, {'ts': '2026-09-22 09:34:03', 'theme': '待归位·塑料', 'n': 1, 'mean_pct': 7.65}, {'ts': '2026-09-22 09:34:03', 'theme': '待归位·家居用品', 'n': 2, 'mean_pct': 4.37}, {'ts': '2026-09-22 09:34:03', 'theme': '待归位·广告营销', 'n': 1, 'mean_pct': 9.93}, {'ts': '2026-09-22 09:34:03', 'theme': '待归位·房地产开', 'n': 1, 'mean_pct': -1.23}, {'ts': '2026-09-22 09:34:03', 'theme': '待归位·房地产服', 'n': 2, 'mean_pct': 9.95}, {'ts': '2026-09-22 09:34:03', 'theme': '待归位·服装家纺', 'n': 1, 'mean_pct': 10.0}, {'ts': '2026-09-22 09:34:03', 'theme': '待归位·燃气Ⅱ', 'n': 1, 'mean_pct': 7.3}, {'ts': '2026-09-22 09:34:03', 'theme': '待归位·软件开发', 'n': 1, 'mean_pct': 2.17}, {'ts': '2026-09-22 09:34:03', 'theme': '待归位·铁路公路', 'n': 1, 'mean_pct': 9.82}, {'ts': '2026-09-22 09:35:03', 'theme': '待归位·IT服务Ⅱ', 'n': 1, 'mean_pct': 10.03}, {'ts': '2026-09-22 09:35:03', 'theme': '待归位·其他家电', 'n': 1, 'mean_pct': 10.08}, {'ts': '2026-09-22 09:35:03', 'theme': '待归位·出版', 'n': 3, 'mean_pct': 9.7933}, {'ts': '2026-09-22 09:35:03', 'theme': '待归位·包装印刷', 'n': 1, 'mean_pct': 10.05}, {'ts': '2026-09-22 09:35:03', 'theme': '待归位·化学制品', 'n': 1, 'mean_pct': 9.79}, {'ts': '2026-09-22 09:35:03', 'theme': '待归位·化学制药', 'n': 3, 'mean_pct': 8.29}, {'ts': '2026-09-22 09:35:03', 'theme': '待归位·医疗服务', 'n': 2, 'mean_pct': 8.0}, {'ts': '2026-09-22 09:35:03', 'theme': '待归位·半导体', 'n': 1, 'mean_pct': 7.33}, {'ts': '2026-09-22 09:35:03', 'theme': '待归位·塑料', 'n': 1, 'mean_pct': 7.51}, {'ts': '2026-09-22 09:35:03', 'theme': '待归位·家居用品', 'n': 2, 'mean_pct': 4.05}, {'ts': '2026-09-22 09:35:03', 'theme': '待归位·广告营销', 'n': 1, 'mean_pct': 9.93}, {'ts': '2026-09-22 09:35:03', 'theme': '待归位·房地产开', 'n': 1, 'mean_pct': -1.65}, {'ts': '2026-09-22 09:35:03', 'theme': '待归位·房地产服', 'n': 2, 'mean_pct': 9.95}, {'ts': '2026-09-22 09:35:03', 'theme': '待归位·服装家纺', 'n': 1, 'mean_pct': 10.0}, {'ts': '2026-09-22 09:35:03', 'theme': '待归位·燃气Ⅱ', 'n': 1, 'mean_pct': 7.96}, {'ts': '2026-09-22 09:35:03', 'theme': '待归位·软件开发', 'n': 1, 'mean_pct': 2.17}, {'ts': '2026-09-22 09:35:03', 'theme': '待归位·铁路公路', 'n': 1, 'mean_pct': 8.77}, {'ts': '2026-09-22 09:36:04', 'theme': '待归位·IT服务Ⅱ', 'n': 1, 'mean_pct': 10.03}, {'ts': '2026-09-22 09:36:04', 'theme': '待归位·其他家电', 'n': 1, 'mean_pct': 10.08}, {'ts': '2026-09-22 09:36:04', 'theme': '待归位·出版', 'n': 3, 'mean_pct': 9.48}, {'ts': '2026-09-22 09:36:04', 'theme': '待归位·包装印刷', 'n': 1, 'mean_pct': 10.05}, {'ts': '2026-09-22 09:36:04', 'theme': '待归位·化学制品', 'n': 1, 'mean_pct': 8.11}, {'ts': '2026-09-22 09:36:04', 'theme': '待归位·化学制药', 'n': 3, 'mean_pct': 8.7967}, {'ts': '2026-09-22 09:36:04', 'theme': '待归位·医疗服务', 'n': 2, 'mean_pct': 7.24}, {'ts': '2026-09-22 09:36:04', 'theme': '待归位·半导体', 'n': 1, 'mean_pct': 7.1}, {'ts': '2026-09-22 09:36:04', 'theme': '待归位·塑料', 'n': 1, 'mean_pct': 7.51}, {'ts': '2026-09-22 09:36:04', 'theme': '待归位·家居用品', 'n': 2, 'mean_pct': 4.29}, {'ts': '2026-09-22 09:36:04', 'theme': '待归位·广告营销', 'n': 1, 'mean_pct': 9.93}, {'ts': '2026-09-22 09:36:04', 'theme': '待归位·房地产开', 'n': 1, 'mean_pct': -1.65}, {'ts': '2026-09-22 09:36:04', 'theme': '待归位·房地产服', 'n': 2, 'mean_pct': 9.95}, {'ts': '2026-09-22 09:36:04', 'theme': '待归位·服装家纺', 'n': 1, 'mean_pct': 10.0}, {'ts': '2026-09-22 09:36:04', 'theme': '待归位·燃气Ⅱ', 'n': 1, 'mean_pct': 8.63}, {'ts': '2026-09-22 09:36:04', 'theme': '待归位·软件开发', 'n': 1, 'mean_pct': 1.38}, {'ts': '2026-09-22 09:36:04', 'theme': '待归位·铁路公路', 'n': 1, 'mean_pct': 9.06}, {'ts': '2026-09-22 09:37:04', 'theme': '待归位·IT服务Ⅱ', 'n': 1, 'mean_pct': 10.03}, {'ts': '2026-09-22 09:37:04', 'theme': '待归位·其他家电', 'n': 1, 'mean_pct': 10.08}, {'ts': '2026-09-22 09:37:04', 'theme': '待归位·出版', 'n': 3, 'mean_pct': 9.9733}, {'ts': '2026-09-22 09:37:04', 'theme': '待归位·包装印刷', 'n': 1, 'mean_pct': 10.05}, {'ts': '2026-09-22 09:37:04', 'theme': '待归位·化学制品', 'n': 1, 'mean_pct': 8.19}, {'ts': '2026-09-22 09:37:04', 'theme': '待归位·化学制药', 'n': 3, 'mean_pct': 9.7433}, {'ts': '2026-09-22 09:37:04', 'theme': '待归位·医疗服务', 'n': 2, 'mean_pct': 7.35}, {'ts': '2026-09-22 09:37:04', 'theme': '待归位·半导体', 'n': 1, 'mean_pct': 8.95}, {'ts': '2026-09-22 09:37:04', 'theme': '待归位·塑料', 'n': 1, 'mean_pct': 6.33}, {'ts': '2026-09-22 09:37:04', 'theme': '待归位·家居用品', 'n': 2, 'mean_pct': 3.97}, {'ts': '2026-09-22 09:37:04', 'theme': '待归位·广告营销', 'n': 1, 'mean_pct': 9.93}, {'ts': '2026-09-22 09:37:04', 'theme': '待归位·房地产开', 'n': 1, 'mean_pct': -1.65}, {'ts': '2026-09-22 09:37:04', 'theme': '待归位·房地产服', 'n': 2, 'mean_pct': 9.95}, {'ts': '2026-09-22 09:37:04', 'theme': '待归位·服装家纺', 'n': 1, 'mean_pct': 10.0}, {'ts': '2026-09-22 09:37:04', 'theme': '待归位·燃气Ⅱ', 'n': 1, 'mean_pct': 7.96}, {'ts': '2026-09-22 09:37:04', 'theme': '待归位·软件开发', 'n': 1, 'mean_pct': 3.15}, {'ts': '2026-09-22 09:37:04', 'theme': '待归位·铁路公路', 'n': 1, 'mean_pct': 8.29}, {'ts': '2026-09-22 09:38:04', 'theme': '待归位·IT服务Ⅱ', 'n': 1, 'mean_pct': 10.03}, {'ts': '2026-09-22 09:38:04', 'theme': '待归位·其他家电', 'n': 1, 'mean_pct': 10.08}, {'ts': '2026-09-22 09:38:04', 'theme': '待归位·出版', 'n': 3, 'mean_pct': 9.5}, {'ts': '2026-09-22 09:38:04', 'theme': '待归位·包装印刷', 'n': 1, 'mean_pct': 10.05}, {'ts': '2026-09-22 09:38:04', 'theme': '待归位·化学制品', 'n': 1, 'mean_pct': 8.91}, {'ts': '2026-09-22 09:38:04', 'theme': '待归位·化学制药', 'n': 3, 'mean_pct': 9.4033}, {'ts': '2026-09-22 09:38:04', 'theme': '待归位·医疗服务', 'n': 2, 'mean_pct': 7.465}, {'ts': '2026-09-22 09:38:04', 'theme': '待归位·半导体', 'n': 1, 'mean_pct': 9.61}, {'ts': '2026-09-22 09:38:04', 'theme': '待归位·塑料', 'n': 1, 'mean_pct': 7.9}, {'ts': '2026-09-22 09:38:04', 'theme': '待归位·家居用品', 'n': 2, 'mean_pct': 4.13}, {'ts': '2026-09-22 09:38:04', 'theme': '待归位·广告营销', 'n': 1, 'mean_pct': 9.93}, {'ts': '2026-09-22 09:38:04', 'theme': '待归位·房地产开', 'n': 1, 'mean_pct': -1.23}, {'ts': '2026-09-22 09:38:04', 'theme': '待归位·房地产服', 'n': 2, 'mean_pct': 9.795}, {'ts': '2026-09-22 09:38:04', 'theme': '待归位·服装家纺', 'n': 1, 'mean_pct': 10.0}, {'ts': '2026-09-22 09:38:04', 'theme': '待归位·燃气Ⅱ', 'n': 1, 'mean_pct': 9.29}, {'ts': '2026-09-22 09:38:04', 'theme': '待归位·软件开发', 'n': 1, 'mean_pct': 2.76}, {'ts': '2026-09-22 09:38:04', 'theme': '待归位·铁路公路', 'n': 1, 'mean_pct': 8.22}, {'ts': '2026-09-22 09:39:04', 'theme': '待归位·IT服务Ⅱ', 'n': 1, 'mean_pct': 10.03}, {'ts': '2026-09-22 09:39:04', 'theme': '待归位·其他家电', 'n': 1, 'mean_pct': 10.08}, {'ts': '2026-09-22 09:39:04', 'theme': '待归位·出版', 'n': 3, 'mean_pct': 9.7933}, {'ts': '2026-09-22 09:39:04', 'theme': '待归位·包装印刷', 'n': 1, 'mean_pct': 10.05}, {'ts': '2026-09-22 09:39:04', 'theme': '待归位·化学制品', 'n': 1, 'mean_pct': 10.02}, {'ts': '2026-09-22 09:39:04', 'theme': '待归位·化学制药', 'n': 3, 'mean_pct': 10.7467}, {'ts': '2026-09-22 09:39:04', 'theme': '待归位·医疗服务', 'n': 2, 'mean_pct': 7.39}, {'ts': '2026-09-22 09:39:04', 'theme': '待归位·半导体', 'n': 1, 'mean_pct': 8.22}, {'ts': '2026-09-22 09:39:04', 'theme': '待归位·塑料', 'n': 1, 'mean_pct': 7.94}, {'ts': '2026-09-22 09:39:04', 'theme': '待归位·家居用品', 'n': 2, 'mean_pct': 4.29}, {'ts': '2026-09-22 09:39:04', 'theme': '待归位·广告营销', 'n': 1, 'mean_pct': 9.93}, {'ts': '2026-09-22 09:39:04', 'theme': '待归位·房地产开', 'n': 1, 'mean_pct': -0.82}, {'ts': '2026-09-22 09:39:04', 'theme': '待归位·房地产服', 'n': 2, 'mean_pct': 9.95}, {'ts': '2026-09-22 09:39:04', 'theme': '待归位·服装家纺', 'n': 1, 'mean_pct': 10.0}, {'ts': '2026-09-22 09:39:04', 'theme': '待归位·燃气Ⅱ', 'n': 1, 'mean_pct': 7.3}, {'ts': '2026-09-22 09:39:04', 'theme': '待归位·软件开发', 'n': 1, 'mean_pct': 8.07}, {'ts': '2026-09-22 09:39:04', 'theme': '待归位·铁路公路', 'n': 1, 'mean_pct': 7.67}, {'ts': '2026-09-22 09:40:05', 'theme': '待归位·IT服务Ⅱ', 'n': 1, 'mean_pct': 10.03}, {'ts': '2026-09-22 09:40:05', 'theme': '待归位·其他家电', 'n': 1, 'mean_pct': 10.08}, {'ts': '2026-09-22 09:40:05', 'theme': '待归位·出版', 'n': 3, 'mean_pct': 9.9733}, {'ts': '2026-09-22 09:40:05', 'theme': '待归位·包装印刷', 'n': 1, 'mean_pct': 10.05}, {'ts': '2026-09-22 09:40:05', 'theme': '待归位·化学制品', 'n': 1, 'mean_pct': 10.02}, {'ts': '2026-09-22 09:40:05', 'theme': '待归位·化学制药', 'n': 3, 'mean_pct': 10.34}, {'ts': '2026-09-22 09:40:05', 'theme': '待归位·医疗服务', 'n': 2, 'mean_pct': 7.885}, {'ts': '2026-09-22 09:40:05', 'theme': '待归位·半导体', 'n': 1, 'mean_pct': 6.9}, {'ts': '2026-09-22 09:40:05', 'theme': '待归位·塑料', 'n': 1, 'mean_pct': 8.75}, {'ts': '2026-09-22 09:40:05', 'theme': '待归位·家居用品', 'n': 2, 'mean_pct': 4.61}, {'ts': '2026-09-22 09:40:05', 'theme': '待归位·广告营销', 'n': 1, 'mean_pct': 9.93}, {'ts': '2026-09-22 09:40:05', 'theme': '待归位·房地产开', 'n': 1, 'mean_pct': -1.65}, {'ts': '2026-09-22 09:40:05', 'theme': '待归位·房地产服', 'n': 2, 'mean_pct': 9.95}, {'ts': '2026-09-22 09:40:05', 'theme': '待归位·服装家纺', 'n': 1, 'mean_pct': 10.0}, {'ts': '2026-09-22 09:40:05', 'theme': '待归位·燃气Ⅱ', 'n': 1, 'mean_pct': 6.64}, {'ts': '2026-09-22 09:40:05', 'theme': '待归位·软件开发', 'n': 1, 'mean_pct': 10.04}, {'ts': '2026-09-22 09:40:05', 'theme': '待归位·铁路公路', 'n': 1, 'mean_pct': 7.44}, {'ts': '2026-09-22 09:41:05', 'theme': '待归位·IT服务Ⅱ', 'n': 1, 'mean_pct': 10.03}, {'ts': '2026-09-22 09:41:05', 'theme': '待归位·其他家电', 'n': 1, 'mean_pct': 10.08}, {'ts': '2026-09-22 09:41:05', 'theme': '待归位·出版', 'n': 3, 'mean_pct': 9.8833}, {'ts': '2026-09-22 09:41:05', 'theme': '待归位·包装印刷', 'n': 1, 'mean_pct': 10.05}, {'ts': '2026-09-22 09:41:05', 'theme': '待归位·化学制品', 'n': 1, 'mean_pct': 10.02}, {'ts': '2026-09-22 09:41:05', 'theme': '待归位·化学制药', 'n': 3, 'mean_pct': 10.4433}, {'ts': '2026-09-22 09:41:05', 'theme': '待归位·医疗服务', 'n': 2, 'mean_pct': 8.605}, {'ts': '2026-09-22 09:41:05', 'theme': '待归位·半导体', 'n': 1, 'mean_pct': 7.28}, {'ts': '2026-09-22 09:41:05', 'theme': '待归位·塑料', 'n': 1, 'mean_pct': 9.37}, {'ts': '2026-09-22 09:41:05', 'theme': '待归位·家居用品', 'n': 2, 'mean_pct': 5.49}, {'ts': '2026-09-22 09:41:05', 'theme': '待归位·广告营销', 'n': 1, 'mean_pct': 9.93}, {'ts': '2026-09-22 09:41:05', 'theme': '待归位·房地产开', 'n': 1, 'mean_pct': -2.06}, {'ts': '2026-09-22 09:41:05', 'theme': '待归位·房地产服', 'n': 2, 'mean_pct': 9.95}, {'ts': '2026-09-22 09:41:05', 'theme': '待归位·服装家纺', 'n': 1, 'mean_pct': 10.0}, {'ts': '2026-09-22 09:41:05', 'theme': '待归位·燃气Ⅱ', 'n': 1, 'mean_pct': 7.52}, {'ts': '2026-09-22 09:41:05', 'theme': '待归位·软件开发', 'n': 1, 'mean_pct': 10.04}, {'ts': '2026-09-22 09:41:05', 'theme': '待归位·铁路公路', 'n': 1, 'mean_pct': 7.74}, {'ts': '2026-09-22 09:42:05', 'theme': '待归位·IT服务Ⅱ', 'n': 1, 'mean_pct': 10.03}, {'ts': '2026-09-22 09:42:05', 'theme': '待归位·其他家电', 'n': 1, 'mean_pct': 10.08}, {'ts': '2026-09-22 09:42:05', 'theme': '待归位·出版', 'n': 3, 'mean_pct': 9.95}, {'ts': '2026-09-22 09:42:05', 'theme': '待归位·包装印刷', 'n': 1, 'mean_pct': 10.05}, {'ts': '2026-09-22 09:42:05', 'theme': '待归位·化学制品', 'n': 1, 'mean_pct': 10.02}, {'ts': '2026-09-22 09:42:05', 'theme': '待归位·化学制药', 'n': 3, 'mean_pct': 10.1367}, {'ts': '2026-09-22 09:42:05', 'theme': '待归位·医疗服务', 'n': 2, 'mean_pct': 8.38}, {'ts': '2026-09-22 09:42:05', 'theme': '待归位·半导体', 'n': 1, 'mean_pct': 7.97}, {'ts': '2026-09-22 09:42:05', 'theme': '待归位·塑料', 'n': 1, 'mean_pct': 9.41}, {'ts': '2026-09-22 09:42:05', 'theme': '待归位·家居用品', 'n': 2, 'mean_pct': 5.41}, {'ts': '2026-09-22 09:42:05', 'theme': '待归位·广告营销', 'n': 1, 'mean_pct': 9.93}, {'ts': '2026-09-22 09:42:05', 'theme': '待归位·房地产开', 'n': 1, 'mean_pct': -2.06}, {'ts': '2026-09-22 09:42:05', 'theme': '待归位·房地产服', 'n': 2, 'mean_pct': 9.95}, {'ts': '2026-09-22 09:42:05', 'theme': '待归位·服装家纺', 'n': 1, 'mean_pct': 10.0}, {'ts': '2026-09-22 09:42:05', 'theme': '待归位·燃气Ⅱ', 'n': 1, 'mean_pct': 7.08}, {'ts': '2026-09-22 09:42:05', 'theme': '待归位·软件开发', 'n': 1, 'mean_pct': 10.04}, {'ts': '2026-09-22 09:42:05', 'theme': '待归位·铁路公路', 'n': 1, 'mean_pct': 8.54}, {'ts': '2026-09-22 09:43:05', 'theme': '待归位·IT服务Ⅱ', 'n': 1, 'mean_pct': 10.03}, {'ts': '2026-09-22 09:43:05', 'theme': '待归位·其他家电', 'n': 1, 'mean_pct': 10.08}, {'ts': '2026-09-22 09:43:05', 'theme': '待归位·出版', 'n': 3, 'mean_pct': 9.9733}, {'ts': '2026-09-22 09:43:05', 'theme': '待归位·包装印刷', 'n': 1, 'mean_pct': 10.05}, {'ts': '2026-09-22 09:43:05', 'theme': '待归位·化学制品', 'n': 1, 'mean_pct': 10.02}, {'ts': '2026-09-22 09:43:05', 'theme': '待归位·化学制药', 'n': 3, 'mean_pct': 9.63}, {'ts': '2026-09-22 09:43:05', 'theme': '待归位·医疗服务', 'n': 2, 'mean_pct': 8.265}, {'ts': '2026-09-22 09:43:05', 'theme': '待归位·半导体', 'n': 1, 'mean_pct': 8.13}, {'ts': '2026-09-22 09:43:05', 'theme': '待归位·塑料', 'n': 1, 'mean_pct': 9.41}, {'ts': '2026-09-22 09:43:05', 'theme': '待归位·家居用品', 'n': 2, 'mean_pct': 5.57}, {'ts': '2026-09-22 09:43:05', 'theme': '待归位·广告营销', 'n': 1, 'mean_pct': 9.93}, {'ts': '2026-09-22 09:43:05', 'theme': '待归位·房地产开', 'n': 1, 'mean_pct': -1.65}, {'ts': '2026-09-22 09:43:05', 'theme': '待归位·房地产服', 'n': 2, 'mean_pct': 9.95}, {'ts': '2026-09-22 09:43:05', 'theme': '待归位·服装家纺', 'n': 1, 'mean_pct': 10.0}, {'ts': '2026-09-22 09:43:05', 'theme': '待归位·燃气Ⅱ', 'n': 1, 'mean_pct': 6.42}, {'ts': '2026-09-22 09:43:05', 'theme': '待归位·软件开发', 'n': 1, 'mean_pct': 10.04}, {'ts': '2026-09-22 09:43:05', 'theme': '待归位·铁路公路', 'n': 1, 'mean_pct': 9.32}, {'ts': '2026-09-22 09:44:05', 'theme': '待归位·IT服务Ⅱ', 'n': 1, 'mean_pct': 10.03}, {'ts': '2026-09-22 09:44:05', 'theme': '待归位·其他家电', 'n': 1, 'mean_pct': 10.08}, {'ts': '2026-09-22 09:44:05', 'theme': '待归位·出版', 'n': 3, 'mean_pct': 9.9733}, {'ts': '2026-09-22 09:44:05', 'theme': '待归位·包装印刷', 'n': 1, 'mean_pct': 10.05}, {'ts': '2026-09-22 09:44:05', 'theme': '待归位·化学制品', 'n': 1, 'mean_pct': 10.02}, {'ts': '2026-09-22 09:44:05', 'theme': '待归位·化学制药', 'n': 3, 'mean_pct': 10.24}, {'ts': '2026-09-22 09:44:05', 'theme': '待归位·医疗服务', 'n': 2, 'mean_pct': 8.455}, {'ts': '2026-09-22 09:44:05', 'theme': '待归位·半导体', 'n': 1, 'mean_pct': 7.28}, {'ts': '2026-09-22 09:44:05', 'theme': '待归位·塑料', 'n': 1, 'mean_pct': 9.95}, {'ts': '2026-09-22 09:44:05', 'theme': '待归位·家居用品', 'n': 2, 'mean_pct': 7.725}, {'ts': '2026-09-22 09:44:05', 'theme': '待归位·广告营销', 'n': 1, 'mean_pct': 9.93}, {'ts': '2026-09-22 09:44:05', 'theme': '待归位·房地产开', 'n': 1, 'mean_pct': -1.23}, {'ts': '2026-09-22 09:44:05', 'theme': '待归位·房地产服', 'n': 2, 'mean_pct': 9.95}, {'ts': '2026-09-22 09:44:05', 'theme': '待归位·服装家纺', 'n': 1, 'mean_pct': 10.0}, {'ts': '2026-09-22 09:44:05', 'theme': '待归位·燃气Ⅱ', 'n': 1, 'mean_pct': 7.08}, {'ts': '2026-09-22 09:44:05', 'theme': '待归位·软件开发', 'n': 1, 'mean_pct': 10.04}, {'ts': '2026-09-22 09:44:05', 'theme': '待归位·铁路公路', 'n': 1, 'mean_pct': 9.01}, {'ts': '2026-09-22 09:45:06', 'theme': '待归位·IT服务Ⅱ', 'n': 1, 'mean_pct': 10.03}, {'ts': '2026-09-22 09:45:06', 'theme': '待归位·其他家电', 'n': 1, 'mean_pct': 10.08}, {'ts': '2026-09-22 09:45:06', 'theme': '待归位·出版', 'n': 3, 'mean_pct': 9.9733}, {'ts': '2026-09-22 09:45:06', 'theme': '待归位·包装印刷', 'n': 1, 'mean_pct': 10.05}, {'ts': '2026-09-22 09:45:06', 'theme': '待归位·化学制品', 'n': 1, 'mean_pct': 10.02}, {'ts': '2026-09-22 09:45:06', 'theme': '待归位·化学制药', 'n': 3, 'mean_pct': 10.0367}, {'ts': '2026-09-22 09:45:06', 'theme': '待归位·医疗服务', 'n': 2, 'mean_pct': 8.605}, {'ts': '2026-09-22 09:45:06', 'theme': '待归位·半导体', 'n': 1, 'mean_pct': 7.81}, {'ts': '2026-09-22 09:45:06', 'theme': '待归位·塑料', 'n': 1, 'mean_pct': 9.72}, {'ts': '2026-09-22 09:45:06', 'theme': '待归位·家居用品', 'n': 2, 'mean_pct': 9.085}, {'ts': '2026-09-22 09:45:06', 'theme': '待归位·广告营销', 'n': 1, 'mean_pct': 9.93}, {'ts': '2026-09-22 09:45:06', 'theme': '待归位·房地产开', 'n': 1, 'mean_pct': -1.23}, {'ts': '2026-09-22 09:45:06', 'theme': '待归位·房地产服', 'n': 2, 'mean_pct': 9.95}, {'ts': '2026-09-22 09:45:06', 'theme': '待归位·服装家纺', 'n': 1, 'mean_pct': 10.0}, {'ts': '2026-09-22 09:45:06', 'theme': '待归位·燃气Ⅱ', 'n': 1, 'mean_pct': 8.19}, {'ts': '2026-09-22 09:45:06', 'theme': '待归位·软件开发', 'n': 1, 'mean_pct': 10.04}, {'ts': '2026-09-22 09:45:06', 'theme': '待归位·铁路公路', 'n': 1, 'mean_pct': 9.39}, {'ts': '2026-09-22 09:46:06', 'theme': '待归位·IT服务Ⅱ', 'n': 1, 'mean_pct': 10.03}, {'ts': '2026-09-22 09:46:06', 'theme': '待归位·其他家电', 'n': 1, 'mean_pct': 10.08}, {'ts': '2026-09-22 09:46:06', 'theme': '待归位·出版', 'n': 3, 'mean_pct': 9.9733}, {'ts': '2026-09-22 09:46:06', 'theme': '待归位·包装印刷', 'n': 1, 'mean_pct': 10.05}, {'ts': '2026-09-22 09:46:06', 'theme': '待归位·化学制品', 'n': 1, 'mean_pct': 9.55}, {'ts': '2026-09-22 09:46:06', 'theme': '待归位·化学制药', 'n': 3, 'mean_pct': 9.7333}, {'ts': '2026-09-22 09:46:06', 'theme': '待归位·医疗服务', 'n': 2, 'mean_pct': 9.33}, {'ts': '2026-09-22 09:46:06', 'theme': '待归位·半导体', 'n': 1, 'mean_pct': 8.06}, {'ts': '2026-09-22 09:46:06', 'theme': '待归位·塑料', 'n': 1, 'mean_pct': 9.98}, {'ts': '2026-09-22 09:46:06', 'theme': '待归位·家居用品', 'n': 2, 'mean_pct': 8.525}, {'ts': '2026-09-22 09:46:06', 'theme': '待归位·广告营销', 'n': 1, 'mean_pct': 9.93}, {'ts': '2026-09-22 09:46:06', 'theme': '待归位·房地产开', 'n': 1, 'mean_pct': -1.23}, {'ts': '2026-09-22 09:46:06', 'theme': '待归位·房地产服', 'n': 2, 'mean_pct': 9.95}, {'ts': '2026-09-22 09:46:06', 'theme': '待归位·服装家纺', 'n': 1, 'mean_pct': 10.0}, {'ts': '2026-09-22 09:46:06', 'theme': '待归位·燃气Ⅱ', 'n': 1, 'mean_pct': 7.52}, {'ts': '2026-09-22 09:46:06', 'theme': '待归位·软件开发', 'n': 1, 'mean_pct': 10.04}, {'ts': '2026-09-22 09:46:06', 'theme': '待归位·铁路公路', 'n': 1, 'mean_pct': 10.01}, {'ts': '2026-09-22 09:47:06', 'theme': '待归位·IT服务Ⅱ', 'n': 1, 'mean_pct': 10.03}, {'ts': '2026-09-22 09:47:06', 'theme': '待归位·其他家电', 'n': 1, 'mean_pct': 10.08}, {'ts': '2026-09-22 09:47:06', 'theme': '待归位·出版', 'n': 3, 'mean_pct': 9.9733}, {'ts': '2026-09-22 09:47:06', 'theme': '待归位·包装印刷', 'n': 1, 'mean_pct': 10.05}, {'ts': '2026-09-22 09:47:06', 'theme': '待归位·化学制品', 'n': 1, 'mean_pct': 8.51}, {'ts': '2026-09-22 09:47:06', 'theme': '待归位·化学制药', 'n': 3, 'mean_pct': 9.9367}, {'ts': '2026-09-22 09:47:06', 'theme': '待归位·医疗服务', 'n': 2, 'mean_pct': 8.875}, {'ts': '2026-09-22 09:47:06', 'theme': '待归位·半导体', 'n': 1, 'mean_pct': 8.34}, {'ts': '2026-09-22 09:47:06', 'theme': '待归位·塑料', 'n': 1, 'mean_pct': 10.0}, {'ts': '2026-09-22 09:47:06', 'theme': '待归位·家居用品', 'n': 2, 'mean_pct': 7.725}, {'ts': '2026-09-22 09:47:06', 'theme': '待归位·广告营销', 'n': 1, 'mean_pct': 9.93}, {'ts': '2026-09-22 09:47:06', 'theme': '待归位·房地产开', 'n': 1, 'mean_pct': -0.82}, {'ts': '2026-09-22 09:47:06', 'theme': '待归位·房地产服', 'n': 2, 'mean_pct': 9.95}, {'ts': '2026-09-22 09:47:06', 'theme': '待归位·服装家纺', 'n': 1, 'mean_pct': 10.0}, {'ts': '2026-09-22 09:47:06', 'theme': '待归位·燃气Ⅱ', 'n': 1, 'mean_pct': 7.08}, {'ts': '2026-09-22 09:47:06', 'theme': '待归位·软件开发', 'n': 1, 'mean_pct': 10.04}, {'ts': '2026-09-22 09:47:06', 'theme': '待归位·铁路公路', 'n': 1, 'mean_pct': 10.01}, {'ts': '2026-09-22 09:48:06', 'theme': '待归位·IT服务Ⅱ', 'n': 1, 'mean_pct': 10.03}, {'ts': '2026-09-22 09:48:06', 'theme': '待归位·其他家电', 'n': 1, 'mean_pct': 10.08}, {'ts': '2026-09-22 09:48:06', 'theme': '待归位·出版', 'n': 3, 'mean_pct': 9.9733}, {'ts': '2026-09-22 09:48:06', 'theme': '待归位·包装印刷', 'n': 1, 'mean_pct': 10.05}, {'ts': '2026-09-22 09:48:06', 'theme': '待归位·化学制品', 'n': 1, 'mean_pct': 9.71}, {'ts': '2026-09-22 09:48:06', 'theme': '待归位·化学制药', 'n': 3, 'mean_pct': 10.34}, {'ts': '2026-09-22 09:48:06', 'theme': '待归位·医疗服务', 'n': 2, 'mean_pct': 8.875}, {'ts': '2026-09-22 09:48:06', 'theme': '待归位·半导体', 'n': 1, 'mean_pct': 7.74}, {'ts': '2026-09-22 09:48:06', 'theme': '待归位·塑料', 'n': 1, 'mean_pct': 10.0}, {'ts': '2026-09-22 09:48:06', 'theme': '待归位·家居用品', 'n': 2, 'mean_pct': 8.125}, {'ts': '2026-09-22 09:48:06', 'theme': '待归位·广告营销', 'n': 1, 'mean_pct': 9.93}, {'ts': '2026-09-22 09:48:06', 'theme': '待归位·房地产开', 'n': 1, 'mean_pct': -0.82}, {'ts': '2026-09-22 09:48:06', 'theme': '待归位·房地产服', 'n': 2, 'mean_pct': 9.95}, {'ts': '2026-09-22 09:48:06', 'theme': '待归位·服装家纺', 'n': 1, 'mean_pct': 10.0}, {'ts': '2026-09-22 09:48:06', 'theme': '待归位·燃气Ⅱ', 'n': 1, 'mean_pct': 6.86}, {'ts': '2026-09-22 09:48:06', 'theme': '待归位·软件开发', 'n': 1, 'mean_pct': 10.04}, {'ts': '2026-09-22 09:48:06', 'theme': '待归位·铁路公路', 'n': 1, 'mean_pct': 10.01}, {'ts': '2026-09-22 09:49:06', 'theme': '待归位·IT服务Ⅱ', 'n': 1, 'mean_pct': 10.03}, {'ts': '2026-09-22 09:49:06', 'theme': '待归位·其他家电', 'n': 1, 'mean_pct': 10.08}, {'ts': '2026-09-22 09:49:06', 'theme': '待归位·出版', 'n': 3, 'mean_pct': 9.9733}, {'ts': '2026-09-22 09:49:06', 'theme': '待归位·包装印刷', 'n': 1, 'mean_pct': 10.05}, {'ts': '2026-09-22 09:49:06', 'theme': '待归位·化学制品', 'n': 1, 'mean_pct': 9.86}, {'ts': '2026-09-22 09:49:06', 'theme': '待归位·化学制药', 'n': 3, 'mean_pct': 9.8333}, {'ts': '2026-09-22 09:49:06', 'theme': '待归位·医疗服务', 'n': 2, 'mean_pct': 8.835}, {'ts': '2026-09-22 09:49:06', 'theme': '待归位·半导体', 'n': 1, 'mean_pct': 7.65}, {'ts': '2026-09-22 09:49:06', 'theme': '待归位·塑料', 'n': 1, 'mean_pct': 10.0}, {'ts': '2026-09-22 09:49:06', 'theme': '待归位·家居用品', 'n': 2, 'mean_pct': 8.125}, {'ts': '2026-09-22 09:49:06', 'theme': '待归位·广告营销', 'n': 1, 'mean_pct': 9.93}, {'ts': '2026-09-22 09:49:06', 'theme': '待归位·房地产开', 'n': 1, 'mean_pct': -0.41}, {'ts': '2026-09-22 09:49:06', 'theme': '待归位·房地产服', 'n': 2, 'mean_pct': 9.95}, {'ts': '2026-09-22 09:49:06', 'theme': '待归位·服装家纺', 'n': 1, 'mean_pct': 10.0}, {'ts': '2026-09-22 09:49:06', 'theme': '待归位·燃气Ⅱ', 'n': 1, 'mean_pct': 7.08}, {'ts': '2026-09-22 09:49:06', 'theme': '待归位·软件开发', 'n': 1, 'mean_pct': 10.04}, {'ts': '2026-09-22 09:49:06', 'theme': '待归位·铁路公路', 'n': 1, 'mean_pct': 10.01}, {'ts': '2026-09-22 09:50:07', 'theme': '待归位·IT服务Ⅱ', 'n': 1, 'mean_pct': 10.03}, {'ts': '2026-09-22 09:50:07', 'theme': '待归位·其他家电', 'n': 1, 'mean_pct': 10.08}, {'ts': '2026-09-22 09:50:07', 'theme': '待归位·出版', 'n': 3, 'mean_pct': 9.9733}, {'ts': '2026-09-22 09:50:07', 'theme': '待归位·包装印刷', 'n': 1, 'mean_pct': 10.05}, {'ts': '2026-09-22 09:50:07', 'theme': '待归位·化学制品', 'n': 1, 'mean_pct': 10.02}, {'ts': '2026-09-22 09:50:07', 'theme': '待归位·化学制药', 'n': 3, 'mean_pct': 9.8333}, {'ts': '2026-09-22 09:50:07', 'theme': '待归位·医疗服务', 'n': 2, 'mean_pct': 9.255}, {'ts': '2026-09-22 09:50:07', 'theme': '待归位·半导体', 'n': 1, 'mean_pct': 7.4}, {'ts': '2026-09-22 09:50:07', 'theme': '待归位·塑料', 'n': 1, 'mean_pct': 9.91}, {'ts': '2026-09-22 09:50:07', 'theme': '待归位·家居用品', 'n': 2, 'mean_pct': 7.885}, {'ts': '2026-09-22 09:50:07', 'theme': '待归位·广告营销', 'n': 1, 'mean_pct': 9.93}, {'ts': '2026-09-22 09:50:07', 'theme': '待归位·房地产开', 'n': 1, 'mean_pct': -0.82}, {'ts': '2026-09-22 09:50:07', 'theme': '待归位·房地产服', 'n': 2, 'mean_pct': 9.95}, {'ts': '2026-09-22 09:50:07', 'theme': '待归位·服装家纺', 'n': 1, 'mean_pct': 10.0}, {'ts': '2026-09-22 09:50:07', 'theme': '待归位·燃气Ⅱ', 'n': 1, 'mean_pct': 7.3}, {'ts': '2026-09-22 09:50:07', 'theme': '待归位·软件开发', 'n': 1, 'mean_pct': 10.04}, {'ts': '2026-09-22 09:50:07', 'theme': '待归位·铁路公路', 'n': 1, 'mean_pct': 10.01}, {'ts': '2026-09-22 09:51:07', 'theme': '待归位·IT服务Ⅱ', 'n': 1, 'mean_pct': 10.03}, {'ts': '2026-09-22 09:51:07', 'theme': '待归位·其他家电', 'n': 1, 'mean_pct': 10.08}, {'ts': '2026-09-22 09:51:07', 'theme': '待归位·出版', 'n': 3, 'mean_pct': 9.9733}, {'ts': '2026-09-22 09:51:07', 'theme': '待归位·包装印刷', 'n': 1, 'mean_pct': 10.05}, {'ts': '2026-09-22 09:51:07', 'theme': '待归位·化学制品', 'n': 1, 'mean_pct': 10.02}, {'ts': '2026-09-22 09:51:07', 'theme': '待归位·化学制药', 'n': 3, 'mean_pct': 9.8333}, {'ts': '2026-09-22 09:51:07', 'theme': '待归位·医疗服务', 'n': 2, 'mean_pct': 9.405}, {'ts': '2026-09-22 09:51:07', 'theme': '待归位·半导体', 'n': 1, 'mean_pct': 7.08}, {'ts': '2026-09-22 09:51:07', 'theme': '待归位·塑料', 'n': 1, 'mean_pct': 10.0}, {'ts': '2026-09-22 09:51:07', 'theme': '待归位·家居用品', 'n': 2, 'mean_pct': 7.405}, {'ts': '2026-09-22 09:51:07', 'theme': '待归位·广告营销', 'n': 1, 'mean_pct': 9.93}, {'ts': '2026-09-22 09:51:07', 'theme': '待归位·房地产开', 'n': 1, 'mean_pct': -0.82}, {'ts': '2026-09-22 09:51:07', 'theme': '待归位·房地产服', 'n': 2, 'mean_pct': 9.95}, {'ts': '2026-09-22 09:51:07', 'theme': '待归位·服装家纺', 'n': 1, 'mean_pct': 10.0}, {'ts': '2026-09-22 09:51:07', 'theme': '待归位·燃气Ⅱ', 'n': 1, 'mean_pct': 7.08}, {'ts': '2026-09-22 09:51:07', 'theme': '待归位·软件开发', 'n': 1, 'mean_pct': 10.04}, {'ts': '2026-09-22 09:51:07', 'theme': '待归位·铁路公路', 'n': 1, 'mean_pct': 10.01}, {'ts': '2026-09-22 09:52:07', 'theme': '待归位·IT服务Ⅱ', 'n': 1, 'mean_pct': 10.03}, {'ts': '2026-09-22 09:52:07', 'theme': '待归位·其他家电', 'n': 1, 'mean_pct': 10.08}, {'ts': '2026-09-22 09:52:07', 'theme': '待归位·出版', 'n': 3, 'mean_pct': 9.9733}, {'ts': '2026-09-22 09:52:07', 'theme': '待归位·包装印刷', 'n': 1, 'mean_pct': 10.05}, {'ts': '2026-09-22 09:52:07', 'theme': '待归位·化学制品', 'n': 1, 'mean_pct': 10.02}, {'ts': '2026-09-22 09:52:07', 'theme': '待归位·化学制药', 'n': 3, 'mean_pct': 9.53}, {'ts': '2026-09-22 09:52:07', 'theme': '待归位·医疗服务', 'n': 2, 'mean_pct': 9.785}, {'ts': '2026-09-22 09:52:07', 'theme': '待归位·半导体', 'n': 1, 'mean_pct': 6.14}, {'ts': '2026-09-22 09:52:07', 'theme': '待归位·塑料', 'n': 1, 'mean_pct': 10.0}, {'ts': '2026-09-22 09:52:07', 'theme': '待归位·家居用品', 'n': 2, 'mean_pct': 8.285}, {'ts': '2026-09-22 09:52:07', 'theme': '待归位·广告营销', 'n': 1, 'mean_pct': 9.93}, {'ts': '2026-09-22 09:52:07', 'theme': '待归位·房地产开', 'n': 1, 'mean_pct': -0.82}, {'ts': '2026-09-22 09:52:07', 'theme': '待归位·房地产服', 'n': 2, 'mean_pct': 9.95}, {'ts': '2026-09-22 09:52:07', 'theme': '待归位·服装家纺', 'n': 1, 'mean_pct': 10.0}, {'ts': '2026-09-22 09:52:07', 'theme': '待归位·燃气Ⅱ', 'n': 1, 'mean_pct': 7.52}, {'ts': '2026-09-22 09:52:07', 'theme': '待归位·软件开发', 'n': 1, 'mean_pct': 10.04}, {'ts': '2026-09-22 09:52:07', 'theme': '待归位·铁路公路', 'n': 1, 'mean_pct': 10.01}, {'ts': '2026-09-22 09:53:07', 'theme': '待归位·IT服务Ⅱ', 'n': 1, 'mean_pct': 10.03}, {'ts': '2026-09-22 09:53:07', 'theme': '待归位·其他家电', 'n': 1, 'mean_pct': 10.08}, {'ts': '2026-09-22 09:53:07', 'theme': '待归位·出版', 'n': 3, 'mean_pct': 9.9733}, {'ts': '2026-09-22 09:53:07', 'theme': '待归位·包装印刷', 'n': 1, 'mean_pct': 10.05}, {'ts': '2026-09-22 09:53:07', 'theme': '待归位·化学制品', 'n': 1, 'mean_pct': 10.02}, {'ts': '2026-09-22 09:53:07', 'theme': '待归位·化学制药', 'n': 3, 'mean_pct': 9.3267}, {'ts': '2026-09-22 09:53:07', 'theme': '待归位·医疗服务', 'n': 2, 'mean_pct': 9.215}, {'ts': '2026-09-22 09:53:07', 'theme': '待归位·半导体', 'n': 1, 'mean_pct': 6.23}, {'ts': '2026-09-22 09:53:07', 'theme': '待归位·塑料', 'n': 1, 'mean_pct': 10.0}, {'ts': '2026-09-22 09:53:07', 'theme': '待归位·家居用品', 'n': 2, 'mean_pct': 8.365}, {'ts': '2026-09-22 09:53:07', 'theme': '待归位·广告营销', 'n': 1, 'mean_pct': 9.93}, {'ts': '2026-09-22 09:53:07', 'theme': '待归位·房地产开', 'n': 1, 'mean_pct': -0.41}, {'ts': '2026-09-22 09:53:07', 'theme': '待归位·房地产服', 'n': 2, 'mean_pct': 9.95}, {'ts': '2026-09-22 09:53:07', 'theme': '待归位·服装家纺', 'n': 1, 'mean_pct': 10.0}, {'ts': '2026-09-22 09:53:07', 'theme': '待归位·燃气Ⅱ', 'n': 1, 'mean_pct': 8.41}, {'ts': '2026-09-22 09:53:07', 'theme': '待归位·软件开发', 'n': 1, 'mean_pct': 10.04}, {'ts': '2026-09-22 09:53:07', 'theme': '待归位·铁路公路', 'n': 1, 'mean_pct': 10.01}, {'ts': '2026-09-22 09:54:08', 'theme': '待归位·IT服务Ⅱ', 'n': 1, 'mean_pct': 10.03}, {'ts': '2026-09-22 09:54:08', 'theme': '待归位·其他家电', 'n': 1, 'mean_pct': 10.08}, {'ts': '2026-09-22 09:54:08', 'theme': '待归位·出版', 'n': 3, 'mean_pct': 9.9733}, {'ts': '2026-09-22 09:54:08', 'theme': '待归位·包装印刷', 'n': 1, 'mean_pct': 10.05}, {'ts': '2026-09-22 09:54:08', 'theme': '待归位·化学制品', 'n': 1, 'mean_pct': 10.02}, {'ts': '2026-09-22 09:54:08', 'theme': '待归位·化学制药', 'n': 3, 'mean_pct': 9.2267}, {'ts': '2026-09-22 09:54:08', 'theme': '待归位·医疗服务', 'n': 2, 'mean_pct': 8.985}, {'ts': '2026-09-22 09:54:08', 'theme': '待归位·半导体', 'n': 1, 'mean_pct': 8.72}, {'ts': '2026-09-22 09:54:08', 'theme': '待归位·塑料', 'n': 1, 'mean_pct': 10.0}, {'ts': '2026-09-22 09:54:08', 'theme': '待归位·家居用品', 'n': 2, 'mean_pct': 7.965}, {'ts': '2026-09-22 09:54:08', 'theme': '待归位·广告营销', 'n': 1, 'mean_pct': 9.93}, {'ts': '2026-09-22 09:54:08', 'theme': '待归位·房地产开', 'n': 1, 'mean_pct': -0.82}, {'ts': '2026-09-22 09:54:08', 'theme': '待归位·房地产服', 'n': 2, 'mean_pct': 9.95}, {'ts': '2026-09-22 09:54:08', 'theme': '待归位·服装家纺', 'n': 1, 'mean_pct': 10.0}, {'ts': '2026-09-22 09:54:08', 'theme': '待归位·燃气Ⅱ', 'n': 1, 'mean_pct': 7.96}, {'ts': '2026-09-22 09:54:08', 'theme': '待归位·软件开发', 'n': 1, 'mean_pct': 10.04}, {'ts': '2026-09-22 09:54:08', 'theme': '待归位·铁路公路', 'n': 1, 'mean_pct': 10.01}, {'ts': '2026-09-22 09:55:08', 'theme': '待归位·IT服务Ⅱ', 'n': 1, 'mean_pct': 10.03}, {'ts': '2026-09-22 09:55:08', 'theme': '待归位·其他家电', 'n': 1, 'mean_pct': 10.08}, {'ts': '2026-09-22 09:55:08', 'theme': '待归位·出版', 'n': 3, 'mean_pct': 9.9733}, {'ts': '2026-09-22 09:55:08', 'theme': '待归位·包装印刷', 'n': 1, 'mean_pct': 10.05}, {'ts': '2026-09-22 09:55:08', 'theme': '待归位·化学制品', 'n': 1, 'mean_pct': 10.02}, {'ts': '2026-09-22 09:55:08', 'theme': '待归位·化学制药', 'n': 3, 'mean_pct': 9.0233}, {'ts': '2026-09-22 09:55:08', 'theme': '待归位·医疗服务', 'n': 2, 'mean_pct': 9.065}, {'ts': '2026-09-22 09:55:08', 'theme': '待归位·半导体', 'n': 1, 'mean_pct': 9.09}, {'ts': '2026-09-22 09:55:08', 'theme': '待归位·塑料', 'n': 1, 'mean_pct': 10.0}, {'ts': '2026-09-22 09:55:08', 'theme': '待归位·家居用品', 'n': 2, 'mean_pct': 7.965}, {'ts': '2026-09-22 09:55:08', 'theme': '待归位·广告营销', 'n': 1, 'mean_pct': 9.93}, {'ts': '2026-09-22 09:55:08', 'theme': '待归位·房地产开', 'n': 1, 'mean_pct': -1.23}, {'ts': '2026-09-22 09:55:08', 'theme': '待归位·房地产服', 'n': 2, 'mean_pct': 9.95}, {'ts': '2026-09-22 09:55:08', 'theme': '待归位·服装家纺', 'n': 1, 'mean_pct': 10.0}, {'ts': '2026-09-22 09:55:08', 'theme': '待归位·燃气Ⅱ', 'n': 1, 'mean_pct': 7.96}, {'ts': '2026-09-22 09:55:08', 'theme': '待归位·软件开发', 'n': 1, 'mean_pct': 10.04}, {'ts': '2026-09-22 09:55:08', 'theme': '待归位·铁路公路', 'n': 1, 'mean_pct': 10.01}, {'ts': '2026-09-22 09:56:08', 'theme': '待归位·IT服务Ⅱ', 'n': 1, 'mean_pct': 10.03}, {'ts': '2026-09-22 09:56:08', 'theme': '待归位·其他家电', 'n': 1, 'mean_pct': 10.08}, {'ts': '2026-09-22 09:56:08', 'theme': '待归位·出版', 'n': 3, 'mean_pct': 9.9733}, {'ts': '2026-09-22 09:56:08', 'theme': '待归位·包装印刷', 'n': 1, 'mean_pct': 10.05}, {'ts': '2026-09-22 09:56:08', 'theme': '待归位·化学制品', 'n': 1, 'mean_pct': 10.02}, {'ts': '2026-09-22 09:56:08', 'theme': '待归位·化学制药', 'n': 3, 'mean_pct': 8.82}, {'ts': '2026-09-22 09:56:08', 'theme': '待归位·医疗服务', 'n': 2, 'mean_pct': 8.985}, {'ts': '2026-09-22 09:56:08', 'theme': '待归位·半导体', 'n': 1, 'mean_pct': 8.61}, {'ts': '2026-09-22 09:56:08', 'theme': '待归位·塑料', 'n': 1, 'mean_pct': 10.0}, {'ts': '2026-09-22 09:56:08', 'theme': '待归位·家居用品', 'n': 2, 'mean_pct': 7.885}, {'ts': '2026-09-22 09:56:08', 'theme': '待归位·广告营销', 'n': 1, 'mean_pct': 9.93}, {'ts': '2026-09-22 09:56:08', 'theme': '待归位·房地产开', 'n': 1, 'mean_pct': -1.23}, {'ts': '2026-09-22 09:56:08', 'theme': '待归位·房地产服', 'n': 2, 'mean_pct': 9.95}, {'ts': '2026-09-22 09:56:08', 'theme': '待归位·服装家纺', 'n': 1, 'mean_pct': 10.0}, {'ts': '2026-09-22 09:56:08', 'theme': '待归位·燃气Ⅱ', 'n': 1, 'mean_pct': 7.52}, {'ts': '2026-09-22 09:56:08', 'theme': '待归位·软件开发', 'n': 1, 'mean_pct': 10.04}, {'ts': '2026-09-22 09:56:08', 'theme': '待归位·铁路公路', 'n': 1, 'mean_pct': 10.01}, {'ts': '2026-09-22 09:57:08', 'theme': '待归位·IT服务Ⅱ', 'n': 1, 'mean_pct': 10.03}, {'ts': '2026-09-22 09:57:08', 'theme': '待归位·其他家电', 'n': 1, 'mean_pct': 10.08}, {'ts': '2026-09-22 09:57:08', 'theme': '待归位·出版', 'n': 3, 'mean_pct': 9.9733}, {'ts': '2026-09-22 09:57:08', 'theme': '待归位·包装印刷', 'n': 1, 'mean_pct': 10.05}, {'ts': '2026-09-22 09:57:08', 'theme': '待归位·化学制品', 'n': 1, 'mean_pct': 10.02}, {'ts': '2026-09-22 09:57:08', 'theme': '待归位·化学制药', 'n': 3, 'mean_pct': 8.82}, {'ts': '2026-09-22 09:57:08', 'theme': '待归位·医疗服务', 'n': 2, 'mean_pct': 8.53}, {'ts': '2026-09-22 09:57:08', 'theme': '待归位·半导体', 'n': 1, 'mean_pct': 10.0}, {'ts': '2026-09-22 09:57:08', 'theme': '待归位·塑料', 'n': 1, 'mean_pct': 10.0}, {'ts': '2026-09-22 09:57:08', 'theme': '待归位·家居用品', 'n': 2, 'mean_pct': 7.165}, {'ts': '2026-09-22 09:57:08', 'theme': '待归位·广告营销', 'n': 1, 'mean_pct': 9.93}, {'ts': '2026-09-22 09:57:08', 'theme': '待归位·房地产开', 'n': 1, 'mean_pct': -1.23}, {'ts': '2026-09-22 09:57:08', 'theme': '待归位·房地产服', 'n': 2, 'mean_pct': 9.95}, {'ts': '2026-09-22 09:57:08', 'theme': '待归位·服装家纺', 'n': 1, 'mean_pct': 10.0}, {'ts': '2026-09-22 09:57:08', 'theme': '待归位·燃气Ⅱ', 'n': 1, 'mean_pct': 7.3}, {'ts': '2026-09-22 09:57:08', 'theme': '待归位·软件开发', 'n': 1, 'mean_pct': 10.04}, {'ts': '2026-09-22 09:57:08', 'theme': '待归位·铁路公路', 'n': 1, 'mean_pct': 10.01}, {'ts': '2026-09-22 09:58:08', 'theme': '待归位·IT服务Ⅱ', 'n': 1, 'mean_pct': 10.03}, {'ts': '2026-09-22 09:58:08', 'theme': '待归位·其他家电', 'n': 1, 'mean_pct': 10.08}, {'ts': '2026-09-22 09:58:08', 'theme': '待归位·出版', 'n': 3, 'mean_pct': 9.9733}, {'ts': '2026-09-22 09:58:08', 'theme': '待归位·包装印刷', 'n': 1, 'mean_pct': 10.05}, {'ts': '2026-09-22 09:58:08', 'theme': '待归位·化学制品', 'n': 1, 'mean_pct': 10.02}, {'ts': '2026-09-22 09:58:08', 'theme': '待归位·化学制药', 'n': 3, 'mean_pct': 8.82}, {'ts': '2026-09-22 09:58:08', 'theme': '待归位·医疗服务', 'n': 2, 'mean_pct': 8.685}, {'ts': '2026-09-22 09:58:08', 'theme': '待归位·半导体', 'n': 1, 'mean_pct': 10.0}, {'ts': '2026-09-22 09:58:08', 'theme': '待归位·塑料', 'n': 1, 'mean_pct': 10.0}, {'ts': '2026-09-22 09:58:08', 'theme': '待归位·家居用品', 'n': 2, 'mean_pct': 7.405}, {'ts': '2026-09-22 09:58:08', 'theme': '待归位·广告营销', 'n': 1, 'mean_pct': 9.93}, {'ts': '2026-09-22 09:58:08', 'theme': '待归位·房地产开', 'n': 1, 'mean_pct': -1.23}, {'ts': '2026-09-22 09:58:08', 'theme': '待归位·房地产服', 'n': 2, 'mean_pct': 9.95}, {'ts': '2026-09-22 09:58:08', 'theme': '待归位·服装家纺', 'n': 1, 'mean_pct': 10.0}, {'ts': '2026-09-22 09:58:08', 'theme': '待归位·燃气Ⅱ', 'n': 1, 'mean_pct': 7.74}, {'ts': '2026-09-22 09:58:08', 'theme': '待归位·软件开发', 'n': 1, 'mean_pct': 10.04}, {'ts': '2026-09-22 09:58:08', 'theme': '待归位·铁路公路', 'n': 1, 'mean_pct': 10.01}, {'ts': '2026-09-22 09:59:09', 'theme': '待归位·IT服务Ⅱ', 'n': 1, 'mean_pct': 10.03}, {'ts': '2026-09-22 09:59:09', 'theme': '待归位·其他家电', 'n': 1, 'mean_pct': 10.08}, {'ts': '2026-09-22 09:59:09', 'theme': '待归位·出版', 'n': 3, 'mean_pct': 9.9733}, {'ts': '2026-09-22 09:59:09', 'theme': '待归位·包装印刷', 'n': 1, 'mean_pct': 10.05}, {'ts': '2026-09-22 09:59:09', 'theme': '待归位·化学制品', 'n': 1, 'mean_pct': 10.02}, {'ts': '2026-09-22 09:59:09', 'theme': '待归位·化学制药', 'n': 3, 'mean_pct': 8.72}, {'ts': '2026-09-22 09:59:09', 'theme': '待归位·医疗服务', 'n': 2, 'mean_pct': 8.305}, {'ts': '2026-09-22 09:59:09', 'theme': '待归位·半导体', 'n': 1, 'mean_pct': 10.0}, {'ts': '2026-09-22 09:59:09', 'theme': '待归位·塑料', 'n': 1, 'mean_pct': 10.0}, {'ts': '2026-09-22 09:59:09', 'theme': '待归位·家居用品', 'n': 2, 'mean_pct': 7.565}, {'ts': '2026-09-22 09:59:09', 'theme': '待归位·广告营销', 'n': 1, 'mean_pct': 9.93}, {'ts': '2026-09-22 09:59:09', 'theme': '待归位·房地产开', 'n': 1, 'mean_pct': -1.23}, {'ts': '2026-09-22 09:59:09', 'theme': '待归位·房地产服', 'n': 2, 'mean_pct': 9.95}, {'ts': '2026-09-22 09:59:09', 'theme': '待归位·服装家纺', 'n': 1, 'mean_pct': 10.0}, {'ts': '2026-09-22 09:59:09', 'theme': '待归位·燃气Ⅱ', 'n': 1, 'mean_pct': 7.52}, {'ts': '2026-09-22 09:59:09', 'theme': '待归位·软件开发', 'n': 1, 'mean_pct': 10.04}, {'ts': '2026-09-22 09:59:09', 'theme': '待归位·铁路公路', 'n': 1, 'mean_pct': 10.01}, {'ts': '2026-09-22 10:00:09', 'theme': '待归位·IT服务Ⅱ', 'n': 1, 'mean_pct': 10.03}, {'ts': '2026-09-22 10:00:09', 'theme': '待归位·其他家电', 'n': 1, 'mean_pct': 10.08}, {'ts': '2026-09-22 10:00:09', 'theme': '待归位·出版', 'n': 3, 'mean_pct': 9.9733}, {'ts': '2026-09-22 10:00:09', 'theme': '待归位·包装印刷', 'n': 1, 'mean_pct': 10.05}, {'ts': '2026-09-22 10:00:09', 'theme': '待归位·化学制品', 'n': 1, 'mean_pct': 10.02}, {'ts': '2026-09-22 10:00:09', 'theme': '待归位·化学制药', 'n': 3, 'mean_pct': 8.82}, {'ts': '2026-09-22 10:00:09', 'theme': '待归位·医疗服务', 'n': 2, 'mean_pct': 7.96}, {'ts': '2026-09-22 10:00:09', 'theme': '待归位·半导体', 'n': 1, 'mean_pct': 10.0}, {'ts': '2026-09-22 10:00:09', 'theme': '待归位·塑料', 'n': 1, 'mean_pct': 10.0}, {'ts': '2026-09-22 10:00:09', 'theme': '待归位·家居用品', 'n': 2, 'mean_pct': 7.405}, {'ts': '2026-09-22 10:00:09', 'theme': '待归位·广告营销', 'n': 1, 'mean_pct': 9.93}, {'ts': '2026-09-22 10:00:09', 'theme': '待归位·房地产开', 'n': 1, 'mean_pct': -1.23}, {'ts': '2026-09-22 10:00:09', 'theme': '待归位·房地产服', 'n': 2, 'mean_pct': 9.95}, {'ts': '2026-09-22 10:00:09', 'theme': '待归位·服装家纺', 'n': 1, 'mean_pct': 10.0}, {'ts': '2026-09-22 10:00:09', 'theme': '待归位·燃气Ⅱ', 'n': 1, 'mean_pct': 7.96}, {'ts': '2026-09-22 10:00:09', 'theme': '待归位·软件开发', 'n': 1, 'mean_pct': 10.04}, {'ts': '2026-09-22 10:00:09', 'theme': '待归位·铁路公路', 'n': 1, 'mean_pct': 10.01}, {'ts': '2026-09-22 10:01:09', 'theme': '待归位·IT服务Ⅱ', 'n': 1, 'mean_pct': 10.03}, {'ts': '2026-09-22 10:01:09', 'theme': '待归位·其他家电', 'n': 1, 'mean_pct': 10.08}, {'ts': '2026-09-22 10:01:09', 'theme': '待归位·出版', 'n': 3, 'mean_pct': 9.9733}, {'ts': '2026-09-22 10:01:09', 'theme': '待归位·包装印刷', 'n': 1, 'mean_pct': 10.05}, {'ts': '2026-09-22 10:01:09', 'theme': '待归位·化学制品', 'n': 1, 'mean_pct': 10.02}, {'ts': '2026-09-22 10:01:09', 'theme': '待归位·化学制药', 'n': 3, 'mean_pct': 8.9233}, {'ts': '2026-09-22 10:01:09', 'theme': '待归位·医疗服务', 'n': 2, 'mean_pct': 8.835}, {'ts': '2026-09-22 10:01:09', 'theme': '待归位·半导体', 'n': 1, 'mean_pct': 10.0}, {'ts': '2026-09-22 10:01:09', 'theme': '待归位·塑料', 'n': 1, 'mean_pct': 10.0}, {'ts': '2026-09-22 10:01:09', 'theme': '待归位·家居用品', 'n': 2, 'mean_pct': 7.405}, {'ts': '2026-09-22 10:01:09', 'theme': '待归位·广告营销', 'n': 1, 'mean_pct': 9.93}, {'ts': '2026-09-22 10:01:09', 'theme': '待归位·房地产开', 'n': 1, 'mean_pct': -2.06}, {'ts': '2026-09-22 10:01:09', 'theme': '待归位·房地产服', 'n': 2, 'mean_pct': 9.95}, {'ts': '2026-09-22 10:01:09', 'theme': '待归位·服装家纺', 'n': 1, 'mean_pct': 10.0}, {'ts': '2026-09-22 10:01:09', 'theme': '待归位·燃气Ⅱ', 'n': 1, 'mean_pct': 8.63}, {'ts': '2026-09-22 10:01:09', 'theme': '待归位·软件开发', 'n': 1, 'mean_pct': 10.04}, {'ts': '2026-09-22 10:01:09', 'theme': '待归位·铁路公路', 'n': 1, 'mean_pct': 10.01}, {'ts': '2026-09-22 10:02:09', 'theme': '待归位·IT服务Ⅱ', 'n': 1, 'mean_pct': 10.03}, {'ts': '2026-09-22 10:02:09', 'theme': '待归位·其他家电', 'n': 1, 'mean_pct': 10.08}, {'ts': '2026-09-22 10:02:09', 'theme': '待归位·出版', 'n': 3, 'mean_pct': 9.9733}, {'ts': '2026-09-22 10:02:09', 'theme': '待归位·包装印刷', 'n': 1, 'mean_pct': 10.05}, {'ts': '2026-09-22 10:02:09', 'theme': '待归位·化学制品', 'n': 1, 'mean_pct': 10.02}, {'ts': '2026-09-22 10:02:09', 'theme': '待归位·化学制药', 'n': 3, 'mean_pct': 8.82}, {'ts': '2026-09-22 10:02:09', 'theme': '待归位·医疗服务', 'n': 2, 'mean_pct': 8.685}, {'ts': '2026-09-22 10:02:09', 'theme': '待归位·半导体', 'n': 1, 'mean_pct': 10.0}, {'ts': '2026-09-22 10:02:09', 'theme': '待归位·塑料', 'n': 1, 'mean_pct': 10.0}, {'ts': '2026-09-22 10:02:09', 'theme': '待归位·家居用品', 'n': 2, 'mean_pct': 7.005}, {'ts': '2026-09-22 10:02:09', 'theme': '待归位·广告营销', 'n': 1, 'mean_pct': 9.93}, {'ts': '2026-09-22 10:02:09', 'theme': '待归位·房地产开', 'n': 1, 'mean_pct': -2.47}, {'ts': '2026-09-22 10:02:09', 'theme': '待归位·房地产服', 'n': 2, 'mean_pct': 9.95}, {'ts': '2026-09-22 10:02:09', 'theme': '待归位·服装家纺', 'n': 1, 'mean_pct': 10.0}, {'ts': '2026-09-22 10:02:09', 'theme': '待归位·燃气Ⅱ', 'n': 1, 'mean_pct': 8.63}, {'ts': '2026-09-22 10:02:09', 'theme': '待归位·软件开发', 'n': 1, 'mean_pct': 10.04}, {'ts': '2026-09-22 10:02:09', 'theme': '待归位·铁路公路', 'n': 1, 'mean_pct': 10.01}, {'ts': '2026-09-22 10:03:09', 'theme': '待归位·IT服务Ⅱ', 'n': 1, 'mean_pct': 10.03}, {'ts': '2026-09-22 10:03:09', 'theme': '待归位·其他家电', 'n': 1, 'mean_pct': 10.08}, {'ts': '2026-09-22 10:03:09', 'theme': '待归位·出版', 'n': 3, 'mean_pct': 9.9733}, {'ts': '2026-09-22 10:03:09', 'theme': '待归位·包装印刷', 'n': 1, 'mean_pct': 10.05}, {'ts': '2026-09-22 10:03:09', 'theme': '待归位·化学制品', 'n': 1, 'mean_pct': 10.02}, {'ts': '2026-09-22 10:03:09', 'theme': '待归位·化学制药', 'n': 3, 'mean_pct': 8.8567}, {'ts': '2026-09-22 10:03:09', 'theme': '待归位·医疗服务', 'n': 2, 'mean_pct': 8.835}, {'ts': '2026-09-22 10:03:09', 'theme': '待归位·半导体', 'n': 1, 'mean_pct': 10.0}, {'ts': '2026-09-22 10:03:09', 'theme': '待归位·塑料', 'n': 1, 'mean_pct': 10.0}, {'ts': '2026-09-22 10:03:09', 'theme': '待归位·家居用品', 'n': 2, 'mean_pct': 6.925}, {'ts': '2026-09-22 10:03:09', 'theme': '待归位·广告营销', 'n': 1, 'mean_pct': 9.93}, {'ts': '2026-09-22 10:03:09', 'theme': '待归位·房地产开', 'n': 1, 'mean_pct': -2.06}, {'ts': '2026-09-22 10:03:09', 'theme': '待归位·房地产服', 'n': 2, 'mean_pct': 9.95}, {'ts': '2026-09-22 10:03:09', 'theme': '待归位·服装家纺', 'n': 1, 'mean_pct': 10.0}, {'ts': '2026-09-22 10:03:09', 'theme': '待归位·燃气Ⅱ', 'n': 1, 'mean_pct': 8.41}, {'ts': '2026-09-22 10:03:09', 'theme': '待归位·软件开发', 'n': 1, 'mean_pct': 10.04}, {'ts': '2026-09-22 10:03:09', 'theme': '待归位·铁路公路', 'n': 1, 'mean_pct': 10.01}, {'ts': '2026-09-22 10:04:10', 'theme': '待归位·IT服务Ⅱ', 'n': 1, 'mean_pct': 10.03}, {'ts': '2026-09-22 10:04:10', 'theme': '待归位·其他家电', 'n': 1, 'mean_pct': 10.08}, {'ts': '2026-09-22 10:04:10', 'theme': '待归位·出版', 'n': 3, 'mean_pct': 9.9733}, {'ts': '2026-09-22 10:04:10', 'theme': '待归位·包装印刷', 'n': 1, 'mean_pct': 10.05}, {'ts': '2026-09-22 10:04:10', 'theme': '待归位·化学制品', 'n': 1, 'mean_pct': 10.02}, {'ts': '2026-09-22 10:04:10', 'theme': '待归位·化学制药', 'n': 3, 'mean_pct': 8.48}, {'ts': '2026-09-22 10:04:10', 'theme': '待归位·医疗服务', 'n': 2, 'mean_pct': 8.38}, {'ts': '2026-09-22 10:04:10', 'theme': '待归位·半导体', 'n': 1, 'mean_pct': 10.0}, {'ts': '2026-09-22 10:04:10', 'theme': '待归位·塑料', 'n': 1, 'mean_pct': 10.0}, {'ts': '2026-09-22 10:04:10', 'theme': '待归位·家居用品', 'n': 2, 'mean_pct': 7.165}, {'ts': '2026-09-22 10:04:10', 'theme': '待归位·广告营销', 'n': 1, 'mean_pct': 9.93}, {'ts': '2026-09-22 10:04:10', 'theme': '待归位·房地产开', 'n': 1, 'mean_pct': -2.47}, {'ts': '2026-09-22 10:04:10', 'theme': '待归位·房地产服', 'n': 2, 'mean_pct': 9.95}, {'ts': '2026-09-22 10:04:10', 'theme': '待归位·服装家纺', 'n': 1, 'mean_pct': 10.0}, {'ts': '2026-09-22 10:04:10', 'theme': '待归位·燃气Ⅱ', 'n': 1, 'mean_pct': 8.19}, {'ts': '2026-09-22 10:04:10', 'theme': '待归位·软件开发', 'n': 1, 'mean_pct': 10.04}, {'ts': '2026-09-22 10:04:10', 'theme': '待归位·铁路公路', 'n': 1, 'mean_pct': 10.01}, {'ts': '2026-09-22 10:05:10', 'theme': '待归位·IT服务Ⅱ', 'n': 1, 'mean_pct': 10.03}, {'ts': '2026-09-22 10:05:10', 'theme': '待归位·其他家电', 'n': 1, 'mean_pct': 10.08}, {'ts': '2026-09-22 10:05:10', 'theme': '待归位·出版', 'n': 3, 'mean_pct': 9.9733}, {'ts': '2026-09-22 10:05:10', 'theme': '待归位·包装印刷', 'n': 1, 'mean_pct': 10.05}, {'ts': '2026-09-22 10:05:10', 'theme': '待归位·化学制品', 'n': 1, 'mean_pct': 10.02}, {'ts': '2026-09-22 10:05:10', 'theme': '待归位·化学制药', 'n': 3, 'mean_pct': 8.3033}, {'ts': '2026-09-22 10:05:10', 'theme': '待归位·医疗服务', 'n': 2, 'mean_pct': 8.38}, {'ts': '2026-09-22 10:05:10', 'theme': '待归位·半导体', 'n': 1, 'mean_pct': 10.0}, {'ts': '2026-09-22 10:05:10', 'theme': '待归位·塑料', 'n': 1, 'mean_pct': 10.0}, {'ts': '2026-09-22 10:05:10', 'theme': '待归位·家居用品', 'n': 2, 'mean_pct': 7.005}, {'ts': '2026-09-22 10:05:10', 'theme': '待归位·广告营销', 'n': 1, 'mean_pct': 9.93}, {'ts': '2026-09-22 10:05:10', 'theme': '待归位·房地产开', 'n': 1, 'mean_pct': -2.47}, {'ts': '2026-09-22 10:05:10', 'theme': '待归位·房地产服', 'n': 2, 'mean_pct': 9.95}, {'ts': '2026-09-22 10:05:10', 'theme': '待归位·服装家纺', 'n': 1, 'mean_pct': 10.0}, {'ts': '2026-09-22 10:05:10', 'theme': '待归位·燃气Ⅱ', 'n': 1, 'mean_pct': 7.96}, {'ts': '2026-09-22 10:05:10', 'theme': '待归位·软件开发', 'n': 1, 'mean_pct': 8.07}, {'ts': '2026-09-22 10:05:10', 'theme': '待归位·铁路公路', 'n': 1, 'mean_pct': 10.01}, {'ts': '2026-09-22 10:06:10', 'theme': '待归位·IT服务Ⅱ', 'n': 1, 'mean_pct': 10.03}, {'ts': '2026-09-22 10:06:10', 'theme': '待归位·其他家电', 'n': 1, 'mean_pct': 10.08}, {'ts': '2026-09-22 10:06:10', 'theme': '待归位·出版', 'n': 3, 'mean_pct': 9.9733}, {'ts': '2026-09-22 10:06:10', 'theme': '待归位·包装印刷', 'n': 1, 'mean_pct': 10.05}, {'ts': '2026-09-22 10:06:10', 'theme': '待归位·化学制品', 'n': 1, 'mean_pct': 10.02}, {'ts': '2026-09-22 10:06:10', 'theme': '待归位·化学制药', 'n': 3, 'mean_pct': 7.9933}, {'ts': '2026-09-22 10:06:10', 'theme': '待归位·医疗服务', 'n': 2, 'mean_pct': 8.455}, {'ts': '2026-09-22 10:06:10', 'theme': '待归位·半导体', 'n': 1, 'mean_pct': 10.0}, {'ts': '2026-09-22 10:06:10', 'theme': '待归位·塑料', 'n': 1, 'mean_pct': 10.0}, {'ts': '2026-09-22 10:06:10', 'theme': '待归位·家居用品', 'n': 2, 'mean_pct': 7.005}, {'ts': '2026-09-22 10:06:10', 'theme': '待归位·广告营销', 'n': 1, 'mean_pct': 9.93}, {'ts': '2026-09-22 10:06:10', 'theme': '待归位·房地产开', 'n': 1, 'mean_pct': -2.88}, {'ts': '2026-09-22 10:06:10', 'theme': '待归位·房地产服', 'n': 2, 'mean_pct': 9.95}, {'ts': '2026-09-22 10:06:10', 'theme': '待归位·服装家纺', 'n': 1, 'mean_pct': 10.0}, {'ts': '2026-09-22 10:06:10', 'theme': '待归位·燃气Ⅱ', 'n': 1, 'mean_pct': 8.19}, {'ts': '2026-09-22 10:06:10', 'theme': '待归位·软件开发', 'n': 1, 'mean_pct': 8.66}, {'ts': '2026-09-22 10:06:10', 'theme': '待归位·铁路公路', 'n': 1, 'mean_pct': 10.01}, {'ts': '2026-09-22 10:07:10', 'theme': '待归位·IT服务Ⅱ', 'n': 1, 'mean_pct': 10.03}, {'ts': '2026-09-22 10:07:10', 'theme': '待归位·其他家电', 'n': 1, 'mean_pct': 10.08}, {'ts': '2026-09-22 10:07:10', 'theme': '待归位·出版', 'n': 3, 'mean_pct': 9.9733}, {'ts': '2026-09-22 10:07:10', 'theme': '待归位·包装印刷', 'n': 1, 'mean_pct': 10.05}, {'ts': '2026-09-22 10:07:10', 'theme': '待归位·化学制品', 'n': 1, 'mean_pct': 10.02}, {'ts': '2026-09-22 10:07:10', 'theme': '待归位·化学制药', 'n': 3, 'mean_pct': 7.79}, {'ts': '2026-09-22 10:07:10', 'theme': '待归位·医疗服务', 'n': 2, 'mean_pct': 8.305}, {'ts': '2026-09-22 10:07:10', 'theme': '待归位·半导体', 'n': 1, 'mean_pct': 10.0}, {'ts': '2026-09-22 10:07:10', 'theme': '待归位·塑料', 'n': 1, 'mean_pct': 10.0}, {'ts': '2026-09-22 10:07:10', 'theme': '待归位·家居用品', 'n': 2, 'mean_pct': 7.085}, {'ts': '2026-09-22 10:07:10', 'theme': '待归位·广告营销', 'n': 1, 'mean_pct': 9.93}, {'ts': '2026-09-22 10:07:10', 'theme': '待归位·房地产开', 'n': 1, 'mean_pct': -2.47}, {'ts': '2026-09-22 10:07:10', 'theme': '待归位·房地产服', 'n': 2, 'mean_pct': 9.95}, {'ts': '2026-09-22 10:07:10', 'theme': '待归位·服装家纺', 'n': 1, 'mean_pct': 10.0}, {'ts': '2026-09-22 10:07:10', 'theme': '待归位·燃气Ⅱ', 'n': 1, 'mean_pct': 8.63}, {'ts': '2026-09-22 10:07:10', 'theme': '待归位·软件开发', 'n': 1, 'mean_pct': 7.87}, {'ts': '2026-09-22 10:07:10', 'theme': '待归位·铁路公路', 'n': 1, 'mean_pct': 10.01}, {'ts': '2026-09-22 10:08:11', 'theme': '待归位·IT服务Ⅱ', 'n': 1, 'mean_pct': 10.03}, {'ts': '2026-09-22 10:08:11', 'theme': '待归位·其他家电', 'n': 1, 'mean_pct': 10.08}, {'ts': '2026-09-22 10:08:11', 'theme': '待归位·出版', 'n': 3, 'mean_pct': 9.9733}, {'ts': '2026-09-22 10:08:11', 'theme': '待归位·包装印刷', 'n': 1, 'mean_pct': 10.05}, {'ts': '2026-09-22 10:08:11', 'theme': '待归位·化学制品', 'n': 1, 'mean_pct': 10.02}, {'ts': '2026-09-22 10:08:11', 'theme': '待归位·化学制药', 'n': 3, 'mean_pct': 7.4733}, {'ts': '2026-09-22 10:08:11', 'theme': '待归位·医疗服务', 'n': 2, 'mean_pct': 8.265}, {'ts': '2026-09-22 10:08:11', 'theme': '待归位·半导体', 'n': 1, 'mean_pct': 10.0}, {'ts': '2026-09-22 10:08:11', 'theme': '待归位·塑料', 'n': 1, 'mean_pct': 10.0}, {'ts': '2026-09-22 10:08:11', 'theme': '待归位·家居用品', 'n': 2, 'mean_pct': 7.485}, {'ts': '2026-09-22 10:08:11', 'theme': '待归位·广告营销', 'n': 1, 'mean_pct': 9.93}, {'ts': '2026-09-22 10:08:11', 'theme': '待归位·房地产开', 'n': 1, 'mean_pct': -2.88}, {'ts': '2026-09-22 10:08:11', 'theme': '待归位·房地产服', 'n': 2, 'mean_pct': 9.95}, {'ts': '2026-09-22 10:08:11', 'theme': '待归位·服装家纺', 'n': 1, 'mean_pct': 10.0}, {'ts': '2026-09-22 10:08:11', 'theme': '待归位·燃气Ⅱ', 'n': 1, 'mean_pct': 8.63}, {'ts': '2026-09-22 10:08:11', 'theme': '待归位·软件开发', 'n': 1, 'mean_pct': 7.28}, {'ts': '2026-09-22 10:08:11', 'theme': '待归位·铁路公路', 'n': 1, 'mean_pct': 10.01}, {'ts': '2026-09-22 10:09:11', 'theme': '待归位·IT服务Ⅱ', 'n': 1, 'mean_pct': 10.03}, {'ts': '2026-09-22 10:09:11', 'theme': '待归位·其他家电', 'n': 1, 'mean_pct': 10.08}, {'ts': '2026-09-22 10:09:11', 'theme': '待归位·出版', 'n': 3, 'mean_pct': 9.9733}, {'ts': '2026-09-22 10:09:11', 'theme': '待归位·包装印刷', 'n': 1, 'mean_pct': 10.05}, {'ts': '2026-09-22 10:09:11', 'theme': '待归位·化学制品', 'n': 1, 'mean_pct': 10.02}, {'ts': '2026-09-22 10:09:11', 'theme': '待归位·化学制药', 'n': 3, 'mean_pct': 8.2}, {'ts': '2026-09-22 10:09:11', 'theme': '待归位·医疗服务', 'n': 2, 'mean_pct': 8.075}, {'ts': '2026-09-22 10:09:11', 'theme': '待归位·半导体', 'n': 1, 'mean_pct': 10.0}, {'ts': '2026-09-22 10:09:11', 'theme': '待归位·塑料', 'n': 1, 'mean_pct': 10.0}, {'ts': '2026-09-22 10:09:11', 'theme': '待归位·家居用品', 'n': 2, 'mean_pct': 7.645}, {'ts': '2026-09-22 10:09:11', 'theme': '待归位·广告营销', 'n': 1, 'mean_pct': 9.93}, {'ts': '2026-09-22 10:09:11', 'theme': '待归位·房地产开', 'n': 1, 'mean_pct': -2.47}, {'ts': '2026-09-22 10:09:11', 'theme': '待归位·房地产服', 'n': 2, 'mean_pct': 9.95}, {'ts': '2026-09-22 10:09:11', 'theme': '待归位·服装家纺', 'n': 1, 'mean_pct': 10.0}, {'ts': '2026-09-22 10:09:11', 'theme': '待归位·燃气Ⅱ', 'n': 1, 'mean_pct': 9.07}, {'ts': '2026-09-22 10:09:11', 'theme': '待归位·软件开发', 'n': 1, 'mean_pct': 7.09}, {'ts': '2026-09-22 10:09:11', 'theme': '待归位·铁路公路', 'n': 1, 'mean_pct': 10.01}, {'ts': '2026-09-22 10:10:11', 'theme': '待归位·IT服务Ⅱ', 'n': 1, 'mean_pct': 10.03}, {'ts': '2026-09-22 10:10:11', 'theme': '待归位·其他家电', 'n': 1, 'mean_pct': 10.08}, {'ts': '2026-09-22 10:10:11', 'theme': '待归位·出版', 'n': 3, 'mean_pct': 9.9733}, {'ts': '2026-09-22 10:10:11', 'theme': '待归位·包装印刷', 'n': 1, 'mean_pct': 10.05}, {'ts': '2026-09-22 10:10:11', 'theme': '待归位·化学制品', 'n': 1, 'mean_pct': 10.02}, {'ts': '2026-09-22 10:10:11', 'theme': '待归位·化学制药', 'n': 3, 'mean_pct': 8.0067}, {'ts': '2026-09-22 10:10:11', 'theme': '待归位·医疗服务', 'n': 2, 'mean_pct': 8.115}, {'ts': '2026-09-22 10:10:11', 'theme': '待归位·半导体', 'n': 1, 'mean_pct': 10.0}, {'ts': '2026-09-22 10:10:11', 'theme': '待归位·塑料', 'n': 1, 'mean_pct': 10.0}, {'ts': '2026-09-22 10:10:11', 'theme': '待归位·家居用品', 'n': 2, 'mean_pct': 7.565}, {'ts': '2026-09-22 10:10:11', 'theme': '待归位·广告营销', 'n': 1, 'mean_pct': 9.93}, {'ts': '2026-09-22 10:10:11', 'theme': '待归位·房地产开', 'n': 1, 'mean_pct': -2.47}, {'ts': '2026-09-22 10:10:11', 'theme': '待归位·房地产服', 'n': 2, 'mean_pct': 9.95}, {'ts': '2026-09-22 10:10:11', 'theme': '待归位·服装家纺', 'n': 1, 'mean_pct': 10.0}, {'ts': '2026-09-22 10:10:11', 'theme': '待归位·燃气Ⅱ', 'n': 1, 'mean_pct': 9.07}, {'ts': '2026-09-22 10:10:11', 'theme': '待归位·软件开发', 'n': 1, 'mean_pct': 8.46}, {'ts': '2026-09-22 10:10:11', 'theme': '待归位·铁路公路', 'n': 1, 'mean_pct': 10.01}, {'ts': '2026-09-22 10:11:11', 'theme': '待归位·IT服务Ⅱ', 'n': 1, 'mean_pct': 10.03}, {'ts': '2026-09-22 10:11:11', 'theme': '待归位·其他家电', 'n': 1, 'mean_pct': 10.08}, {'ts': '2026-09-22 10:11:11', 'theme': '待归位·出版', 'n': 3, 'mean_pct': 9.9733}, {'ts': '2026-09-22 10:11:11', 'theme': '待归位·包装印刷', 'n': 1, 'mean_pct': 10.05}, {'ts': '2026-09-22 10:11:11', 'theme': '待归位·化学制品', 'n': 1, 'mean_pct': 10.02}, {'ts': '2026-09-22 10:11:11', 'theme': '待归位·化学制药', 'n': 3, 'mean_pct': 9.2267}, {'ts': '2026-09-22 10:11:11', 'theme': '待归位·医疗服务', 'n': 2, 'mean_pct': 8.38}, {'ts': '2026-09-22 10:11:11', 'theme': '待归位·半导体', 'n': 1, 'mean_pct': 10.0}, {'ts': '2026-09-22 10:11:11', 'theme': '待归位·塑料', 'n': 1, 'mean_pct': 10.0}, {'ts': '2026-09-22 10:11:11', 'theme': '待归位·家居用品', 'n': 2, 'mean_pct': 7.085}, {'ts': '2026-09-22 10:11:11', 'theme': '待归位·广告营销', 'n': 1, 'mean_pct': 9.93}, {'ts': '2026-09-22 10:11:11', 'theme': '待归位·房地产开', 'n': 1, 'mean_pct': -2.06}, {'ts': '2026-09-22 10:11:11', 'theme': '待归位·房地产服', 'n': 2, 'mean_pct': 9.95}, {'ts': '2026-09-22 10:11:11', 'theme': '待归位·服装家纺', 'n': 1, 'mean_pct': 10.0}, {'ts': '2026-09-22 10:11:11', 'theme': '待归位·燃气Ⅱ', 'n': 1, 'mean_pct': 9.29}, {'ts': '2026-09-22 10:11:11', 'theme': '待归位·软件开发', 'n': 1, 'mean_pct': 8.86}, {'ts': '2026-09-22 10:11:11', 'theme': '待归位·铁路公路', 'n': 1, 'mean_pct': 10.01}, {'ts': '2026-09-22 10:12:12', 'theme': '待归位·IT服务Ⅱ', 'n': 1, 'mean_pct': 10.03}, {'ts': '2026-09-22 10:12:12', 'theme': '待归位·其他家电', 'n': 1, 'mean_pct': 10.08}, {'ts': '2026-09-22 10:12:12', 'theme': '待归位·出版', 'n': 3, 'mean_pct': 9.9733}, {'ts': '2026-09-22 10:12:12', 'theme': '待归位·包装印刷', 'n': 1, 'mean_pct': 10.05}, {'ts': '2026-09-22 10:12:12', 'theme': '待归位·化学制品', 'n': 1, 'mean_pct': 10.02}, {'ts': '2026-09-22 10:12:12', 'theme': '待归位·化学制药', 'n': 3, 'mean_pct': 9.53}, {'ts': '2026-09-22 10:12:12', 'theme': '待归位·医疗服务', 'n': 2, 'mean_pct': 9.18}, {'ts': '2026-09-22 10:12:12', 'theme': '待归位·半导体', 'n': 1, 'mean_pct': 10.0}, {'ts': '2026-09-22 10:12:12', 'theme': '待归位·塑料', 'n': 1, 'mean_pct': 10.0}, {'ts': '2026-09-22 10:12:12', 'theme': '待归位·家居用品', 'n': 2, 'mean_pct': 7.805}, {'ts': '2026-09-22 10:12:12', 'theme': '待归位·广告营销', 'n': 1, 'mean_pct': 9.93}, {'ts': '2026-09-22 10:12:12', 'theme': '待归位·房地产开', 'n': 1, 'mean_pct': -2.06}, {'ts': '2026-09-22 10:12:12', 'theme': '待归位·房地产服', 'n': 2, 'mean_pct': 9.95}, {'ts': '2026-09-22 10:12:12', 'theme': '待归位·服装家纺', 'n': 1, 'mean_pct': 10.0}, {'ts': '2026-09-22 10:12:12', 'theme': '待归位·燃气Ⅱ', 'n': 1, 'mean_pct': 9.73}, {'ts': '2026-09-22 10:12:12', 'theme': '待归位·软件开发', 'n': 1, 'mean_pct': 8.07}, {'ts': '2026-09-22 10:12:12', 'theme': '待归位·铁路公路', 'n': 1, 'mean_pct': 10.01}, {'ts': '2026-09-22 10:13:12', 'theme': '待归位·IT服务Ⅱ', 'n': 1, 'mean_pct': 10.03}, {'ts': '2026-09-22 10:13:12', 'theme': '待归位·其他家电', 'n': 1, 'mean_pct': 10.08}, {'ts': '2026-09-22 10:13:12', 'theme': '待归位·出版', 'n': 3, 'mean_pct': 9.9733}, {'ts': '2026-09-22 10:13:12', 'theme': '待归位·包装印刷', 'n': 1, 'mean_pct': 10.05}, {'ts': '2026-09-22 10:13:12', 'theme': '待归位·化学制品', 'n': 1, 'mean_pct': 10.02}, {'ts': '2026-09-22 10:13:12', 'theme': '待归位·化学制药', 'n': 3, 'mean_pct': 9.1233}, {'ts': '2026-09-22 10:13:12', 'theme': '待归位·医疗服务', 'n': 2, 'mean_pct': 9.025}, {'ts': '2026-09-22 10:13:12', 'theme': '待归位·半导体', 'n': 1, 'mean_pct': 10.0}, {'ts': '2026-09-22 10:13:12', 'theme': '待归位·塑料', 'n': 1, 'mean_pct': 10.0}, {'ts': '2026-09-22 10:13:12', 'theme': '待归位·家居用品', 'n': 2, 'mean_pct': 7.805}, {'ts': '2026-09-22 10:13:12', 'theme': '待归位·广告营销', 'n': 1, 'mean_pct': 9.93}, {'ts': '2026-09-22 10:13:12', 'theme': '待归位·房地产开', 'n': 1, 'mean_pct': -2.06}, {'ts': '2026-09-22 10:13:12', 'theme': '待归位·房地产服', 'n': 2, 'mean_pct': 9.95}, {'ts': '2026-09-22 10:13:12', 'theme': '待归位·服装家纺', 'n': 1, 'mean_pct': 10.0}, {'ts': '2026-09-22 10:13:12', 'theme': '待归位·燃气Ⅱ', 'n': 1, 'mean_pct': 9.73}, {'ts': '2026-09-22 10:13:12', 'theme': '待归位·软件开发', 'n': 1, 'mean_pct': 7.48}, {'ts': '2026-09-22 10:13:12', 'theme': '待归位·铁路公路', 'n': 1, 'mean_pct': 10.01}, {'ts': '2026-09-22 10:14:12', 'theme': '待归位·IT服务Ⅱ', 'n': 1, 'mean_pct': 10.03}, {'ts': '2026-09-22 10:14:12', 'theme': '待归位·其他家电', 'n': 1, 'mean_pct': 10.08}, {'ts': '2026-09-22 10:14:12', 'theme': '待归位·出版', 'n': 3, 'mean_pct': 9.9733}, {'ts': '2026-09-22 10:14:12', 'theme': '待归位·包装印刷', 'n': 1, 'mean_pct': 10.05}, {'ts': '2026-09-22 10:14:12', 'theme': '待归位·化学制品', 'n': 1, 'mean_pct': 10.02}, {'ts': '2026-09-22 10:14:12', 'theme': '待归位·化学制药', 'n': 3, 'mean_pct': 8.9233}, {'ts': '2026-09-22 10:14:12', 'theme': '待归位·医疗服务', 'n': 2, 'mean_pct': 9.37}, {'ts': '2026-09-22 10:14:12', 'theme': '待归位·半导体', 'n': 1, 'mean_pct': 10.0}, {'ts': '2026-09-22 10:14:12', 'theme': '待归位·塑料', 'n': 1, 'mean_pct': 10.0}, {'ts': '2026-09-22 10:14:12', 'theme': '待归位·家居用品', 'n': 2, 'mean_pct': 7.485}, {'ts': '2026-09-22 10:14:12', 'theme': '待归位·广告营销', 'n': 1, 'mean_pct': 9.93}, {'ts': '2026-09-22 10:14:12', 'theme': '待归位·房地产开', 'n': 1, 'mean_pct': -1.65}, {'ts': '2026-09-22 10:14:12', 'theme': '待归位·房地产服', 'n': 2, 'mean_pct': 9.95}, {'ts': '2026-09-22 10:14:12', 'theme': '待归位·服装家纺', 'n': 1, 'mean_pct': 10.0}, {'ts': '2026-09-22 10:14:12', 'theme': '待归位·燃气Ⅱ', 'n': 1, 'mean_pct': 9.96}, {'ts': '2026-09-22 10:14:12', 'theme': '待归位·软件开发', 'n': 1, 'mean_pct': 7.87}, {'ts': '2026-09-22 10:14:12', 'theme': '待归位·铁路公路', 'n': 1, 'mean_pct': 10.01}, {'ts': '2026-09-22 10:15:12', 'theme': '待归位·IT服务Ⅱ', 'n': 1, 'mean_pct': 10.03}, {'ts': '2026-09-22 10:15:12', 'theme': '待归位·其他家电', 'n': 1, 'mean_pct': 10.08}, {'ts': '2026-09-22 10:15:12', 'theme': '待归位·出版', 'n': 3, 'mean_pct': 9.9733}, {'ts': '2026-09-22 10:15:12', 'theme': '待归位·包装印刷', 'n': 1, 'mean_pct': 10.05}, {'ts': '2026-09-22 10:15:12', 'theme': '待归位·化学制品', 'n': 1, 'mean_pct': 10.02}, {'ts': '2026-09-22 10:15:12', 'theme': '待归位·化学制药', 'n': 3, 'mean_pct': 9.1233}, {'ts': '2026-09-22 10:15:12', 'theme': '待归位·医疗服务', 'n': 2, 'mean_pct': 9.52}, {'ts': '2026-09-22 10:15:12', 'theme': '待归位·半导体', 'n': 1, 'mean_pct': 10.0}, {'ts': '2026-09-22 10:15:12', 'theme': '待归位·塑料', 'n': 1, 'mean_pct': 10.0}, {'ts': '2026-09-22 10:15:12', 'theme': '待归位·家居用品', 'n': 2, 'mean_pct': 7.725}, {'ts': '2026-09-22 10:15:12', 'theme': '待归位·广告营销', 'n': 1, 'mean_pct': 9.93}, {'ts': '2026-09-22 10:15:12', 'theme': '待归位·房地产开', 'n': 1, 'mean_pct': -2.06}, {'ts': '2026-09-22 10:15:12', 'theme': '待归位·房地产服', 'n': 2, 'mean_pct': 9.95}, {'ts': '2026-09-22 10:15:12', 'theme': '待归位·服装家纺', 'n': 1, 'mean_pct': 10.0}, {'ts': '2026-09-22 10:15:12', 'theme': '待归位·燃气Ⅱ', 'n': 1, 'mean_pct': 9.73}, {'ts': '2026-09-22 10:15:12', 'theme': '待归位·软件开发', 'n': 1, 'mean_pct': 7.87}, {'ts': '2026-09-22 10:15:12', 'theme': '待归位·铁路公路', 'n': 1, 'mean_pct': 10.01}, {'ts': '2026-09-22 10:16:12', 'theme': '待归位·IT服务Ⅱ', 'n': 1, 'mean_pct': 10.03}, {'ts': '2026-09-22 10:16:12', 'theme': '待归位·其他家电', 'n': 1, 'mean_pct': 10.08}, {'ts': '2026-09-22 10:16:12', 'theme': '待归位·出版', 'n': 3, 'mean_pct': 9.9733}, {'ts': '2026-09-22 10:16:12', 'theme': '待归位·包装印刷', 'n': 1, 'mean_pct': 10.05}, {'ts': '2026-09-22 10:16:12', 'theme': '待归位·化学制品', 'n': 1, 'mean_pct': 10.02}, {'ts': '2026-09-22 10:16:12', 'theme': '待归位·化学制药', 'n': 3, 'mean_pct': 9.1233}, {'ts': '2026-09-22 10:16:12', 'theme': '待归位·医疗服务', 'n': 2, 'mean_pct': 9.445}, {'ts': '2026-09-22 10:16:12', 'theme': '待归位·半导体', 'n': 1, 'mean_pct': 10.0}, {'ts': '2026-09-22 10:16:12', 'theme': '待归位·塑料', 'n': 1, 'mean_pct': 10.0}, {'ts': '2026-09-22 10:16:12', 'theme': '待归位·家居用品', 'n': 2, 'mean_pct': 7.805}, {'ts': '2026-09-22 10:16:12', 'theme': '待归位·广告营销', 'n': 1, 'mean_pct': 9.93}, {'ts': '2026-09-22 10:16:12', 'theme': '待归位·房地产开', 'n': 1, 'mean_pct': -1.65}, {'ts': '2026-09-22 10:16:12', 'theme': '待归位·房地产服', 'n': 2, 'mean_pct': 9.95}, {'ts': '2026-09-22 10:16:12', 'theme': '待归位·服装家纺', 'n': 1, 'mean_pct': 10.0}, {'ts': '2026-09-22 10:16:12', 'theme': '待归位·燃气Ⅱ', 'n': 1, 'mean_pct': 9.73}, {'ts': '2026-09-22 10:16:12', 'theme': '待归位·软件开发', 'n': 1, 'mean_pct': 7.87}, {'ts': '2026-09-22 10:16:12', 'theme': '待归位·铁路公路', 'n': 1, 'mean_pct': 10.01}, {'ts': '2026-09-22 10:17:13', 'theme': '待归位·IT服务Ⅱ', 'n': 1, 'mean_pct': 10.03}, {'ts': '2026-09-22 10:17:13', 'theme': '待归位·其他家电', 'n': 1, 'mean_pct': 10.08}, {'ts': '2026-09-22 10:17:13', 'theme': '待归位·出版', 'n': 3, 'mean_pct': 9.9733}, {'ts': '2026-09-22 10:17:13', 'theme': '待归位·包装印刷', 'n': 1, 'mean_pct': 10.05}, {'ts': '2026-09-22 10:17:13', 'theme': '待归位·化学制品', 'n': 1, 'mean_pct': 10.02}, {'ts': '2026-09-22 10:17:13', 'theme': '待归位·化学制药', 'n': 3, 'mean_pct': 9.0233}, {'ts': '2026-09-22 10:17:13', 'theme': '待归位·医疗服务', 'n': 2, 'mean_pct': 9.445}, {'ts': '2026-09-22 10:17:13', 'theme': '待归位·半导体', 'n': 1, 'mean_pct': 10.0}, {'ts': '2026-09-22 10:17:13', 'theme': '待归位·塑料', 'n': 1, 'mean_pct': 10.0}, {'ts': '2026-09-22 10:17:13', 'theme': '待归位·家居用品', 'n': 2, 'mean_pct': 8.205}, {'ts': '2026-09-22 10:17:13', 'theme': '待归位·广告营销', 'n': 1, 'mean_pct': 9.93}, {'ts': '2026-09-22 10:17:13', 'theme': '待归位·房地产开', 'n': 1, 'mean_pct': -2.06}, {'ts': '2026-09-22 10:17:13', 'theme': '待归位·房地产服', 'n': 2, 'mean_pct': 9.95}, {'ts': '2026-09-22 10:17:13', 'theme': '待归位·服装家纺', 'n': 1, 'mean_pct': 10.0}, {'ts': '2026-09-22 10:17:13', 'theme': '待归位·燃气Ⅱ', 'n': 1, 'mean_pct': 9.51}, {'ts': '2026-09-22 10:17:13', 'theme': '待归位·软件开发', 'n': 1, 'mean_pct': 7.68}, {'ts': '2026-09-22 10:17:13', 'theme': '待归位·铁路公路', 'n': 1, 'mean_pct': 10.01}, {'ts': '2026-09-22 10:18:13', 'theme': '待归位·IT服务Ⅱ', 'n': 1, 'mean_pct': 10.03}, {'ts': '2026-09-22 10:18:13', 'theme': '待归位·其他家电', 'n': 1, 'mean_pct': 10.08}, {'ts': '2026-09-22 10:18:13', 'theme': '待归位·出版', 'n': 3, 'mean_pct': 9.9733}, {'ts': '2026-09-22 10:18:13', 'theme': '待归位·包装印刷', 'n': 1, 'mean_pct': 10.05}, {'ts': '2026-09-22 10:18:13', 'theme': '待归位·化学制品', 'n': 1, 'mean_pct': 10.02}, {'ts': '2026-09-22 10:18:13', 'theme': '待归位·化学制药', 'n': 3, 'mean_pct': 8.72}, {'ts': '2026-09-22 10:18:13', 'theme': '待归位·医疗服务', 'n': 2, 'mean_pct': 9.255}, {'ts': '2026-09-22 10:18:13', 'theme': '待归位·半导体', 'n': 1, 'mean_pct': 10.0}, {'ts': '2026-09-22 10:18:13', 'theme': '待归位·塑料', 'n': 1, 'mean_pct': 10.0}, {'ts': '2026-09-22 10:18:13', 'theme': '待归位·家居用品', 'n': 2, 'mean_pct': 8.205}, {'ts': '2026-09-22 10:18:13', 'theme': '待归位·广告营销', 'n': 1, 'mean_pct': 9.93}, {'ts': '2026-09-22 10:18:13', 'theme': '待归位·房地产开', 'n': 1, 'mean_pct': -1.65}, {'ts': '2026-09-22 10:18:13', 'theme': '待归位·房地产服', 'n': 2, 'mean_pct': 9.95}, {'ts': '2026-09-22 10:18:13', 'theme': '待归位·服装家纺', 'n': 1, 'mean_pct': 10.0}, {'ts': '2026-09-22 10:18:13', 'theme': '待归位·燃气Ⅱ', 'n': 1, 'mean_pct': 9.07}, {'ts': '2026-09-22 10:18:13', 'theme': '待归位·软件开发', 'n': 1, 'mean_pct': 7.48}, {'ts': '2026-09-22 10:18:13', 'theme': '待归位·铁路公路', 'n': 1, 'mean_pct': 10.01}, {'ts': '2026-09-22 10:19:13', 'theme': '待归位·IT服务Ⅱ', 'n': 1, 'mean_pct': 10.03}, {'ts': '2026-09-22 10:19:13', 'theme': '待归位·其他家电', 'n': 1, 'mean_pct': 10.08}, {'ts': '2026-09-22 10:19:13', 'theme': '待归位·出版', 'n': 3, 'mean_pct': 9.9733}, {'ts': '2026-09-22 10:19:13', 'theme': '待归位·包装印刷', 'n': 1, 'mean_pct': 10.05}, {'ts': '2026-09-22 10:19:13', 'theme': '待归位·化学制品', 'n': 1, 'mean_pct': 10.02}, {'ts': '2026-09-22 10:19:13', 'theme': '待归位·化学制药', 'n': 3, 'mean_pct': 8.62}, {'ts': '2026-09-22 10:19:13', 'theme': '待归位·医疗服务', 'n': 2, 'mean_pct': 8.91}, {'ts': '2026-09-22 10:19:13', 'theme': '待归位·半导体', 'n': 1, 'mean_pct': 10.0}, {'ts': '2026-09-22 10:19:13', 'theme': '待归位·塑料', 'n': 1, 'mean_pct': 10.0}, {'ts': '2026-09-22 10:19:13', 'theme': '待归位·家居用品', 'n': 2, 'mean_pct': 8.365}, {'ts': '2026-09-22 10:19:13', 'theme': '待归位·广告营销', 'n': 1, 'mean_pct': 9.93}, {'ts': '2026-09-22 10:19:13', 'theme': '待归位·房地产开', 'n': 1, 'mean_pct': -1.65}, {'ts': '2026-09-22 10:19:13', 'theme': '待归位·房地产服', 'n': 2, 'mean_pct': 9.95}, {'ts': '2026-09-22 10:19:13', 'theme': '待归位·服装家纺', 'n': 1, 'mean_pct': 10.0}, {'ts': '2026-09-22 10:19:13', 'theme': '待归位·燃气Ⅱ', 'n': 1, 'mean_pct': 9.51}, {'ts': '2026-09-22 10:19:13', 'theme': '待归位·软件开发', 'n': 1, 'mean_pct': 7.09}, {'ts': '2026-09-22 10:19:13', 'theme': '待归位·铁路公路', 'n': 1, 'mean_pct': 10.01}, {'ts': '2026-09-22 10:20:13', 'theme': '待归位·IT服务Ⅱ', 'n': 1, 'mean_pct': 10.03}, {'ts': '2026-09-22 10:20:13', 'theme': '待归位·其他家电', 'n': 1, 'mean_pct': 10.08}, {'ts': '2026-09-22 10:20:13', 'theme': '待归位·出版', 'n': 3, 'mean_pct': 9.9733}, {'ts': '2026-09-22 10:20:13', 'theme': '待归位·包装印刷', 'n': 1, 'mean_pct': 10.05}, {'ts': '2026-09-22 10:20:13', 'theme': '待归位·化学制品', 'n': 1, 'mean_pct': 10.02}, {'ts': '2026-09-22 10:20:13', 'theme': '待归位·化学制药', 'n': 3, 'mean_pct': 8.5167}, {'ts': '2026-09-22 10:20:13', 'theme': '待归位·医疗服务', 'n': 2, 'mean_pct': 8.95}, {'ts': '2026-09-22 10:20:13', 'theme': '待归位·半导体', 'n': 1, 'mean_pct': 10.0}, {'ts': '2026-09-22 10:20:13', 'theme': '待归位·塑料', 'n': 1, 'mean_pct': 10.0}, {'ts': '2026-09-22 10:20:13', 'theme': '待归位·家居用品', 'n': 2, 'mean_pct': 8.045}, {'ts': '2026-09-22 10:20:13', 'theme': '待归位·广告营销', 'n': 1, 'mean_pct': 9.93}, {'ts': '2026-09-22 10:20:13', 'theme': '待归位·房地产开', 'n': 1, 'mean_pct': -1.65}, {'ts': '2026-09-22 10:20:13', 'theme': '待归位·房地产服', 'n': 2, 'mean_pct': 9.95}, {'ts': '2026-09-22 10:20:13', 'theme': '待归位·服装家纺', 'n': 1, 'mean_pct': 10.0}, {'ts': '2026-09-22 10:20:13', 'theme': '待归位·燃气Ⅱ', 'n': 1, 'mean_pct': 9.51}, {'ts': '2026-09-22 10:20:13', 'theme': '待归位·软件开发', 'n': 1, 'mean_pct': 7.09}, {'ts': '2026-09-22 10:20:13', 'theme': '待归位·铁路公路', 'n': 1, 'mean_pct': 10.01}, {'ts': '2026-09-22 10:21:13', 'theme': '待归位·IT服务Ⅱ', 'n': 1, 'mean_pct': 10.03}, {'ts': '2026-09-22 10:21:13', 'theme': '待归位·其他家电', 'n': 1, 'mean_pct': 10.08}, {'ts': '2026-09-22 10:21:13', 'theme': '待归位·出版', 'n': 3, 'mean_pct': 9.9733}, {'ts': '2026-09-22 10:21:13', 'theme': '待归位·包装印刷', 'n': 1, 'mean_pct': 10.05}, {'ts': '2026-09-22 10:21:13', 'theme': '待归位·化学制品', 'n': 1, 'mean_pct': 10.02}, {'ts': '2026-09-22 10:21:13', 'theme': '待归位·化学制药', 'n': 3, 'mean_pct': 9.3267}, {'ts': '2026-09-22 10:21:13', 'theme': '待归位·医疗服务', 'n': 2, 'mean_pct': 9.445}, {'ts': '2026-09-22 10:21:13', 'theme': '待归位·半导体', 'n': 1, 'mean_pct': 10.0}, {'ts': '2026-09-22 10:21:13', 'theme': '待归位·塑料', 'n': 1, 'mean_pct': 10.0}, {'ts': '2026-09-22 10:21:13', 'theme': '待归位·家居用品', 'n': 2, 'mean_pct': 8.045}, {'ts': '2026-09-22 10:21:13', 'theme': '待归位·广告营销', 'n': 1, 'mean_pct': 9.93}, {'ts': '2026-09-22 10:21:13', 'theme': '待归位·房地产开', 'n': 1, 'mean_pct': -1.65}, {'ts': '2026-09-22 10:21:13', 'theme': '待归位·房地产服', 'n': 2, 'mean_pct': 9.95}, {'ts': '2026-09-22 10:21:13', 'theme': '待归位·服装家纺', 'n': 1, 'mean_pct': 10.0}, {'ts': '2026-09-22 10:21:13', 'theme': '待归位·燃气Ⅱ', 'n': 1, 'mean_pct': 9.96}, {'ts': '2026-09-22 10:21:13', 'theme': '待归位·软件开发', 'n': 1, 'mean_pct': 7.68}, {'ts': '2026-09-22 10:21:13', 'theme': '待归位·铁路公路', 'n': 1, 'mean_pct': 10.01}, {'ts': '2026-09-22 10:22:14', 'theme': '待归位·IT服务Ⅱ', 'n': 1, 'mean_pct': 10.03}, {'ts': '2026-09-22 10:22:14', 'theme': '待归位·其他家电', 'n': 1, 'mean_pct': 10.08}, {'ts': '2026-09-22 10:22:14', 'theme': '待归位·出版', 'n': 3, 'mean_pct': 9.9733}, {'ts': '2026-09-22 10:22:14', 'theme': '待归位·包装印刷', 'n': 1, 'mean_pct': 10.05}, {'ts': '2026-09-22 10:22:14', 'theme': '待归位·化学制品', 'n': 1, 'mean_pct': 10.02}, {'ts': '2026-09-22 10:22:14', 'theme': '待归位·化学制药', 'n': 3, 'mean_pct': 9.53}, {'ts': '2026-09-22 10:22:14', 'theme': '待归位·医疗服务', 'n': 2, 'mean_pct': 9.215}, {'ts': '2026-09-22 10:22:14', 'theme': '待归位·半导体', 'n': 1, 'mean_pct': 10.0}, {'ts': '2026-09-22 10:22:14', 'theme': '待归位·塑料', 'n': 1, 'mean_pct': 10.0}, {'ts': '2026-09-22 10:22:14', 'theme': '待归位·家居用品', 'n': 2, 'mean_pct': 8.045}, {'ts': '2026-09-22 10:22:14', 'theme': '待归位·广告营销', 'n': 1, 'mean_pct': 9.93}, {'ts': '2026-09-22 10:22:14', 'theme': '待归位·房地产开', 'n': 1, 'mean_pct': -1.65}, {'ts': '2026-09-22 10:22:14', 'theme': '待归位·房地产服', 'n': 2, 'mean_pct': 9.95}, {'ts': '2026-09-22 10:22:14', 'theme': '待归位·服装家纺', 'n': 1, 'mean_pct': 10.0}, {'ts': '2026-09-22 10:22:14', 'theme': '待归位·燃气Ⅱ', 'n': 1, 'mean_pct': 9.96}, {'ts': '2026-09-22 10:22:14', 'theme': '待归位·软件开发', 'n': 1, 'mean_pct': 7.68}, {'ts': '2026-09-22 10:22:14', 'theme': '待归位·铁路公路', 'n': 1, 'mean_pct': 10.01}, {'ts': '2026-09-22 10:23:14', 'theme': '待归位·IT服务Ⅱ', 'n': 1, 'mean_pct': 10.03}, {'ts': '2026-09-22 10:23:14', 'theme': '待归位·其他家电', 'n': 1, 'mean_pct': 10.08}, {'ts': '2026-09-22 10:23:14', 'theme': '待归位·出版', 'n': 3, 'mean_pct': 9.9733}, {'ts': '2026-09-22 10:23:14', 'theme': '待归位·包装印刷', 'n': 1, 'mean_pct': 10.05}, {'ts': '2026-09-22 10:23:14', 'theme': '待归位·化学制品', 'n': 1, 'mean_pct': 10.02}, {'ts': '2026-09-22 10:23:14', 'theme': '待归位·化学制药', 'n': 3, 'mean_pct': 9.3267}, {'ts': '2026-09-22 10:23:14', 'theme': '待归位·医疗服务', 'n': 2, 'mean_pct': 9.18}, {'ts': '2026-09-22 10:23:14', 'theme': '待归位·半导体', 'n': 1, 'mean_pct': 10.0}, {'ts': '2026-09-22 10:23:14', 'theme': '待归位·塑料', 'n': 1, 'mean_pct': 10.0}, {'ts': '2026-09-22 10:23:14', 'theme': '待归位·家居用品', 'n': 2, 'mean_pct': 7.565}, {'ts': '2026-09-22 10:23:14', 'theme': '待归位·广告营销', 'n': 1, 'mean_pct': 9.93}, {'ts': '2026-09-22 10:23:14', 'theme': '待归位·房地产开', 'n': 1, 'mean_pct': -2.06}, {'ts': '2026-09-22 10:23:14', 'theme': '待归位·房地产服', 'n': 2, 'mean_pct': 9.95}, {'ts': '2026-09-22 10:23:14', 'theme': '待归位·服装家纺', 'n': 1, 'mean_pct': 10.0}, {'ts': '2026-09-22 10:23:14', 'theme': '待归位·燃气Ⅱ', 'n': 1, 'mean_pct': 9.73}, {'ts': '2026-09-22 10:23:14', 'theme': '待归位·软件开发', 'n': 1, 'mean_pct': 7.68}, {'ts': '2026-09-22 10:23:14', 'theme': '待归位·铁路公路', 'n': 1, 'mean_pct': 10.01}, {'ts': '2026-09-22 10:24:14', 'theme': '待归位·IT服务Ⅱ', 'n': 1, 'mean_pct': 10.03}, {'ts': '2026-09-22 10:24:14', 'theme': '待归位·其他家电', 'n': 1, 'mean_pct': 10.08}, {'ts': '2026-09-22 10:24:14', 'theme': '待归位·出版', 'n': 3, 'mean_pct': 9.9733}, {'ts': '2026-09-22 10:24:14', 'theme': '待归位·包装印刷', 'n': 1, 'mean_pct': 10.05}, {'ts': '2026-09-22 10:24:14', 'theme': '待归位·化学制品', 'n': 1, 'mean_pct': 10.02}, {'ts': '2026-09-22 10:24:14', 'theme': '待归位·化学制药', 'n': 3, 'mean_pct': 9.1233}, {'ts': '2026-09-22 10:24:14', 'theme': '待归位·医疗服务', 'n': 2, 'mean_pct': 8.985}, {'ts': '2026-09-22 10:24:14', 'theme': '待归位·半导体', 'n': 1, 'mean_pct': 10.0}, {'ts': '2026-09-22 10:24:14', 'theme': '待归位·塑料', 'n': 1, 'mean_pct': 10.0}, {'ts': '2026-09-22 10:24:14', 'theme': '待归位·家居用品', 'n': 2, 'mean_pct': 7.565}, {'ts': '2026-09-22 10:24:14', 'theme': '待归位·广告营销', 'n': 1, 'mean_pct': 9.93}, {'ts': '2026-09-22 10:24:14', 'theme': '待归位·房地产开', 'n': 1, 'mean_pct': -2.06}, {'ts': '2026-09-22 10:24:14', 'theme': '待归位·房地产服', 'n': 2, 'mean_pct': 9.95}, {'ts': '2026-09-22 10:24:14', 'theme': '待归位·服装家纺', 'n': 1, 'mean_pct': 10.0}, {'ts': '2026-09-22 10:24:14', 'theme': '待归位·燃气Ⅱ', 'n': 1, 'mean_pct': 9.96}, {'ts': '2026-09-22 10:24:14', 'theme': '待归位·软件开发', 'n': 1, 'mean_pct': 7.48}, {'ts': '2026-09-22 10:24:14', 'theme': '待归位·铁路公路', 'n': 1, 'mean_pct': 10.01}, {'ts': '2026-09-22 10:25:14', 'theme': '待归位·IT服务Ⅱ', 'n': 1, 'mean_pct': 10.03}, {'ts': '2026-09-22 10:25:14', 'theme': '待归位·其他家电', 'n': 1, 'mean_pct': 10.08}, {'ts': '2026-09-22 10:25:14', 'theme': '待归位·出版', 'n': 3, 'mean_pct': 9.9733}, {'ts': '2026-09-22 10:25:14', 'theme': '待归位·包装印刷', 'n': 1, 'mean_pct': 10.05}, {'ts': '2026-09-22 10:25:14', 'theme': '待归位·化学制品', 'n': 1, 'mean_pct': 10.02}, {'ts': '2026-09-22 10:25:14', 'theme': '待归位·化学制药', 'n': 3, 'mean_pct': 9.53}, {'ts': '2026-09-22 10:25:14', 'theme': '待归位·医疗服务', 'n': 2, 'mean_pct': 8.795}, {'ts': '2026-09-22 10:25:14', 'theme': '待归位·半导体', 'n': 1, 'mean_pct': 10.0}, {'ts': '2026-09-22 10:25:14', 'theme': '待归位·塑料', 'n': 1, 'mean_pct': 10.0}, {'ts': '2026-09-22 10:25:14', 'theme': '待归位·家居用品', 'n': 2, 'mean_pct': 7.645}, {'ts': '2026-09-22 10:25:14', 'theme': '待归位·广告营销', 'n': 1, 'mean_pct': 9.93}, {'ts': '2026-09-22 10:25:14', 'theme': '待归位·房地产开', 'n': 1, 'mean_pct': -2.06}, {'ts': '2026-09-22 10:25:14', 'theme': '待归位·房地产服', 'n': 2, 'mean_pct': 9.95}, {'ts': '2026-09-22 10:25:14', 'theme': '待归位·服装家纺', 'n': 1, 'mean_pct': 10.0}, {'ts': '2026-09-22 10:25:14', 'theme': '待归位·燃气Ⅱ', 'n': 1, 'mean_pct': 9.96}, {'ts': '2026-09-22 10:25:14', 'theme': '待归位·软件开发', 'n': 1, 'mean_pct': 7.87}, {'ts': '2026-09-22 10:25:14', 'theme': '待归位·铁路公路', 'n': 1, 'mean_pct': 10.01}, {'ts': '2026-09-22 10:26:14', 'theme': '待归位·IT服务Ⅱ', 'n': 1, 'mean_pct': 10.03}, {'ts': '2026-09-22 10:26:14', 'theme': '待归位·其他家电', 'n': 1, 'mean_pct': 10.08}, {'ts': '2026-09-22 10:26:14', 'theme': '待归位·出版', 'n': 3, 'mean_pct': 9.9733}, {'ts': '2026-09-22 10:26:14', 'theme': '待归位·包装印刷', 'n': 1, 'mean_pct': 10.05}, {'ts': '2026-09-22 10:26:14', 'theme': '待归位·化学制品', 'n': 1, 'mean_pct': 10.02}, {'ts': '2026-09-22 10:26:14', 'theme': '待归位·化学制药', 'n': 3, 'mean_pct': 10.34}, {'ts': '2026-09-22 10:26:14', 'theme': '待归位·医疗服务', 'n': 2, 'mean_pct': 9.37}, {'ts': '2026-09-22 10:26:14', 'theme': '待归位·半导体', 'n': 1, 'mean_pct': 10.0}, {'ts': '2026-09-22 10:26:14', 'theme': '待归位·塑料', 'n': 1, 'mean_pct': 10.0}, {'ts': '2026-09-22 10:26:14', 'theme': '待归位·家居用品', 'n': 2, 'mean_pct': 7.645}, {'ts': '2026-09-22 10:26:14', 'theme': '待归位·广告营销', 'n': 1, 'mean_pct': 9.93}, {'ts': '2026-09-22 10:26:14', 'theme': '待归位·房地产开', 'n': 1, 'mean_pct': -2.06}, {'ts': '2026-09-22 10:26:14', 'theme': '待归位·房地产服', 'n': 2, 'mean_pct': 9.95}, {'ts': '2026-09-22 10:26:14', 'theme': '待归位·服装家纺', 'n': 1, 'mean_pct': 10.0}, {'ts': '2026-09-22 10:26:14', 'theme': '待归位·燃气Ⅱ', 'n': 1, 'mean_pct': 9.96}, {'ts': '2026-09-22 10:26:14', 'theme': '待归位·软件开发', 'n': 1, 'mean_pct': 8.07}, {'ts': '2026-09-22 10:26:14', 'theme': '待归位·铁路公路', 'n': 1, 'mean_pct': 10.01}, {'ts': '2026-09-22 10:27:15', 'theme': '待归位·IT服务Ⅱ', 'n': 1, 'mean_pct': 10.03}, {'ts': '2026-09-22 10:27:15', 'theme': '待归位·其他家电', 'n': 1, 'mean_pct': 10.08}, {'ts': '2026-09-22 10:27:15', 'theme': '待归位·出版', 'n': 3, 'mean_pct': 9.9733}, {'ts': '2026-09-22 10:27:15', 'theme': '待归位·包装印刷', 'n': 1, 'mean_pct': 10.05}, {'ts': '2026-09-22 10:27:15', 'theme': '待归位·化学制品', 'n': 1, 'mean_pct': 10.02}, {'ts': '2026-09-22 10:27:15', 'theme': '待归位·化学制药', 'n': 3, 'mean_pct': 11.05}, {'ts': '2026-09-22 10:27:15', 'theme': '待归位·医疗服务', 'n': 2, 'mean_pct': 8.875}, {'ts': '2026-09-22 10:27:15', 'theme': '待归位·半导体', 'n': 1, 'mean_pct': 10.0}, {'ts': '2026-09-22 10:27:15', 'theme': '待归位·塑料', 'n': 1, 'mean_pct': 10.0}, {'ts': '2026-09-22 10:27:15', 'theme': '待归位·家居用品', 'n': 2, 'mean_pct': 7.645}, {'ts': '2026-09-22 10:27:15', 'theme': '待归位·广告营销', 'n': 1, 'mean_pct': 9.93}, {'ts': '2026-09-22 10:27:15', 'theme': '待归位·房地产开', 'n': 1, 'mean_pct': -1.65}, {'ts': '2026-09-22 10:27:15', 'theme': '待归位·房地产服', 'n': 2, 'mean_pct': 9.95}, {'ts': '2026-09-22 10:27:15', 'theme': '待归位·服装家纺', 'n': 1, 'mean_pct': 10.0}, {'ts': '2026-09-22 10:27:15', 'theme': '待归位·燃气Ⅱ', 'n': 1, 'mean_pct': 9.96}, {'ts': '2026-09-22 10:27:15', 'theme': '待归位·软件开发', 'n': 1, 'mean_pct': 7.68}, {'ts': '2026-09-22 10:27:15', 'theme': '待归位·铁路公路', 'n': 1, 'mean_pct': 10.01}, {'ts': '2026-09-22 10:28:15', 'theme': '待归位·IT服务Ⅱ', 'n': 1, 'mean_pct': 10.03}, {'ts': '2026-09-22 10:28:15', 'theme': '待归位·其他家电', 'n': 1, 'mean_pct': 10.08}, {'ts': '2026-09-22 10:28:15', 'theme': '待归位·出版', 'n': 3, 'mean_pct': 9.9733}, {'ts': '2026-09-22 10:28:15', 'theme': '待归位·包装印刷', 'n': 1, 'mean_pct': 10.05}, {'ts': '2026-09-22 10:28:15', 'theme': '待归位·化学制品', 'n': 1, 'mean_pct': 10.02}, {'ts': '2026-09-22 10:28:15', 'theme': '待归位·化学制药', 'n': 3, 'mean_pct': 10.7467}, {'ts': '2026-09-22 10:28:15', 'theme': '待归位·医疗服务', 'n': 2, 'mean_pct': 8.495}, {'ts': '2026-09-22 10:28:15', 'theme': '待归位·半导体', 'n': 1, 'mean_pct': 10.0}, {'ts': '2026-09-22 10:28:15', 'theme': '待归位·塑料', 'n': 1, 'mean_pct': 10.0}, {'ts': '2026-09-22 10:28:15', 'theme': '待归位·家居用品', 'n': 2, 'mean_pct': 7.485}, {'ts': '2026-09-22 10:28:15', 'theme': '待归位·广告营销', 'n': 1, 'mean_pct': 9.93}, {'ts': '2026-09-22 10:28:15', 'theme': '待归位·房地产开', 'n': 1, 'mean_pct': -1.65}, {'ts': '2026-09-22 10:28:15', 'theme': '待归位·房地产服', 'n': 2, 'mean_pct': 9.95}, {'ts': '2026-09-22 10:28:15', 'theme': '待归位·服装家纺', 'n': 1, 'mean_pct': 10.0}, {'ts': '2026-09-22 10:28:15', 'theme': '待归位·燃气Ⅱ', 'n': 1, 'mean_pct': 9.96}, {'ts': '2026-09-22 10:28:15', 'theme': '待归位·软件开发', 'n': 1, 'mean_pct': 7.68}, {'ts': '2026-09-22 10:28:15', 'theme': '待归位·铁路公路', 'n': 1, 'mean_pct': 10.01}, {'ts': '2026-09-22 10:29:15', 'theme': '待归位·IT服务Ⅱ', 'n': 1, 'mean_pct': 10.03}, {'ts': '2026-09-22 10:29:15', 'theme': '待归位·其他家电', 'n': 1, 'mean_pct': 10.08}, {'ts': '2026-09-22 10:29:15', 'theme': '待归位·出版', 'n': 3, 'mean_pct': 9.9733}, {'ts': '2026-09-22 10:29:15', 'theme': '待归位·包装印刷', 'n': 1, 'mean_pct': 10.05}, {'ts': '2026-09-22 10:29:15', 'theme': '待归位·化学制品', 'n': 1, 'mean_pct': 10.02}, {'ts': '2026-09-22 10:29:15', 'theme': '待归位·化学制药', 'n': 3, 'mean_pct': 11.6567}, {'ts': '2026-09-22 10:29:15', 'theme': '待归位·医疗服务', 'n': 2, 'mean_pct': 9.025}, {'ts': '2026-09-22 10:29:15', 'theme': '待归位·半导体', 'n': 1, 'mean_pct': 10.0}, {'ts': '2026-09-22 10:29:15', 'theme': '待归位·塑料', 'n': 1, 'mean_pct': 10.0}, {'ts': '2026-09-22 10:29:15', 'theme': '待归位·家居用品', 'n': 2, 'mean_pct': 7.565}, {'ts': '2026-09-22 10:29:15', 'theme': '待归位·广告营销', 'n': 1, 'mean_pct': 9.93}, {'ts': '2026-09-22 10:29:15', 'theme': '待归位·房地产开', 'n': 1, 'mean_pct': -1.65}, {'ts': '2026-09-22 10:29:15', 'theme': '待归位·房地产服', 'n': 2, 'mean_pct': 9.95}, {'ts': '2026-09-22 10:29:15', 'theme': '待归位·服装家纺', 'n': 1, 'mean_pct': 10.0}, {'ts': '2026-09-22 10:29:15', 'theme': '待归位·燃气Ⅱ', 'n': 1, 'mean_pct': 9.96}, {'ts': '2026-09-22 10:29:15', 'theme': '待归位·软件开发', 'n': 1, 'mean_pct': 7.48}, {'ts': '2026-09-22 10:29:15', 'theme': '待归位·铁路公路', 'n': 1, 'mean_pct': 10.01}, {'ts': '2026-09-22 10:30:15', 'theme': '待归位·IT服务Ⅱ', 'n': 1, 'mean_pct': 10.03}, {'ts': '2026-09-22 10:30:15', 'theme': '待归位·其他家电', 'n': 1, 'mean_pct': 10.08}, {'ts': '2026-09-22 10:30:15', 'theme': '待归位·出版', 'n': 3, 'mean_pct': 9.9733}, {'ts': '2026-09-22 10:30:15', 'theme': '待归位·包装印刷', 'n': 1, 'mean_pct': 10.05}, {'ts': '2026-09-22 10:30:15', 'theme': '待归位·化学制品', 'n': 1, 'mean_pct': 10.02}, {'ts': '2026-09-22 10:30:15', 'theme': '待归位·化学制药', 'n': 3, 'mean_pct': 11.6567}, {'ts': '2026-09-22 10:30:15', 'theme': '待归位·医疗服务', 'n': 2, 'mean_pct': 9.52}, {'ts': '2026-09-22 10:30:15', 'theme': '待归位·半导体', 'n': 1, 'mean_pct': 10.0}, {'ts': '2026-09-22 10:30:15', 'theme': '待归位·塑料', 'n': 1, 'mean_pct': 10.0}, {'ts': '2026-09-22 10:30:15', 'theme': '待归位·家居用品', 'n': 2, 'mean_pct': 7.485}, {'ts': '2026-09-22 10:30:15', 'theme': '待归位·广告营销', 'n': 1, 'mean_pct': 9.93}, {'ts': '2026-09-22 10:30:15', 'theme': '待归位·房地产开', 'n': 1, 'mean_pct': -1.65}, {'ts': '2026-09-22 10:30:15', 'theme': '待归位·房地产服', 'n': 2, 'mean_pct': 9.95}, {'ts': '2026-09-22 10:30:15', 'theme': '待归位·服装家纺', 'n': 1, 'mean_pct': 10.0}, {'ts': '2026-09-22 10:30:15', 'theme': '待归位·燃气Ⅱ', 'n': 1, 'mean_pct': 9.96}, {'ts': '2026-09-22 10:30:15', 'theme': '待归位·软件开发', 'n': 1, 'mean_pct': 8.66}, {'ts': '2026-09-22 10:30:15', 'theme': '待归位·铁路公路', 'n': 1, 'mean_pct': 10.01}, {'ts': '2026-09-22 10:31:15', 'theme': '待归位·IT服务Ⅱ', 'n': 1, 'mean_pct': 10.03}, {'ts': '2026-09-22 10:31:15', 'theme': '待归位·其他家电', 'n': 1, 'mean_pct': 10.08}, {'ts': '2026-09-22 10:31:15', 'theme': '待归位·出版', 'n': 3, 'mean_pct': 9.9733}, {'ts': '2026-09-22 10:31:15', 'theme': '待归位·包装印刷', 'n': 1, 'mean_pct': 10.05}, {'ts': '2026-09-22 10:31:15', 'theme': '待归位·化学制品', 'n': 1, 'mean_pct': 10.02}, {'ts': '2026-09-22 10:31:15', 'theme': '待归位·化学制药', 'n': 3, 'mean_pct': 12.1633}, {'ts': '2026-09-22 10:31:15', 'theme': '待归位·医疗服务', 'n': 2, 'mean_pct': 9.445}, {'ts': '2026-09-22 10:31:15', 'theme': '待归位·半导体', 'n': 1, 'mean_pct': 10.0}, {'ts': '2026-09-22 10:31:15', 'theme': '待归位·塑料', 'n': 1, 'mean_pct': 10.0}, {'ts': '2026-09-22 10:31:15', 'theme': '待归位·家居用品', 'n': 2, 'mean_pct': 7.805}, {'ts': '2026-09-22 10:31:15', 'theme': '待归位·广告营销', 'n': 1, 'mean_pct': 9.93}, {'ts': '2026-09-22 10:31:15', 'theme': '待归位·房地产开', 'n': 1, 'mean_pct': -1.65}, {'ts': '2026-09-22 10:31:15', 'theme': '待归位·房地产服', 'n': 2, 'mean_pct': 9.95}, {'ts': '2026-09-22 10:31:15', 'theme': '待归位·服装家纺', 'n': 1, 'mean_pct': 10.0}, {'ts': '2026-09-22 10:31:15', 'theme': '待归位·燃气Ⅱ', 'n': 1, 'mean_pct': 9.96}, {'ts': '2026-09-22 10:31:15', 'theme': '待归位·软件开发', 'n': 1, 'mean_pct': 10.04}, {'ts': '2026-09-22 10:31:15', 'theme': '待归位·铁路公路', 'n': 1, 'mean_pct': 10.01}, {'ts': '2026-09-22 10:32:16', 'theme': '待归位·IT服务Ⅱ', 'n': 1, 'mean_pct': 10.03}, {'ts': '2026-09-22 10:32:16', 'theme': '待归位·其他家电', 'n': 1, 'mean_pct': 10.08}, {'ts': '2026-09-22 10:32:16', 'theme': '待归位·出版', 'n': 3, 'mean_pct': 9.9733}, {'ts': '2026-09-22 10:32:16', 'theme': '待归位·包装印刷', 'n': 1, 'mean_pct': 10.05}, {'ts': '2026-09-22 10:32:16', 'theme': '待归位·化学制品', 'n': 1, 'mean_pct': 10.02}, {'ts': '2026-09-22 10:32:16', 'theme': '待归位·化学制药', 'n': 3, 'mean_pct': 12.0633}, {'ts': '2026-09-22 10:32:16', 'theme': '待归位·医疗服务', 'n': 2, 'mean_pct': 9.255}, {'ts': '2026-09-22 10:32:16', 'theme': '待归位·半导体', 'n': 1, 'mean_pct': 10.0}, {'ts': '2026-09-22 10:32:16', 'theme': '待归位·塑料', 'n': 1, 'mean_pct': 10.0}, {'ts': '2026-09-22 10:32:16', 'theme': '待归位·家居用品', 'n': 2, 'mean_pct': 7.725}, {'ts': '2026-09-22 10:32:16', 'theme': '待归位·广告营销', 'n': 1, 'mean_pct': 9.93}, {'ts': '2026-09-22 10:32:16', 'theme': '待归位·房地产开', 'n': 1, 'mean_pct': -1.65}, {'ts': '2026-09-22 10:32:16', 'theme': '待归位·房地产服', 'n': 2, 'mean_pct': 9.95}, {'ts': '2026-09-22 10:32:16', 'theme': '待归位·服装家纺', 'n': 1, 'mean_pct': 10.0}, {'ts': '2026-09-22 10:32:16', 'theme': '待归位·燃气Ⅱ', 'n': 1, 'mean_pct': 9.96}, {'ts': '2026-09-22 10:32:16', 'theme': '待归位·软件开发', 'n': 1, 'mean_pct': 10.04}, {'ts': '2026-09-22 10:32:16', 'theme': '待归位·铁路公路', 'n': 1, 'mean_pct': 10.01}, {'ts': '2026-09-22 10:33:16', 'theme': '待归位·IT服务Ⅱ', 'n': 1, 'mean_pct': 10.03}, {'ts': '2026-09-22 10:33:16', 'theme': '待归位·其他家电', 'n': 1, 'mean_pct': 10.08}, {'ts': '2026-09-22 10:33:16', 'theme': '待归位·出版', 'n': 3, 'mean_pct': 9.9733}, {'ts': '2026-09-22 10:33:16', 'theme': '待归位·包装印刷', 'n': 1, 'mean_pct': 10.05}, {'ts': '2026-09-22 10:33:16', 'theme': '待归位·化学制品', 'n': 1, 'mean_pct': 10.02}, {'ts': '2026-09-22 10:33:16', 'theme': '待归位·化学制药', 'n': 3, 'mean_pct': 11.9633}, {'ts': '2026-09-22 10:33:16', 'theme': '待归位·医疗服务', 'n': 2, 'mean_pct': 8.985}, {'ts': '2026-09-22 10:33:16', 'theme': '待归位·半导体', 'n': 1, 'mean_pct': 10.0}, {'ts': '2026-09-22 10:33:16', 'theme': '待归位·塑料', 'n': 1, 'mean_pct': 10.0}, {'ts': '2026-09-22 10:33:16', 'theme': '待归位·家居用品', 'n': 2, 'mean_pct': 7.485}, {'ts': '2026-09-22 10:33:16', 'theme': '待归位·广告营销', 'n': 1, 'mean_pct': 9.93}, {'ts': '2026-09-22 10:33:16', 'theme': '待归位·房地产开', 'n': 1, 'mean_pct': -1.23}, {'ts': '2026-09-22 10:33:16', 'theme': '待归位·房地产服', 'n': 2, 'mean_pct': 9.95}, {'ts': '2026-09-22 10:33:16', 'theme': '待归位·服装家纺', 'n': 1, 'mean_pct': 10.0}, {'ts': '2026-09-22 10:33:16', 'theme': '待归位·燃气Ⅱ', 'n': 1, 'mean_pct': 9.96}, {'ts': '2026-09-22 10:33:16', 'theme': '待归位·软件开发', 'n': 1, 'mean_pct': 10.04}, {'ts': '2026-09-22 10:33:16', 'theme': '待归位·铁路公路', 'n': 1, 'mean_pct': 10.01}, {'ts': '2026-09-22 10:34:16', 'theme': '待归位·IT服务Ⅱ', 'n': 1, 'mean_pct': 10.03}, {'ts': '2026-09-22 10:34:16', 'theme': '待归位·其他家电', 'n': 1, 'mean_pct': 10.08}, {'ts': '2026-09-22 10:34:16', 'theme': '待归位·出版', 'n': 3, 'mean_pct': 9.9733}, {'ts': '2026-09-22 10:34:16', 'theme': '待归位·包装印刷', 'n': 1, 'mean_pct': 10.05}, {'ts': '2026-09-22 10:34:16', 'theme': '待归位·化学制品', 'n': 1, 'mean_pct': 10.02}, {'ts': '2026-09-22 10:34:16', 'theme': '待归位·化学制药', 'n': 3, 'mean_pct': 11.5567}, {'ts': '2026-09-22 10:34:16', 'theme': '待归位·医疗服务', 'n': 2, 'mean_pct': 9.025}, {'ts': '2026-09-22 10:34:16', 'theme': '待归位·半导体', 'n': 1, 'mean_pct': 10.0}, {'ts': '2026-09-22 10:34:16', 'theme': '待归位·塑料', 'n': 1, 'mean_pct': 10.0}, {'ts': '2026-09-22 10:34:16', 'theme': '待归位·家居用品', 'n': 2, 'mean_pct': 7.565}, {'ts': '2026-09-22 10:34:16', 'theme': '待归位·广告营销', 'n': 1, 'mean_pct': 9.93}, {'ts': '2026-09-22 10:34:16', 'theme': '待归位·房地产开', 'n': 1, 'mean_pct': -1.23}, {'ts': '2026-09-22 10:34:16', 'theme': '待归位·房地产服', 'n': 2, 'mean_pct': 9.95}, {'ts': '2026-09-22 10:34:16', 'theme': '待归位·服装家纺', 'n': 1, 'mean_pct': 10.0}, {'ts': '2026-09-22 10:34:16', 'theme': '待归位·燃气Ⅱ', 'n': 1, 'mean_pct': 9.96}, {'ts': '2026-09-22 10:34:16', 'theme': '待归位·软件开发', 'n': 1, 'mean_pct': 10.04}, {'ts': '2026-09-22 10:34:16', 'theme': '待归位·铁路公路', 'n': 1, 'mean_pct': 10.01}, {'ts': '2026-09-22 10:35:16', 'theme': '待归位·IT服务Ⅱ', 'n': 1, 'mean_pct': 10.03}, {'ts': '2026-09-22 10:35:16', 'theme': '待归位·其他家电', 'n': 1, 'mean_pct': 10.08}, {'ts': '2026-09-22 10:35:16', 'theme': '待归位·出版', 'n': 3, 'mean_pct': 9.9733}, {'ts': '2026-09-22 10:35:16', 'theme': '待归位·包装印刷', 'n': 1, 'mean_pct': 10.05}, {'ts': '2026-09-22 10:35:16', 'theme': '待归位·化学制品', 'n': 1, 'mean_pct': 10.02}, {'ts': '2026-09-22 10:35:16', 'theme': '待归位·化学制药', 'n': 3, 'mean_pct': 11.2533}, {'ts': '2026-09-22 10:35:16', 'theme': '待归位·医疗服务', 'n': 2, 'mean_pct': 8.72}, {'ts': '2026-09-22 10:35:16', 'theme': '待归位·半导体', 'n': 1, 'mean_pct': 10.0}, {'ts': '2026-09-22 10:35:16', 'theme': '待归位·塑料', 'n': 1, 'mean_pct': 10.0}, {'ts': '2026-09-22 10:35:16', 'theme': '待归位·家居用品', 'n': 2, 'mean_pct': 7.405}, {'ts': '2026-09-22 10:35:16', 'theme': '待归位·广告营销', 'n': 1, 'mean_pct': 9.93}, {'ts': '2026-09-22 10:35:16', 'theme': '待归位·房地产开', 'n': 1, 'mean_pct': -1.23}, {'ts': '2026-09-22 10:35:16', 'theme': '待归位·房地产服', 'n': 2, 'mean_pct': 9.95}, {'ts': '2026-09-22 10:35:16', 'theme': '待归位·服装家纺', 'n': 1, 'mean_pct': 10.0}, {'ts': '2026-09-22 10:35:16', 'theme': '待归位·燃气Ⅱ', 'n': 1, 'mean_pct': 9.96}, {'ts': '2026-09-22 10:35:16', 'theme': '待归位·软件开发', 'n': 1, 'mean_pct': 10.04}, {'ts': '2026-09-22 10:35:16', 'theme': '待归位·铁路公路', 'n': 1, 'mean_pct': 10.01}, {'ts': '2026-09-22 10:36:17', 'theme': '待归位·IT服务Ⅱ', 'n': 1, 'mean_pct': 10.03}, {'ts': '2026-09-22 10:36:17', 'theme': '待归位·其他家电', 'n': 1, 'mean_pct': 10.08}, {'ts': '2026-09-22 10:36:17', 'theme': '待归位·出版', 'n': 3, 'mean_pct': 9.9733}, {'ts': '2026-09-22 10:36:17', 'theme': '待归位·包装印刷', 'n': 1, 'mean_pct': 10.05}, {'ts': '2026-09-22 10:36:17', 'theme': '待归位·化学制品', 'n': 1, 'mean_pct': 10.02}, {'ts': '2026-09-22 10:36:17', 'theme': '待归位·化学制药', 'n': 3, 'mean_pct': 11.2533}, {'ts': '2026-09-22 10:36:17', 'theme': '待归位·医疗服务', 'n': 2, 'mean_pct': 8.91}, {'ts': '2026-09-22 10:36:17', 'theme': '待归位·半导体', 'n': 1, 'mean_pct': 10.0}, {'ts': '2026-09-22 10:36:17', 'theme': '待归位·塑料', 'n': 1, 'mean_pct': 10.0}, {'ts': '2026-09-22 10:36:17', 'theme': '待归位·家居用品', 'n': 2, 'mean_pct': 7.565}, {'ts': '2026-09-22 10:36:17', 'theme': '待归位·广告营销', 'n': 1, 'mean_pct': 9.93}, {'ts': '2026-09-22 10:36:17', 'theme': '待归位·房地产开', 'n': 1, 'mean_pct': -1.23}, {'ts': '2026-09-22 10:36:17', 'theme': '待归位·房地产服', 'n': 2, 'mean_pct': 9.95}, {'ts': '2026-09-22 10:36:17', 'theme': '待归位·服装家纺', 'n': 1, 'mean_pct': 10.0}, {'ts': '2026-09-22 10:36:17', 'theme': '待归位·燃气Ⅱ', 'n': 1, 'mean_pct': 9.96}, {'ts': '2026-09-22 10:36:17', 'theme': '待归位·软件开发', 'n': 1, 'mean_pct': 10.04}, {'ts': '2026-09-22 10:36:17', 'theme': '待归位·铁路公路', 'n': 1, 'mean_pct': 10.01}, {'ts': '2026-09-22 10:37:17', 'theme': '待归位·IT服务Ⅱ', 'n': 1, 'mean_pct': 10.03}, {'ts': '2026-09-22 10:37:17', 'theme': '待归位·其他家电', 'n': 1, 'mean_pct': 10.08}, {'ts': '2026-09-22 10:37:17', 'theme': '待归位·出版', 'n': 3, 'mean_pct': 9.9733}, {'ts': '2026-09-22 10:37:17', 'theme': '待归位·包装印刷', 'n': 1, 'mean_pct': 10.05}, {'ts': '2026-09-22 10:37:17', 'theme': '待归位·化学制品', 'n': 1, 'mean_pct': 10.02}, {'ts': '2026-09-22 10:37:17', 'theme': '待归位·化学制药', 'n': 3, 'mean_pct': 11.05}, {'ts': '2026-09-22 10:37:17', 'theme': '待归位·医疗服务', 'n': 2, 'mean_pct': 8.835}, {'ts': '2026-09-22 10:37:17', 'theme': '待归位·半导体', 'n': 1, 'mean_pct': 10.0}, {'ts': '2026-09-22 10:37:17', 'theme': '待归位·塑料', 'n': 1, 'mean_pct': 10.0}, {'ts': '2026-09-22 10:37:17', 'theme': '待归位·家居用品', 'n': 2, 'mean_pct': 7.805}, {'ts': '2026-09-22 10:37:17', 'theme': '待归位·广告营销', 'n': 1, 'mean_pct': 9.93}, {'ts': '2026-09-22 10:37:17', 'theme': '待归位·房地产开', 'n': 1, 'mean_pct': -2.06}, {'ts': '2026-09-22 10:37:17', 'theme': '待归位·房地产服', 'n': 2, 'mean_pct': 9.95}, {'ts': '2026-09-22 10:37:17', 'theme': '待归位·服装家纺', 'n': 1, 'mean_pct': 10.0}, {'ts': '2026-09-22 10:37:17', 'theme': '待归位·燃气Ⅱ', 'n': 1, 'mean_pct': 9.96}, {'ts': '2026-09-22 10:37:17', 'theme': '待归位·软件开发', 'n': 1, 'mean_pct': 10.04}, {'ts': '2026-09-22 10:37:17', 'theme': '待归位·铁路公路', 'n': 1, 'mean_pct': 10.01}, {'ts': '2026-09-22 10:38:17', 'theme': '待归位·IT服务Ⅱ', 'n': 1, 'mean_pct': 10.03}, {'ts': '2026-09-22 10:38:17', 'theme': '待归位·其他家电', 'n': 1, 'mean_pct': 10.08}, {'ts': '2026-09-22 10:38:17', 'theme': '待归位·出版', 'n': 3, 'mean_pct': 9.9733}, {'ts': '2026-09-22 10:38:17', 'theme': '待归位·包装印刷', 'n': 1, 'mean_pct': 10.05}, {'ts': '2026-09-22 10:38:17', 'theme': '待归位·化学制品', 'n': 1, 'mean_pct': 10.02}, {'ts': '2026-09-22 10:38:17', 'theme': '待归位·化学制药', 'n': 3, 'mean_pct': 11.15}, {'ts': '2026-09-22 10:38:17', 'theme': '待归位·医疗服务', 'n': 2, 'mean_pct': 8.685}, {'ts': '2026-09-22 10:38:17', 'theme': '待归位·半导体', 'n': 1, 'mean_pct': 10.0}, {'ts': '2026-09-22 10:38:17', 'theme': '待归位·塑料', 'n': 1, 'mean_pct': 10.0}, {'ts': '2026-09-22 10:38:17', 'theme': '待归位·家居用品', 'n': 2, 'mean_pct': 7.805}, {'ts': '2026-09-22 10:38:17', 'theme': '待归位·广告营销', 'n': 1, 'mean_pct': 9.93}, {'ts': '2026-09-22 10:38:17', 'theme': '待归位·房地产开', 'n': 1, 'mean_pct': -1.65}, {'ts': '2026-09-22 10:38:17', 'theme': '待归位·房地产服', 'n': 2, 'mean_pct': 9.95}, {'ts': '2026-09-22 10:38:17', 'theme': '待归位·服装家纺', 'n': 1, 'mean_pct': 10.0}, {'ts': '2026-09-22 10:38:17', 'theme': '待归位·燃气Ⅱ', 'n': 1, 'mean_pct': 9.96}, {'ts': '2026-09-22 10:38:17', 'theme': '待归位·软件开发', 'n': 1, 'mean_pct': 10.04}, {'ts': '2026-09-22 10:38:17', 'theme': '待归位·铁路公路', 'n': 1, 'mean_pct': 10.01}, {'ts': '2026-09-22 10:39:17', 'theme': '待归位·IT服务Ⅱ', 'n': 1, 'mean_pct': 10.03}, {'ts': '2026-09-22 10:39:17', 'theme': '待归位·其他家电', 'n': 1, 'mean_pct': 10.08}, {'ts': '2026-09-22 10:39:17', 'theme': '待归位·出版', 'n': 3, 'mean_pct': 9.9733}, {'ts': '2026-09-22 10:39:17', 'theme': '待归位·包装印刷', 'n': 1, 'mean_pct': 10.05}, {'ts': '2026-09-22 10:39:17', 'theme': '待归位·化学制品', 'n': 1, 'mean_pct': 10.02}, {'ts': '2026-09-22 10:39:17', 'theme': '待归位·化学制药', 'n': 3, 'mean_pct': 11.76}, {'ts': '2026-09-22 10:39:17', 'theme': '待归位·医疗服务', 'n': 2, 'mean_pct': 9.18}, {'ts': '2026-09-22 10:39:17', 'theme': '待归位·半导体', 'n': 1, 'mean_pct': 10.0}, {'ts': '2026-09-22 10:39:17', 'theme': '待归位·塑料', 'n': 1, 'mean_pct': 10.0}, {'ts': '2026-09-22 10:39:17', 'theme': '待归位·家居用品', 'n': 2, 'mean_pct': 7.725}, {'ts': '2026-09-22 10:39:17', 'theme': '待归位·广告营销', 'n': 1, 'mean_pct': 9.93}, {'ts': '2026-09-22 10:39:17', 'theme': '待归位·房地产开', 'n': 1, 'mean_pct': -1.65}, {'ts': '2026-09-22 10:39:17', 'theme': '待归位·房地产服', 'n': 2, 'mean_pct': 9.95}, {'ts': '2026-09-22 10:39:17', 'theme': '待归位·服装家纺', 'n': 1, 'mean_pct': 10.0}, {'ts': '2026-09-22 10:39:17', 'theme': '待归位·燃气Ⅱ', 'n': 1, 'mean_pct': 9.96}, {'ts': '2026-09-22 10:39:17', 'theme': '待归位·软件开发', 'n': 1, 'mean_pct': 10.04}, {'ts': '2026-09-22 10:39:17', 'theme': '待归位·铁路公路', 'n': 1, 'mean_pct': 10.01}, {'ts': '2026-09-22 10:40:17', 'theme': '待归位·IT服务Ⅱ', 'n': 1, 'mean_pct': 10.03}, {'ts': '2026-09-22 10:40:17', 'theme': '待归位·其他家电', 'n': 1, 'mean_pct': 10.08}, {'ts': '2026-09-22 10:40:17', 'theme': '待归位·出版', 'n': 3, 'mean_pct': 9.9733}, {'ts': '2026-09-22 10:40:17', 'theme': '待归位·包装印刷', 'n': 1, 'mean_pct': 10.05}, {'ts': '2026-09-22 10:40:17', 'theme': '待归位·化学制品', 'n': 1, 'mean_pct': 10.02}, {'ts': '2026-09-22 10:40:17', 'theme': '待归位·化学制药', 'n': 3, 'mean_pct': 11.4567}, {'ts': '2026-09-22 10:40:17', 'theme': '待归位·医疗服务', 'n': 2, 'mean_pct': 9.1}, {'ts': '2026-09-22 10:40:17', 'theme': '待归位·半导体', 'n': 1, 'mean_pct': 10.0}, {'ts': '2026-09-22 10:40:17', 'theme': '待归位·塑料', 'n': 1, 'mean_pct': 10.0}, {'ts': '2026-09-22 10:40:17', 'theme': '待归位·家居用品', 'n': 2, 'mean_pct': 7.565}, {'ts': '2026-09-22 10:40:17', 'theme': '待归位·广告营销', 'n': 1, 'mean_pct': 9.93}, {'ts': '2026-09-22 10:40:17', 'theme': '待归位·房地产开', 'n': 1, 'mean_pct': -1.23}, {'ts': '2026-09-22 10:40:17', 'theme': '待归位·房地产服', 'n': 2, 'mean_pct': 9.95}, {'ts': '2026-09-22 10:40:17', 'theme': '待归位·服装家纺', 'n': 1, 'mean_pct': 10.0}, {'ts': '2026-09-22 10:40:17', 'theme': '待归位·燃气Ⅱ', 'n': 1, 'mean_pct': 9.96}, {'ts': '2026-09-22 10:40:17', 'theme': '待归位·软件开发', 'n': 1, 'mean_pct': 10.04}, {'ts': '2026-09-22 10:40:17', 'theme': '待归位·铁路公路', 'n': 1, 'mean_pct': 10.01}, {'ts': '2026-09-22 10:41:18', 'theme': '待归位·IT服务Ⅱ', 'n': 1, 'mean_pct': 10.03}, {'ts': '2026-09-22 10:41:18', 'theme': '待归位·其他家电', 'n': 1, 'mean_pct': 10.08}, {'ts': '2026-09-22 10:41:18', 'theme': '待归位·出版', 'n': 3, 'mean_pct': 9.9733}, {'ts': '2026-09-22 10:41:18', 'theme': '待归位·包装印刷', 'n': 1, 'mean_pct': 10.05}, {'ts': '2026-09-22 10:41:18', 'theme': '待归位·化学制品', 'n': 1, 'mean_pct': 10.02}, {'ts': '2026-09-22 10:41:18', 'theme': '待归位·化学制药', 'n': 3, 'mean_pct': 11.3533}, {'ts': '2026-09-22 10:41:18', 'theme': '待归位·医疗服务', 'n': 2, 'mean_pct': 9.025}, {'ts': '2026-09-22 10:41:18', 'theme': '待归位·半导体', 'n': 1, 'mean_pct': 10.0}, {'ts': '2026-09-22 10:41:18', 'theme': '待归位·塑料', 'n': 1, 'mean_pct': 10.0}, {'ts': '2026-09-22 10:41:18', 'theme': '待归位·家居用品', 'n': 2, 'mean_pct': 7.565}, {'ts': '2026-09-22 10:41:18', 'theme': '待归位·广告营销', 'n': 1, 'mean_pct': 9.93}, {'ts': '2026-09-22 10:41:18', 'theme': '待归位·房地产开', 'n': 1, 'mean_pct': -0.82}, {'ts': '2026-09-22 10:41:18', 'theme': '待归位·房地产服', 'n': 2, 'mean_pct': 9.95}, {'ts': '2026-09-22 10:41:18', 'theme': '待归位·服装家纺', 'n': 1, 'mean_pct': 10.0}, {'ts': '2026-09-22 10:41:18', 'theme': '待归位·燃气Ⅱ', 'n': 1, 'mean_pct': 9.96}, {'ts': '2026-09-22 10:41:18', 'theme': '待归位·软件开发', 'n': 1, 'mean_pct': 10.04}, {'ts': '2026-09-22 10:41:18', 'theme': '待归位·铁路公路', 'n': 1, 'mean_pct': 10.01}, {'ts': '2026-09-22 10:42:18', 'theme': '待归位·IT服务Ⅱ', 'n': 1, 'mean_pct': 10.03}, {'ts': '2026-09-22 10:42:18', 'theme': '待归位·其他家电', 'n': 1, 'mean_pct': 10.08}, {'ts': '2026-09-22 10:42:18', 'theme': '待归位·出版', 'n': 3, 'mean_pct': 9.9733}, {'ts': '2026-09-22 10:42:18', 'theme': '待归位·包装印刷', 'n': 1, 'mean_pct': 10.05}, {'ts': '2026-09-22 10:42:18', 'theme': '待归位·化学制品', 'n': 1, 'mean_pct': 10.02}, {'ts': '2026-09-22 10:42:18', 'theme': '待归位·化学制药', 'n': 3, 'mean_pct': 11.4567}, {'ts': '2026-09-22 10:42:18', 'theme': '待归位·医疗服务', 'n': 2, 'mean_pct': 8.95}, {'ts': '2026-09-22 10:42:18', 'theme': '待归位·半导体', 'n': 1, 'mean_pct': 10.0}, {'ts': '2026-09-22 10:42:18', 'theme': '待归位·塑料', 'n': 1, 'mean_pct': 10.0}, {'ts': '2026-09-22 10:42:18', 'theme': '待归位·家居用品', 'n': 2, 'mean_pct': 7.725}, {'ts': '2026-09-22 10:42:18', 'theme': '待归位·广告营销', 'n': 1, 'mean_pct': 9.93}, {'ts': '2026-09-22 10:42:18', 'theme': '待归位·房地产开', 'n': 1, 'mean_pct': -0.82}, {'ts': '2026-09-22 10:42:18', 'theme': '待归位·房地产服', 'n': 2, 'mean_pct': 9.95}, {'ts': '2026-09-22 10:42:18', 'theme': '待归位·服装家纺', 'n': 1, 'mean_pct': 10.0}, {'ts': '2026-09-22 10:42:18', 'theme': '待归位·燃气Ⅱ', 'n': 1, 'mean_pct': 9.96}, {'ts': '2026-09-22 10:42:18', 'theme': '待归位·软件开发', 'n': 1, 'mean_pct': 10.04}, {'ts': '2026-09-22 10:42:18', 'theme': '待归位·铁路公路', 'n': 1, 'mean_pct': 10.01}, {'ts': '2026-09-22 10:43:18', 'theme': '待归位·IT服务Ⅱ', 'n': 1, 'mean_pct': 10.03}, {'ts': '2026-09-22 10:43:18', 'theme': '待归位·其他家电', 'n': 1, 'mean_pct': 10.08}, {'ts': '2026-09-22 10:43:18', 'theme': '待归位·出版', 'n': 3, 'mean_pct': 9.9733}, {'ts': '2026-09-22 10:43:18', 'theme': '待归位·包装印刷', 'n': 1, 'mean_pct': 10.05}, {'ts': '2026-09-22 10:43:18', 'theme': '待归位·化学制品', 'n': 1, 'mean_pct': 10.02}, {'ts': '2026-09-22 10:43:18', 'theme': '待归位·化学制药', 'n': 3, 'mean_pct': 11.3533}, {'ts': '2026-09-22 10:43:18', 'theme': '待归位·医疗服务', 'n': 2, 'mean_pct': 8.795}, {'ts': '2026-09-22 10:43:18', 'theme': '待归位·半导体', 'n': 1, 'mean_pct': 10.0}, {'ts': '2026-09-22 10:43:18', 'theme': '待归位·塑料', 'n': 1, 'mean_pct': 10.0}, {'ts': '2026-09-22 10:43:18', 'theme': '待归位·家居用品', 'n': 2, 'mean_pct': 7.885}, {'ts': '2026-09-22 10:43:18', 'theme': '待归位·广告营销', 'n': 1, 'mean_pct': 9.93}, {'ts': '2026-09-22 10:43:18', 'theme': '待归位·房地产开', 'n': 1, 'mean_pct': -0.82}, {'ts': '2026-09-22 10:43:18', 'theme': '待归位·房地产服', 'n': 2, 'mean_pct': 9.95}, {'ts': '2026-09-22 10:43:18', 'theme': '待归位·服装家纺', 'n': 1, 'mean_pct': 10.0}, {'ts': '2026-09-22 10:43:18', 'theme': '待归位·燃气Ⅱ', 'n': 1, 'mean_pct': 9.96}, {'ts': '2026-09-22 10:43:18', 'theme': '待归位·软件开发', 'n': 1, 'mean_pct': 10.04}, {'ts': '2026-09-22 10:43:18', 'theme': '待归位·铁路公路', 'n': 1, 'mean_pct': 10.01}, {'ts': '2026-09-22 10:44:18', 'theme': '待归位·IT服务Ⅱ', 'n': 1, 'mean_pct': 10.03}, {'ts': '2026-09-22 10:44:18', 'theme': '待归位·其他家电', 'n': 1, 'mean_pct': 10.08}, {'ts': '2026-09-22 10:44:18', 'theme': '待归位·出版', 'n': 3, 'mean_pct': 9.9733}, {'ts': '2026-09-22 10:44:18', 'theme': '待归位·包装印刷', 'n': 1, 'mean_pct': 10.05}, {'ts': '2026-09-22 10:44:18', 'theme': '待归位·化学制品', 'n': 1, 'mean_pct': 10.02}, {'ts': '2026-09-22 10:44:18', 'theme': '待归位·化学制药', 'n': 3, 'mean_pct': 11.76}, {'ts': '2026-09-22 10:44:18', 'theme': '待归位·医疗服务', 'n': 2, 'mean_pct': 8.795}, {'ts': '2026-09-22 10:44:18', 'theme': '待归位·半导体', 'n': 1, 'mean_pct': 10.0}, {'ts': '2026-09-22 10:44:18', 'theme': '待归位·塑料', 'n': 1, 'mean_pct': 10.0}, {'ts': '2026-09-22 10:44:18', 'theme': '待归位·家居用品', 'n': 2, 'mean_pct': 8.125}, {'ts': '2026-09-22 10:44:18', 'theme': '待归位·广告营销', 'n': 1, 'mean_pct': 9.93}, {'ts': '2026-09-22 10:44:18', 'theme': '待归位·房地产开', 'n': 1, 'mean_pct': -1.23}, {'ts': '2026-09-22 10:44:18', 'theme': '待归位·房地产服', 'n': 2, 'mean_pct': 9.95}, {'ts': '2026-09-22 10:44:18', 'theme': '待归位·服装家纺', 'n': 1, 'mean_pct': 10.0}, {'ts': '2026-09-22 10:44:18', 'theme': '待归位·燃气Ⅱ', 'n': 1, 'mean_pct': 9.96}, {'ts': '2026-09-22 10:44:18', 'theme': '待归位·软件开发', 'n': 1, 'mean_pct': 10.04}, {'ts': '2026-09-22 10:44:18', 'theme': '待归位·铁路公路', 'n': 1, 'mean_pct': 10.01}, {'ts': '2026-09-22 10:45:18', 'theme': '待归位·IT服务Ⅱ', 'n': 1, 'mean_pct': 10.03}, {'ts': '2026-09-22 10:45:18', 'theme': '待归位·其他家电', 'n': 1, 'mean_pct': 10.08}, {'ts': '2026-09-22 10:45:18', 'theme': '待归位·出版', 'n': 3, 'mean_pct': 9.9733}, {'ts': '2026-09-22 10:45:18', 'theme': '待归位·包装印刷', 'n': 1, 'mean_pct': 10.05}, {'ts': '2026-09-22 10:45:18', 'theme': '待归位·化学制品', 'n': 1, 'mean_pct': 10.02}, {'ts': '2026-09-22 10:45:18', 'theme': '待归位·化学制药', 'n': 3, 'mean_pct': 11.5567}, {'ts': '2026-09-22 10:45:18', 'theme': '待归位·医疗服务', 'n': 2, 'mean_pct': 9.1}, {'ts': '2026-09-22 10:45:18', 'theme': '待归位·半导体', 'n': 1, 'mean_pct': 10.0}, {'ts': '2026-09-22 10:45:18', 'theme': '待归位·塑料', 'n': 1, 'mean_pct': 10.0}, {'ts': '2026-09-22 10:45:18', 'theme': '待归位·家居用品', 'n': 2, 'mean_pct': 8.045}, {'ts': '2026-09-22 10:45:18', 'theme': '待归位·广告营销', 'n': 1, 'mean_pct': 9.93}, {'ts': '2026-09-22 10:45:18', 'theme': '待归位·房地产开', 'n': 1, 'mean_pct': -1.23}, {'ts': '2026-09-22 10:45:18', 'theme': '待归位·房地产服', 'n': 2, 'mean_pct': 9.95}, {'ts': '2026-09-22 10:45:18', 'theme': '待归位·服装家纺', 'n': 1, 'mean_pct': 10.0}, {'ts': '2026-09-22 10:45:18', 'theme': '待归位·燃气Ⅱ', 'n': 1, 'mean_pct': 9.96}, {'ts': '2026-09-22 10:45:18', 'theme': '待归位·软件开发', 'n': 1, 'mean_pct': 10.04}, {'ts': '2026-09-22 10:45:18', 'theme': '待归位·铁路公路', 'n': 1, 'mean_pct': 10.01}, {'ts': '2026-09-22 10:46:19', 'theme': '待归位·IT服务Ⅱ', 'n': 1, 'mean_pct': 10.03}, {'ts': '2026-09-22 10:46:19', 'theme': '待归位·其他家电', 'n': 1, 'mean_pct': 10.08}, {'ts': '2026-09-22 10:46:19', 'theme': '待归位·出版', 'n': 3, 'mean_pct': 9.9733}, {'ts': '2026-09-22 10:46:19', 'theme': '待归位·包装印刷', 'n': 1, 'mean_pct': 10.05}, {'ts': '2026-09-22 10:46:19', 'theme': '待归位·化学制品', 'n': 1, 'mean_pct': 10.02}, {'ts': '2026-09-22 10:46:19', 'theme': '待归位·化学制药', 'n': 3, 'mean_pct': 11.3533}, {'ts': '2026-09-22 10:46:19', 'theme': '待归位·医疗服务', 'n': 2, 'mean_pct': 8.985}, {'ts': '2026-09-22 10:46:19', 'theme': '待归位·半导体', 'n': 1, 'mean_pct': 10.0}, {'ts': '2026-09-22 10:46:19', 'theme': '待归位·塑料', 'n': 1, 'mean_pct': 10.0}, {'ts': '2026-09-22 10:46:19', 'theme': '待归位·家居用品', 'n': 2, 'mean_pct': 8.045}, {'ts': '2026-09-22 10:46:19', 'theme': '待归位·广告营销', 'n': 1, 'mean_pct': 9.93}, {'ts': '2026-09-22 10:46:19', 'theme': '待归位·房地产开', 'n': 1, 'mean_pct': -1.23}, {'ts': '2026-09-22 10:46:19', 'theme': '待归位·房地产服', 'n': 2, 'mean_pct': 9.95}, {'ts': '2026-09-22 10:46:19', 'theme': '待归位·服装家纺', 'n': 1, 'mean_pct': 10.0}, {'ts': '2026-09-22 10:46:19', 'theme': '待归位·燃气Ⅱ', 'n': 1, 'mean_pct': 9.96}, {'ts': '2026-09-22 10:46:19', 'theme': '待归位·软件开发', 'n': 1, 'mean_pct': 10.04}, {'ts': '2026-09-22 10:46:19', 'theme': '待归位·铁路公路', 'n': 1, 'mean_pct': 10.01}, {'ts': '2026-09-22 10:47:19', 'theme': '待归位·IT服务Ⅱ', 'n': 1, 'mean_pct': 10.03}, {'ts': '2026-09-22 10:47:19', 'theme': '待归位·其他家电', 'n': 1, 'mean_pct': 10.08}, {'ts': '2026-09-22 10:47:19', 'theme': '待归位·出版', 'n': 3, 'mean_pct': 9.9733}, {'ts': '2026-09-22 10:47:19', 'theme': '待归位·包装印刷', 'n': 1, 'mean_pct': 10.05}, {'ts': '2026-09-22 10:47:19', 'theme': '待归位·化学制品', 'n': 1, 'mean_pct': 10.02}, {'ts': '2026-09-22 10:47:19', 'theme': '待归位·化学制药', 'n': 3, 'mean_pct': 11.4567}, {'ts': '2026-09-22 10:47:19', 'theme': '待归位·医疗服务', 'n': 2, 'mean_pct': 10.015}, {'ts': '2026-09-22 10:47:19', 'theme': '待归位·半导体', 'n': 1, 'mean_pct': 10.0}, {'ts': '2026-09-22 10:47:19', 'theme': '待归位·塑料', 'n': 1, 'mean_pct': 10.0}, {'ts': '2026-09-22 10:47:19', 'theme': '待归位·家居用品', 'n': 2, 'mean_pct': 8.285}, {'ts': '2026-09-22 10:47:19', 'theme': '待归位·广告营销', 'n': 1, 'mean_pct': 9.93}, {'ts': '2026-09-22 10:47:19', 'theme': '待归位·房地产开', 'n': 1, 'mean_pct': -1.23}, {'ts': '2026-09-22 10:47:19', 'theme': '待归位·房地产服', 'n': 2, 'mean_pct': 9.95}, {'ts': '2026-09-22 10:47:19', 'theme': '待归位·服装家纺', 'n': 1, 'mean_pct': 10.0}, {'ts': '2026-09-22 10:47:19', 'theme': '待归位·燃气Ⅱ', 'n': 1, 'mean_pct': 9.96}, {'ts': '2026-09-22 10:47:19', 'theme': '待归位·软件开发', 'n': 1, 'mean_pct': 10.04}, {'ts': '2026-09-22 10:47:19', 'theme': '待归位·铁路公路', 'n': 1, 'mean_pct': 10.01}, {'ts': '2026-09-22 10:48:19', 'theme': '待归位·IT服务Ⅱ', 'n': 1, 'mean_pct': 10.03}, {'ts': '2026-09-22 10:48:19', 'theme': '待归位·其他家电', 'n': 1, 'mean_pct': 10.08}, {'ts': '2026-09-22 10:48:19', 'theme': '待归位·出版', 'n': 3, 'mean_pct': 9.9733}, {'ts': '2026-09-22 10:48:19', 'theme': '待归位·包装印刷', 'n': 1, 'mean_pct': 10.05}, {'ts': '2026-09-22 10:48:19', 'theme': '待归位·化学制品', 'n': 1, 'mean_pct': 10.02}, {'ts': '2026-09-22 10:48:19', 'theme': '待归位·化学制药', 'n': 3, 'mean_pct': 11.5567}, {'ts': '2026-09-22 10:48:19', 'theme': '待归位·医疗服务', 'n': 2, 'mean_pct': 10.015}, {'ts': '2026-09-22 10:48:19', 'theme': '待归位·半导体', 'n': 1, 'mean_pct': 10.0}, {'ts': '2026-09-22 10:48:19', 'theme': '待归位·塑料', 'n': 1, 'mean_pct': 10.0}, {'ts': '2026-09-22 10:48:19', 'theme': '待归位·家居用品', 'n': 2, 'mean_pct': 8.285}, {'ts': '2026-09-22 10:48:19', 'theme': '待归位·广告营销', 'n': 1, 'mean_pct': 9.93}, {'ts': '2026-09-22 10:48:19', 'theme': '待归位·房地产开', 'n': 1, 'mean_pct': -1.23}, {'ts': '2026-09-22 10:48:19', 'theme': '待归位·房地产服', 'n': 2, 'mean_pct': 9.95}, {'ts': '2026-09-22 10:48:19', 'theme': '待归位·服装家纺', 'n': 1, 'mean_pct': 10.0}, {'ts': '2026-09-22 10:48:19', 'theme': '待归位·燃气Ⅱ', 'n': 1, 'mean_pct': 9.96}, {'ts': '2026-09-22 10:48:19', 'theme': '待归位·软件开发', 'n': 1, 'mean_pct': 10.04}, {'ts': '2026-09-22 10:48:19', 'theme': '待归位·铁路公路', 'n': 1, 'mean_pct': 10.01}, {'ts': '2026-09-22 10:49:19', 'theme': '待归位·IT服务Ⅱ', 'n': 1, 'mean_pct': 10.03}, {'ts': '2026-09-22 10:49:19', 'theme': '待归位·其他家电', 'n': 1, 'mean_pct': 10.08}, {'ts': '2026-09-22 10:49:19', 'theme': '待归位·出版', 'n': 3, 'mean_pct': 9.9733}, {'ts': '2026-09-22 10:49:19', 'theme': '待归位·包装印刷', 'n': 1, 'mean_pct': 10.05}, {'ts': '2026-09-22 10:49:19', 'theme': '待归位·化学制品', 'n': 1, 'mean_pct': 10.02}, {'ts': '2026-09-22 10:49:19', 'theme': '待归位·化学制药', 'n': 3, 'mean_pct': 12.0633}, {'ts': '2026-09-22 10:49:19', 'theme': '待归位·医疗服务', 'n': 2, 'mean_pct': 10.015}, {'ts': '2026-09-22 10:49:19', 'theme': '待归位·半导体', 'n': 1, 'mean_pct': 10.0}, {'ts': '2026-09-22 10:49:19', 'theme': '待归位·塑料', 'n': 1, 'mean_pct': 10.0}, {'ts': '2026-09-22 10:49:19', 'theme': '待归位·家居用品', 'n': 2, 'mean_pct': 8.365}, {'ts': '2026-09-22 10:49:19', 'theme': '待归位·广告营销', 'n': 1, 'mean_pct': 9.93}, {'ts': '2026-09-22 10:49:19', 'theme': '待归位·房地产开', 'n': 1, 'mean_pct': -1.65}, {'ts': '2026-09-22 10:49:19', 'theme': '待归位·房地产服', 'n': 2, 'mean_pct': 9.95}, {'ts': '2026-09-22 10:49:19', 'theme': '待归位·服装家纺', 'n': 1, 'mean_pct': 10.0}, {'ts': '2026-09-22 10:49:19', 'theme': '待归位·燃气Ⅱ', 'n': 1, 'mean_pct': 9.96}, {'ts': '2026-09-22 10:49:19', 'theme': '待归位·软件开发', 'n': 1, 'mean_pct': 10.04}, {'ts': '2026-09-22 10:49:19', 'theme': '待归位·铁路公路', 'n': 1, 'mean_pct': 10.01}, {'ts': '2026-09-22 10:50:20', 'theme': '待归位·IT服务Ⅱ', 'n': 1, 'mean_pct': 10.03}, {'ts': '2026-09-22 10:50:20', 'theme': '待归位·其他家电', 'n': 1, 'mean_pct': 10.08}, {'ts': '2026-09-22 10:50:20', 'theme': '待归位·出版', 'n': 3, 'mean_pct': 9.9733}, {'ts': '2026-09-22 10:50:20', 'theme': '待归位·包装印刷', 'n': 1, 'mean_pct': 10.05}, {'ts': '2026-09-22 10:50:20', 'theme': '待归位·化学制品', 'n': 1, 'mean_pct': 10.02}, {'ts': '2026-09-22 10:50:20', 'theme': '待归位·化学制药', 'n': 3, 'mean_pct': 12.0633}, {'ts': '2026-09-22 10:50:20', 'theme': '待归位·医疗服务', 'n': 2, 'mean_pct': 10.015}, {'ts': '2026-09-22 10:50:20', 'theme': '待归位·半导体', 'n': 1, 'mean_pct': 10.0}, {'ts': '2026-09-22 10:50:20', 'theme': '待归位·塑料', 'n': 1, 'mean_pct': 10.0}, {'ts': '2026-09-22 10:50:20', 'theme': '待归位·家居用品', 'n': 2, 'mean_pct': 8.205}, {'ts': '2026-09-22 10:50:20', 'theme': '待归位·广告营销', 'n': 1, 'mean_pct': 9.93}, {'ts': '2026-09-22 10:50:20', 'theme': '待归位·房地产开', 'n': 1, 'mean_pct': -1.23}, {'ts': '2026-09-22 10:50:20', 'theme': '待归位·房地产服', 'n': 2, 'mean_pct': 9.95}, {'ts': '2026-09-22 10:50:20', 'theme': '待归位·服装家纺', 'n': 1, 'mean_pct': 10.0}, {'ts': '2026-09-22 10:50:20', 'theme': '待归位·燃气Ⅱ', 'n': 1, 'mean_pct': 9.96}, {'ts': '2026-09-22 10:50:20', 'theme': '待归位·软件开发', 'n': 1, 'mean_pct': 10.04}, {'ts': '2026-09-22 10:50:20', 'theme': '待归位·铁路公路', 'n': 1, 'mean_pct': 10.01}, {'ts': '2026-09-22 10:51:20', 'theme': '待归位·IT服务Ⅱ', 'n': 1, 'mean_pct': 10.03}, {'ts': '2026-09-22 10:51:20', 'theme': '待归位·其他家电', 'n': 1, 'mean_pct': 10.08}, {'ts': '2026-09-22 10:51:20', 'theme': '待归位·出版', 'n': 3, 'mean_pct': 9.9733}, {'ts': '2026-09-22 10:51:20', 'theme': '待归位·包装印刷', 'n': 1, 'mean_pct': 10.05}, {'ts': '2026-09-22 10:51:20', 'theme': '待归位·化学制品', 'n': 1, 'mean_pct': 10.02}, {'ts': '2026-09-22 10:51:20', 'theme': '待归位·化学制药', 'n': 3, 'mean_pct': 13.38}, {'ts': '2026-09-22 10:51:20', 'theme': '待归位·医疗服务', 'n': 2, 'mean_pct': 9.75}, {'ts': '2026-09-22 10:51:20', 'theme': '待归位·半导体', 'n': 1, 'mean_pct': 10.0}, {'ts': '2026-09-22 10:51:20', 'theme': '待归位·塑料', 'n': 1, 'mean_pct': 10.0}, {'ts': '2026-09-22 10:51:20', 'theme': '待归位·家居用品', 'n': 2, 'mean_pct': 7.965}, {'ts': '2026-09-22 10:51:20', 'theme': '待归位·广告营销', 'n': 1, 'mean_pct': 9.93}, {'ts': '2026-09-22 10:51:20', 'theme': '待归位·房地产开', 'n': 1, 'mean_pct': -1.65}, {'ts': '2026-09-22 10:51:20', 'theme': '待归位·房地产服', 'n': 2, 'mean_pct': 9.95}, {'ts': '2026-09-22 10:51:20', 'theme': '待归位·服装家纺', 'n': 1, 'mean_pct': 10.0}, {'ts': '2026-09-22 10:51:20', 'theme': '待归位·燃气Ⅱ', 'n': 1, 'mean_pct': 9.96}, {'ts': '2026-09-22 10:51:20', 'theme': '待归位·软件开发', 'n': 1, 'mean_pct': 10.04}, {'ts': '2026-09-22 10:51:20', 'theme': '待归位·铁路公路', 'n': 1, 'mean_pct': 10.01}, {'ts': '2026-09-22 10:52:20', 'theme': '待归位·IT服务Ⅱ', 'n': 1, 'mean_pct': 10.03}, {'ts': '2026-09-22 10:52:20', 'theme': '待归位·其他家电', 'n': 1, 'mean_pct': 10.08}, {'ts': '2026-09-22 10:52:20', 'theme': '待归位·出版', 'n': 3, 'mean_pct': 9.9733}, {'ts': '2026-09-22 10:52:20', 'theme': '待归位·包装印刷', 'n': 1, 'mean_pct': 10.05}, {'ts': '2026-09-22 10:52:20', 'theme': '待归位·化学制品', 'n': 1, 'mean_pct': 10.02}, {'ts': '2026-09-22 10:52:20', 'theme': '待归位·化学制药', 'n': 3, 'mean_pct': 13.38}, {'ts': '2026-09-22 10:52:20', 'theme': '待归位·医疗服务', 'n': 2, 'mean_pct': 9.48}, {'ts': '2026-09-22 10:52:20', 'theme': '待归位·半导体', 'n': 1, 'mean_pct': 10.0}, {'ts': '2026-09-22 10:52:20', 'theme': '待归位·塑料', 'n': 1, 'mean_pct': 10.0}, {'ts': '2026-09-22 10:52:20', 'theme': '待归位·家居用品', 'n': 2, 'mean_pct': 8.125}, {'ts': '2026-09-22 10:52:20', 'theme': '待归位·广告营销', 'n': 1, 'mean_pct': 9.93}, {'ts': '2026-09-22 10:52:20', 'theme': '待归位·房地产开', 'n': 1, 'mean_pct': -1.65}, {'ts': '2026-09-22 10:52:20', 'theme': '待归位·房地产服', 'n': 2, 'mean_pct': 9.95}, {'ts': '2026-09-22 10:52:20', 'theme': '待归位·服装家纺', 'n': 1, 'mean_pct': 10.0}, {'ts': '2026-09-22 10:52:20', 'theme': '待归位·燃气Ⅱ', 'n': 1, 'mean_pct': 9.96}, {'ts': '2026-09-22 10:52:20', 'theme': '待归位·软件开发', 'n': 1, 'mean_pct': 10.04}, {'ts': '2026-09-22 10:52:20', 'theme': '待归位·铁路公路', 'n': 1, 'mean_pct': 10.01}, {'ts': '2026-09-22 10:53:20', 'theme': '待归位·IT服务Ⅱ', 'n': 1, 'mean_pct': 10.03}, {'ts': '2026-09-22 10:53:20', 'theme': '待归位·其他家电', 'n': 1, 'mean_pct': 10.08}, {'ts': '2026-09-22 10:53:20', 'theme': '待归位·出版', 'n': 3, 'mean_pct': 9.9733}, {'ts': '2026-09-22 10:53:20', 'theme': '待归位·包装印刷', 'n': 1, 'mean_pct': 10.05}, {'ts': '2026-09-22 10:53:20', 'theme': '待归位·化学制品', 'n': 1, 'mean_pct': 10.02}, {'ts': '2026-09-22 10:53:20', 'theme': '待归位·化学制药', 'n': 3, 'mean_pct': 13.38}, {'ts': '2026-09-22 10:53:20', 'theme': '待归位·医疗服务', 'n': 2, 'mean_pct': 9.71}, {'ts': '2026-09-22 10:53:20', 'theme': '待归位·半导体', 'n': 1, 'mean_pct': 10.0}, {'ts': '2026-09-22 10:53:20', 'theme': '待归位·塑料', 'n': 1, 'mean_pct': 10.0}, {'ts': '2026-09-22 10:53:20', 'theme': '待归位·家居用品', 'n': 2, 'mean_pct': 7.805}, {'ts': '2026-09-22 10:53:20', 'theme': '待归位·广告营销', 'n': 1, 'mean_pct': 9.93}, {'ts': '2026-09-22 10:53:20', 'theme': '待归位·房地产开', 'n': 1, 'mean_pct': -1.65}, {'ts': '2026-09-22 10:53:20', 'theme': '待归位·房地产服', 'n': 2, 'mean_pct': 9.95}, {'ts': '2026-09-22 10:53:20', 'theme': '待归位·服装家纺', 'n': 1, 'mean_pct': 10.0}, {'ts': '2026-09-22 10:53:20', 'theme': '待归位·燃气Ⅱ', 'n': 1, 'mean_pct': 9.96}, {'ts': '2026-09-22 10:53:20', 'theme': '待归位·软件开发', 'n': 1, 'mean_pct': 10.04}, {'ts': '2026-09-22 10:53:20', 'theme': '待归位·铁路公路', 'n': 1, 'mean_pct': 10.01}, {'ts': '2026-09-22 10:54:20', 'theme': '待归位·IT服务Ⅱ', 'n': 1, 'mean_pct': 10.03}, {'ts': '2026-09-22 10:54:20', 'theme': '待归位·其他家电', 'n': 1, 'mean_pct': 10.08}, {'ts': '2026-09-22 10:54:20', 'theme': '待归位·出版', 'n': 3, 'mean_pct': 9.9733}, {'ts': '2026-09-22 10:54:20', 'theme': '待归位·包装印刷', 'n': 1, 'mean_pct': 10.05}, {'ts': '2026-09-22 10:54:20', 'theme': '待归位·化学制品', 'n': 1, 'mean_pct': 10.02}, {'ts': '2026-09-22 10:54:20', 'theme': '待归位·化学制药', 'n': 3, 'mean_pct': 13.38}, {'ts': '2026-09-22 10:54:20', 'theme': '待归位·医疗服务', 'n': 2, 'mean_pct': 9.48}, {'ts': '2026-09-22 10:54:20', 'theme': '待归位·半导体', 'n': 1, 'mean_pct': 10.0}, {'ts': '2026-09-22 10:54:20', 'theme': '待归位·塑料', 'n': 1, 'mean_pct': 10.0}, {'ts': '2026-09-22 10:54:20', 'theme': '待归位·家居用品', 'n': 2, 'mean_pct': 7.805}, {'ts': '2026-09-22 10:54:20', 'theme': '待归位·广告营销', 'n': 1, 'mean_pct': 9.93}, {'ts': '2026-09-22 10:54:20', 'theme': '待归位·房地产开', 'n': 1, 'mean_pct': -1.65}, {'ts': '2026-09-22 10:54:20', 'theme': '待归位·房地产服', 'n': 2, 'mean_pct': 9.95}, {'ts': '2026-09-22 10:54:20', 'theme': '待归位·服装家纺', 'n': 1, 'mean_pct': 10.0}, {'ts': '2026-09-22 10:54:20', 'theme': '待归位·燃气Ⅱ', 'n': 1, 'mean_pct': 9.96}, {'ts': '2026-09-22 10:54:20', 'theme': '待归位·软件开发', 'n': 1, 'mean_pct': 10.04}, {'ts': '2026-09-22 10:54:20', 'theme': '待归位·铁路公路', 'n': 1, 'mean_pct': 10.01}, {'ts': '2026-09-22 10:55:21', 'theme': '待归位·IT服务Ⅱ', 'n': 1, 'mean_pct': 10.03}, {'ts': '2026-09-22 10:55:21', 'theme': '待归位·其他家电', 'n': 1, 'mean_pct': 10.08}, {'ts': '2026-09-22 10:55:21', 'theme': '待归位·出版', 'n': 3, 'mean_pct': 9.9733}, {'ts': '2026-09-22 10:55:21', 'theme': '待归位·包装印刷', 'n': 1, 'mean_pct': 10.05}, {'ts': '2026-09-22 10:55:21', 'theme': '待归位·化学制品', 'n': 1, 'mean_pct': 10.02}, {'ts': '2026-09-22 10:55:21', 'theme': '待归位·化学制药', 'n': 3, 'mean_pct': 13.38}, {'ts': '2026-09-22 10:55:21', 'theme': '待归位·医疗服务', 'n': 2, 'mean_pct': 9.635}, {'ts': '2026-09-22 10:55:21', 'theme': '待归位·半导体', 'n': 1, 'mean_pct': 10.0}, {'ts': '2026-09-22 10:55:21', 'theme': '待归位·塑料', 'n': 1, 'mean_pct': 10.0}, {'ts': '2026-09-22 10:55:21', 'theme': '待归位·家居用品', 'n': 2, 'mean_pct': 7.565}, {'ts': '2026-09-22 10:55:21', 'theme': '待归位·广告营销', 'n': 1, 'mean_pct': 9.93}, {'ts': '2026-09-22 10:55:21', 'theme': '待归位·房地产开', 'n': 1, 'mean_pct': -1.23}, {'ts': '2026-09-22 10:55:21', 'theme': '待归位·房地产服', 'n': 2, 'mean_pct': 9.95}, {'ts': '2026-09-22 10:55:21', 'theme': '待归位·服装家纺', 'n': 1, 'mean_pct': 10.0}, {'ts': '2026-09-22 10:55:21', 'theme': '待归位·燃气Ⅱ', 'n': 1, 'mean_pct': 9.96}, {'ts': '2026-09-22 10:55:21', 'theme': '待归位·软件开发', 'n': 1, 'mean_pct': 10.04}, {'ts': '2026-09-22 10:55:21', 'theme': '待归位·铁路公路', 'n': 1, 'mean_pct': 10.01}, {'ts': '2026-09-22 10:56:21', 'theme': '待归位·IT服务Ⅱ', 'n': 1, 'mean_pct': 10.03}, {'ts': '2026-09-22 10:56:21', 'theme': '待归位·其他家电', 'n': 1, 'mean_pct': 10.08}, {'ts': '2026-09-22 10:56:21', 'theme': '待归位·出版', 'n': 3, 'mean_pct': 9.9733}, {'ts': '2026-09-22 10:56:21', 'theme': '待归位·包装印刷', 'n': 1, 'mean_pct': 10.05}, {'ts': '2026-09-22 10:56:21', 'theme': '待归位·化学制品', 'n': 1, 'mean_pct': 10.02}, {'ts': '2026-09-22 10:56:21', 'theme': '待归位·化学制药', 'n': 3, 'mean_pct': 13.38}, {'ts': '2026-09-22 10:56:21', 'theme': '待归位·医疗服务', 'n': 2, 'mean_pct': 9.595}, {'ts': '2026-09-22 10:56:21', 'theme': '待归位·半导体', 'n': 1, 'mean_pct': 10.0}, {'ts': '2026-09-22 10:56:21', 'theme': '待归位·塑料', 'n': 1, 'mean_pct': 10.0}, {'ts': '2026-09-22 10:56:21', 'theme': '待归位·家居用品', 'n': 2, 'mean_pct': 7.325}, {'ts': '2026-09-22 10:56:21', 'theme': '待归位·广告营销', 'n': 1, 'mean_pct': 9.93}, {'ts': '2026-09-22 10:56:21', 'theme': '待归位·房地产开', 'n': 1, 'mean_pct': -1.65}, {'ts': '2026-09-22 10:56:21', 'theme': '待归位·房地产服', 'n': 2, 'mean_pct': 9.95}, {'ts': '2026-09-22 10:56:21', 'theme': '待归位·服装家纺', 'n': 1, 'mean_pct': 10.0}, {'ts': '2026-09-22 10:56:21', 'theme': '待归位·燃气Ⅱ', 'n': 1, 'mean_pct': 9.96}, {'ts': '2026-09-22 10:56:21', 'theme': '待归位·软件开发', 'n': 1, 'mean_pct': 10.04}, {'ts': '2026-09-22 10:56:21', 'theme': '待归位·铁路公路', 'n': 1, 'mean_pct': 10.01}, {'ts': '2026-09-22 10:57:21', 'theme': '待归位·IT服务Ⅱ', 'n': 1, 'mean_pct': 10.03}, {'ts': '2026-09-22 10:57:21', 'theme': '待归位·其他家电', 'n': 1, 'mean_pct': 10.08}, {'ts': '2026-09-22 10:57:21', 'theme': '待归位·出版', 'n': 3, 'mean_pct': 9.9733}, {'ts': '2026-09-22 10:57:21', 'theme': '待归位·包装印刷', 'n': 1, 'mean_pct': 10.05}, {'ts': '2026-09-22 10:57:21', 'theme': '待归位·化学制品', 'n': 1, 'mean_pct': 10.02}, {'ts': '2026-09-22 10:57:21', 'theme': '待归位·化学制药', 'n': 3, 'mean_pct': 13.38}, {'ts': '2026-09-22 10:57:21', 'theme': '待归位·医疗服务', 'n': 2, 'mean_pct': 9.52}, {'ts': '2026-09-22 10:57:21', 'theme': '待归位·半导体', 'n': 1, 'mean_pct': 10.0}, {'ts': '2026-09-22 10:57:21', 'theme': '待归位·塑料', 'n': 1, 'mean_pct': 10.0}, {'ts': '2026-09-22 10:57:21', 'theme': '待归位·家居用品', 'n': 2, 'mean_pct': 7.325}, {'ts': '2026-09-22 10:57:21', 'theme': '待归位·广告营销', 'n': 1, 'mean_pct': 9.93}, {'ts': '2026-09-22 10:57:21', 'theme': '待归位·房地产开', 'n': 1, 'mean_pct': -1.23}, {'ts': '2026-09-22 10:57:21', 'theme': '待归位·房地产服', 'n': 2, 'mean_pct': 9.95}, {'ts': '2026-09-22 10:57:21', 'theme': '待归位·服装家纺', 'n': 1, 'mean_pct': 10.0}, {'ts': '2026-09-22 10:57:21', 'theme': '待归位·燃气Ⅱ', 'n': 1, 'mean_pct': 9.96}, {'ts': '2026-09-22 10:57:21', 'theme': '待归位·软件开发', 'n': 1, 'mean_pct': 10.04}, {'ts': '2026-09-22 10:57:21', 'theme': '待归位·铁路公路', 'n': 1, 'mean_pct': 10.01}, {'ts': '2026-09-22 10:58:21', 'theme': '待归位·IT服务Ⅱ', 'n': 1, 'mean_pct': 10.03}, {'ts': '2026-09-22 10:58:21', 'theme': '待归位·其他家电', 'n': 1, 'mean_pct': 10.08}, {'ts': '2026-09-22 10:58:21', 'theme': '待归位·出版', 'n': 3, 'mean_pct': 9.9733}, {'ts': '2026-09-22 10:58:21', 'theme': '待归位·包装印刷', 'n': 1, 'mean_pct': 10.05}, {'ts': '2026-09-22 10:58:21', 'theme': '待归位·化学制品', 'n': 1, 'mean_pct': 10.02}, {'ts': '2026-09-22 10:58:21', 'theme': '待归位·化学制药', 'n': 3, 'mean_pct': 13.38}, {'ts': '2026-09-22 10:58:21', 'theme': '待归位·医疗服务', 'n': 2, 'mean_pct': 9.9}, {'ts': '2026-09-22 10:58:21', 'theme': '待归位·半导体', 'n': 1, 'mean_pct': 10.0}, {'ts': '2026-09-22 10:58:21', 'theme': '待归位·塑料', 'n': 1, 'mean_pct': 10.0}, {'ts': '2026-09-22 10:58:21', 'theme': '待归位·家居用品', 'n': 2, 'mean_pct': 7.325}, {'ts': '2026-09-22 10:58:21', 'theme': '待归位·广告营销', 'n': 1, 'mean_pct': 9.93}, {'ts': '2026-09-22 10:58:21', 'theme': '待归位·房地产开', 'n': 1, 'mean_pct': -1.23}, {'ts': '2026-09-22 10:58:21', 'theme': '待归位·房地产服', 'n': 2, 'mean_pct': 9.95}, {'ts': '2026-09-22 10:58:21', 'theme': '待归位·服装家纺', 'n': 1, 'mean_pct': 10.0}, {'ts': '2026-09-22 10:58:21', 'theme': '待归位·燃气Ⅱ', 'n': 1, 'mean_pct': 9.96}, {'ts': '2026-09-22 10:58:21', 'theme': '待归位·软件开发', 'n': 1, 'mean_pct': 10.04}, {'ts': '2026-09-22 10:58:21', 'theme': '待归位·铁路公路', 'n': 1, 'mean_pct': 10.01}, {'ts': '2026-09-22 10:59:22', 'theme': '待归位·IT服务Ⅱ', 'n': 1, 'mean_pct': 10.03}, {'ts': '2026-09-22 10:59:22', 'theme': '待归位·其他家电', 'n': 1, 'mean_pct': 10.08}, {'ts': '2026-09-22 10:59:22', 'theme': '待归位·出版', 'n': 3, 'mean_pct': 9.9733}, {'ts': '2026-09-22 10:59:22', 'theme': '待归位·包装印刷', 'n': 1, 'mean_pct': 10.05}, {'ts': '2026-09-22 10:59:22', 'theme': '待归位·化学制品', 'n': 1, 'mean_pct': 10.02}, {'ts': '2026-09-22 10:59:22', 'theme': '待归位·化学制药', 'n': 3, 'mean_pct': 13.38}, {'ts': '2026-09-22 10:59:22', 'theme': '待归位·医疗服务', 'n': 2, 'mean_pct': 9.785}, {'ts': '2026-09-22 10:59:22', 'theme': '待归位·半导体', 'n': 1, 'mean_pct': 10.0}, {'ts': '2026-09-22 10:59:22', 'theme': '待归位·塑料', 'n': 1, 'mean_pct': 10.0}, {'ts': '2026-09-22 10:59:22', 'theme': '待归位·家居用品', 'n': 2, 'mean_pct': 7.245}, {'ts': '2026-09-22 10:59:22', 'theme': '待归位·广告营销', 'n': 1, 'mean_pct': 9.93}, {'ts': '2026-09-22 10:59:22', 'theme': '待归位·房地产开', 'n': 1, 'mean_pct': -1.65}, {'ts': '2026-09-22 10:59:22', 'theme': '待归位·房地产服', 'n': 2, 'mean_pct': 9.95}, {'ts': '2026-09-22 10:59:22', 'theme': '待归位·服装家纺', 'n': 1, 'mean_pct': 10.0}, {'ts': '2026-09-22 10:59:22', 'theme': '待归位·燃气Ⅱ', 'n': 1, 'mean_pct': 9.96}, {'ts': '2026-09-22 10:59:22', 'theme': '待归位·软件开发', 'n': 1, 'mean_pct': 10.04}, {'ts': '2026-09-22 10:59:22', 'theme': '待归位·铁路公路', 'n': 1, 'mean_pct': 10.01}, {'ts': '2026-09-22 11:00:22', 'theme': '待归位·IT服务Ⅱ', 'n': 1, 'mean_pct': 10.03}, {'ts': '2026-09-22 11:00:22', 'theme': '待归位·其他家电', 'n': 1, 'mean_pct': 10.08}, {'ts': '2026-09-22 11:00:22', 'theme': '待归位·出版', 'n': 3, 'mean_pct': 9.9733}, {'ts': '2026-09-22 11:00:22', 'theme': '待归位·包装印刷', 'n': 1, 'mean_pct': 10.05}, {'ts': '2026-09-22 11:00:22', 'theme': '待归位·化学制品', 'n': 1, 'mean_pct': 10.02}, {'ts': '2026-09-22 11:00:22', 'theme': '待归位·化学制药', 'n': 3, 'mean_pct': 13.38}, {'ts': '2026-09-22 11:00:22', 'theme': '待归位·医疗服务', 'n': 2, 'mean_pct': 9.785}, {'ts': '2026-09-22 11:00:22', 'theme': '待归位·半导体', 'n': 1, 'mean_pct': 10.0}, {'ts': '2026-09-22 11:00:22', 'theme': '待归位·塑料', 'n': 1, 'mean_pct': 10.0}, {'ts': '2026-09-22 11:00:22', 'theme': '待归位·家居用品', 'n': 2, 'mean_pct': 7.165}, {'ts': '2026-09-22 11:00:22', 'theme': '待归位·广告营销', 'n': 1, 'mean_pct': 9.93}, {'ts': '2026-09-22 11:00:22', 'theme': '待归位·房地产开', 'n': 1, 'mean_pct': -0.82}, {'ts': '2026-09-22 11:00:22', 'theme': '待归位·房地产服', 'n': 2, 'mean_pct': 9.95}, {'ts': '2026-09-22 11:00:22', 'theme': '待归位·服装家纺', 'n': 1, 'mean_pct': 10.0}, {'ts': '2026-09-22 11:00:22', 'theme': '待归位·燃气Ⅱ', 'n': 1, 'mean_pct': 9.96}, {'ts': '2026-09-22 11:00:22', 'theme': '待归位·软件开发', 'n': 1, 'mean_pct': 10.04}, {'ts': '2026-09-22 11:00:22', 'theme': '待归位·铁路公路', 'n': 1, 'mean_pct': 10.01}, {'ts': '2026-09-22 11:01:22', 'theme': '待归位·IT服务Ⅱ', 'n': 1, 'mean_pct': 10.03}, {'ts': '2026-09-22 11:01:22', 'theme': '待归位·其他家电', 'n': 1, 'mean_pct': 10.08}, {'ts': '2026-09-22 11:01:22', 'theme': '待归位·出版', 'n': 3, 'mean_pct': 9.9733}, {'ts': '2026-09-22 11:01:22', 'theme': '待归位·包装印刷', 'n': 1, 'mean_pct': 10.05}, {'ts': '2026-09-22 11:01:22', 'theme': '待归位·化学制品', 'n': 1, 'mean_pct': 10.02}, {'ts': '2026-09-22 11:01:22', 'theme': '待归位·化学制药', 'n': 3, 'mean_pct': 13.38}, {'ts': '2026-09-22 11:01:22', 'theme': '待归位·医疗服务', 'n': 2, 'mean_pct': 9.71}, {'ts': '2026-09-22 11:01:22', 'theme': '待归位·半导体', 'n': 1, 'mean_pct': 10.0}, {'ts': '2026-09-22 11:01:22', 'theme': '待归位·塑料', 'n': 1, 'mean_pct': 10.0}, {'ts': '2026-09-22 11:01:22', 'theme': '待归位·家居用品', 'n': 2, 'mean_pct': 7.165}, {'ts': '2026-09-22 11:01:22', 'theme': '待归位·广告营销', 'n': 1, 'mean_pct': 9.93}, {'ts': '2026-09-22 11:01:22', 'theme': '待归位·房地产开', 'n': 1, 'mean_pct': -0.82}, {'ts': '2026-09-22 11:01:22', 'theme': '待归位·房地产服', 'n': 2, 'mean_pct': 9.95}, {'ts': '2026-09-22 11:01:22', 'theme': '待归位·服装家纺', 'n': 1, 'mean_pct': 10.0}, {'ts': '2026-09-22 11:01:22', 'theme': '待归位·燃气Ⅱ', 'n': 1, 'mean_pct': 9.96}, {'ts': '2026-09-22 11:01:22', 'theme': '待归位·软件开发', 'n': 1, 'mean_pct': 10.04}, {'ts': '2026-09-22 11:01:22', 'theme': '待归位·铁路公路', 'n': 1, 'mean_pct': 10.01}, {'ts': '2026-09-22 11:02:22', 'theme': '待归位·IT服务Ⅱ', 'n': 1, 'mean_pct': 10.03}, {'ts': '2026-09-22 11:02:22', 'theme': '待归位·其他家电', 'n': 1, 'mean_pct': 10.08}, {'ts': '2026-09-22 11:02:22', 'theme': '待归位·出版', 'n': 3, 'mean_pct': 9.9733}, {'ts': '2026-09-22 11:02:22', 'theme': '待归位·包装印刷', 'n': 1, 'mean_pct': 10.05}, {'ts': '2026-09-22 11:02:22', 'theme': '待归位·化学制品', 'n': 1, 'mean_pct': 10.02}, {'ts': '2026-09-22 11:02:22', 'theme': '待归位·化学制药', 'n': 3, 'mean_pct': 13.38}, {'ts': '2026-09-22 11:02:22', 'theme': '待归位·医疗服务', 'n': 2, 'mean_pct': 9.595}, {'ts': '2026-09-22 11:02:22', 'theme': '待归位·半导体', 'n': 1, 'mean_pct': 10.0}, {'ts': '2026-09-22 11:02:22', 'theme': '待归位·塑料', 'n': 1, 'mean_pct': 10.0}, {'ts': '2026-09-22 11:02:22', 'theme': '待归位·家居用品', 'n': 2, 'mean_pct': 6.845}, {'ts': '2026-09-22 11:02:22', 'theme': '待归位·广告营销', 'n': 1, 'mean_pct': 9.93}, {'ts': '2026-09-22 11:02:22', 'theme': '待归位·房地产开', 'n': 1, 'mean_pct': -0.82}, {'ts': '2026-09-22 11:02:22', 'theme': '待归位·房地产服', 'n': 2, 'mean_pct': 9.95}, {'ts': '2026-09-22 11:02:22', 'theme': '待归位·服装家纺', 'n': 1, 'mean_pct': 10.0}, {'ts': '2026-09-22 11:02:22', 'theme': '待归位·燃气Ⅱ', 'n': 1, 'mean_pct': 9.96}, {'ts': '2026-09-22 11:02:22', 'theme': '待归位·软件开发', 'n': 1, 'mean_pct': 10.04}, {'ts': '2026-09-22 11:02:22', 'theme': '待归位·铁路公路', 'n': 1, 'mean_pct': 10.01}, {'ts': '2026-09-22 11:03:23', 'theme': '待归位·IT服务Ⅱ', 'n': 1, 'mean_pct': 10.03}, {'ts': '2026-09-22 11:03:23', 'theme': '待归位·其他家电', 'n': 1, 'mean_pct': 10.08}, {'ts': '2026-09-22 11:03:23', 'theme': '待归位·出版', 'n': 3, 'mean_pct': 9.9733}, {'ts': '2026-09-22 11:03:23', 'theme': '待归位·包装印刷', 'n': 1, 'mean_pct': 10.05}, {'ts': '2026-09-22 11:03:23', 'theme': '待归位·化学制品', 'n': 1, 'mean_pct': 10.02}, {'ts': '2026-09-22 11:03:23', 'theme': '待归位·化学制药', 'n': 3, 'mean_pct': 13.38}, {'ts': '2026-09-22 11:03:23', 'theme': '待归位·医疗服务', 'n': 2, 'mean_pct': 9.52}, {'ts': '2026-09-22 11:03:23', 'theme': '待归位·半导体', 'n': 1, 'mean_pct': 10.0}, {'ts': '2026-09-22 11:03:23', 'theme': '待归位·塑料', 'n': 1, 'mean_pct': 10.0}, {'ts': '2026-09-22 11:03:23', 'theme': '待归位·家居用品', 'n': 2, 'mean_pct': 6.765}, {'ts': '2026-09-22 11:03:23', 'theme': '待归位·广告营销', 'n': 1, 'mean_pct': 9.93}, {'ts': '2026-09-22 11:03:23', 'theme': '待归位·房地产开', 'n': 1, 'mean_pct': -0.41}, {'ts': '2026-09-22 11:03:23', 'theme': '待归位·房地产服', 'n': 2, 'mean_pct': 9.95}, {'ts': '2026-09-22 11:03:23', 'theme': '待归位·服装家纺', 'n': 1, 'mean_pct': 10.0}, {'ts': '2026-09-22 11:03:23', 'theme': '待归位·燃气Ⅱ', 'n': 1, 'mean_pct': 9.96}, {'ts': '2026-09-22 11:03:23', 'theme': '待归位·软件开发', 'n': 1, 'mean_pct': 10.04}, {'ts': '2026-09-22 11:03:23', 'theme': '待归位·铁路公路', 'n': 1, 'mean_pct': 10.01}, {'ts': '2026-09-22 11:04:23', 'theme': '待归位·IT服务Ⅱ', 'n': 1, 'mean_pct': 10.03}, {'ts': '2026-09-22 11:04:23', 'theme': '待归位·其他家电', 'n': 1, 'mean_pct': 10.08}, {'ts': '2026-09-22 11:04:23', 'theme': '待归位·出版', 'n': 3, 'mean_pct': 9.9733}, {'ts': '2026-09-22 11:04:23', 'theme': '待归位·包装印刷', 'n': 1, 'mean_pct': 10.05}, {'ts': '2026-09-22 11:04:23', 'theme': '待归位·化学制品', 'n': 1, 'mean_pct': 10.02}, {'ts': '2026-09-22 11:04:23', 'theme': '待归位·化学制药', 'n': 3, 'mean_pct': 13.38}, {'ts': '2026-09-22 11:04:23', 'theme': '待归位·医疗服务', 'n': 2, 'mean_pct': 9.56}, {'ts': '2026-09-22 11:04:23', 'theme': '待归位·半导体', 'n': 1, 'mean_pct': 10.0}, {'ts': '2026-09-22 11:04:23', 'theme': '待归位·塑料', 'n': 1, 'mean_pct': 10.0}, {'ts': '2026-09-22 11:04:23', 'theme': '待归位·家居用品', 'n': 2, 'mean_pct': 6.845}, {'ts': '2026-09-22 11:04:23', 'theme': '待归位·广告营销', 'n': 1, 'mean_pct': 9.93}, {'ts': '2026-09-22 11:04:23', 'theme': '待归位·房地产开', 'n': 1, 'mean_pct': -0.82}, {'ts': '2026-09-22 11:04:23', 'theme': '待归位·房地产服', 'n': 2, 'mean_pct': 9.95}, {'ts': '2026-09-22 11:04:23', 'theme': '待归位·服装家纺', 'n': 1, 'mean_pct': 10.0}, {'ts': '2026-09-22 11:04:23', 'theme': '待归位·燃气Ⅱ', 'n': 1, 'mean_pct': 9.96}, {'ts': '2026-09-22 11:04:23', 'theme': '待归位·软件开发', 'n': 1, 'mean_pct': 10.04}, {'ts': '2026-09-22 11:04:23', 'theme': '待归位·铁路公路', 'n': 1, 'mean_pct': 10.01}, {'ts': '2026-09-22 11:05:23', 'theme': '待归位·IT服务Ⅱ', 'n': 1, 'mean_pct': 10.03}, {'ts': '2026-09-22 11:05:23', 'theme': '待归位·其他家电', 'n': 1, 'mean_pct': 10.08}, {'ts': '2026-09-22 11:05:23', 'theme': '待归位·出版', 'n': 3, 'mean_pct': 9.9733}, {'ts': '2026-09-22 11:05:23', 'theme': '待归位·包装印刷', 'n': 1, 'mean_pct': 10.05}, {'ts': '2026-09-22 11:05:23', 'theme': '待归位·化学制品', 'n': 1, 'mean_pct': 10.02}, {'ts': '2026-09-22 11:05:23', 'theme': '待归位·化学制药', 'n': 3, 'mean_pct': 13.38}, {'ts': '2026-09-22 11:05:23', 'theme': '待归位·医疗服务', 'n': 2, 'mean_pct': 9.635}, {'ts': '2026-09-22 11:05:23', 'theme': '待归位·半导体', 'n': 1, 'mean_pct': 10.0}, {'ts': '2026-09-22 11:05:23', 'theme': '待归位·塑料', 'n': 1, 'mean_pct': 10.0}, {'ts': '2026-09-22 11:05:23', 'theme': '待归位·家居用品', 'n': 2, 'mean_pct': 7.405}, {'ts': '2026-09-22 11:05:23', 'theme': '待归位·广告营销', 'n': 1, 'mean_pct': 9.93}, {'ts': '2026-09-22 11:05:23', 'theme': '待归位·房地产开', 'n': 1, 'mean_pct': -0.82}, {'ts': '2026-09-22 11:05:23', 'theme': '待归位·房地产服', 'n': 2, 'mean_pct': 9.95}, {'ts': '2026-09-22 11:05:23', 'theme': '待归位·服装家纺', 'n': 1, 'mean_pct': 10.0}, {'ts': '2026-09-22 11:05:23', 'theme': '待归位·燃气Ⅱ', 'n': 1, 'mean_pct': 9.96}, {'ts': '2026-09-22 11:05:23', 'theme': '待归位·软件开发', 'n': 1, 'mean_pct': 10.04}, {'ts': '2026-09-22 11:05:23', 'theme': '待归位·铁路公路', 'n': 1, 'mean_pct': 10.01}, {'ts': '2026-09-22 11:06:23', 'theme': '待归位·IT服务Ⅱ', 'n': 1, 'mean_pct': 10.03}, {'ts': '2026-09-22 11:06:23', 'theme': '待归位·其他家电', 'n': 1, 'mean_pct': 10.08}, {'ts': '2026-09-22 11:06:23', 'theme': '待归位·出版', 'n': 3, 'mean_pct': 9.9733}, {'ts': '2026-09-22 11:06:23', 'theme': '待归位·包装印刷', 'n': 1, 'mean_pct': 10.05}, {'ts': '2026-09-22 11:06:23', 'theme': '待归位·化学制品', 'n': 1, 'mean_pct': 10.02}, {'ts': '2026-09-22 11:06:23', 'theme': '待归位·化学制药', 'n': 3, 'mean_pct': 13.38}, {'ts': '2026-09-22 11:06:23', 'theme': '待归位·医疗服务', 'n': 2, 'mean_pct': 9.635}, {'ts': '2026-09-22 11:06:23', 'theme': '待归位·半导体', 'n': 1, 'mean_pct': 10.0}, {'ts': '2026-09-22 11:06:23', 'theme': '待归位·塑料', 'n': 1, 'mean_pct': 10.0}, {'ts': '2026-09-22 11:06:23', 'theme': '待归位·家居用品', 'n': 2, 'mean_pct': 7.085}, {'ts': '2026-09-22 11:06:23', 'theme': '待归位·广告营销', 'n': 1, 'mean_pct': 9.93}, {'ts': '2026-09-22 11:06:23', 'theme': '待归位·房地产开', 'n': 1, 'mean_pct': -0.41}, {'ts': '2026-09-22 11:06:23', 'theme': '待归位·房地产服', 'n': 2, 'mean_pct': 9.95}, {'ts': '2026-09-22 11:06:23', 'theme': '待归位·服装家纺', 'n': 1, 'mean_pct': 10.0}, {'ts': '2026-09-22 11:06:23', 'theme': '待归位·燃气Ⅱ', 'n': 1, 'mean_pct': 9.96}, {'ts': '2026-09-22 11:06:23', 'theme': '待归位·软件开发', 'n': 1, 'mean_pct': 10.04}, {'ts': '2026-09-22 11:06:23', 'theme': '待归位·铁路公路', 'n': 1, 'mean_pct': 10.01}, {'ts': '2026-09-22 11:07:23', 'theme': '待归位·IT服务Ⅱ', 'n': 1, 'mean_pct': 10.03}, {'ts': '2026-09-22 11:07:23', 'theme': '待归位·其他家电', 'n': 1, 'mean_pct': 10.08}, {'ts': '2026-09-22 11:07:23', 'theme': '待归位·出版', 'n': 3, 'mean_pct': 9.9733}, {'ts': '2026-09-22 11:07:23', 'theme': '待归位·包装印刷', 'n': 1, 'mean_pct': 10.05}, {'ts': '2026-09-22 11:07:23', 'theme': '待归位·化学制品', 'n': 1, 'mean_pct': 10.02}, {'ts': '2026-09-22 11:07:23', 'theme': '待归位·化学制药', 'n': 3, 'mean_pct': 13.38}, {'ts': '2026-09-22 11:07:23', 'theme': '待归位·医疗服务', 'n': 2, 'mean_pct': 9.595}, {'ts': '2026-09-22 11:07:23', 'theme': '待归位·半导体', 'n': 1, 'mean_pct': 10.0}, {'ts': '2026-09-22 11:07:23', 'theme': '待归位·塑料', 'n': 1, 'mean_pct': 10.0}, {'ts': '2026-09-22 11:07:23', 'theme': '待归位·家居用品', 'n': 2, 'mean_pct': 7.165}, {'ts': '2026-09-22 11:07:23', 'theme': '待归位·广告营销', 'n': 1, 'mean_pct': 9.93}, {'ts': '2026-09-22 11:07:23', 'theme': '待归位·房地产开', 'n': 1, 'mean_pct': -1.23}, {'ts': '2026-09-22 11:07:23', 'theme': '待归位·房地产服', 'n': 2, 'mean_pct': 9.95}, {'ts': '2026-09-22 11:07:23', 'theme': '待归位·服装家纺', 'n': 1, 'mean_pct': 10.0}, {'ts': '2026-09-22 11:07:23', 'theme': '待归位·燃气Ⅱ', 'n': 1, 'mean_pct': 9.96}, {'ts': '2026-09-22 11:07:23', 'theme': '待归位·软件开发', 'n': 1, 'mean_pct': 10.04}, {'ts': '2026-09-22 11:07:23', 'theme': '待归位·铁路公路', 'n': 1, 'mean_pct': 10.01}, {'ts': '2026-09-22 11:08:24', 'theme': '待归位·IT服务Ⅱ', 'n': 1, 'mean_pct': 10.03}, {'ts': '2026-09-22 11:08:24', 'theme': '待归位·其他家电', 'n': 1, 'mean_pct': 10.08}, {'ts': '2026-09-22 11:08:24', 'theme': '待归位·出版', 'n': 3, 'mean_pct': 9.9733}, {'ts': '2026-09-22 11:08:24', 'theme': '待归位·包装印刷', 'n': 1, 'mean_pct': 10.05}, {'ts': '2026-09-22 11:08:24', 'theme': '待归位·化学制品', 'n': 1, 'mean_pct': 10.02}, {'ts': '2026-09-22 11:08:24', 'theme': '待归位·化学制药', 'n': 3, 'mean_pct': 13.38}, {'ts': '2026-09-22 11:08:24', 'theme': '待归位·医疗服务', 'n': 2, 'mean_pct': 9.52}, {'ts': '2026-09-22 11:08:24', 'theme': '待归位·半导体', 'n': 1, 'mean_pct': 10.0}, {'ts': '2026-09-22 11:08:24', 'theme': '待归位·塑料', 'n': 1, 'mean_pct': 10.0}, {'ts': '2026-09-22 11:08:24', 'theme': '待归位·家居用品', 'n': 2, 'mean_pct': 7.085}, {'ts': '2026-09-22 11:08:24', 'theme': '待归位·广告营销', 'n': 1, 'mean_pct': 9.93}, {'ts': '2026-09-22 11:08:24', 'theme': '待归位·房地产开', 'n': 1, 'mean_pct': -1.23}, {'ts': '2026-09-22 11:08:24', 'theme': '待归位·房地产服', 'n': 2, 'mean_pct': 9.95}, {'ts': '2026-09-22 11:08:24', 'theme': '待归位·服装家纺', 'n': 1, 'mean_pct': 10.0}, {'ts': '2026-09-22 11:08:24', 'theme': '待归位·燃气Ⅱ', 'n': 1, 'mean_pct': 9.96}, {'ts': '2026-09-22 11:08:24', 'theme': '待归位·软件开发', 'n': 1, 'mean_pct': 10.04}, {'ts': '2026-09-22 11:08:24', 'theme': '待归位·铁路公路', 'n': 1, 'mean_pct': 10.01}, {'ts': '2026-09-22 11:09:24', 'theme': '待归位·IT服务Ⅱ', 'n': 1, 'mean_pct': 10.03}, {'ts': '2026-09-22 11:09:24', 'theme': '待归位·其他家电', 'n': 1, 'mean_pct': 10.08}, {'ts': '2026-09-22 11:09:24', 'theme': '待归位·出版', 'n': 3, 'mean_pct': 9.9733}, {'ts': '2026-09-22 11:09:24', 'theme': '待归位·包装印刷', 'n': 1, 'mean_pct': 10.05}, {'ts': '2026-09-22 11:09:24', 'theme': '待归位·化学制品', 'n': 1, 'mean_pct': 10.02}, {'ts': '2026-09-22 11:09:24', 'theme': '待归位·化学制药', 'n': 3, 'mean_pct': 13.38}, {'ts': '2026-09-22 11:09:24', 'theme': '待归位·医疗服务', 'n': 2, 'mean_pct': 9.445}, {'ts': '2026-09-22 11:09:24', 'theme': '待归位·半导体', 'n': 1, 'mean_pct': 10.0}, {'ts': '2026-09-22 11:09:24', 'theme': '待归位·塑料', 'n': 1, 'mean_pct': 10.0}, {'ts': '2026-09-22 11:09:24', 'theme': '待归位·家居用品', 'n': 2, 'mean_pct': 7.245}, {'ts': '2026-09-22 11:09:24', 'theme': '待归位·广告营销', 'n': 1, 'mean_pct': 9.93}, {'ts': '2026-09-22 11:09:24', 'theme': '待归位·房地产开', 'n': 1, 'mean_pct': -0.82}, {'ts': '2026-09-22 11:09:24', 'theme': '待归位·房地产服', 'n': 2, 'mean_pct': 9.95}, {'ts': '2026-09-22 11:09:24', 'theme': '待归位·服装家纺', 'n': 1, 'mean_pct': 10.0}, {'ts': '2026-09-22 11:09:24', 'theme': '待归位·燃气Ⅱ', 'n': 1, 'mean_pct': 9.96}, {'ts': '2026-09-22 11:09:24', 'theme': '待归位·软件开发', 'n': 1, 'mean_pct': 10.04}, {'ts': '2026-09-22 11:09:24', 'theme': '待归位·铁路公路', 'n': 1, 'mean_pct': 10.01}, {'ts': '2026-09-22 11:10:24', 'theme': '待归位·IT服务Ⅱ', 'n': 1, 'mean_pct': 10.03}, {'ts': '2026-09-22 11:10:24', 'theme': '待归位·其他家电', 'n': 1, 'mean_pct': 10.08}, {'ts': '2026-09-22 11:10:24', 'theme': '待归位·出版', 'n': 3, 'mean_pct': 9.9733}, {'ts': '2026-09-22 11:10:24', 'theme': '待归位·包装印刷', 'n': 1, 'mean_pct': 10.05}, {'ts': '2026-09-22 11:10:24', 'theme': '待归位·化学制品', 'n': 1, 'mean_pct': 10.02}, {'ts': '2026-09-22 11:10:24', 'theme': '待归位·化学制药', 'n': 3, 'mean_pct': 13.38}, {'ts': '2026-09-22 11:10:24', 'theme': '待归位·医疗服务', 'n': 2, 'mean_pct': 9.445}, {'ts': '2026-09-22 11:10:24', 'theme': '待归位·半导体', 'n': 1, 'mean_pct': 10.0}, {'ts': '2026-09-22 11:10:24', 'theme': '待归位·塑料', 'n': 1, 'mean_pct': 10.0}, {'ts': '2026-09-22 11:10:24', 'theme': '待归位·家居用品', 'n': 2, 'mean_pct': 7.405}, {'ts': '2026-09-22 11:10:24', 'theme': '待归位·广告营销', 'n': 1, 'mean_pct': 9.93}, {'ts': '2026-09-22 11:10:24', 'theme': '待归位·房地产开', 'n': 1, 'mean_pct': -0.82}, {'ts': '2026-09-22 11:10:24', 'theme': '待归位·房地产服', 'n': 2, 'mean_pct': 9.95}, {'ts': '2026-09-22 11:10:24', 'theme': '待归位·服装家纺', 'n': 1, 'mean_pct': 10.0}, {'ts': '2026-09-22 11:10:24', 'theme': '待归位·燃气Ⅱ', 'n': 1, 'mean_pct': 9.96}, {'ts': '2026-09-22 11:10:24', 'theme': '待归位·软件开发', 'n': 1, 'mean_pct': 10.04}, {'ts': '2026-09-22 11:10:24', 'theme': '待归位·铁路公路', 'n': 1, 'mean_pct': 10.01}, {'ts': '2026-09-22 11:11:24', 'theme': '待归位·IT服务Ⅱ', 'n': 1, 'mean_pct': 10.03}, {'ts': '2026-09-22 11:11:24', 'theme': '待归位·其他家电', 'n': 1, 'mean_pct': 10.08}, {'ts': '2026-09-22 11:11:24', 'theme': '待归位·出版', 'n': 3, 'mean_pct': 9.9733}, {'ts': '2026-09-22 11:11:24', 'theme': '待归位·包装印刷', 'n': 1, 'mean_pct': 10.05}, {'ts': '2026-09-22 11:11:24', 'theme': '待归位·化学制品', 'n': 1, 'mean_pct': 10.02}, {'ts': '2026-09-22 11:11:24', 'theme': '待归位·化学制药', 'n': 3, 'mean_pct': 13.38}, {'ts': '2026-09-22 11:11:24', 'theme': '待归位·医疗服务', 'n': 2, 'mean_pct': 9.445}, {'ts': '2026-09-22 11:11:24', 'theme': '待归位·半导体', 'n': 1, 'mean_pct': 10.0}, {'ts': '2026-09-22 11:11:24', 'theme': '待归位·塑料', 'n': 1, 'mean_pct': 10.0}, {'ts': '2026-09-22 11:11:24', 'theme': '待归位·家居用品', 'n': 2, 'mean_pct': 7.085}, {'ts': '2026-09-22 11:11:24', 'theme': '待归位·广告营销', 'n': 1, 'mean_pct': 9.93}, {'ts': '2026-09-22 11:11:24', 'theme': '待归位·房地产开', 'n': 1, 'mean_pct': -1.23}, {'ts': '2026-09-22 11:11:24', 'theme': '待归位·房地产服', 'n': 2, 'mean_pct': 9.95}, {'ts': '2026-09-22 11:11:24', 'theme': '待归位·服装家纺', 'n': 1, 'mean_pct': 10.0}, {'ts': '2026-09-22 11:11:24', 'theme': '待归位·燃气Ⅱ', 'n': 1, 'mean_pct': 9.96}, {'ts': '2026-09-22 11:11:24', 'theme': '待归位·软件开发', 'n': 1, 'mean_pct': 10.04}, {'ts': '2026-09-22 11:11:24', 'theme': '待归位·铁路公路', 'n': 1, 'mean_pct': 10.01}, {'ts': '2026-09-22 11:12:25', 'theme': '待归位·IT服务Ⅱ', 'n': 1, 'mean_pct': 10.03}, {'ts': '2026-09-22 11:12:25', 'theme': '待归位·其他家电', 'n': 1, 'mean_pct': 10.08}, {'ts': '2026-09-22 11:12:25', 'theme': '待归位·出版', 'n': 3, 'mean_pct': 9.9733}, {'ts': '2026-09-22 11:12:25', 'theme': '待归位·包装印刷', 'n': 1, 'mean_pct': 10.05}, {'ts': '2026-09-22 11:12:25', 'theme': '待归位·化学制品', 'n': 1, 'mean_pct': 10.02}, {'ts': '2026-09-22 11:12:25', 'theme': '待归位·化学制药', 'n': 3, 'mean_pct': 13.38}, {'ts': '2026-09-22 11:12:25', 'theme': '待归位·医疗服务', 'n': 2, 'mean_pct': 9.37}, {'ts': '2026-09-22 11:12:25', 'theme': '待归位·半导体', 'n': 1, 'mean_pct': 10.0}, {'ts': '2026-09-22 11:12:25', 'theme': '待归位·塑料', 'n': 1, 'mean_pct': 10.0}, {'ts': '2026-09-22 11:12:25', 'theme': '待归位·家居用品', 'n': 2, 'mean_pct': 7.165}, {'ts': '2026-09-22 11:12:25', 'theme': '待归位·广告营销', 'n': 1, 'mean_pct': 9.93}, {'ts': '2026-09-22 11:12:25', 'theme': '待归位·房地产开', 'n': 1, 'mean_pct': -1.23}, {'ts': '2026-09-22 11:12:25', 'theme': '待归位·房地产服', 'n': 2, 'mean_pct': 9.95}, {'ts': '2026-09-22 11:12:25', 'theme': '待归位·服装家纺', 'n': 1, 'mean_pct': 10.0}, {'ts': '2026-09-22 11:12:25', 'theme': '待归位·燃气Ⅱ', 'n': 1, 'mean_pct': 9.96}, {'ts': '2026-09-22 11:12:25', 'theme': '待归位·软件开发', 'n': 1, 'mean_pct': 10.04}, {'ts': '2026-09-22 11:12:25', 'theme': '待归位·铁路公路', 'n': 1, 'mean_pct': 10.01}, {'ts': '2026-09-22 11:13:25', 'theme': '待归位·IT服务Ⅱ', 'n': 1, 'mean_pct': 10.03}, {'ts': '2026-09-22 11:13:25', 'theme': '待归位·其他家电', 'n': 1, 'mean_pct': 10.08}, {'ts': '2026-09-22 11:13:25', 'theme': '待归位·出版', 'n': 3, 'mean_pct': 9.9733}, {'ts': '2026-09-22 11:13:25', 'theme': '待归位·包装印刷', 'n': 1, 'mean_pct': 10.05}, {'ts': '2026-09-22 11:13:25', 'theme': '待归位·化学制品', 'n': 1, 'mean_pct': 10.02}, {'ts': '2026-09-22 11:13:25', 'theme': '待归位·化学制药', 'n': 3, 'mean_pct': 13.38}, {'ts': '2026-09-22 11:13:25', 'theme': '待归位·医疗服务', 'n': 2, 'mean_pct': 9.37}, {'ts': '2026-09-22 11:13:25', 'theme': '待归位·半导体', 'n': 1, 'mean_pct': 10.0}, {'ts': '2026-09-22 11:13:25', 'theme': '待归位·塑料', 'n': 1, 'mean_pct': 10.0}, {'ts': '2026-09-22 11:13:25', 'theme': '待归位·家居用品', 'n': 2, 'mean_pct': 7.325}, {'ts': '2026-09-22 11:13:25', 'theme': '待归位·广告营销', 'n': 1, 'mean_pct': 9.93}, {'ts': '2026-09-22 11:13:25', 'theme': '待归位·房地产开', 'n': 1, 'mean_pct': -1.23}, {'ts': '2026-09-22 11:13:25', 'theme': '待归位·房地产服', 'n': 2, 'mean_pct': 9.95}, {'ts': '2026-09-22 11:13:25', 'theme': '待归位·服装家纺', 'n': 1, 'mean_pct': 10.0}, {'ts': '2026-09-22 11:13:25', 'theme': '待归位·燃气Ⅱ', 'n': 1, 'mean_pct': 9.96}, {'ts': '2026-09-22 11:13:25', 'theme': '待归位·软件开发', 'n': 1, 'mean_pct': 10.04}, {'ts': '2026-09-22 11:13:25', 'theme': '待归位·铁路公路', 'n': 1, 'mean_pct': 10.01}, {'ts': '2026-09-22 11:14:25', 'theme': '待归位·IT服务Ⅱ', 'n': 1, 'mean_pct': 10.03}, {'ts': '2026-09-22 11:14:25', 'theme': '待归位·其他家电', 'n': 1, 'mean_pct': 10.08}, {'ts': '2026-09-22 11:14:25', 'theme': '待归位·出版', 'n': 3, 'mean_pct': 9.9733}, {'ts': '2026-09-22 11:14:25', 'theme': '待归位·包装印刷', 'n': 1, 'mean_pct': 10.05}, {'ts': '2026-09-22 11:14:25', 'theme': '待归位·化学制品', 'n': 1, 'mean_pct': 10.02}, {'ts': '2026-09-22 11:14:25', 'theme': '待归位·化学制药', 'n': 3, 'mean_pct': 13.38}, {'ts': '2026-09-22 11:14:25', 'theme': '待归位·医疗服务', 'n': 2, 'mean_pct': 9.29}, {'ts': '2026-09-22 11:14:25', 'theme': '待归位·半导体', 'n': 1, 'mean_pct': 10.0}, {'ts': '2026-09-22 11:14:25', 'theme': '待归位·塑料', 'n': 1, 'mean_pct': 10.0}, {'ts': '2026-09-22 11:14:25', 'theme': '待归位·家居用品', 'n': 2, 'mean_pct': 7.325}, {'ts': '2026-09-22 11:14:25', 'theme': '待归位·广告营销', 'n': 1, 'mean_pct': 9.93}, {'ts': '2026-09-22 11:14:25', 'theme': '待归位·房地产开', 'n': 1, 'mean_pct': -0.82}, {'ts': '2026-09-22 11:14:25', 'theme': '待归位·房地产服', 'n': 2, 'mean_pct': 9.95}, {'ts': '2026-09-22 11:14:25', 'theme': '待归位·服装家纺', 'n': 1, 'mean_pct': 10.0}, {'ts': '2026-09-22 11:14:25', 'theme': '待归位·燃气Ⅱ', 'n': 1, 'mean_pct': 9.96}, {'ts': '2026-09-22 11:14:25', 'theme': '待归位·软件开发', 'n': 1, 'mean_pct': 10.04}, {'ts': '2026-09-22 11:14:25', 'theme': '待归位·铁路公路', 'n': 1, 'mean_pct': 10.01}, {'ts': '2026-09-22 11:15:25', 'theme': '待归位·IT服务Ⅱ', 'n': 1, 'mean_pct': 10.03}, {'ts': '2026-09-22 11:15:25', 'theme': '待归位·其他家电', 'n': 1, 'mean_pct': 10.08}, {'ts': '2026-09-22 11:15:25', 'theme': '待归位·出版', 'n': 3, 'mean_pct': 9.9733}, {'ts': '2026-09-22 11:15:25', 'theme': '待归位·包装印刷', 'n': 1, 'mean_pct': 10.05}, {'ts': '2026-09-22 11:15:25', 'theme': '待归位·化学制品', 'n': 1, 'mean_pct': 10.02}, {'ts': '2026-09-22 11:15:25', 'theme': '待归位·化学制药', 'n': 3, 'mean_pct': 13.38}, {'ts': '2026-09-22 11:15:25', 'theme': '待归位·医疗服务', 'n': 2, 'mean_pct': 9.445}, {'ts': '2026-09-22 11:15:25', 'theme': '待归位·半导体', 'n': 1, 'mean_pct': 10.0}, {'ts': '2026-09-22 11:15:25', 'theme': '待归位·塑料', 'n': 1, 'mean_pct': 10.0}, {'ts': '2026-09-22 11:15:25', 'theme': '待归位·家居用品', 'n': 2, 'mean_pct': 7.565}, {'ts': '2026-09-22 11:15:25', 'theme': '待归位·广告营销', 'n': 1, 'mean_pct': 9.93}, {'ts': '2026-09-22 11:15:25', 'theme': '待归位·房地产开', 'n': 1, 'mean_pct': -1.23}, {'ts': '2026-09-22 11:15:25', 'theme': '待归位·房地产服', 'n': 2, 'mean_pct': 9.95}, {'ts': '2026-09-22 11:15:25', 'theme': '待归位·服装家纺', 'n': 1, 'mean_pct': 10.0}, {'ts': '2026-09-22 11:15:25', 'theme': '待归位·燃气Ⅱ', 'n': 1, 'mean_pct': 9.96}, {'ts': '2026-09-22 11:15:25', 'theme': '待归位·软件开发', 'n': 1, 'mean_pct': 10.04}, {'ts': '2026-09-22 11:15:25', 'theme': '待归位·铁路公路', 'n': 1, 'mean_pct': 10.01}, {'ts': '2026-09-22 11:16:26', 'theme': '待归位·IT服务Ⅱ', 'n': 1, 'mean_pct': 10.03}, {'ts': '2026-09-22 11:16:26', 'theme': '待归位·其他家电', 'n': 1, 'mean_pct': 10.08}, {'ts': '2026-09-22 11:16:26', 'theme': '待归位·出版', 'n': 3, 'mean_pct': 9.9733}, {'ts': '2026-09-22 11:16:26', 'theme': '待归位·包装印刷', 'n': 1, 'mean_pct': 10.05}, {'ts': '2026-09-22 11:16:26', 'theme': '待归位·化学制品', 'n': 1, 'mean_pct': 10.02}, {'ts': '2026-09-22 11:16:26', 'theme': '待归位·化学制药', 'n': 3, 'mean_pct': 13.38}, {'ts': '2026-09-22 11:16:26', 'theme': '待归位·医疗服务', 'n': 2, 'mean_pct': 9.595}, {'ts': '2026-09-22 11:16:26', 'theme': '待归位·半导体', 'n': 1, 'mean_pct': 10.0}, {'ts': '2026-09-22 11:16:26', 'theme': '待归位·塑料', 'n': 1, 'mean_pct': 10.0}, {'ts': '2026-09-22 11:16:26', 'theme': '待归位·家居用品', 'n': 2, 'mean_pct': 7.405}, {'ts': '2026-09-22 11:16:26', 'theme': '待归位·广告营销', 'n': 1, 'mean_pct': 9.93}, {'ts': '2026-09-22 11:16:26', 'theme': '待归位·房地产开', 'n': 1, 'mean_pct': -1.23}, {'ts': '2026-09-22 11:16:26', 'theme': '待归位·房地产服', 'n': 2, 'mean_pct': 9.95}, {'ts': '2026-09-22 11:16:26', 'theme': '待归位·服装家纺', 'n': 1, 'mean_pct': 10.0}, {'ts': '2026-09-22 11:16:26', 'theme': '待归位·燃气Ⅱ', 'n': 1, 'mean_pct': 9.96}, {'ts': '2026-09-22 11:16:26', 'theme': '待归位·软件开发', 'n': 1, 'mean_pct': 10.04}, {'ts': '2026-09-22 11:16:26', 'theme': '待归位·铁路公路', 'n': 1, 'mean_pct': 10.01}, {'ts': '2026-09-22 11:17:26', 'theme': '待归位·IT服务Ⅱ', 'n': 1, 'mean_pct': 10.03}, {'ts': '2026-09-22 11:17:26', 'theme': '待归位·其他家电', 'n': 1, 'mean_pct': 10.08}, {'ts': '2026-09-22 11:17:26', 'theme': '待归位·出版', 'n': 3, 'mean_pct': 9.9733}, {'ts': '2026-09-22 11:17:26', 'theme': '待归位·包装印刷', 'n': 1, 'mean_pct': 10.05}, {'ts': '2026-09-22 11:17:26', 'theme': '待归位·化学制品', 'n': 1, 'mean_pct': 10.02}, {'ts': '2026-09-22 11:17:26', 'theme': '待归位·化学制药', 'n': 3, 'mean_pct': 13.38}, {'ts': '2026-09-22 11:17:26', 'theme': '待归位·医疗服务', 'n': 2, 'mean_pct': 9.405}, {'ts': '2026-09-22 11:17:26', 'theme': '待归位·半导体', 'n': 1, 'mean_pct': 10.0}, {'ts': '2026-09-22 11:17:26', 'theme': '待归位·塑料', 'n': 1, 'mean_pct': 10.0}, {'ts': '2026-09-22 11:17:26', 'theme': '待归位·家居用品', 'n': 2, 'mean_pct': 7.325}, {'ts': '2026-09-22 11:17:26', 'theme': '待归位·广告营销', 'n': 1, 'mean_pct': 9.93}, {'ts': '2026-09-22 11:17:26', 'theme': '待归位·房地产开', 'n': 1, 'mean_pct': -1.23}, {'ts': '2026-09-22 11:17:26', 'theme': '待归位·房地产服', 'n': 2, 'mean_pct': 9.95}, {'ts': '2026-09-22 11:17:26', 'theme': '待归位·服装家纺', 'n': 1, 'mean_pct': 10.0}, {'ts': '2026-09-22 11:17:26', 'theme': '待归位·燃气Ⅱ', 'n': 1, 'mean_pct': 9.96}, {'ts': '2026-09-22 11:17:26', 'theme': '待归位·软件开发', 'n': 1, 'mean_pct': 10.04}, {'ts': '2026-09-22 11:17:26', 'theme': '待归位·铁路公路', 'n': 1, 'mean_pct': 10.01}, {'ts': '2026-09-22 11:18:26', 'theme': '待归位·IT服务Ⅱ', 'n': 1, 'mean_pct': 10.03}, {'ts': '2026-09-22 11:18:26', 'theme': '待归位·其他家电', 'n': 1, 'mean_pct': 10.08}, {'ts': '2026-09-22 11:18:26', 'theme': '待归位·出版', 'n': 3, 'mean_pct': 9.9733}, {'ts': '2026-09-22 11:18:26', 'theme': '待归位·包装印刷', 'n': 1, 'mean_pct': 10.05}, {'ts': '2026-09-22 11:18:26', 'theme': '待归位·化学制品', 'n': 1, 'mean_pct': 10.02}, {'ts': '2026-09-22 11:18:26', 'theme': '待归位·化学制药', 'n': 3, 'mean_pct': 13.38}, {'ts': '2026-09-22 11:18:26', 'theme': '待归位·医疗服务', 'n': 2, 'mean_pct': 9.52}, {'ts': '2026-09-22 11:18:26', 'theme': '待归位·半导体', 'n': 1, 'mean_pct': 10.0}, {'ts': '2026-09-22 11:18:26', 'theme': '待归位·塑料', 'n': 1, 'mean_pct': 10.0}, {'ts': '2026-09-22 11:18:26', 'theme': '待归位·家居用品', 'n': 2, 'mean_pct': 7.405}, {'ts': '2026-09-22 11:18:26', 'theme': '待归位·广告营销', 'n': 1, 'mean_pct': 9.93}, {'ts': '2026-09-22 11:18:26', 'theme': '待归位·房地产开', 'n': 1, 'mean_pct': -1.23}, {'ts': '2026-09-22 11:18:26', 'theme': '待归位·房地产服', 'n': 2, 'mean_pct': 9.95}, {'ts': '2026-09-22 11:18:26', 'theme': '待归位·服装家纺', 'n': 1, 'mean_pct': 10.0}, {'ts': '2026-09-22 11:18:26', 'theme': '待归位·燃气Ⅱ', 'n': 1, 'mean_pct': 9.96}, {'ts': '2026-09-22 11:18:26', 'theme': '待归位·软件开发', 'n': 1, 'mean_pct': 10.04}, {'ts': '2026-09-22 11:18:26', 'theme': '待归位·铁路公路', 'n': 1, 'mean_pct': 10.01}, {'ts': '2026-09-22 11:19:26', 'theme': '待归位·IT服务Ⅱ', 'n': 1, 'mean_pct': 10.03}, {'ts': '2026-09-22 11:19:26', 'theme': '待归位·其他家电', 'n': 1, 'mean_pct': 10.08}, {'ts': '2026-09-22 11:19:26', 'theme': '待归位·出版', 'n': 3, 'mean_pct': 9.9733}, {'ts': '2026-09-22 11:19:26', 'theme': '待归位·包装印刷', 'n': 1, 'mean_pct': 10.05}, {'ts': '2026-09-22 11:19:26', 'theme': '待归位·化学制品', 'n': 1, 'mean_pct': 10.02}, {'ts': '2026-09-22 11:19:26', 'theme': '待归位·化学制药', 'n': 3, 'mean_pct': 13.38}, {'ts': '2026-09-22 11:19:26', 'theme': '待归位·医疗服务', 'n': 2, 'mean_pct': 9.445}, {'ts': '2026-09-22 11:19:26', 'theme': '待归位·半导体', 'n': 1, 'mean_pct': 10.0}, {'ts': '2026-09-22 11:19:26', 'theme': '待归位·塑料', 'n': 1, 'mean_pct': 10.0}, {'ts': '2026-09-22 11:19:26', 'theme': '待归位·家居用品', 'n': 2, 'mean_pct': 7.725}, {'ts': '2026-09-22 11:19:26', 'theme': '待归位·广告营销', 'n': 1, 'mean_pct': 9.93}, {'ts': '2026-09-22 11:19:26', 'theme': '待归位·房地产开', 'n': 1, 'mean_pct': -1.65}, {'ts': '2026-09-22 11:19:26', 'theme': '待归位·房地产服', 'n': 2, 'mean_pct': 9.95}, {'ts': '2026-09-22 11:19:26', 'theme': '待归位·服装家纺', 'n': 1, 'mean_pct': 10.0}, {'ts': '2026-09-22 11:19:26', 'theme': '待归位·燃气Ⅱ', 'n': 1, 'mean_pct': 9.96}, {'ts': '2026-09-22 11:19:26', 'theme': '待归位·软件开发', 'n': 1, 'mean_pct': 10.04}, {'ts': '2026-09-22 11:19:26', 'theme': '待归位·铁路公路', 'n': 1, 'mean_pct': 10.01}, {'ts': '2026-09-22 11:20:26', 'theme': '待归位·IT服务Ⅱ', 'n': 1, 'mean_pct': 10.03}, {'ts': '2026-09-22 11:20:26', 'theme': '待归位·其他家电', 'n': 1, 'mean_pct': 10.08}, {'ts': '2026-09-22 11:20:26', 'theme': '待归位·出版', 'n': 3, 'mean_pct': 9.9733}, {'ts': '2026-09-22 11:20:26', 'theme': '待归位·包装印刷', 'n': 1, 'mean_pct': 10.05}, {'ts': '2026-09-22 11:20:26', 'theme': '待归位·化学制品', 'n': 1, 'mean_pct': 10.02}, {'ts': '2026-09-22 11:20:26', 'theme': '待归位·化学制药', 'n': 3, 'mean_pct': 13.38}, {'ts': '2026-09-22 11:20:26', 'theme': '待归位·医疗服务', 'n': 2, 'mean_pct': 9.445}, {'ts': '2026-09-22 11:20:26', 'theme': '待归位·半导体', 'n': 1, 'mean_pct': 10.0}, {'ts': '2026-09-22 11:20:26', 'theme': '待归位·塑料', 'n': 1, 'mean_pct': 10.0}, {'ts': '2026-09-22 11:20:26', 'theme': '待归位·家居用品', 'n': 2, 'mean_pct': 7.645}, {'ts': '2026-09-22 11:20:26', 'theme': '待归位·广告营销', 'n': 1, 'mean_pct': 9.93}, {'ts': '2026-09-22 11:20:26', 'theme': '待归位·房地产开', 'n': 1, 'mean_pct': -1.23}, {'ts': '2026-09-22 11:20:26', 'theme': '待归位·房地产服', 'n': 2, 'mean_pct': 9.95}, {'ts': '2026-09-22 11:20:26', 'theme': '待归位·服装家纺', 'n': 1, 'mean_pct': 10.0}, {'ts': '2026-09-22 11:20:26', 'theme': '待归位·燃气Ⅱ', 'n': 1, 'mean_pct': 9.96}, {'ts': '2026-09-22 11:20:26', 'theme': '待归位·软件开发', 'n': 1, 'mean_pct': 10.04}, {'ts': '2026-09-22 11:20:26', 'theme': '待归位·铁路公路', 'n': 1, 'mean_pct': 10.01}, {'ts': '2026-09-22 11:21:27', 'theme': '待归位·IT服务Ⅱ', 'n': 1, 'mean_pct': 10.03}, {'ts': '2026-09-22 11:21:27', 'theme': '待归位·其他家电', 'n': 1, 'mean_pct': 10.08}, {'ts': '2026-09-22 11:21:27', 'theme': '待归位·出版', 'n': 3, 'mean_pct': 9.9733}, {'ts': '2026-09-22 11:21:27', 'theme': '待归位·包装印刷', 'n': 1, 'mean_pct': 10.05}, {'ts': '2026-09-22 11:21:27', 'theme': '待归位·化学制品', 'n': 1, 'mean_pct': 10.02}, {'ts': '2026-09-22 11:21:27', 'theme': '待归位·化学制药', 'n': 3, 'mean_pct': 13.38}, {'ts': '2026-09-22 11:21:27', 'theme': '待归位·医疗服务', 'n': 2, 'mean_pct': 9.405}, {'ts': '2026-09-22 11:21:27', 'theme': '待归位·半导体', 'n': 1, 'mean_pct': 10.0}, {'ts': '2026-09-22 11:21:27', 'theme': '待归位·塑料', 'n': 1, 'mean_pct': 10.0}, {'ts': '2026-09-22 11:21:27', 'theme': '待归位·家居用品', 'n': 2, 'mean_pct': 7.725}, {'ts': '2026-09-22 11:21:27', 'theme': '待归位·广告营销', 'n': 1, 'mean_pct': 9.93}, {'ts': '2026-09-22 11:21:27', 'theme': '待归位·房地产开', 'n': 1, 'mean_pct': -1.23}, {'ts': '2026-09-22 11:21:27', 'theme': '待归位·房地产服', 'n': 2, 'mean_pct': 9.95}, {'ts': '2026-09-22 11:21:27', 'theme': '待归位·服装家纺', 'n': 1, 'mean_pct': 10.0}, {'ts': '2026-09-22 11:21:27', 'theme': '待归位·燃气Ⅱ', 'n': 1, 'mean_pct': 9.96}, {'ts': '2026-09-22 11:21:27', 'theme': '待归位·软件开发', 'n': 1, 'mean_pct': 10.04}, {'ts': '2026-09-22 11:21:27', 'theme': '待归位·铁路公路', 'n': 1, 'mean_pct': 10.01}, {'ts': '2026-09-22 11:22:27', 'theme': '待归位·IT服务Ⅱ', 'n': 1, 'mean_pct': 10.03}, {'ts': '2026-09-22 11:22:27', 'theme': '待归位·其他家电', 'n': 1, 'mean_pct': 10.08}, {'ts': '2026-09-22 11:22:27', 'theme': '待归位·出版', 'n': 3, 'mean_pct': 9.9733}, {'ts': '2026-09-22 11:22:27', 'theme': '待归位·包装印刷', 'n': 1, 'mean_pct': 10.05}, {'ts': '2026-09-22 11:22:27', 'theme': '待归位·化学制品', 'n': 1, 'mean_pct': 10.02}, {'ts': '2026-09-22 11:22:27', 'theme': '待归位·化学制药', 'n': 3, 'mean_pct': 13.38}, {'ts': '2026-09-22 11:22:27', 'theme': '待归位·医疗服务', 'n': 2, 'mean_pct': 9.33}, {'ts': '2026-09-22 11:22:27', 'theme': '待归位·半导体', 'n': 1, 'mean_pct': 10.0}, {'ts': '2026-09-22 11:22:27', 'theme': '待归位·塑料', 'n': 1, 'mean_pct': 10.0}, {'ts': '2026-09-22 11:22:27', 'theme': '待归位·家居用品', 'n': 2, 'mean_pct': 7.645}, {'ts': '2026-09-22 11:22:27', 'theme': '待归位·广告营销', 'n': 1, 'mean_pct': 9.93}, {'ts': '2026-09-22 11:22:27', 'theme': '待归位·房地产开', 'n': 1, 'mean_pct': -0.82}, {'ts': '2026-09-22 11:22:27', 'theme': '待归位·房地产服', 'n': 2, 'mean_pct': 9.95}, {'ts': '2026-09-22 11:22:27', 'theme': '待归位·服装家纺', 'n': 1, 'mean_pct': 10.0}, {'ts': '2026-09-22 11:22:27', 'theme': '待归位·燃气Ⅱ', 'n': 1, 'mean_pct': 9.96}, {'ts': '2026-09-22 11:22:27', 'theme': '待归位·软件开发', 'n': 1, 'mean_pct': 10.04}, {'ts': '2026-09-22 11:22:27', 'theme': '待归位·铁路公路', 'n': 1, 'mean_pct': 10.01}, {'ts': '2026-09-22 11:23:27', 'theme': '待归位·IT服务Ⅱ', 'n': 1, 'mean_pct': 10.03}, {'ts': '2026-09-22 11:23:27', 'theme': '待归位·其他家电', 'n': 1, 'mean_pct': 10.08}, {'ts': '2026-09-22 11:23:27', 'theme': '待归位·出版', 'n': 3, 'mean_pct': 9.9733}, {'ts': '2026-09-22 11:23:27', 'theme': '待归位·包装印刷', 'n': 1, 'mean_pct': 10.05}, {'ts': '2026-09-22 11:23:27', 'theme': '待归位·化学制品', 'n': 1, 'mean_pct': 10.02}, {'ts': '2026-09-22 11:23:27', 'theme': '待归位·化学制药', 'n': 3, 'mean_pct': 13.38}, {'ts': '2026-09-22 11:23:27', 'theme': '待归位·医疗服务', 'n': 2, 'mean_pct': 9.445}, {'ts': '2026-09-22 11:23:27', 'theme': '待归位·半导体', 'n': 1, 'mean_pct': 10.0}, {'ts': '2026-09-22 11:23:27', 'theme': '待归位·塑料', 'n': 1, 'mean_pct': 10.0}, {'ts': '2026-09-22 11:23:27', 'theme': '待归位·家居用品', 'n': 2, 'mean_pct': 7.645}, {'ts': '2026-09-22 11:23:27', 'theme': '待归位·广告营销', 'n': 1, 'mean_pct': 9.93}, {'ts': '2026-09-22 11:23:27', 'theme': '待归位·房地产开', 'n': 1, 'mean_pct': -0.82}, {'ts': '2026-09-22 11:23:27', 'theme': '待归位·房地产服', 'n': 2, 'mean_pct': 9.95}, {'ts': '2026-09-22 11:23:27', 'theme': '待归位·服装家纺', 'n': 1, 'mean_pct': 10.0}, {'ts': '2026-09-22 11:23:27', 'theme': '待归位·燃气Ⅱ', 'n': 1, 'mean_pct': 9.96}, {'ts': '2026-09-22 11:23:27', 'theme': '待归位·软件开发', 'n': 1, 'mean_pct': 10.04}, {'ts': '2026-09-22 11:23:27', 'theme': '待归位·铁路公路', 'n': 1, 'mean_pct': 10.01}, {'ts': '2026-09-22 11:24:27', 'theme': '待归位·IT服务Ⅱ', 'n': 1, 'mean_pct': 10.03}, {'ts': '2026-09-22 11:24:27', 'theme': '待归位·其他家电', 'n': 1, 'mean_pct': 10.08}, {'ts': '2026-09-22 11:24:27', 'theme': '待归位·出版', 'n': 3, 'mean_pct': 9.9733}, {'ts': '2026-09-22 11:24:27', 'theme': '待归位·包装印刷', 'n': 1, 'mean_pct': 10.05}, {'ts': '2026-09-22 11:24:27', 'theme': '待归位·化学制品', 'n': 1, 'mean_pct': 10.02}, {'ts': '2026-09-22 11:24:27', 'theme': '待归位·化学制药', 'n': 3, 'mean_pct': 13.38}, {'ts': '2026-09-22 11:24:27', 'theme': '待归位·医疗服务', 'n': 2, 'mean_pct': 9.75}, {'ts': '2026-09-22 11:24:27', 'theme': '待归位·半导体', 'n': 1, 'mean_pct': 10.0}, {'ts': '2026-09-22 11:24:27', 'theme': '待归位·塑料', 'n': 1, 'mean_pct': 10.0}, {'ts': '2026-09-22 11:24:27', 'theme': '待归位·家居用品', 'n': 2, 'mean_pct': 7.325}, {'ts': '2026-09-22 11:24:27', 'theme': '待归位·广告营销', 'n': 1, 'mean_pct': 9.93}, {'ts': '2026-09-22 11:24:27', 'theme': '待归位·房地产开', 'n': 1, 'mean_pct': -0.82}, {'ts': '2026-09-22 11:24:27', 'theme': '待归位·房地产服', 'n': 2, 'mean_pct': 9.95}, {'ts': '2026-09-22 11:24:27', 'theme': '待归位·服装家纺', 'n': 1, 'mean_pct': 10.0}, {'ts': '2026-09-22 11:24:27', 'theme': '待归位·燃气Ⅱ', 'n': 1, 'mean_pct': 9.96}, {'ts': '2026-09-22 11:24:27', 'theme': '待归位·软件开发', 'n': 1, 'mean_pct': 10.04}, {'ts': '2026-09-22 11:24:27', 'theme': '待归位·铁路公路', 'n': 1, 'mean_pct': 10.01}, {'ts': '2026-09-22 11:25:28', 'theme': '待归位·IT服务Ⅱ', 'n': 1, 'mean_pct': 10.03}, {'ts': '2026-09-22 11:25:28', 'theme': '待归位·其他家电', 'n': 1, 'mean_pct': 10.08}, {'ts': '2026-09-22 11:25:28', 'theme': '待归位·出版', 'n': 3, 'mean_pct': 9.9733}, {'ts': '2026-09-22 11:25:28', 'theme': '待归位·包装印刷', 'n': 1, 'mean_pct': 10.05}, {'ts': '2026-09-22 11:25:28', 'theme': '待归位·化学制品', 'n': 1, 'mean_pct': 10.02}, {'ts': '2026-09-22 11:25:28', 'theme': '待归位·化学制药', 'n': 3, 'mean_pct': 13.38}, {'ts': '2026-09-22 11:25:28', 'theme': '待归位·医疗服务', 'n': 2, 'mean_pct': 9.56}, {'ts': '2026-09-22 11:25:28', 'theme': '待归位·半导体', 'n': 1, 'mean_pct': 10.0}, {'ts': '2026-09-22 11:25:28', 'theme': '待归位·塑料', 'n': 1, 'mean_pct': 10.0}, {'ts': '2026-09-22 11:25:28', 'theme': '待归位·家居用品', 'n': 2, 'mean_pct': 7.245}, {'ts': '2026-09-22 11:25:28', 'theme': '待归位·广告营销', 'n': 1, 'mean_pct': 9.93}, {'ts': '2026-09-22 11:25:28', 'theme': '待归位·房地产开', 'n': 1, 'mean_pct': -0.82}, {'ts': '2026-09-22 11:25:28', 'theme': '待归位·房地产服', 'n': 2, 'mean_pct': 9.95}, {'ts': '2026-09-22 11:25:28', 'theme': '待归位·服装家纺', 'n': 1, 'mean_pct': 10.0}, {'ts': '2026-09-22 11:25:28', 'theme': '待归位·燃气Ⅱ', 'n': 1, 'mean_pct': 9.96}, {'ts': '2026-09-22 11:25:28', 'theme': '待归位·软件开发', 'n': 1, 'mean_pct': 10.04}, {'ts': '2026-09-22 11:25:28', 'theme': '待归位·铁路公路', 'n': 1, 'mean_pct': 10.01}, {'ts': '2026-09-22 11:26:28', 'theme': '待归位·IT服务Ⅱ', 'n': 1, 'mean_pct': 10.03}, {'ts': '2026-09-22 11:26:28', 'theme': '待归位·其他家电', 'n': 1, 'mean_pct': 10.08}, {'ts': '2026-09-22 11:26:28', 'theme': '待归位·出版', 'n': 3, 'mean_pct': 9.9733}, {'ts': '2026-09-22 11:26:28', 'theme': '待归位·包装印刷', 'n': 1, 'mean_pct': 10.05}, {'ts': '2026-09-22 11:26:28', 'theme': '待归位·化学制品', 'n': 1, 'mean_pct': 10.02}, {'ts': '2026-09-22 11:26:28', 'theme': '待归位·化学制药', 'n': 3, 'mean_pct': 13.38}, {'ts': '2026-09-22 11:26:28', 'theme': '待归位·医疗服务', 'n': 2, 'mean_pct': 9.9}, {'ts': '2026-09-22 11:26:28', 'theme': '待归位·半导体', 'n': 1, 'mean_pct': 10.0}, {'ts': '2026-09-22 11:26:28', 'theme': '待归位·塑料', 'n': 1, 'mean_pct': 10.0}, {'ts': '2026-09-22 11:26:28', 'theme': '待归位·家居用品', 'n': 2, 'mean_pct': 7.085}, {'ts': '2026-09-22 11:26:28', 'theme': '待归位·广告营销', 'n': 1, 'mean_pct': 9.93}, {'ts': '2026-09-22 11:26:28', 'theme': '待归位·房地产开', 'n': 1, 'mean_pct': -1.23}, {'ts': '2026-09-22 11:26:28', 'theme': '待归位·房地产服', 'n': 2, 'mean_pct': 9.95}, {'ts': '2026-09-22 11:26:28', 'theme': '待归位·服装家纺', 'n': 1, 'mean_pct': 10.0}, {'ts': '2026-09-22 11:26:28', 'theme': '待归位·燃气Ⅱ', 'n': 1, 'mean_pct': 9.96}, {'ts': '2026-09-22 11:26:28', 'theme': '待归位·软件开发', 'n': 1, 'mean_pct': 10.04}, {'ts': '2026-09-22 11:26:28', 'theme': '待归位·铁路公路', 'n': 1, 'mean_pct': 10.01}, {'ts': '2026-09-22 11:27:28', 'theme': '待归位·IT服务Ⅱ', 'n': 1, 'mean_pct': 10.03}, {'ts': '2026-09-22 11:27:28', 'theme': '待归位·其他家电', 'n': 1, 'mean_pct': 10.08}, {'ts': '2026-09-22 11:27:28', 'theme': '待归位·出版', 'n': 3, 'mean_pct': 9.9733}, {'ts': '2026-09-22 11:27:28', 'theme': '待归位·包装印刷', 'n': 1, 'mean_pct': 10.05}, {'ts': '2026-09-22 11:27:28', 'theme': '待归位·化学制品', 'n': 1, 'mean_pct': 10.02}, {'ts': '2026-09-22 11:27:28', 'theme': '待归位·化学制药', 'n': 3, 'mean_pct': 13.38}, {'ts': '2026-09-22 11:27:28', 'theme': '待归位·医疗服务', 'n': 2, 'mean_pct': 9.825}, {'ts': '2026-09-22 11:27:28', 'theme': '待归位·半导体', 'n': 1, 'mean_pct': 10.0}, {'ts': '2026-09-22 11:27:28', 'theme': '待归位·塑料', 'n': 1, 'mean_pct': 10.0}, {'ts': '2026-09-22 11:27:28', 'theme': '待归位·家居用品', 'n': 2, 'mean_pct': 7.085}, {'ts': '2026-09-22 11:27:28', 'theme': '待归位·广告营销', 'n': 1, 'mean_pct': 9.93}, {'ts': '2026-09-22 11:27:28', 'theme': '待归位·房地产开', 'n': 1, 'mean_pct': -0.82}, {'ts': '2026-09-22 11:27:28', 'theme': '待归位·房地产服', 'n': 2, 'mean_pct': 9.95}, {'ts': '2026-09-22 11:27:28', 'theme': '待归位·服装家纺', 'n': 1, 'mean_pct': 10.0}, {'ts': '2026-09-22 11:27:28', 'theme': '待归位·燃气Ⅱ', 'n': 1, 'mean_pct': 9.96}, {'ts': '2026-09-22 11:27:28', 'theme': '待归位·软件开发', 'n': 1, 'mean_pct': 10.04}, {'ts': '2026-09-22 11:27:28', 'theme': '待归位·铁路公路', 'n': 1, 'mean_pct': 10.01}, {'ts': '2026-09-22 11:28:28', 'theme': '待归位·IT服务Ⅱ', 'n': 1, 'mean_pct': 10.03}, {'ts': '2026-09-22 11:28:28', 'theme': '待归位·其他家电', 'n': 1, 'mean_pct': 10.08}, {'ts': '2026-09-22 11:28:28', 'theme': '待归位·出版', 'n': 3, 'mean_pct': 9.9733}, {'ts': '2026-09-22 11:28:28', 'theme': '待归位·包装印刷', 'n': 1, 'mean_pct': 10.05}, {'ts': '2026-09-22 11:28:28', 'theme': '待归位·化学制品', 'n': 1, 'mean_pct': 10.02}, {'ts': '2026-09-22 11:28:28', 'theme': '待归位·化学制药', 'n': 3, 'mean_pct': 13.38}, {'ts': '2026-09-22 11:28:28', 'theme': '待归位·医疗服务', 'n': 2, 'mean_pct': 9.71}, {'ts': '2026-09-22 11:28:28', 'theme': '待归位·半导体', 'n': 1, 'mean_pct': 10.0}, {'ts': '2026-09-22 11:28:28', 'theme': '待归位·塑料', 'n': 1, 'mean_pct': 10.0}, {'ts': '2026-09-22 11:28:28', 'theme': '待归位·家居用品', 'n': 2, 'mean_pct': 7.005}, {'ts': '2026-09-22 11:28:28', 'theme': '待归位·广告营销', 'n': 1, 'mean_pct': 9.93}, {'ts': '2026-09-22 11:28:28', 'theme': '待归位·房地产开', 'n': 1, 'mean_pct': -1.23}, {'ts': '2026-09-22 11:28:28', 'theme': '待归位·房地产服', 'n': 2, 'mean_pct': 9.95}, {'ts': '2026-09-22 11:28:28', 'theme': '待归位·服装家纺', 'n': 1, 'mean_pct': 10.0}, {'ts': '2026-09-22 11:28:28', 'theme': '待归位·燃气Ⅱ', 'n': 1, 'mean_pct': 9.96}, {'ts': '2026-09-22 11:28:28', 'theme': '待归位·软件开发', 'n': 1, 'mean_pct': 10.04}, {'ts': '2026-09-22 11:28:28', 'theme': '待归位·铁路公路', 'n': 1, 'mean_pct': 10.01}, {'ts': '2026-09-22 11:29:29', 'theme': '待归位·IT服务Ⅱ', 'n': 1, 'mean_pct': 10.03}, {'ts': '2026-09-22 11:29:29', 'theme': '待归位·其他家电', 'n': 1, 'mean_pct': 10.08}, {'ts': '2026-09-22 11:29:29', 'theme': '待归位·出版', 'n': 3, 'mean_pct': 9.9733}, {'ts': '2026-09-22 11:29:29', 'theme': '待归位·包装印刷', 'n': 1, 'mean_pct': 10.05}, {'ts': '2026-09-22 11:29:29', 'theme': '待归位·化学制品', 'n': 1, 'mean_pct': 10.02}, {'ts': '2026-09-22 11:29:29', 'theme': '待归位·化学制药', 'n': 3, 'mean_pct': 13.38}, {'ts': '2026-09-22 11:29:29', 'theme': '待归位·医疗服务', 'n': 2, 'mean_pct': 9.67}, {'ts': '2026-09-22 11:29:29', 'theme': '待归位·半导体', 'n': 1, 'mean_pct': 10.0}, {'ts': '2026-09-22 11:29:29', 'theme': '待归位·塑料', 'n': 1, 'mean_pct': 10.0}, {'ts': '2026-09-22 11:29:29', 'theme': '待归位·家居用品', 'n': 2, 'mean_pct': 7.165}, {'ts': '2026-09-22 11:29:29', 'theme': '待归位·广告营销', 'n': 1, 'mean_pct': 9.93}, {'ts': '2026-09-22 11:29:29', 'theme': '待归位·房地产开', 'n': 1, 'mean_pct': -0.82}, {'ts': '2026-09-22 11:29:29', 'theme': '待归位·房地产服', 'n': 2, 'mean_pct': 9.95}, {'ts': '2026-09-22 11:29:29', 'theme': '待归位·服装家纺', 'n': 1, 'mean_pct': 10.0}, {'ts': '2026-09-22 11:29:29', 'theme': '待归位·燃气Ⅱ', 'n': 1, 'mean_pct': 9.96}, {'ts': '2026-09-22 11:29:29', 'theme': '待归位·软件开发', 'n': 1, 'mean_pct': 10.04}, {'ts': '2026-09-22 11:29:29', 'theme': '待归位·铁路公路', 'n': 1, 'mean_pct': 10.01}, {'ts': '2026-09-22 11:30:29', 'theme': '待归位·IT服务Ⅱ', 'n': 1, 'mean_pct': 10.03}, {'ts': '2026-09-22 11:30:29', 'theme': '待归位·其他家电', 'n': 1, 'mean_pct': 10.08}, {'ts': '2026-09-22 11:30:29', 'theme': '待归位·出版', 'n': 3, 'mean_pct': 9.9733}, {'ts': '2026-09-22 11:30:29', 'theme': '待归位·包装印刷', 'n': 1, 'mean_pct': 10.05}, {'ts': '2026-09-22 11:30:29', 'theme': '待归位·化学制品', 'n': 1, 'mean_pct': 10.02}, {'ts': '2026-09-22 11:30:29', 'theme': '待归位·化学制药', 'n': 3, 'mean_pct': 13.38}, {'ts': '2026-09-22 11:30:29', 'theme': '待归位·医疗服务', 'n': 2, 'mean_pct': 9.52}, {'ts': '2026-09-22 11:30:29', 'theme': '待归位·半导体', 'n': 1, 'mean_pct': 10.0}, {'ts': '2026-09-22 11:30:29', 'theme': '待归位·塑料', 'n': 1, 'mean_pct': 10.0}, {'ts': '2026-09-22 11:30:29', 'theme': '待归位·家居用品', 'n': 2, 'mean_pct': 7.165}, {'ts': '2026-09-22 11:30:29', 'theme': '待归位·广告营销', 'n': 1, 'mean_pct': 9.93}, {'ts': '2026-09-22 11:30:29', 'theme': '待归位·房地产开', 'n': 1, 'mean_pct': -0.82}, {'ts': '2026-09-22 11:30:29', 'theme': '待归位·房地产服', 'n': 2, 'mean_pct': 9.95}, {'ts': '2026-09-22 11:30:29', 'theme': '待归位·服装家纺', 'n': 1, 'mean_pct': 10.0}, {'ts': '2026-09-22 11:30:29', 'theme': '待归位·燃气Ⅱ', 'n': 1, 'mean_pct': 9.96}, {'ts': '2026-09-22 11:30:29', 'theme': '待归位·软件开发', 'n': 1, 'mean_pct': 10.04}, {'ts': '2026-09-22 11:30:29', 'theme': '待归位·铁路公路', 'n': 1, 'mean_pct': 10.01}, {'ts': '2026-09-22 11:31:29', 'theme': '待归位·IT服务Ⅱ', 'n': 1, 'mean_pct': 10.03}, {'ts': '2026-09-22 11:31:29', 'theme': '待归位·其他家电', 'n': 1, 'mean_pct': 10.08}, {'ts': '2026-09-22 11:31:29', 'theme': '待归位·出版', 'n': 3, 'mean_pct': 9.9733}, {'ts': '2026-09-22 11:31:29', 'theme': '待归位·包装印刷', 'n': 1, 'mean_pct': 10.05}, {'ts': '2026-09-22 11:31:29', 'theme': '待归位·化学制品', 'n': 1, 'mean_pct': 10.02}, {'ts': '2026-09-22 11:31:29', 'theme': '待归位·化学制药', 'n': 3, 'mean_pct': 13.38}, {'ts': '2026-09-22 11:31:29', 'theme': '待归位·医疗服务', 'n': 2, 'mean_pct': 9.52}, {'ts': '2026-09-22 11:31:29', 'theme': '待归位·半导体', 'n': 1, 'mean_pct': 10.0}, {'ts': '2026-09-22 11:31:29', 'theme': '待归位·塑料', 'n': 1, 'mean_pct': 10.0}, {'ts': '2026-09-22 11:31:29', 'theme': '待归位·家居用品', 'n': 2, 'mean_pct': 7.165}, {'ts': '2026-09-22 11:31:29', 'theme': '待归位·广告营销', 'n': 1, 'mean_pct': 9.93}, {'ts': '2026-09-22 11:31:29', 'theme': '待归位·房地产开', 'n': 1, 'mean_pct': -0.82}, {'ts': '2026-09-22 11:31:29', 'theme': '待归位·房地产服', 'n': 2, 'mean_pct': 9.95}, {'ts': '2026-09-22 11:31:29', 'theme': '待归位·服装家纺', 'n': 1, 'mean_pct': 10.0}, {'ts': '2026-09-22 11:31:29', 'theme': '待归位·燃气Ⅱ', 'n': 1, 'mean_pct': 9.96}, {'ts': '2026-09-22 11:31:29', 'theme': '待归位·软件开发', 'n': 1, 'mean_pct': 10.04}, {'ts': '2026-09-22 11:31:29', 'theme': '待归位·铁路公路', 'n': 1, 'mean_pct': 10.01}, {'ts': '2026-09-22 11:32:29', 'theme': '待归位·IT服务Ⅱ', 'n': 1, 'mean_pct': 10.03}, {'ts': '2026-09-22 11:32:29', 'theme': '待归位·其他家电', 'n': 1, 'mean_pct': 10.08}, {'ts': '2026-09-22 11:32:29', 'theme': '待归位·出版', 'n': 3, 'mean_pct': 9.9733}, {'ts': '2026-09-22 11:32:29', 'theme': '待归位·包装印刷', 'n': 1, 'mean_pct': 10.05}, {'ts': '2026-09-22 11:32:29', 'theme': '待归位·化学制品', 'n': 1, 'mean_pct': 10.02}, {'ts': '2026-09-22 11:32:29', 'theme': '待归位·化学制药', 'n': 3, 'mean_pct': 13.38}, {'ts': '2026-09-22 11:32:29', 'theme': '待归位·医疗服务', 'n': 2, 'mean_pct': 9.52}, {'ts': '2026-09-22 11:32:29', 'theme': '待归位·半导体', 'n': 1, 'mean_pct': 10.0}, {'ts': '2026-09-22 11:32:29', 'theme': '待归位·塑料', 'n': 1, 'mean_pct': 10.0}, {'ts': '2026-09-22 11:32:29', 'theme': '待归位·家居用品', 'n': 2, 'mean_pct': 7.165}, {'ts': '2026-09-22 11:32:29', 'theme': '待归位·广告营销', 'n': 1, 'mean_pct': 9.93}, {'ts': '2026-09-22 11:32:29', 'theme': '待归位·房地产开', 'n': 1, 'mean_pct': -0.82}, {'ts': '2026-09-22 11:32:29', 'theme': '待归位·房地产服', 'n': 2, 'mean_pct': 9.95}, {'ts': '2026-09-22 11:32:29', 'theme': '待归位·服装家纺', 'n': 1, 'mean_pct': 10.0}, {'ts': '2026-09-22 11:32:29', 'theme': '待归位·燃气Ⅱ', 'n': 1, 'mean_pct': 9.96}, {'ts': '2026-09-22 11:32:29', 'theme': '待归位·软件开发', 'n': 1, 'mean_pct': 10.04}, {'ts': '2026-09-22 11:32:29', 'theme': '待归位·铁路公路', 'n': 1, 'mean_pct': 10.01}, {'ts': '2026-09-22 11:33:29', 'theme': '待归位·IT服务Ⅱ', 'n': 1, 'mean_pct': 10.03}, {'ts': '2026-09-22 11:33:29', 'theme': '待归位·其他家电', 'n': 1, 'mean_pct': 10.08}, {'ts': '2026-09-22 11:33:29', 'theme': '待归位·出版', 'n': 3, 'mean_pct': 9.9733}, {'ts': '2026-09-22 11:33:29', 'theme': '待归位·包装印刷', 'n': 1, 'mean_pct': 10.05}, {'ts': '2026-09-22 11:33:29', 'theme': '待归位·化学制品', 'n': 1, 'mean_pct': 10.02}, {'ts': '2026-09-22 11:33:29', 'theme': '待归位·化学制药', 'n': 3, 'mean_pct': 13.38}, {'ts': '2026-09-22 11:33:29', 'theme': '待归位·医疗服务', 'n': 2, 'mean_pct': 9.52}, {'ts': '2026-09-22 11:33:29', 'theme': '待归位·半导体', 'n': 1, 'mean_pct': 10.0}, {'ts': '2026-09-22 11:33:29', 'theme': '待归位·塑料', 'n': 1, 'mean_pct': 10.0}, {'ts': '2026-09-22 11:33:29', 'theme': '待归位·家居用品', 'n': 2, 'mean_pct': 7.165}, {'ts': '2026-09-22 11:33:29', 'theme': '待归位·广告营销', 'n': 1, 'mean_pct': 9.93}, {'ts': '2026-09-22 11:33:29', 'theme': '待归位·房地产开', 'n': 1, 'mean_pct': -0.82}, {'ts': '2026-09-22 11:33:29', 'theme': '待归位·房地产服', 'n': 2, 'mean_pct': 9.95}, {'ts': '2026-09-22 11:33:29', 'theme': '待归位·服装家纺', 'n': 1, 'mean_pct': 10.0}, {'ts': '2026-09-22 11:33:29', 'theme': '待归位·燃气Ⅱ', 'n': 1, 'mean_pct': 9.96}, {'ts': '2026-09-22 11:33:29', 'theme': '待归位·软件开发', 'n': 1, 'mean_pct': 10.04}, {'ts': '2026-09-22 11:33:29', 'theme': '待归位·铁路公路', 'n': 1, 'mean_pct': 10.01}, {'ts': '2026-09-22 11:34:30', 'theme': '待归位·IT服务Ⅱ', 'n': 1, 'mean_pct': 10.03}, {'ts': '2026-09-22 11:34:30', 'theme': '待归位·其他家电', 'n': 1, 'mean_pct': 10.08}, {'ts': '2026-09-22 11:34:30', 'theme': '待归位·出版', 'n': 3, 'mean_pct': 9.9733}, {'ts': '2026-09-22 11:34:30', 'theme': '待归位·包装印刷', 'n': 1, 'mean_pct': 10.05}, {'ts': '2026-09-22 11:34:30', 'theme': '待归位·化学制品', 'n': 1, 'mean_pct': 10.02}, {'ts': '2026-09-22 11:34:30', 'theme': '待归位·化学制药', 'n': 3, 'mean_pct': 13.38}, {'ts': '2026-09-22 11:34:30', 'theme': '待归位·医疗服务', 'n': 2, 'mean_pct': 9.52}, {'ts': '2026-09-22 11:34:30', 'theme': '待归位·半导体', 'n': 1, 'mean_pct': 10.0}, {'ts': '2026-09-22 11:34:30', 'theme': '待归位·塑料', 'n': 1, 'mean_pct': 10.0}, {'ts': '2026-09-22 11:34:30', 'theme': '待归位·家居用品', 'n': 2, 'mean_pct': 7.165}, {'ts': '2026-09-22 11:34:30', 'theme': '待归位·广告营销', 'n': 1, 'mean_pct': 9.93}, {'ts': '2026-09-22 11:34:30', 'theme': '待归位·房地产开', 'n': 1, 'mean_pct': -0.82}, {'ts': '2026-09-22 11:34:30', 'theme': '待归位·房地产服', 'n': 2, 'mean_pct': 9.95}, {'ts': '2026-09-22 11:34:30', 'theme': '待归位·服装家纺', 'n': 1, 'mean_pct': 10.0}, {'ts': '2026-09-22 11:34:30', 'theme': '待归位·燃气Ⅱ', 'n': 1, 'mean_pct': 9.96}, {'ts': '2026-09-22 11:34:30', 'theme': '待归位·软件开发', 'n': 1, 'mean_pct': 10.04}, {'ts': '2026-09-22 11:34:30', 'theme': '待归位·铁路公路', 'n': 1, 'mean_pct': 10.01}, {'ts': '2026-09-22 11:35:30', 'theme': '待归位·IT服务Ⅱ', 'n': 1, 'mean_pct': 10.03}, {'ts': '2026-09-22 11:35:30', 'theme': '待归位·其他家电', 'n': 1, 'mean_pct': 10.08}, {'ts': '2026-09-22 11:35:30', 'theme': '待归位·出版', 'n': 3, 'mean_pct': 9.9733}, {'ts': '2026-09-22 11:35:30', 'theme': '待归位·包装印刷', 'n': 1, 'mean_pct': 10.05}, {'ts': '2026-09-22 11:35:30', 'theme': '待归位·化学制品', 'n': 1, 'mean_pct': 10.02}, {'ts': '2026-09-22 11:35:30', 'theme': '待归位·化学制药', 'n': 3, 'mean_pct': 13.38}, {'ts': '2026-09-22 11:35:30', 'theme': '待归位·医疗服务', 'n': 2, 'mean_pct': 9.52}, {'ts': '2026-09-22 11:35:30', 'theme': '待归位·半导体', 'n': 1, 'mean_pct': 10.0}, {'ts': '2026-09-22 11:35:30', 'theme': '待归位·塑料', 'n': 1, 'mean_pct': 10.0}, {'ts': '2026-09-22 11:35:30', 'theme': '待归位·家居用品', 'n': 2, 'mean_pct': 7.165}, {'ts': '2026-09-22 11:35:30', 'theme': '待归位·广告营销', 'n': 1, 'mean_pct': 9.93}, {'ts': '2026-09-22 11:35:30', 'theme': '待归位·房地产开', 'n': 1, 'mean_pct': -0.82}, {'ts': '2026-09-22 11:35:30', 'theme': '待归位·房地产服', 'n': 2, 'mean_pct': 9.95}, {'ts': '2026-09-22 11:35:30', 'theme': '待归位·服装家纺', 'n': 1, 'mean_pct': 10.0}, {'ts': '2026-09-22 11:35:30', 'theme': '待归位·燃气Ⅱ', 'n': 1, 'mean_pct': 9.96}, {'ts': '2026-09-22 11:35:30', 'theme': '待归位·软件开发', 'n': 1, 'mean_pct': 10.04}, {'ts': '2026-09-22 11:35:30', 'theme': '待归位·铁路公路', 'n': 1, 'mean_pct': 10.01}, {'ts': '2026-09-22 11:36:30', 'theme': '待归位·IT服务Ⅱ', 'n': 1, 'mean_pct': 10.03}, {'ts': '2026-09-22 11:36:30', 'theme': '待归位·其他家电', 'n': 1, 'mean_pct': 10.08}, {'ts': '2026-09-22 11:36:30', 'theme': '待归位·出版', 'n': 3, 'mean_pct': 9.9733}, {'ts': '2026-09-22 11:36:30', 'theme': '待归位·包装印刷', 'n': 1, 'mean_pct': 10.05}, {'ts': '2026-09-22 11:36:30', 'theme': '待归位·化学制品', 'n': 1, 'mean_pct': 10.02}, {'ts': '2026-09-22 11:36:30', 'theme': '待归位·化学制药', 'n': 3, 'mean_pct': 13.38}, {'ts': '2026-09-22 11:36:30', 'theme': '待归位·医疗服务', 'n': 2, 'mean_pct': 9.52}, {'ts': '2026-09-22 11:36:30', 'theme': '待归位·半导体', 'n': 1, 'mean_pct': 10.0}, {'ts': '2026-09-22 11:36:30', 'theme': '待归位·塑料', 'n': 1, 'mean_pct': 10.0}, {'ts': '2026-09-22 11:36:30', 'theme': '待归位·家居用品', 'n': 2, 'mean_pct': 7.165}, {'ts': '2026-09-22 11:36:30', 'theme': '待归位·广告营销', 'n': 1, 'mean_pct': 9.93}, {'ts': '2026-09-22 11:36:30', 'theme': '待归位·房地产开', 'n': 1, 'mean_pct': -0.82}, {'ts': '2026-09-22 11:36:30', 'theme': '待归位·房地产服', 'n': 2, 'mean_pct': 9.95}, {'ts': '2026-09-22 11:36:30', 'theme': '待归位·服装家纺', 'n': 1, 'mean_pct': 10.0}, {'ts': '2026-09-22 11:36:30', 'theme': '待归位·燃气Ⅱ', 'n': 1, 'mean_pct': 9.96}, {'ts': '2026-09-22 11:36:30', 'theme': '待归位·软件开发', 'n': 1, 'mean_pct': 10.04}, {'ts': '2026-09-22 11:36:30', 'theme': '待归位·铁路公路', 'n': 1, 'mean_pct': 10.01}, {'ts': '2026-09-22 11:37:30', 'theme': '待归位·IT服务Ⅱ', 'n': 1, 'mean_pct': 10.03}, {'ts': '2026-09-22 11:37:30', 'theme': '待归位·其他家电', 'n': 1, 'mean_pct': 10.08}, {'ts': '2026-09-22 11:37:30', 'theme': '待归位·出版', 'n': 3, 'mean_pct': 9.9733}, {'ts': '2026-09-22 11:37:30', 'theme': '待归位·包装印刷', 'n': 1, 'mean_pct': 10.05}, {'ts': '2026-09-22 11:37:30', 'theme': '待归位·化学制品', 'n': 1, 'mean_pct': 10.02}, {'ts': '2026-09-22 11:37:30', 'theme': '待归位·化学制药', 'n': 3, 'mean_pct': 13.38}, {'ts': '2026-09-22 11:37:30', 'theme': '待归位·医疗服务', 'n': 2, 'mean_pct': 9.52}, {'ts': '2026-09-22 11:37:30', 'theme': '待归位·半导体', 'n': 1, 'mean_pct': 10.0}, {'ts': '2026-09-22 11:37:30', 'theme': '待归位·塑料', 'n': 1, 'mean_pct': 10.0}, {'ts': '2026-09-22 11:37:30', 'theme': '待归位·家居用品', 'n': 2, 'mean_pct': 7.165}, {'ts': '2026-09-22 11:37:30', 'theme': '待归位·广告营销', 'n': 1, 'mean_pct': 9.93}, {'ts': '2026-09-22 11:37:30', 'theme': '待归位·房地产开', 'n': 1, 'mean_pct': -0.82}, {'ts': '2026-09-22 11:37:30', 'theme': '待归位·房地产服', 'n': 2, 'mean_pct': 9.95}, {'ts': '2026-09-22 11:37:30', 'theme': '待归位·服装家纺', 'n': 1, 'mean_pct': 10.0}, {'ts': '2026-09-22 11:37:30', 'theme': '待归位·燃气Ⅱ', 'n': 1, 'mean_pct': 9.96}, {'ts': '2026-09-22 11:37:30', 'theme': '待归位·软件开发', 'n': 1, 'mean_pct': 10.04}, {'ts': '2026-09-22 11:37:30', 'theme': '待归位·铁路公路', 'n': 1, 'mean_pct': 10.01}, {'ts': '2026-09-22 11:38:31', 'theme': '待归位·IT服务Ⅱ', 'n': 1, 'mean_pct': 10.03}, {'ts': '2026-09-22 11:38:31', 'theme': '待归位·其他家电', 'n': 1, 'mean_pct': 10.08}, {'ts': '2026-09-22 11:38:31', 'theme': '待归位·出版', 'n': 3, 'mean_pct': 9.9733}, {'ts': '2026-09-22 11:38:31', 'theme': '待归位·包装印刷', 'n': 1, 'mean_pct': 10.05}, {'ts': '2026-09-22 11:38:31', 'theme': '待归位·化学制品', 'n': 1, 'mean_pct': 10.02}, {'ts': '2026-09-22 11:38:31', 'theme': '待归位·化学制药', 'n': 3, 'mean_pct': 13.38}, {'ts': '2026-09-22 11:38:31', 'theme': '待归位·医疗服务', 'n': 2, 'mean_pct': 9.52}, {'ts': '2026-09-22 11:38:31', 'theme': '待归位·半导体', 'n': 1, 'mean_pct': 10.0}, {'ts': '2026-09-22 11:38:31', 'theme': '待归位·塑料', 'n': 1, 'mean_pct': 10.0}, {'ts': '2026-09-22 11:38:31', 'theme': '待归位·家居用品', 'n': 2, 'mean_pct': 7.165}, {'ts': '2026-09-22 11:38:31', 'theme': '待归位·广告营销', 'n': 1, 'mean_pct': 9.93}, {'ts': '2026-09-22 11:38:31', 'theme': '待归位·房地产开', 'n': 1, 'mean_pct': -0.82}, {'ts': '2026-09-22 11:38:31', 'theme': '待归位·房地产服', 'n': 2, 'mean_pct': 9.95}, {'ts': '2026-09-22 11:38:31', 'theme': '待归位·服装家纺', 'n': 1, 'mean_pct': 10.0}, {'ts': '2026-09-22 11:38:31', 'theme': '待归位·燃气Ⅱ', 'n': 1, 'mean_pct': 9.96}, {'ts': '2026-09-22 11:38:31', 'theme': '待归位·软件开发', 'n': 1, 'mean_pct': 10.04}, {'ts': '2026-09-22 11:38:31', 'theme': '待归位·铁路公路', 'n': 1, 'mean_pct': 10.01}, {'ts': '2026-09-22 11:39:31', 'theme': '待归位·IT服务Ⅱ', 'n': 1, 'mean_pct': 10.03}, {'ts': '2026-09-22 11:39:31', 'theme': '待归位·其他家电', 'n': 1, 'mean_pct': 10.08}, {'ts': '2026-09-22 11:39:31', 'theme': '待归位·出版', 'n': 3, 'mean_pct': 9.9733}, {'ts': '2026-09-22 11:39:31', 'theme': '待归位·包装印刷', 'n': 1, 'mean_pct': 10.05}, {'ts': '2026-09-22 11:39:31', 'theme': '待归位·化学制品', 'n': 1, 'mean_pct': 10.02}, {'ts': '2026-09-22 11:39:31', 'theme': '待归位·化学制药', 'n': 3, 'mean_pct': 13.38}, {'ts': '2026-09-22 11:39:31', 'theme': '待归位·医疗服务', 'n': 2, 'mean_pct': 9.52}, {'ts': '2026-09-22 11:39:31', 'theme': '待归位·半导体', 'n': 1, 'mean_pct': 10.0}, {'ts': '2026-09-22 11:39:31', 'theme': '待归位·塑料', 'n': 1, 'mean_pct': 10.0}, {'ts': '2026-09-22 11:39:31', 'theme': '待归位·家居用品', 'n': 2, 'mean_pct': 7.165}, {'ts': '2026-09-22 11:39:31', 'theme': '待归位·广告营销', 'n': 1, 'mean_pct': 9.93}, {'ts': '2026-09-22 11:39:31', 'theme': '待归位·房地产开', 'n': 1, 'mean_pct': -0.82}, {'ts': '2026-09-22 11:39:31', 'theme': '待归位·房地产服', 'n': 2, 'mean_pct': 9.95}, {'ts': '2026-09-22 11:39:31', 'theme': '待归位·服装家纺', 'n': 1, 'mean_pct': 10.0}, {'ts': '2026-09-22 11:39:31', 'theme': '待归位·燃气Ⅱ', 'n': 1, 'mean_pct': 9.96}, {'ts': '2026-09-22 11:39:31', 'theme': '待归位·软件开发', 'n': 1, 'mean_pct': 10.04}, {'ts': '2026-09-22 11:39:31', 'theme': '待归位·铁路公路', 'n': 1, 'mean_pct': 10.01}, {'ts': '2026-09-22 11:40:31', 'theme': '待归位·IT服务Ⅱ', 'n': 1, 'mean_pct': 10.03}, {'ts': '2026-09-22 11:40:31', 'theme': '待归位·其他家电', 'n': 1, 'mean_pct': 10.08}, {'ts': '2026-09-22 11:40:31', 'theme': '待归位·出版', 'n': 3, 'mean_pct': 9.9733}, {'ts': '2026-09-22 11:40:31', 'theme': '待归位·包装印刷', 'n': 1, 'mean_pct': 10.05}, {'ts': '2026-09-22 11:40:31', 'theme': '待归位·化学制品', 'n': 1, 'mean_pct': 10.02}, {'ts': '2026-09-22 11:40:31', 'theme': '待归位·化学制药', 'n': 3, 'mean_pct': 13.38}, {'ts': '2026-09-22 11:40:31', 'theme': '待归位·医疗服务', 'n': 2, 'mean_pct': 9.52}, {'ts': '2026-09-22 11:40:31', 'theme': '待归位·半导体', 'n': 1, 'mean_pct': 10.0}, {'ts': '2026-09-22 11:40:31', 'theme': '待归位·塑料', 'n': 1, 'mean_pct': 10.0}, {'ts': '2026-09-22 11:40:31', 'theme': '待归位·家居用品', 'n': 2, 'mean_pct': 7.165}, {'ts': '2026-09-22 11:40:31', 'theme': '待归位·广告营销', 'n': 1, 'mean_pct': 9.93}, {'ts': '2026-09-22 11:40:31', 'theme': '待归位·房地产开', 'n': 1, 'mean_pct': -0.82}, {'ts': '2026-09-22 11:40:31', 'theme': '待归位·房地产服', 'n': 2, 'mean_pct': 9.95}, {'ts': '2026-09-22 11:40:31', 'theme': '待归位·服装家纺', 'n': 1, 'mean_pct': 10.0}, {'ts': '2026-09-22 11:40:31', 'theme': '待归位·燃气Ⅱ', 'n': 1, 'mean_pct': 9.96}, {'ts': '2026-09-22 11:40:31', 'theme': '待归位·软件开发', 'n': 1, 'mean_pct': 10.04}, {'ts': '2026-09-22 11:40:31', 'theme': '待归位·铁路公路', 'n': 1, 'mean_pct': 10.01}, {'ts': '2026-09-22 11:41:31', 'theme': '待归位·IT服务Ⅱ', 'n': 1, 'mean_pct': 10.03}, {'ts': '2026-09-22 11:41:31', 'theme': '待归位·其他家电', 'n': 1, 'mean_pct': 10.08}, {'ts': '2026-09-22 11:41:31', 'theme': '待归位·出版', 'n': 3, 'mean_pct': 9.9733}, {'ts': '2026-09-22 11:41:31', 'theme': '待归位·包装印刷', 'n': 1, 'mean_pct': 10.05}, {'ts': '2026-09-22 11:41:31', 'theme': '待归位·化学制品', 'n': 1, 'mean_pct': 10.02}, {'ts': '2026-09-22 11:41:31', 'theme': '待归位·化学制药', 'n': 3, 'mean_pct': 13.38}, {'ts': '2026-09-22 11:41:31', 'theme': '待归位·医疗服务', 'n': 2, 'mean_pct': 9.52}, {'ts': '2026-09-22 11:41:31', 'theme': '待归位·半导体', 'n': 1, 'mean_pct': 10.0}, {'ts': '2026-09-22 11:41:31', 'theme': '待归位·塑料', 'n': 1, 'mean_pct': 10.0}, {'ts': '2026-09-22 11:41:31', 'theme': '待归位·家居用品', 'n': 2, 'mean_pct': 7.165}, {'ts': '2026-09-22 11:41:31', 'theme': '待归位·广告营销', 'n': 1, 'mean_pct': 9.93}, {'ts': '2026-09-22 11:41:31', 'theme': '待归位·房地产开', 'n': 1, 'mean_pct': -0.82}, {'ts': '2026-09-22 11:41:31', 'theme': '待归位·房地产服', 'n': 2, 'mean_pct': 9.95}, {'ts': '2026-09-22 11:41:31', 'theme': '待归位·服装家纺', 'n': 1, 'mean_pct': 10.0}, {'ts': '2026-09-22 11:41:31', 'theme': '待归位·燃气Ⅱ', 'n': 1, 'mean_pct': 9.96}, {'ts': '2026-09-22 11:41:31', 'theme': '待归位·软件开发', 'n': 1, 'mean_pct': 10.04}, {'ts': '2026-09-22 11:41:31', 'theme': '待归位·铁路公路', 'n': 1, 'mean_pct': 10.01}, {'ts': '2026-09-22 11:42:31', 'theme': '待归位·IT服务Ⅱ', 'n': 1, 'mean_pct': 10.03}, {'ts': '2026-09-22 11:42:31', 'theme': '待归位·其他家电', 'n': 1, 'mean_pct': 10.08}, {'ts': '2026-09-22 11:42:31', 'theme': '待归位·出版', 'n': 3, 'mean_pct': 9.9733}, {'ts': '2026-09-22 11:42:31', 'theme': '待归位·包装印刷', 'n': 1, 'mean_pct': 10.05}, {'ts': '2026-09-22 11:42:31', 'theme': '待归位·化学制品', 'n': 1, 'mean_pct': 10.02}, {'ts': '2026-09-22 11:42:31', 'theme': '待归位·化学制药', 'n': 3, 'mean_pct': 13.38}, {'ts': '2026-09-22 11:42:31', 'theme': '待归位·医疗服务', 'n': 2, 'mean_pct': 9.52}, {'ts': '2026-09-22 11:42:31', 'theme': '待归位·半导体', 'n': 1, 'mean_pct': 10.0}, {'ts': '2026-09-22 11:42:31', 'theme': '待归位·塑料', 'n': 1, 'mean_pct': 10.0}, {'ts': '2026-09-22 11:42:31', 'theme': '待归位·家居用品', 'n': 2, 'mean_pct': 7.165}, {'ts': '2026-09-22 11:42:31', 'theme': '待归位·广告营销', 'n': 1, 'mean_pct': 9.93}, {'ts': '2026-09-22 11:42:31', 'theme': '待归位·房地产开', 'n': 1, 'mean_pct': -0.82}, {'ts': '2026-09-22 11:42:31', 'theme': '待归位·房地产服', 'n': 2, 'mean_pct': 9.95}, {'ts': '2026-09-22 11:42:31', 'theme': '待归位·服装家纺', 'n': 1, 'mean_pct': 10.0}, {'ts': '2026-09-22 11:42:31', 'theme': '待归位·燃气Ⅱ', 'n': 1, 'mean_pct': 9.96}, {'ts': '2026-09-22 11:42:31', 'theme': '待归位·软件开发', 'n': 1, 'mean_pct': 10.04}, {'ts': '2026-09-22 11:42:31', 'theme': '待归位·铁路公路', 'n': 1, 'mean_pct': 10.01}, {'ts': '2026-09-22 11:43:32', 'theme': '待归位·IT服务Ⅱ', 'n': 1, 'mean_pct': 10.03}, {'ts': '2026-09-22 11:43:32', 'theme': '待归位·其他家电', 'n': 1, 'mean_pct': 10.08}, {'ts': '2026-09-22 11:43:32', 'theme': '待归位·出版', 'n': 3, 'mean_pct': 9.9733}, {'ts': '2026-09-22 11:43:32', 'theme': '待归位·包装印刷', 'n': 1, 'mean_pct': 10.05}, {'ts': '2026-09-22 11:43:32', 'theme': '待归位·化学制品', 'n': 1, 'mean_pct': 10.02}, {'ts': '2026-09-22 11:43:32', 'theme': '待归位·化学制药', 'n': 3, 'mean_pct': 13.38}, {'ts': '2026-09-22 11:43:32', 'theme': '待归位·医疗服务', 'n': 2, 'mean_pct': 9.52}, {'ts': '2026-09-22 11:43:32', 'theme': '待归位·半导体', 'n': 1, 'mean_pct': 10.0}, {'ts': '2026-09-22 11:43:32', 'theme': '待归位·塑料', 'n': 1, 'mean_pct': 10.0}, {'ts': '2026-09-22 11:43:32', 'theme': '待归位·家居用品', 'n': 2, 'mean_pct': 7.165}, {'ts': '2026-09-22 11:43:32', 'theme': '待归位·广告营销', 'n': 1, 'mean_pct': 9.93}, {'ts': '2026-09-22 11:43:32', 'theme': '待归位·房地产开', 'n': 1, 'mean_pct': -0.82}, {'ts': '2026-09-22 11:43:32', 'theme': '待归位·房地产服', 'n': 2, 'mean_pct': 9.95}, {'ts': '2026-09-22 11:43:32', 'theme': '待归位·服装家纺', 'n': 1, 'mean_pct': 10.0}, {'ts': '2026-09-22 11:43:32', 'theme': '待归位·燃气Ⅱ', 'n': 1, 'mean_pct': 9.96}, {'ts': '2026-09-22 11:43:32', 'theme': '待归位·软件开发', 'n': 1, 'mean_pct': 10.04}, {'ts': '2026-09-22 11:43:32', 'theme': '待归位·铁路公路', 'n': 1, 'mean_pct': 10.01}, {'ts': '2026-09-22 11:44:32', 'theme': '待归位·IT服务Ⅱ', 'n': 1, 'mean_pct': 10.03}, {'ts': '2026-09-22 11:44:32', 'theme': '待归位·其他家电', 'n': 1, 'mean_pct': 10.08}, {'ts': '2026-09-22 11:44:32', 'theme': '待归位·出版', 'n': 3, 'mean_pct': 9.9733}, {'ts': '2026-09-22 11:44:32', 'theme': '待归位·包装印刷', 'n': 1, 'mean_pct': 10.05}, {'ts': '2026-09-22 11:44:32', 'theme': '待归位·化学制品', 'n': 1, 'mean_pct': 10.02}, {'ts': '2026-09-22 11:44:32', 'theme': '待归位·化学制药', 'n': 3, 'mean_pct': 13.38}, {'ts': '2026-09-22 11:44:32', 'theme': '待归位·医疗服务', 'n': 2, 'mean_pct': 9.52}, {'ts': '2026-09-22 11:44:32', 'theme': '待归位·半导体', 'n': 1, 'mean_pct': 10.0}, {'ts': '2026-09-22 11:44:32', 'theme': '待归位·塑料', 'n': 1, 'mean_pct': 10.0}, {'ts': '2026-09-22 11:44:32', 'theme': '待归位·家居用品', 'n': 2, 'mean_pct': 7.165}, {'ts': '2026-09-22 11:44:32', 'theme': '待归位·广告营销', 'n': 1, 'mean_pct': 9.93}, {'ts': '2026-09-22 11:44:32', 'theme': '待归位·房地产开', 'n': 1, 'mean_pct': -0.82}, {'ts': '2026-09-22 11:44:32', 'theme': '待归位·房地产服', 'n': 2, 'mean_pct': 9.95}, {'ts': '2026-09-22 11:44:32', 'theme': '待归位·服装家纺', 'n': 1, 'mean_pct': 10.0}, {'ts': '2026-09-22 11:44:32', 'theme': '待归位·燃气Ⅱ', 'n': 1, 'mean_pct': 9.96}, {'ts': '2026-09-22 11:44:32', 'theme': '待归位·软件开发', 'n': 1, 'mean_pct': 10.04}, {'ts': '2026-09-22 11:44:32', 'theme': '待归位·铁路公路', 'n': 1, 'mean_pct': 10.01}, {'ts': '2026-09-22 11:45:32', 'theme': '待归位·IT服务Ⅱ', 'n': 1, 'mean_pct': 10.03}, {'ts': '2026-09-22 11:45:32', 'theme': '待归位·其他家电', 'n': 1, 'mean_pct': 10.08}, {'ts': '2026-09-22 11:45:32', 'theme': '待归位·出版', 'n': 3, 'mean_pct': 9.9733}, {'ts': '2026-09-22 11:45:32', 'theme': '待归位·包装印刷', 'n': 1, 'mean_pct': 10.05}, {'ts': '2026-09-22 11:45:32', 'theme': '待归位·化学制品', 'n': 1, 'mean_pct': 10.02}, {'ts': '2026-09-22 11:45:32', 'theme': '待归位·化学制药', 'n': 3, 'mean_pct': 13.38}, {'ts': '2026-09-22 11:45:32', 'theme': '待归位·医疗服务', 'n': 2, 'mean_pct': 9.52}, {'ts': '2026-09-22 11:45:32', 'theme': '待归位·半导体', 'n': 1, 'mean_pct': 10.0}, {'ts': '2026-09-22 11:45:32', 'theme': '待归位·塑料', 'n': 1, 'mean_pct': 10.0}, {'ts': '2026-09-22 11:45:32', 'theme': '待归位·家居用品', 'n': 2, 'mean_pct': 7.165}, {'ts': '2026-09-22 11:45:32', 'theme': '待归位·广告营销', 'n': 1, 'mean_pct': 9.93}, {'ts': '2026-09-22 11:45:32', 'theme': '待归位·房地产开', 'n': 1, 'mean_pct': -0.82}, {'ts': '2026-09-22 11:45:32', 'theme': '待归位·房地产服', 'n': 2, 'mean_pct': 9.95}, {'ts': '2026-09-22 11:45:32', 'theme': '待归位·服装家纺', 'n': 1, 'mean_pct': 10.0}, {'ts': '2026-09-22 11:45:32', 'theme': '待归位·燃气Ⅱ', 'n': 1, 'mean_pct': 9.96}, {'ts': '2026-09-22 11:45:32', 'theme': '待归位·软件开发', 'n': 1, 'mean_pct': 10.04}, {'ts': '2026-09-22 11:45:32', 'theme': '待归位·铁路公路', 'n': 1, 'mean_pct': 10.01}, {'ts': '2026-09-22 11:46:32', 'theme': '待归位·IT服务Ⅱ', 'n': 1, 'mean_pct': 10.03}, {'ts': '2026-09-22 11:46:32', 'theme': '待归位·其他家电', 'n': 1, 'mean_pct': 10.08}, {'ts': '2026-09-22 11:46:32', 'theme': '待归位·出版', 'n': 3, 'mean_pct': 9.9733}, {'ts': '2026-09-22 11:46:32', 'theme': '待归位·包装印刷', 'n': 1, 'mean_pct': 10.05}, {'ts': '2026-09-22 11:46:32', 'theme': '待归位·化学制品', 'n': 1, 'mean_pct': 10.02}, {'ts': '2026-09-22 11:46:32', 'theme': '待归位·化学制药', 'n': 3, 'mean_pct': 13.38}, {'ts': '2026-09-22 11:46:32', 'theme': '待归位·医疗服务', 'n': 2, 'mean_pct': 9.52}, {'ts': '2026-09-22 11:46:32', 'theme': '待归位·半导体', 'n': 1, 'mean_pct': 10.0}, {'ts': '2026-09-22 11:46:32', 'theme': '待归位·塑料', 'n': 1, 'mean_pct': 10.0}, {'ts': '2026-09-22 11:46:32', 'theme': '待归位·家居用品', 'n': 2, 'mean_pct': 7.165}, {'ts': '2026-09-22 11:46:32', 'theme': '待归位·广告营销', 'n': 1, 'mean_pct': 9.93}, {'ts': '2026-09-22 11:46:32', 'theme': '待归位·房地产开', 'n': 1, 'mean_pct': -0.82}, {'ts': '2026-09-22 11:46:32', 'theme': '待归位·房地产服', 'n': 2, 'mean_pct': 9.95}, {'ts': '2026-09-22 11:46:32', 'theme': '待归位·服装家纺', 'n': 1, 'mean_pct': 10.0}, {'ts': '2026-09-22 11:46:32', 'theme': '待归位·燃气Ⅱ', 'n': 1, 'mean_pct': 9.96}, {'ts': '2026-09-22 11:46:32', 'theme': '待归位·软件开发', 'n': 1, 'mean_pct': 10.04}, {'ts': '2026-09-22 11:46:32', 'theme': '待归位·铁路公路', 'n': 1, 'mean_pct': 10.01}, {'ts': '2026-09-22 11:47:33', 'theme': '待归位·IT服务Ⅱ', 'n': 1, 'mean_pct': 10.03}, {'ts': '2026-09-22 11:47:33', 'theme': '待归位·其他家电', 'n': 1, 'mean_pct': 10.08}, {'ts': '2026-09-22 11:47:33', 'theme': '待归位·出版', 'n': 3, 'mean_pct': 9.9733}, {'ts': '2026-09-22 11:47:33', 'theme': '待归位·包装印刷', 'n': 1, 'mean_pct': 10.05}, {'ts': '2026-09-22 11:47:33', 'theme': '待归位·化学制品', 'n': 1, 'mean_pct': 10.02}, {'ts': '2026-09-22 11:47:33', 'theme': '待归位·化学制药', 'n': 3, 'mean_pct': 13.38}, {'ts': '2026-09-22 11:47:33', 'theme': '待归位·医疗服务', 'n': 2, 'mean_pct': 9.52}, {'ts': '2026-09-22 11:47:33', 'theme': '待归位·半导体', 'n': 1, 'mean_pct': 10.0}, {'ts': '2026-09-22 11:47:33', 'theme': '待归位·塑料', 'n': 1, 'mean_pct': 10.0}, {'ts': '2026-09-22 11:47:33', 'theme': '待归位·家居用品', 'n': 2, 'mean_pct': 7.165}, {'ts': '2026-09-22 11:47:33', 'theme': '待归位·广告营销', 'n': 1, 'mean_pct': 9.93}, {'ts': '2026-09-22 11:47:33', 'theme': '待归位·房地产开', 'n': 1, 'mean_pct': -0.82}, {'ts': '2026-09-22 11:47:33', 'theme': '待归位·房地产服', 'n': 2, 'mean_pct': 9.95}, {'ts': '2026-09-22 11:47:33', 'theme': '待归位·服装家纺', 'n': 1, 'mean_pct': 10.0}, {'ts': '2026-09-22 11:47:33', 'theme': '待归位·燃气Ⅱ', 'n': 1, 'mean_pct': 9.96}, {'ts': '2026-09-22 11:47:33', 'theme': '待归位·软件开发', 'n': 1, 'mean_pct': 10.04}, {'ts': '2026-09-22 11:47:33', 'theme': '待归位·铁路公路', 'n': 1, 'mean_pct': 10.01}, {'ts': '2026-09-22 11:48:33', 'theme': '待归位·IT服务Ⅱ', 'n': 1, 'mean_pct': 10.03}, {'ts': '2026-09-22 11:48:33', 'theme': '待归位·其他家电', 'n': 1, 'mean_pct': 10.08}, {'ts': '2026-09-22 11:48:33', 'theme': '待归位·出版', 'n': 3, 'mean_pct': 9.9733}, {'ts': '2026-09-22 11:48:33', 'theme': '待归位·包装印刷', 'n': 1, 'mean_pct': 10.05}, {'ts': '2026-09-22 11:48:33', 'theme': '待归位·化学制品', 'n': 1, 'mean_pct': 10.02}, {'ts': '2026-09-22 11:48:33', 'theme': '待归位·化学制药', 'n': 3, 'mean_pct': 13.38}, {'ts': '2026-09-22 11:48:33', 'theme': '待归位·医疗服务', 'n': 2, 'mean_pct': 9.52}, {'ts': '2026-09-22 11:48:33', 'theme': '待归位·半导体', 'n': 1, 'mean_pct': 10.0}, {'ts': '2026-09-22 11:48:33', 'theme': '待归位·塑料', 'n': 1, 'mean_pct': 10.0}, {'ts': '2026-09-22 11:48:33', 'theme': '待归位·家居用品', 'n': 2, 'mean_pct': 7.165}, {'ts': '2026-09-22 11:48:33', 'theme': '待归位·广告营销', 'n': 1, 'mean_pct': 9.93}, {'ts': '2026-09-22 11:48:33', 'theme': '待归位·房地产开', 'n': 1, 'mean_pct': -0.82}, {'ts': '2026-09-22 11:48:33', 'theme': '待归位·房地产服', 'n': 2, 'mean_pct': 9.95}, {'ts': '2026-09-22 11:48:33', 'theme': '待归位·服装家纺', 'n': 1, 'mean_pct': 10.0}, {'ts': '2026-09-22 11:48:33', 'theme': '待归位·燃气Ⅱ', 'n': 1, 'mean_pct': 9.96}, {'ts': '2026-09-22 11:48:33', 'theme': '待归位·软件开发', 'n': 1, 'mean_pct': 10.04}, {'ts': '2026-09-22 11:48:33', 'theme': '待归位·铁路公路', 'n': 1, 'mean_pct': 10.01}, {'ts': '2026-09-22 11:49:33', 'theme': '待归位·IT服务Ⅱ', 'n': 1, 'mean_pct': 10.03}, {'ts': '2026-09-22 11:49:33', 'theme': '待归位·其他家电', 'n': 1, 'mean_pct': 10.08}, {'ts': '2026-09-22 11:49:33', 'theme': '待归位·出版', 'n': 3, 'mean_pct': 9.9733}, {'ts': '2026-09-22 11:49:33', 'theme': '待归位·包装印刷', 'n': 1, 'mean_pct': 10.05}, {'ts': '2026-09-22 11:49:33', 'theme': '待归位·化学制品', 'n': 1, 'mean_pct': 10.02}, {'ts': '2026-09-22 11:49:33', 'theme': '待归位·化学制药', 'n': 3, 'mean_pct': 13.38}, {'ts': '2026-09-22 11:49:33', 'theme': '待归位·医疗服务', 'n': 2, 'mean_pct': 9.52}, {'ts': '2026-09-22 11:49:33', 'theme': '待归位·半导体', 'n': 1, 'mean_pct': 10.0}, {'ts': '2026-09-22 11:49:33', 'theme': '待归位·塑料', 'n': 1, 'mean_pct': 10.0}, {'ts': '2026-09-22 11:49:33', 'theme': '待归位·家居用品', 'n': 2, 'mean_pct': 7.165}, {'ts': '2026-09-22 11:49:33', 'theme': '待归位·广告营销', 'n': 1, 'mean_pct': 9.93}, {'ts': '2026-09-22 11:49:33', 'theme': '待归位·房地产开', 'n': 1, 'mean_pct': -0.82}, {'ts': '2026-09-22 11:49:33', 'theme': '待归位·房地产服', 'n': 2, 'mean_pct': 9.95}, {'ts': '2026-09-22 11:49:33', 'theme': '待归位·服装家纺', 'n': 1, 'mean_pct': 10.0}, {'ts': '2026-09-22 11:49:33', 'theme': '待归位·燃气Ⅱ', 'n': 1, 'mean_pct': 9.96}, {'ts': '2026-09-22 11:49:33', 'theme': '待归位·软件开发', 'n': 1, 'mean_pct': 10.04}, {'ts': '2026-09-22 11:49:33', 'theme': '待归位·铁路公路', 'n': 1, 'mean_pct': 10.01}, {'ts': '2026-09-22 11:50:33', 'theme': '待归位·IT服务Ⅱ', 'n': 1, 'mean_pct': 10.03}, {'ts': '2026-09-22 11:50:33', 'theme': '待归位·其他家电', 'n': 1, 'mean_pct': 10.08}, {'ts': '2026-09-22 11:50:33', 'theme': '待归位·出版', 'n': 3, 'mean_pct': 9.9733}, {'ts': '2026-09-22 11:50:33', 'theme': '待归位·包装印刷', 'n': 1, 'mean_pct': 10.05}, {'ts': '2026-09-22 11:50:33', 'theme': '待归位·化学制品', 'n': 1, 'mean_pct': 10.02}, {'ts': '2026-09-22 11:50:33', 'theme': '待归位·化学制药', 'n': 3, 'mean_pct': 13.38}, {'ts': '2026-09-22 11:50:33', 'theme': '待归位·医疗服务', 'n': 2, 'mean_pct': 9.52}, {'ts': '2026-09-22 11:50:33', 'theme': '待归位·半导体', 'n': 1, 'mean_pct': 10.0}, {'ts': '2026-09-22 11:50:33', 'theme': '待归位·塑料', 'n': 1, 'mean_pct': 10.0}, {'ts': '2026-09-22 11:50:33', 'theme': '待归位·家居用品', 'n': 2, 'mean_pct': 7.165}, {'ts': '2026-09-22 11:50:33', 'theme': '待归位·广告营销', 'n': 1, 'mean_pct': 9.93}, {'ts': '2026-09-22 11:50:33', 'theme': '待归位·房地产开', 'n': 1, 'mean_pct': -0.82}, {'ts': '2026-09-22 11:50:33', 'theme': '待归位·房地产服', 'n': 2, 'mean_pct': 9.95}, {'ts': '2026-09-22 11:50:33', 'theme': '待归位·服装家纺', 'n': 1, 'mean_pct': 10.0}, {'ts': '2026-09-22 11:50:33', 'theme': '待归位·燃气Ⅱ', 'n': 1, 'mean_pct': 9.96}, {'ts': '2026-09-22 11:50:33', 'theme': '待归位·软件开发', 'n': 1, 'mean_pct': 10.04}, {'ts': '2026-09-22 11:50:33', 'theme': '待归位·铁路公路', 'n': 1, 'mean_pct': 10.01}, {'ts': '2026-09-22 11:51:33', 'theme': '待归位·IT服务Ⅱ', 'n': 1, 'mean_pct': 10.03}, {'ts': '2026-09-22 11:51:33', 'theme': '待归位·其他家电', 'n': 1, 'mean_pct': 10.08}, {'ts': '2026-09-22 11:51:33', 'theme': '待归位·出版', 'n': 3, 'mean_pct': 9.9733}, {'ts': '2026-09-22 11:51:33', 'theme': '待归位·包装印刷', 'n': 1, 'mean_pct': 10.05}, {'ts': '2026-09-22 11:51:33', 'theme': '待归位·化学制品', 'n': 1, 'mean_pct': 10.02}, {'ts': '2026-09-22 11:51:33', 'theme': '待归位·化学制药', 'n': 3, 'mean_pct': 13.38}, {'ts': '2026-09-22 11:51:33', 'theme': '待归位·医疗服务', 'n': 2, 'mean_pct': 9.52}, {'ts': '2026-09-22 11:51:33', 'theme': '待归位·半导体', 'n': 1, 'mean_pct': 10.0}, {'ts': '2026-09-22 11:51:33', 'theme': '待归位·塑料', 'n': 1, 'mean_pct': 10.0}, {'ts': '2026-09-22 11:51:33', 'theme': '待归位·家居用品', 'n': 2, 'mean_pct': 7.165}, {'ts': '2026-09-22 11:51:33', 'theme': '待归位·广告营销', 'n': 1, 'mean_pct': 9.93}, {'ts': '2026-09-22 11:51:33', 'theme': '待归位·房地产开', 'n': 1, 'mean_pct': -0.82}, {'ts': '2026-09-22 11:51:33', 'theme': '待归位·房地产服', 'n': 2, 'mean_pct': 9.95}, {'ts': '2026-09-22 11:51:33', 'theme': '待归位·服装家纺', 'n': 1, 'mean_pct': 10.0}, {'ts': '2026-09-22 11:51:33', 'theme': '待归位·燃气Ⅱ', 'n': 1, 'mean_pct': 9.96}, {'ts': '2026-09-22 11:51:33', 'theme': '待归位·软件开发', 'n': 1, 'mean_pct': 10.04}, {'ts': '2026-09-22 11:51:33', 'theme': '待归位·铁路公路', 'n': 1, 'mean_pct': 10.01}, {'ts': '2026-09-22 11:52:34', 'theme': '待归位·IT服务Ⅱ', 'n': 1, 'mean_pct': 10.03}, {'ts': '2026-09-22 11:52:34', 'theme': '待归位·其他家电', 'n': 1, 'mean_pct': 10.08}, {'ts': '2026-09-22 11:52:34', 'theme': '待归位·出版', 'n': 3, 'mean_pct': 9.9733}, {'ts': '2026-09-22 11:52:34', 'theme': '待归位·包装印刷', 'n': 1, 'mean_pct': 10.05}, {'ts': '2026-09-22 11:52:34', 'theme': '待归位·化学制品', 'n': 1, 'mean_pct': 10.02}, {'ts': '2026-09-22 11:52:34', 'theme': '待归位·化学制药', 'n': 3, 'mean_pct': 13.38}, {'ts': '2026-09-22 11:52:34', 'theme': '待归位·医疗服务', 'n': 2, 'mean_pct': 9.52}, {'ts': '2026-09-22 11:52:34', 'theme': '待归位·半导体', 'n': 1, 'mean_pct': 10.0}, {'ts': '2026-09-22 11:52:34', 'theme': '待归位·塑料', 'n': 1, 'mean_pct': 10.0}, {'ts': '2026-09-22 11:52:34', 'theme': '待归位·家居用品', 'n': 2, 'mean_pct': 7.165}, {'ts': '2026-09-22 11:52:34', 'theme': '待归位·广告营销', 'n': 1, 'mean_pct': 9.93}, {'ts': '2026-09-22 11:52:34', 'theme': '待归位·房地产开', 'n': 1, 'mean_pct': -0.82}, {'ts': '2026-09-22 11:52:34', 'theme': '待归位·房地产服', 'n': 2, 'mean_pct': 9.95}, {'ts': '2026-09-22 11:52:34', 'theme': '待归位·服装家纺', 'n': 1, 'mean_pct': 10.0}, {'ts': '2026-09-22 11:52:34', 'theme': '待归位·燃气Ⅱ', 'n': 1, 'mean_pct': 9.96}, {'ts': '2026-09-22 11:52:34', 'theme': '待归位·软件开发', 'n': 1, 'mean_pct': 10.04}, {'ts': '2026-09-22 11:52:34', 'theme': '待归位·铁路公路', 'n': 1, 'mean_pct': 10.01}, {'ts': '2026-09-22 11:53:34', 'theme': '待归位·IT服务Ⅱ', 'n': 1, 'mean_pct': 10.03}, {'ts': '2026-09-22 11:53:34', 'theme': '待归位·其他家电', 'n': 1, 'mean_pct': 10.08}, {'ts': '2026-09-22 11:53:34', 'theme': '待归位·出版', 'n': 3, 'mean_pct': 9.9733}, {'ts': '2026-09-22 11:53:34', 'theme': '待归位·包装印刷', 'n': 1, 'mean_pct': 10.05}, {'ts': '2026-09-22 11:53:34', 'theme': '待归位·化学制品', 'n': 1, 'mean_pct': 10.02}, {'ts': '2026-09-22 11:53:34', 'theme': '待归位·化学制药', 'n': 3, 'mean_pct': 13.38}, {'ts': '2026-09-22 11:53:34', 'theme': '待归位·医疗服务', 'n': 2, 'mean_pct': 9.52}, {'ts': '2026-09-22 11:53:34', 'theme': '待归位·半导体', 'n': 1, 'mean_pct': 10.0}, {'ts': '2026-09-22 11:53:34', 'theme': '待归位·塑料', 'n': 1, 'mean_pct': 10.0}, {'ts': '2026-09-22 11:53:34', 'theme': '待归位·家居用品', 'n': 2, 'mean_pct': 7.165}, {'ts': '2026-09-22 11:53:34', 'theme': '待归位·广告营销', 'n': 1, 'mean_pct': 9.93}, {'ts': '2026-09-22 11:53:34', 'theme': '待归位·房地产开', 'n': 1, 'mean_pct': -0.82}, {'ts': '2026-09-22 11:53:34', 'theme': '待归位·房地产服', 'n': 2, 'mean_pct': 9.95}, {'ts': '2026-09-22 11:53:34', 'theme': '待归位·服装家纺', 'n': 1, 'mean_pct': 10.0}, {'ts': '2026-09-22 11:53:34', 'theme': '待归位·燃气Ⅱ', 'n': 1, 'mean_pct': 9.96}, {'ts': '2026-09-22 11:53:34', 'theme': '待归位·软件开发', 'n': 1, 'mean_pct': 10.04}, {'ts': '2026-09-22 11:53:34', 'theme': '待归位·铁路公路', 'n': 1, 'mean_pct': 10.01}, {'ts': '2026-09-22 11:54:34', 'theme': '待归位·IT服务Ⅱ', 'n': 1, 'mean_pct': 10.03}, {'ts': '2026-09-22 11:54:34', 'theme': '待归位·其他家电', 'n': 1, 'mean_pct': 10.08}, {'ts': '2026-09-22 11:54:34', 'theme': '待归位·出版', 'n': 3, 'mean_pct': 9.9733}, {'ts': '2026-09-22 11:54:34', 'theme': '待归位·包装印刷', 'n': 1, 'mean_pct': 10.05}, {'ts': '2026-09-22 11:54:34', 'theme': '待归位·化学制品', 'n': 1, 'mean_pct': 10.02}, {'ts': '2026-09-22 11:54:34', 'theme': '待归位·化学制药', 'n': 3, 'mean_pct': 13.38}, {'ts': '2026-09-22 11:54:34', 'theme': '待归位·医疗服务', 'n': 2, 'mean_pct': 9.52}, {'ts': '2026-09-22 11:54:34', 'theme': '待归位·半导体', 'n': 1, 'mean_pct': 10.0}, {'ts': '2026-09-22 11:54:34', 'theme': '待归位·塑料', 'n': 1, 'mean_pct': 10.0}, {'ts': '2026-09-22 11:54:34', 'theme': '待归位·家居用品', 'n': 2, 'mean_pct': 7.165}, {'ts': '2026-09-22 11:54:34', 'theme': '待归位·广告营销', 'n': 1, 'mean_pct': 9.93}, {'ts': '2026-09-22 11:54:34', 'theme': '待归位·房地产开', 'n': 1, 'mean_pct': -0.82}, {'ts': '2026-09-22 11:54:34', 'theme': '待归位·房地产服', 'n': 2, 'mean_pct': 9.95}, {'ts': '2026-09-22 11:54:34', 'theme': '待归位·服装家纺', 'n': 1, 'mean_pct': 10.0}, {'ts': '2026-09-22 11:54:34', 'theme': '待归位·燃气Ⅱ', 'n': 1, 'mean_pct': 9.96}, {'ts': '2026-09-22 11:54:34', 'theme': '待归位·软件开发', 'n': 1, 'mean_pct': 10.04}, {'ts': '2026-09-22 11:54:34', 'theme': '待归位·铁路公路', 'n': 1, 'mean_pct': 10.01}, {'ts': '2026-09-22 11:55:34', 'theme': '待归位·IT服务Ⅱ', 'n': 1, 'mean_pct': 10.03}, {'ts': '2026-09-22 11:55:34', 'theme': '待归位·其他家电', 'n': 1, 'mean_pct': 10.08}, {'ts': '2026-09-22 11:55:34', 'theme': '待归位·出版', 'n': 3, 'mean_pct': 9.9733}, {'ts': '2026-09-22 11:55:34', 'theme': '待归位·包装印刷', 'n': 1, 'mean_pct': 10.05}, {'ts': '2026-09-22 11:55:34', 'theme': '待归位·化学制品', 'n': 1, 'mean_pct': 10.02}, {'ts': '2026-09-22 11:55:34', 'theme': '待归位·化学制药', 'n': 3, 'mean_pct': 13.38}, {'ts': '2026-09-22 11:55:34', 'theme': '待归位·医疗服务', 'n': 2, 'mean_pct': 9.52}, {'ts': '2026-09-22 11:55:34', 'theme': '待归位·半导体', 'n': 1, 'mean_pct': 10.0}, {'ts': '2026-09-22 11:55:34', 'theme': '待归位·塑料', 'n': 1, 'mean_pct': 10.0}, {'ts': '2026-09-22 11:55:34', 'theme': '待归位·家居用品', 'n': 2, 'mean_pct': 7.165}, {'ts': '2026-09-22 11:55:34', 'theme': '待归位·广告营销', 'n': 1, 'mean_pct': 9.93}, {'ts': '2026-09-22 11:55:34', 'theme': '待归位·房地产开', 'n': 1, 'mean_pct': -0.82}, {'ts': '2026-09-22 11:55:34', 'theme': '待归位·房地产服', 'n': 2, 'mean_pct': 9.95}, {'ts': '2026-09-22 11:55:34', 'theme': '待归位·服装家纺', 'n': 1, 'mean_pct': 10.0}, {'ts': '2026-09-22 11:55:34', 'theme': '待归位·燃气Ⅱ', 'n': 1, 'mean_pct': 9.96}, {'ts': '2026-09-22 11:55:34', 'theme': '待归位·软件开发', 'n': 1, 'mean_pct': 10.04}, {'ts': '2026-09-22 11:55:34', 'theme': '待归位·铁路公路', 'n': 1, 'mean_pct': 10.01}, {'ts': '2026-09-22 11:56:35', 'theme': '待归位·IT服务Ⅱ', 'n': 1, 'mean_pct': 10.03}, {'ts': '2026-09-22 11:56:35', 'theme': '待归位·其他家电', 'n': 1, 'mean_pct': 10.08}, {'ts': '2026-09-22 11:56:35', 'theme': '待归位·出版', 'n': 3, 'mean_pct': 9.9733}, {'ts': '2026-09-22 11:56:35', 'theme': '待归位·包装印刷', 'n': 1, 'mean_pct': 10.05}, {'ts': '2026-09-22 11:56:35', 'theme': '待归位·化学制品', 'n': 1, 'mean_pct': 10.02}, {'ts': '2026-09-22 11:56:35', 'theme': '待归位·化学制药', 'n': 3, 'mean_pct': 13.38}, {'ts': '2026-09-22 11:56:35', 'theme': '待归位·医疗服务', 'n': 2, 'mean_pct': 9.52}, {'ts': '2026-09-22 11:56:35', 'theme': '待归位·半导体', 'n': 1, 'mean_pct': 10.0}, {'ts': '2026-09-22 11:56:35', 'theme': '待归位·塑料', 'n': 1, 'mean_pct': 10.0}, {'ts': '2026-09-22 11:56:35', 'theme': '待归位·家居用品', 'n': 2, 'mean_pct': 7.165}, {'ts': '2026-09-22 11:56:35', 'theme': '待归位·广告营销', 'n': 1, 'mean_pct': 9.93}, {'ts': '2026-09-22 11:56:35', 'theme': '待归位·房地产开', 'n': 1, 'mean_pct': -0.82}, {'ts': '2026-09-22 11:56:35', 'theme': '待归位·房地产服', 'n': 2, 'mean_pct': 9.95}, {'ts': '2026-09-22 11:56:35', 'theme': '待归位·服装家纺', 'n': 1, 'mean_pct': 10.0}, {'ts': '2026-09-22 11:56:35', 'theme': '待归位·燃气Ⅱ', 'n': 1, 'mean_pct': 9.96}, {'ts': '2026-09-22 11:56:35', 'theme': '待归位·软件开发', 'n': 1, 'mean_pct': 10.04}, {'ts': '2026-09-22 11:56:35', 'theme': '待归位·铁路公路', 'n': 1, 'mean_pct': 10.01}, {'ts': '2026-09-22 11:57:35', 'theme': '待归位·IT服务Ⅱ', 'n': 1, 'mean_pct': 10.03}, {'ts': '2026-09-22 11:57:35', 'theme': '待归位·其他家电', 'n': 1, 'mean_pct': 10.08}, {'ts': '2026-09-22 11:57:35', 'theme': '待归位·出版', 'n': 3, 'mean_pct': 9.9733}, {'ts': '2026-09-22 11:57:35', 'theme': '待归位·包装印刷', 'n': 1, 'mean_pct': 10.05}, {'ts': '2026-09-22 11:57:35', 'theme': '待归位·化学制品', 'n': 1, 'mean_pct': 10.02}, {'ts': '2026-09-22 11:57:35', 'theme': '待归位·化学制药', 'n': 3, 'mean_pct': 13.38}, {'ts': '2026-09-22 11:57:35', 'theme': '待归位·医疗服务', 'n': 2, 'mean_pct': 9.52}, {'ts': '2026-09-22 11:57:35', 'theme': '待归位·半导体', 'n': 1, 'mean_pct': 10.0}, {'ts': '2026-09-22 11:57:35', 'theme': '待归位·塑料', 'n': 1, 'mean_pct': 10.0}, {'ts': '2026-09-22 11:57:35', 'theme': '待归位·家居用品', 'n': 2, 'mean_pct': 7.165}, {'ts': '2026-09-22 11:57:35', 'theme': '待归位·广告营销', 'n': 1, 'mean_pct': 9.93}, {'ts': '2026-09-22 11:57:35', 'theme': '待归位·房地产开', 'n': 1, 'mean_pct': -0.82}, {'ts': '2026-09-22 11:57:35', 'theme': '待归位·房地产服', 'n': 2, 'mean_pct': 9.95}, {'ts': '2026-09-22 11:57:35', 'theme': '待归位·服装家纺', 'n': 1, 'mean_pct': 10.0}, {'ts': '2026-09-22 11:57:35', 'theme': '待归位·燃气Ⅱ', 'n': 1, 'mean_pct': 9.96}, {'ts': '2026-09-22 11:57:35', 'theme': '待归位·软件开发', 'n': 1, 'mean_pct': 10.04}, {'ts': '2026-09-22 11:57:35', 'theme': '待归位·铁路公路', 'n': 1, 'mean_pct': 10.01}, {'ts': '2026-09-22 11:58:35', 'theme': '待归位·IT服务Ⅱ', 'n': 1, 'mean_pct': 10.03}, {'ts': '2026-09-22 11:58:35', 'theme': '待归位·其他家电', 'n': 1, 'mean_pct': 10.08}, {'ts': '2026-09-22 11:58:35', 'theme': '待归位·出版', 'n': 3, 'mean_pct': 9.9733}, {'ts': '2026-09-22 11:58:35', 'theme': '待归位·包装印刷', 'n': 1, 'mean_pct': 10.05}, {'ts': '2026-09-22 11:58:35', 'theme': '待归位·化学制品', 'n': 1, 'mean_pct': 10.02}, {'ts': '2026-09-22 11:58:35', 'theme': '待归位·化学制药', 'n': 3, 'mean_pct': 13.38}, {'ts': '2026-09-22 11:58:35', 'theme': '待归位·医疗服务', 'n': 2, 'mean_pct': 9.52}, {'ts': '2026-09-22 11:58:35', 'theme': '待归位·半导体', 'n': 1, 'mean_pct': 10.0}, {'ts': '2026-09-22 11:58:35', 'theme': '待归位·塑料', 'n': 1, 'mean_pct': 10.0}, {'ts': '2026-09-22 11:58:35', 'theme': '待归位·家居用品', 'n': 2, 'mean_pct': 7.165}, {'ts': '2026-09-22 11:58:35', 'theme': '待归位·广告营销', 'n': 1, 'mean_pct': 9.93}, {'ts': '2026-09-22 11:58:35', 'theme': '待归位·房地产开', 'n': 1, 'mean_pct': -0.82}, {'ts': '2026-09-22 11:58:35', 'theme': '待归位·房地产服', 'n': 2, 'mean_pct': 9.95}, {'ts': '2026-09-22 11:58:35', 'theme': '待归位·服装家纺', 'n': 1, 'mean_pct': 10.0}, {'ts': '2026-09-22 11:58:35', 'theme': '待归位·燃气Ⅱ', 'n': 1, 'mean_pct': 9.96}, {'ts': '2026-09-22 11:58:35', 'theme': '待归位·软件开发', 'n': 1, 'mean_pct': 10.04}, {'ts': '2026-09-22 11:58:35', 'theme': '待归位·铁路公路', 'n': 1, 'mean_pct': 10.01}, {'ts': '2026-09-22 11:59:35', 'theme': '待归位·IT服务Ⅱ', 'n': 1, 'mean_pct': 10.03}, {'ts': '2026-09-22 11:59:35', 'theme': '待归位·其他家电', 'n': 1, 'mean_pct': 10.08}, {'ts': '2026-09-22 11:59:35', 'theme': '待归位·出版', 'n': 3, 'mean_pct': 9.9733}, {'ts': '2026-09-22 11:59:35', 'theme': '待归位·包装印刷', 'n': 1, 'mean_pct': 10.05}, {'ts': '2026-09-22 11:59:35', 'theme': '待归位·化学制品', 'n': 1, 'mean_pct': 10.02}, {'ts': '2026-09-22 11:59:35', 'theme': '待归位·化学制药', 'n': 3, 'mean_pct': 13.38}, {'ts': '2026-09-22 11:59:35', 'theme': '待归位·医疗服务', 'n': 2, 'mean_pct': 9.52}, {'ts': '2026-09-22 11:59:35', 'theme': '待归位·半导体', 'n': 1, 'mean_pct': 10.0}, {'ts': '2026-09-22 11:59:35', 'theme': '待归位·塑料', 'n': 1, 'mean_pct': 10.0}, {'ts': '2026-09-22 11:59:35', 'theme': '待归位·家居用品', 'n': 2, 'mean_pct': 7.165}, {'ts': '2026-09-22 11:59:35', 'theme': '待归位·广告营销', 'n': 1, 'mean_pct': 9.93}, {'ts': '2026-09-22 11:59:35', 'theme': '待归位·房地产开', 'n': 1, 'mean_pct': -0.82}, {'ts': '2026-09-22 11:59:35', 'theme': '待归位·房地产服', 'n': 2, 'mean_pct': 9.95}, {'ts': '2026-09-22 11:59:35', 'theme': '待归位·服装家纺', 'n': 1, 'mean_pct': 10.0}, {'ts': '2026-09-22 11:59:35', 'theme': '待归位·燃气Ⅱ', 'n': 1, 'mean_pct': 9.96}, {'ts': '2026-09-22 11:59:35', 'theme': '待归位·软件开发', 'n': 1, 'mean_pct': 10.04}, {'ts': '2026-09-22 11:59:35', 'theme': '待归位·铁路公路', 'n': 1, 'mean_pct': 10.01}, {'ts': '2026-09-22 12:00:35', 'theme': '待归位·IT服务Ⅱ', 'n': 1, 'mean_pct': 10.03}, {'ts': '2026-09-22 12:00:35', 'theme': '待归位·其他家电', 'n': 1, 'mean_pct': 10.08}, {'ts': '2026-09-22 12:00:35', 'theme': '待归位·出版', 'n': 3, 'mean_pct': 9.9733}, {'ts': '2026-09-22 12:00:35', 'theme': '待归位·包装印刷', 'n': 1, 'mean_pct': 10.05}, {'ts': '2026-09-22 12:00:35', 'theme': '待归位·化学制品', 'n': 1, 'mean_pct': 10.02}, {'ts': '2026-09-22 12:00:35', 'theme': '待归位·化学制药', 'n': 3, 'mean_pct': 13.38}, {'ts': '2026-09-22 12:00:35', 'theme': '待归位·医疗服务', 'n': 2, 'mean_pct': 9.52}, {'ts': '2026-09-22 12:00:35', 'theme': '待归位·半导体', 'n': 1, 'mean_pct': 10.0}, {'ts': '2026-09-22 12:00:35', 'theme': '待归位·塑料', 'n': 1, 'mean_pct': 10.0}, {'ts': '2026-09-22 12:00:35', 'theme': '待归位·家居用品', 'n': 2, 'mean_pct': 7.165}, {'ts': '2026-09-22 12:00:35', 'theme': '待归位·广告营销', 'n': 1, 'mean_pct': 9.93}, {'ts': '2026-09-22 12:00:35', 'theme': '待归位·房地产开', 'n': 1, 'mean_pct': -0.82}, {'ts': '2026-09-22 12:00:35', 'theme': '待归位·房地产服', 'n': 2, 'mean_pct': 9.95}, {'ts': '2026-09-22 12:00:35', 'theme': '待归位·服装家纺', 'n': 1, 'mean_pct': 10.0}, {'ts': '2026-09-22 12:00:35', 'theme': '待归位·燃气Ⅱ', 'n': 1, 'mean_pct': 9.96}, {'ts': '2026-09-22 12:00:35', 'theme': '待归位·软件开发', 'n': 1, 'mean_pct': 10.04}, {'ts': '2026-09-22 12:00:35', 'theme': '待归位·铁路公路', 'n': 1, 'mean_pct': 10.01}, {'ts': '2026-09-22 12:01:36', 'theme': '待归位·IT服务Ⅱ', 'n': 1, 'mean_pct': 10.03}, {'ts': '2026-09-22 12:01:36', 'theme': '待归位·其他家电', 'n': 1, 'mean_pct': 10.08}, {'ts': '2026-09-22 12:01:36', 'theme': '待归位·出版', 'n': 3, 'mean_pct': 9.9733}, {'ts': '2026-09-22 12:01:36', 'theme': '待归位·包装印刷', 'n': 1, 'mean_pct': 10.05}, {'ts': '2026-09-22 12:01:36', 'theme': '待归位·化学制品', 'n': 1, 'mean_pct': 10.02}, {'ts': '2026-09-22 12:01:36', 'theme': '待归位·化学制药', 'n': 3, 'mean_pct': 13.38}, {'ts': '2026-09-22 12:01:36', 'theme': '待归位·医疗服务', 'n': 2, 'mean_pct': 9.52}, {'ts': '2026-09-22 12:01:36', 'theme': '待归位·半导体', 'n': 1, 'mean_pct': 10.0}, {'ts': '2026-09-22 12:01:36', 'theme': '待归位·塑料', 'n': 1, 'mean_pct': 10.0}, {'ts': '2026-09-22 12:01:36', 'theme': '待归位·家居用品', 'n': 2, 'mean_pct': 7.165}, {'ts': '2026-09-22 12:01:36', 'theme': '待归位·广告营销', 'n': 1, 'mean_pct': 9.93}, {'ts': '2026-09-22 12:01:36', 'theme': '待归位·房地产开', 'n': 1, 'mean_pct': -0.82}, {'ts': '2026-09-22 12:01:36', 'theme': '待归位·房地产服', 'n': 2, 'mean_pct': 9.95}, {'ts': '2026-09-22 12:01:36', 'theme': '待归位·服装家纺', 'n': 1, 'mean_pct': 10.0}, {'ts': '2026-09-22 12:01:36', 'theme': '待归位·燃气Ⅱ', 'n': 1, 'mean_pct': 9.96}, {'ts': '2026-09-22 12:01:36', 'theme': '待归位·软件开发', 'n': 1, 'mean_pct': 10.04}, {'ts': '2026-09-22 12:01:36', 'theme': '待归位·铁路公路', 'n': 1, 'mean_pct': 10.01}, {'ts': '2026-09-22 12:02:36', 'theme': '待归位·IT服务Ⅱ', 'n': 1, 'mean_pct': 10.03}, {'ts': '2026-09-22 12:02:36', 'theme': '待归位·其他家电', 'n': 1, 'mean_pct': 10.08}, {'ts': '2026-09-22 12:02:36', 'theme': '待归位·出版', 'n': 3, 'mean_pct': 9.9733}, {'ts': '2026-09-22 12:02:36', 'theme': '待归位·包装印刷', 'n': 1, 'mean_pct': 10.05}, {'ts': '2026-09-22 12:02:36', 'theme': '待归位·化学制品', 'n': 1, 'mean_pct': 10.02}, {'ts': '2026-09-22 12:02:36', 'theme': '待归位·化学制药', 'n': 3, 'mean_pct': 13.38}, {'ts': '2026-09-22 12:02:36', 'theme': '待归位·医疗服务', 'n': 2, 'mean_pct': 9.52}, {'ts': '2026-09-22 12:02:36', 'theme': '待归位·半导体', 'n': 1, 'mean_pct': 10.0}, {'ts': '2026-09-22 12:02:36', 'theme': '待归位·塑料', 'n': 1, 'mean_pct': 10.0}, {'ts': '2026-09-22 12:02:36', 'theme': '待归位·家居用品', 'n': 2, 'mean_pct': 7.165}, {'ts': '2026-09-22 12:02:36', 'theme': '待归位·广告营销', 'n': 1, 'mean_pct': 9.93}, {'ts': '2026-09-22 12:02:36', 'theme': '待归位·房地产开', 'n': 1, 'mean_pct': -0.82}, {'ts': '2026-09-22 12:02:36', 'theme': '待归位·房地产服', 'n': 2, 'mean_pct': 9.95}, {'ts': '2026-09-22 12:02:36', 'theme': '待归位·服装家纺', 'n': 1, 'mean_pct': 10.0}, {'ts': '2026-09-22 12:02:36', 'theme': '待归位·燃气Ⅱ', 'n': 1, 'mean_pct': 9.96}, {'ts': '2026-09-22 12:02:36', 'theme': '待归位·软件开发', 'n': 1, 'mean_pct': 10.04}, {'ts': '2026-09-22 12:02:36', 'theme': '待归位·铁路公路', 'n': 1, 'mean_pct': 10.01}, {'ts': '2026-09-22 12:03:36', 'theme': '待归位·IT服务Ⅱ', 'n': 1, 'mean_pct': 10.03}, {'ts': '2026-09-22 12:03:36', 'theme': '待归位·其他家电', 'n': 1, 'mean_pct': 10.08}, {'ts': '2026-09-22 12:03:36', 'theme': '待归位·出版', 'n': 3, 'mean_pct': 9.9733}, {'ts': '2026-09-22 12:03:36', 'theme': '待归位·包装印刷', 'n': 1, 'mean_pct': 10.05}, {'ts': '2026-09-22 12:03:36', 'theme': '待归位·化学制品', 'n': 1, 'mean_pct': 10.02}, {'ts': '2026-09-22 12:03:36', 'theme': '待归位·化学制药', 'n': 3, 'mean_pct': 13.38}, {'ts': '2026-09-22 12:03:36', 'theme': '待归位·医疗服务', 'n': 2, 'mean_pct': 9.52}, {'ts': '2026-09-22 12:03:36', 'theme': '待归位·半导体', 'n': 1, 'mean_pct': 10.0}, {'ts': '2026-09-22 12:03:36', 'theme': '待归位·塑料', 'n': 1, 'mean_pct': 10.0}, {'ts': '2026-09-22 12:03:36', 'theme': '待归位·家居用品', 'n': 2, 'mean_pct': 7.165}, {'ts': '2026-09-22 12:03:36', 'theme': '待归位·广告营销', 'n': 1, 'mean_pct': 9.93}, {'ts': '2026-09-22 12:03:36', 'theme': '待归位·房地产开', 'n': 1, 'mean_pct': -0.82}, {'ts': '2026-09-22 12:03:36', 'theme': '待归位·房地产服', 'n': 2, 'mean_pct': 9.95}, {'ts': '2026-09-22 12:03:36', 'theme': '待归位·服装家纺', 'n': 1, 'mean_pct': 10.0}, {'ts': '2026-09-22 12:03:36', 'theme': '待归位·燃气Ⅱ', 'n': 1, 'mean_pct': 9.96}, {'ts': '2026-09-22 12:03:36', 'theme': '待归位·软件开发', 'n': 1, 'mean_pct': 10.04}, {'ts': '2026-09-22 12:03:36', 'theme': '待归位·铁路公路', 'n': 1, 'mean_pct': 10.01}, {'ts': '2026-09-22 12:04:36', 'theme': '待归位·IT服务Ⅱ', 'n': 1, 'mean_pct': 10.03}, {'ts': '2026-09-22 12:04:36', 'theme': '待归位·其他家电', 'n': 1, 'mean_pct': 10.08}, {'ts': '2026-09-22 12:04:36', 'theme': '待归位·出版', 'n': 3, 'mean_pct': 9.9733}, {'ts': '2026-09-22 12:04:36', 'theme': '待归位·包装印刷', 'n': 1, 'mean_pct': 10.05}, {'ts': '2026-09-22 12:04:36', 'theme': '待归位·化学制品', 'n': 1, 'mean_pct': 10.02}, {'ts': '2026-09-22 12:04:36', 'theme': '待归位·化学制药', 'n': 3, 'mean_pct': 13.38}, {'ts': '2026-09-22 12:04:36', 'theme': '待归位·医疗服务', 'n': 2, 'mean_pct': 9.52}, {'ts': '2026-09-22 12:04:36', 'theme': '待归位·半导体', 'n': 1, 'mean_pct': 10.0}, {'ts': '2026-09-22 12:04:36', 'theme': '待归位·塑料', 'n': 1, 'mean_pct': 10.0}, {'ts': '2026-09-22 12:04:36', 'theme': '待归位·家居用品', 'n': 2, 'mean_pct': 7.165}, {'ts': '2026-09-22 12:04:36', 'theme': '待归位·广告营销', 'n': 1, 'mean_pct': 9.93}, {'ts': '2026-09-22 12:04:36', 'theme': '待归位·房地产开', 'n': 1, 'mean_pct': -0.82}, {'ts': '2026-09-22 12:04:36', 'theme': '待归位·房地产服', 'n': 2, 'mean_pct': 9.95}, {'ts': '2026-09-22 12:04:36', 'theme': '待归位·服装家纺', 'n': 1, 'mean_pct': 10.0}, {'ts': '2026-09-22 12:04:36', 'theme': '待归位·燃气Ⅱ', 'n': 1, 'mean_pct': 9.96}, {'ts': '2026-09-22 12:04:36', 'theme': '待归位·软件开发', 'n': 1, 'mean_pct': 10.04}, {'ts': '2026-09-22 12:04:36', 'theme': '待归位·铁路公路', 'n': 1, 'mean_pct': 10.01}, {'ts': '2026-09-22 12:05:36', 'theme': '待归位·IT服务Ⅱ', 'n': 1, 'mean_pct': 10.03}, {'ts': '2026-09-22 12:05:36', 'theme': '待归位·其他家电', 'n': 1, 'mean_pct': 10.08}, {'ts': '2026-09-22 12:05:36', 'theme': '待归位·出版', 'n': 3, 'mean_pct': 9.9733}, {'ts': '2026-09-22 12:05:36', 'theme': '待归位·包装印刷', 'n': 1, 'mean_pct': 10.05}, {'ts': '2026-09-22 12:05:36', 'theme': '待归位·化学制品', 'n': 1, 'mean_pct': 10.02}, {'ts': '2026-09-22 12:05:36', 'theme': '待归位·化学制药', 'n': 3, 'mean_pct': 13.38}, {'ts': '2026-09-22 12:05:36', 'theme': '待归位·医疗服务', 'n': 2, 'mean_pct': 9.52}, {'ts': '2026-09-22 12:05:36', 'theme': '待归位·半导体', 'n': 1, 'mean_pct': 10.0}, {'ts': '2026-09-22 12:05:36', 'theme': '待归位·塑料', 'n': 1, 'mean_pct': 10.0}, {'ts': '2026-09-22 12:05:36', 'theme': '待归位·家居用品', 'n': 2, 'mean_pct': 7.165}, {'ts': '2026-09-22 12:05:36', 'theme': '待归位·广告营销', 'n': 1, 'mean_pct': 9.93}, {'ts': '2026-09-22 12:05:36', 'theme': '待归位·房地产开', 'n': 1, 'mean_pct': -0.82}, {'ts': '2026-09-22 12:05:36', 'theme': '待归位·房地产服', 'n': 2, 'mean_pct': 9.95}, {'ts': '2026-09-22 12:05:36', 'theme': '待归位·服装家纺', 'n': 1, 'mean_pct': 10.0}, {'ts': '2026-09-22 12:05:36', 'theme': '待归位·燃气Ⅱ', 'n': 1, 'mean_pct': 9.96}, {'ts': '2026-09-22 12:05:36', 'theme': '待归位·软件开发', 'n': 1, 'mean_pct': 10.04}, {'ts': '2026-09-22 12:05:36', 'theme': '待归位·铁路公路', 'n': 1, 'mean_pct': 10.01}, {'ts': '2026-09-22 12:06:37', 'theme': '待归位·IT服务Ⅱ', 'n': 1, 'mean_pct': 10.03}, {'ts': '2026-09-22 12:06:37', 'theme': '待归位·其他家电', 'n': 1, 'mean_pct': 10.08}, {'ts': '2026-09-22 12:06:37', 'theme': '待归位·出版', 'n': 3, 'mean_pct': 9.9733}, {'ts': '2026-09-22 12:06:37', 'theme': '待归位·包装印刷', 'n': 1, 'mean_pct': 10.05}, {'ts': '2026-09-22 12:06:37', 'theme': '待归位·化学制品', 'n': 1, 'mean_pct': 10.02}, {'ts': '2026-09-22 12:06:37', 'theme': '待归位·化学制药', 'n': 3, 'mean_pct': 13.38}, {'ts': '2026-09-22 12:06:37', 'theme': '待归位·医疗服务', 'n': 2, 'mean_pct': 9.52}, {'ts': '2026-09-22 12:06:37', 'theme': '待归位·半导体', 'n': 1, 'mean_pct': 10.0}, {'ts': '2026-09-22 12:06:37', 'theme': '待归位·塑料', 'n': 1, 'mean_pct': 10.0}, {'ts': '2026-09-22 12:06:37', 'theme': '待归位·家居用品', 'n': 2, 'mean_pct': 7.165}, {'ts': '2026-09-22 12:06:37', 'theme': '待归位·广告营销', 'n': 1, 'mean_pct': 9.93}, {'ts': '2026-09-22 12:06:37', 'theme': '待归位·房地产开', 'n': 1, 'mean_pct': -0.82}, {'ts': '2026-09-22 12:06:37', 'theme': '待归位·房地产服', 'n': 2, 'mean_pct': 9.95}, {'ts': '2026-09-22 12:06:37', 'theme': '待归位·服装家纺', 'n': 1, 'mean_pct': 10.0}, {'ts': '2026-09-22 12:06:37', 'theme': '待归位·燃气Ⅱ', 'n': 1, 'mean_pct': 9.96}, {'ts': '2026-09-22 12:06:37', 'theme': '待归位·软件开发', 'n': 1, 'mean_pct': 10.04}, {'ts': '2026-09-22 12:06:37', 'theme': '待归位·铁路公路', 'n': 1, 'mean_pct': 10.01}, {'ts': '2026-09-22 12:07:37', 'theme': '待归位·IT服务Ⅱ', 'n': 1, 'mean_pct': 10.03}, {'ts': '2026-09-22 12:07:37', 'theme': '待归位·其他家电', 'n': 1, 'mean_pct': 10.08}, {'ts': '2026-09-22 12:07:37', 'theme': '待归位·出版', 'n': 3, 'mean_pct': 9.9733}, {'ts': '2026-09-22 12:07:37', 'theme': '待归位·包装印刷', 'n': 1, 'mean_pct': 10.05}, {'ts': '2026-09-22 12:07:37', 'theme': '待归位·化学制品', 'n': 1, 'mean_pct': 10.02}, {'ts': '2026-09-22 12:07:37', 'theme': '待归位·化学制药', 'n': 3, 'mean_pct': 13.38}, {'ts': '2026-09-22 12:07:37', 'theme': '待归位·医疗服务', 'n': 2, 'mean_pct': 9.52}, {'ts': '2026-09-22 12:07:37', 'theme': '待归位·半导体', 'n': 1, 'mean_pct': 10.0}, {'ts': '2026-09-22 12:07:37', 'theme': '待归位·塑料', 'n': 1, 'mean_pct': 10.0}, {'ts': '2026-09-22 12:07:37', 'theme': '待归位·家居用品', 'n': 2, 'mean_pct': 7.165}, {'ts': '2026-09-22 12:07:37', 'theme': '待归位·广告营销', 'n': 1, 'mean_pct': 9.93}, {'ts': '2026-09-22 12:07:37', 'theme': '待归位·房地产开', 'n': 1, 'mean_pct': -0.82}, {'ts': '2026-09-22 12:07:37', 'theme': '待归位·房地产服', 'n': 2, 'mean_pct': 9.95}, {'ts': '2026-09-22 12:07:37', 'theme': '待归位·服装家纺', 'n': 1, 'mean_pct': 10.0}, {'ts': '2026-09-22 12:07:37', 'theme': '待归位·燃气Ⅱ', 'n': 1, 'mean_pct': 9.96}, {'ts': '2026-09-22 12:07:37', 'theme': '待归位·软件开发', 'n': 1, 'mean_pct': 10.04}, {'ts': '2026-09-22 12:07:37', 'theme': '待归位·铁路公路', 'n': 1, 'mean_pct': 10.01}, {'ts': '2026-09-22 12:08:37', 'theme': '待归位·IT服务Ⅱ', 'n': 1, 'mean_pct': 10.03}, {'ts': '2026-09-22 12:08:37', 'theme': '待归位·其他家电', 'n': 1, 'mean_pct': 10.08}, {'ts': '2026-09-22 12:08:37', 'theme': '待归位·出版', 'n': 3, 'mean_pct': 9.9733}, {'ts': '2026-09-22 12:08:37', 'theme': '待归位·包装印刷', 'n': 1, 'mean_pct': 10.05}, {'ts': '2026-09-22 12:08:37', 'theme': '待归位·化学制品', 'n': 1, 'mean_pct': 10.02}, {'ts': '2026-09-22 12:08:37', 'theme': '待归位·化学制药', 'n': 3, 'mean_pct': 13.38}, {'ts': '2026-09-22 12:08:37', 'theme': '待归位·医疗服务', 'n': 2, 'mean_pct': 9.52}, {'ts': '2026-09-22 12:08:37', 'theme': '待归位·半导体', 'n': 1, 'mean_pct': 10.0}, {'ts': '2026-09-22 12:08:37', 'theme': '待归位·塑料', 'n': 1, 'mean_pct': 10.0}, {'ts': '2026-09-22 12:08:37', 'theme': '待归位·家居用品', 'n': 2, 'mean_pct': 7.165}, {'ts': '2026-09-22 12:08:37', 'theme': '待归位·广告营销', 'n': 1, 'mean_pct': 9.93}, {'ts': '2026-09-22 12:08:37', 'theme': '待归位·房地产开', 'n': 1, 'mean_pct': -0.82}, {'ts': '2026-09-22 12:08:37', 'theme': '待归位·房地产服', 'n': 2, 'mean_pct': 9.95}, {'ts': '2026-09-22 12:08:37', 'theme': '待归位·服装家纺', 'n': 1, 'mean_pct': 10.0}, {'ts': '2026-09-22 12:08:37', 'theme': '待归位·燃气Ⅱ', 'n': 1, 'mean_pct': 9.96}, {'ts': '2026-09-22 12:08:37', 'theme': '待归位·软件开发', 'n': 1, 'mean_pct': 10.04}, {'ts': '2026-09-22 12:08:37', 'theme': '待归位·铁路公路', 'n': 1, 'mean_pct': 10.01}, {'ts': '2026-09-22 12:09:37', 'theme': '待归位·IT服务Ⅱ', 'n': 1, 'mean_pct': 10.03}, {'ts': '2026-09-22 12:09:37', 'theme': '待归位·其他家电', 'n': 1, 'mean_pct': 10.08}, {'ts': '2026-09-22 12:09:37', 'theme': '待归位·出版', 'n': 3, 'mean_pct': 9.9733}, {'ts': '2026-09-22 12:09:37', 'theme': '待归位·包装印刷', 'n': 1, 'mean_pct': 10.05}, {'ts': '2026-09-22 12:09:37', 'theme': '待归位·化学制品', 'n': 1, 'mean_pct': 10.02}, {'ts': '2026-09-22 12:09:37', 'theme': '待归位·化学制药', 'n': 3, 'mean_pct': 13.38}, {'ts': '2026-09-22 12:09:37', 'theme': '待归位·医疗服务', 'n': 2, 'mean_pct': 9.52}, {'ts': '2026-09-22 12:09:37', 'theme': '待归位·半导体', 'n': 1, 'mean_pct': 10.0}, {'ts': '2026-09-22 12:09:37', 'theme': '待归位·塑料', 'n': 1, 'mean_pct': 10.0}, {'ts': '2026-09-22 12:09:37', 'theme': '待归位·家居用品', 'n': 2, 'mean_pct': 7.165}, {'ts': '2026-09-22 12:09:37', 'theme': '待归位·广告营销', 'n': 1, 'mean_pct': 9.93}, {'ts': '2026-09-22 12:09:37', 'theme': '待归位·房地产开', 'n': 1, 'mean_pct': -0.82}, {'ts': '2026-09-22 12:09:37', 'theme': '待归位·房地产服', 'n': 2, 'mean_pct': 9.95}, {'ts': '2026-09-22 12:09:37', 'theme': '待归位·服装家纺', 'n': 1, 'mean_pct': 10.0}, {'ts': '2026-09-22 12:09:37', 'theme': '待归位·燃气Ⅱ', 'n': 1, 'mean_pct': 9.96}, {'ts': '2026-09-22 12:09:37', 'theme': '待归位·软件开发', 'n': 1, 'mean_pct': 10.04}, {'ts': '2026-09-22 12:09:37', 'theme': '待归位·铁路公路', 'n': 1, 'mean_pct': 10.01}, {'ts': '2026-09-22 12:10:38', 'theme': '待归位·IT服务Ⅱ', 'n': 1, 'mean_pct': 10.03}, {'ts': '2026-09-22 12:10:38', 'theme': '待归位·其他家电', 'n': 1, 'mean_pct': 10.08}, {'ts': '2026-09-22 12:10:38', 'theme': '待归位·出版', 'n': 3, 'mean_pct': 9.9733}, {'ts': '2026-09-22 12:10:38', 'theme': '待归位·包装印刷', 'n': 1, 'mean_pct': 10.05}, {'ts': '2026-09-22 12:10:38', 'theme': '待归位·化学制品', 'n': 1, 'mean_pct': 10.02}, {'ts': '2026-09-22 12:10:38', 'theme': '待归位·化学制药', 'n': 3, 'mean_pct': 13.38}, {'ts': '2026-09-22 12:10:38', 'theme': '待归位·医疗服务', 'n': 2, 'mean_pct': 9.52}, {'ts': '2026-09-22 12:10:38', 'theme': '待归位·半导体', 'n': 1, 'mean_pct': 10.0}, {'ts': '2026-09-22 12:10:38', 'theme': '待归位·塑料', 'n': 1, 'mean_pct': 10.0}, {'ts': '2026-09-22 12:10:38', 'theme': '待归位·家居用品', 'n': 2, 'mean_pct': 7.165}, {'ts': '2026-09-22 12:10:38', 'theme': '待归位·广告营销', 'n': 1, 'mean_pct': 9.93}, {'ts': '2026-09-22 12:10:38', 'theme': '待归位·房地产开', 'n': 1, 'mean_pct': -0.82}, {'ts': '2026-09-22 12:10:38', 'theme': '待归位·房地产服', 'n': 2, 'mean_pct': 9.95}, {'ts': '2026-09-22 12:10:38', 'theme': '待归位·服装家纺', 'n': 1, 'mean_pct': 10.0}, {'ts': '2026-09-22 12:10:38', 'theme': '待归位·燃气Ⅱ', 'n': 1, 'mean_pct': 9.96}, {'ts': '2026-09-22 12:10:38', 'theme': '待归位·软件开发', 'n': 1, 'mean_pct': 10.04}, {'ts': '2026-09-22 12:10:38', 'theme': '待归位·铁路公路', 'n': 1, 'mean_pct': 10.01}, {'ts': '2026-09-22 12:11:38', 'theme': '待归位·IT服务Ⅱ', 'n': 1, 'mean_pct': 10.03}, {'ts': '2026-09-22 12:11:38', 'theme': '待归位·其他家电', 'n': 1, 'mean_pct': 10.08}, {'ts': '2026-09-22 12:11:38', 'theme': '待归位·出版', 'n': 3, 'mean_pct': 9.9733}, {'ts': '2026-09-22 12:11:38', 'theme': '待归位·包装印刷', 'n': 1, 'mean_pct': 10.05}, {'ts': '2026-09-22 12:11:38', 'theme': '待归位·化学制品', 'n': 1, 'mean_pct': 10.02}, {'ts': '2026-09-22 12:11:38', 'theme': '待归位·化学制药', 'n': 3, 'mean_pct': 13.38}, {'ts': '2026-09-22 12:11:38', 'theme': '待归位·医疗服务', 'n': 2, 'mean_pct': 9.52}, {'ts': '2026-09-22 12:11:38', 'theme': '待归位·半导体', 'n': 1, 'mean_pct': 10.0}, {'ts': '2026-09-22 12:11:38', 'theme': '待归位·塑料', 'n': 1, 'mean_pct': 10.0}, {'ts': '2026-09-22 12:11:38', 'theme': '待归位·家居用品', 'n': 2, 'mean_pct': 7.165}, {'ts': '2026-09-22 12:11:38', 'theme': '待归位·广告营销', 'n': 1, 'mean_pct': 9.93}, {'ts': '2026-09-22 12:11:38', 'theme': '待归位·房地产开', 'n': 1, 'mean_pct': -0.82}, {'ts': '2026-09-22 12:11:38', 'theme': '待归位·房地产服', 'n': 2, 'mean_pct': 9.95}, {'ts': '2026-09-22 12:11:38', 'theme': '待归位·服装家纺', 'n': 1, 'mean_pct': 10.0}, {'ts': '2026-09-22 12:11:38', 'theme': '待归位·燃气Ⅱ', 'n': 1, 'mean_pct': 9.96}, {'ts': '2026-09-22 12:11:38', 'theme': '待归位·软件开发', 'n': 1, 'mean_pct': 10.04}, {'ts': '2026-09-22 12:11:38', 'theme': '待归位·铁路公路', 'n': 1, 'mean_pct': 10.01}, {'ts': '2026-09-22 12:12:38', 'theme': '待归位·IT服务Ⅱ', 'n': 1, 'mean_pct': 10.03}, {'ts': '2026-09-22 12:12:38', 'theme': '待归位·其他家电', 'n': 1, 'mean_pct': 10.08}, {'ts': '2026-09-22 12:12:38', 'theme': '待归位·出版', 'n': 3, 'mean_pct': 9.9733}, {'ts': '2026-09-22 12:12:38', 'theme': '待归位·包装印刷', 'n': 1, 'mean_pct': 10.05}, {'ts': '2026-09-22 12:12:38', 'theme': '待归位·化学制品', 'n': 1, 'mean_pct': 10.02}, {'ts': '2026-09-22 12:12:38', 'theme': '待归位·化学制药', 'n': 3, 'mean_pct': 13.38}, {'ts': '2026-09-22 12:12:38', 'theme': '待归位·医疗服务', 'n': 2, 'mean_pct': 9.52}, {'ts': '2026-09-22 12:12:38', 'theme': '待归位·半导体', 'n': 1, 'mean_pct': 10.0}, {'ts': '2026-09-22 12:12:38', 'theme': '待归位·塑料', 'n': 1, 'mean_pct': 10.0}, {'ts': '2026-09-22 12:12:38', 'theme': '待归位·家居用品', 'n': 2, 'mean_pct': 7.165}, {'ts': '2026-09-22 12:12:38', 'theme': '待归位·广告营销', 'n': 1, 'mean_pct': 9.93}, {'ts': '2026-09-22 12:12:38', 'theme': '待归位·房地产开', 'n': 1, 'mean_pct': -0.82}, {'ts': '2026-09-22 12:12:38', 'theme': '待归位·房地产服', 'n': 2, 'mean_pct': 9.95}, {'ts': '2026-09-22 12:12:38', 'theme': '待归位·服装家纺', 'n': 1, 'mean_pct': 10.0}, {'ts': '2026-09-22 12:12:38', 'theme': '待归位·燃气Ⅱ', 'n': 1, 'mean_pct': 9.96}, {'ts': '2026-09-22 12:12:38', 'theme': '待归位·软件开发', 'n': 1, 'mean_pct': 10.04}, {'ts': '2026-09-22 12:12:38', 'theme': '待归位·铁路公路', 'n': 1, 'mean_pct': 10.01}, {'ts': '2026-09-22 12:13:38', 'theme': '待归位·IT服务Ⅱ', 'n': 1, 'mean_pct': 10.03}, {'ts': '2026-09-22 12:13:38', 'theme': '待归位·其他家电', 'n': 1, 'mean_pct': 10.08}, {'ts': '2026-09-22 12:13:38', 'theme': '待归位·出版', 'n': 3, 'mean_pct': 9.9733}, {'ts': '2026-09-22 12:13:38', 'theme': '待归位·包装印刷', 'n': 1, 'mean_pct': 10.05}, {'ts': '2026-09-22 12:13:38', 'theme': '待归位·化学制品', 'n': 1, 'mean_pct': 10.02}, {'ts': '2026-09-22 12:13:38', 'theme': '待归位·化学制药', 'n': 3, 'mean_pct': 13.38}, {'ts': '2026-09-22 12:13:38', 'theme': '待归位·医疗服务', 'n': 2, 'mean_pct': 9.52}, {'ts': '2026-09-22 12:13:38', 'theme': '待归位·半导体', 'n': 1, 'mean_pct': 10.0}, {'ts': '2026-09-22 12:13:38', 'theme': '待归位·塑料', 'n': 1, 'mean_pct': 10.0}, {'ts': '2026-09-22 12:13:38', 'theme': '待归位·家居用品', 'n': 2, 'mean_pct': 7.165}, {'ts': '2026-09-22 12:13:38', 'theme': '待归位·广告营销', 'n': 1, 'mean_pct': 9.93}, {'ts': '2026-09-22 12:13:38', 'theme': '待归位·房地产开', 'n': 1, 'mean_pct': -0.82}, {'ts': '2026-09-22 12:13:38', 'theme': '待归位·房地产服', 'n': 2, 'mean_pct': 9.95}, {'ts': '2026-09-22 12:13:38', 'theme': '待归位·服装家纺', 'n': 1, 'mean_pct': 10.0}, {'ts': '2026-09-22 12:13:38', 'theme': '待归位·燃气Ⅱ', 'n': 1, 'mean_pct': 9.96}, {'ts': '2026-09-22 12:13:38', 'theme': '待归位·软件开发', 'n': 1, 'mean_pct': 10.04}, {'ts': '2026-09-22 12:13:38', 'theme': '待归位·铁路公路', 'n': 1, 'mean_pct': 10.01}, {'ts': '2026-09-22 12:14:38', 'theme': '待归位·IT服务Ⅱ', 'n': 1, 'mean_pct': 10.03}, {'ts': '2026-09-22 12:14:38', 'theme': '待归位·其他家电', 'n': 1, 'mean_pct': 10.08}, {'ts': '2026-09-22 12:14:38', 'theme': '待归位·出版', 'n': 3, 'mean_pct': 9.9733}, {'ts': '2026-09-22 12:14:38', 'theme': '待归位·包装印刷', 'n': 1, 'mean_pct': 10.05}, {'ts': '2026-09-22 12:14:38', 'theme': '待归位·化学制品', 'n': 1, 'mean_pct': 10.02}, {'ts': '2026-09-22 12:14:38', 'theme': '待归位·化学制药', 'n': 3, 'mean_pct': 13.38}, {'ts': '2026-09-22 12:14:38', 'theme': '待归位·医疗服务', 'n': 2, 'mean_pct': 9.52}, {'ts': '2026-09-22 12:14:38', 'theme': '待归位·半导体', 'n': 1, 'mean_pct': 10.0}, {'ts': '2026-09-22 12:14:38', 'theme': '待归位·塑料', 'n': 1, 'mean_pct': 10.0}, {'ts': '2026-09-22 12:14:38', 'theme': '待归位·家居用品', 'n': 2, 'mean_pct': 7.165}, {'ts': '2026-09-22 12:14:38', 'theme': '待归位·广告营销', 'n': 1, 'mean_pct': 9.93}, {'ts': '2026-09-22 12:14:38', 'theme': '待归位·房地产开', 'n': 1, 'mean_pct': -0.82}, {'ts': '2026-09-22 12:14:38', 'theme': '待归位·房地产服', 'n': 2, 'mean_pct': 9.95}, {'ts': '2026-09-22 12:14:38', 'theme': '待归位·服装家纺', 'n': 1, 'mean_pct': 10.0}, {'ts': '2026-09-22 12:14:38', 'theme': '待归位·燃气Ⅱ', 'n': 1, 'mean_pct': 9.96}, {'ts': '2026-09-22 12:14:38', 'theme': '待归位·软件开发', 'n': 1, 'mean_pct': 10.04}, {'ts': '2026-09-22 12:14:38', 'theme': '待归位·铁路公路', 'n': 1, 'mean_pct': 10.01}, {'ts': '2026-09-22 12:15:39', 'theme': '待归位·IT服务Ⅱ', 'n': 1, 'mean_pct': 10.03}, {'ts': '2026-09-22 12:15:39', 'theme': '待归位·其他家电', 'n': 1, 'mean_pct': 10.08}, {'ts': '2026-09-22 12:15:39', 'theme': '待归位·出版', 'n': 3, 'mean_pct': 9.9733}, {'ts': '2026-09-22 12:15:39', 'theme': '待归位·包装印刷', 'n': 1, 'mean_pct': 10.05}, {'ts': '2026-09-22 12:15:39', 'theme': '待归位·化学制品', 'n': 1, 'mean_pct': 10.02}, {'ts': '2026-09-22 12:15:39', 'theme': '待归位·化学制药', 'n': 3, 'mean_pct': 13.38}, {'ts': '2026-09-22 12:15:39', 'theme': '待归位·医疗服务', 'n': 2, 'mean_pct': 9.52}, {'ts': '2026-09-22 12:15:39', 'theme': '待归位·半导体', 'n': 1, 'mean_pct': 10.0}, {'ts': '2026-09-22 12:15:39', 'theme': '待归位·塑料', 'n': 1, 'mean_pct': 10.0}, {'ts': '2026-09-22 12:15:39', 'theme': '待归位·家居用品', 'n': 2, 'mean_pct': 7.165}, {'ts': '2026-09-22 12:15:39', 'theme': '待归位·广告营销', 'n': 1, 'mean_pct': 9.93}, {'ts': '2026-09-22 12:15:39', 'theme': '待归位·房地产开', 'n': 1, 'mean_pct': -0.82}, {'ts': '2026-09-22 12:15:39', 'theme': '待归位·房地产服', 'n': 2, 'mean_pct': 9.95}, {'ts': '2026-09-22 12:15:39', 'theme': '待归位·服装家纺', 'n': 1, 'mean_pct': 10.0}, {'ts': '2026-09-22 12:15:39', 'theme': '待归位·燃气Ⅱ', 'n': 1, 'mean_pct': 9.96}, {'ts': '2026-09-22 12:15:39', 'theme': '待归位·软件开发', 'n': 1, 'mean_pct': 10.04}, {'ts': '2026-09-22 12:15:39', 'theme': '待归位·铁路公路', 'n': 1, 'mean_pct': 10.01}, {'ts': '2026-09-22 12:16:39', 'theme': '待归位·IT服务Ⅱ', 'n': 1, 'mean_pct': 10.03}, {'ts': '2026-09-22 12:16:39', 'theme': '待归位·其他家电', 'n': 1, 'mean_pct': 10.08}, {'ts': '2026-09-22 12:16:39', 'theme': '待归位·出版', 'n': 3, 'mean_pct': 9.9733}, {'ts': '2026-09-22 12:16:39', 'theme': '待归位·包装印刷', 'n': 1, 'mean_pct': 10.05}, {'ts': '2026-09-22 12:16:39', 'theme': '待归位·化学制品', 'n': 1, 'mean_pct': 10.02}, {'ts': '2026-09-22 12:16:39', 'theme': '待归位·化学制药', 'n': 3, 'mean_pct': 13.38}, {'ts': '2026-09-22 12:16:39', 'theme': '待归位·医疗服务', 'n': 2, 'mean_pct': 9.52}, {'ts': '2026-09-22 12:16:39', 'theme': '待归位·半导体', 'n': 1, 'mean_pct': 10.0}, {'ts': '2026-09-22 12:16:39', 'theme': '待归位·塑料', 'n': 1, 'mean_pct': 10.0}, {'ts': '2026-09-22 12:16:39', 'theme': '待归位·家居用品', 'n': 2, 'mean_pct': 7.165}, {'ts': '2026-09-22 12:16:39', 'theme': '待归位·广告营销', 'n': 1, 'mean_pct': 9.93}, {'ts': '2026-09-22 12:16:39', 'theme': '待归位·房地产开', 'n': 1, 'mean_pct': -0.82}, {'ts': '2026-09-22 12:16:39', 'theme': '待归位·房地产服', 'n': 2, 'mean_pct': 9.95}, {'ts': '2026-09-22 12:16:39', 'theme': '待归位·服装家纺', 'n': 1, 'mean_pct': 10.0}, {'ts': '2026-09-22 12:16:39', 'theme': '待归位·燃气Ⅱ', 'n': 1, 'mean_pct': 9.96}, {'ts': '2026-09-22 12:16:39', 'theme': '待归位·软件开发', 'n': 1, 'mean_pct': 10.04}, {'ts': '2026-09-22 12:16:39', 'theme': '待归位·铁路公路', 'n': 1, 'mean_pct': 10.01}, {'ts': '2026-09-22 12:17:39', 'theme': '待归位·IT服务Ⅱ', 'n': 1, 'mean_pct': 10.03}, {'ts': '2026-09-22 12:17:39', 'theme': '待归位·其他家电', 'n': 1, 'mean_pct': 10.08}, {'ts': '2026-09-22 12:17:39', 'theme': '待归位·出版', 'n': 3, 'mean_pct': 9.9733}, {'ts': '2026-09-22 12:17:39', 'theme': '待归位·包装印刷', 'n': 1, 'mean_pct': 10.05}, {'ts': '2026-09-22 12:17:39', 'theme': '待归位·化学制品', 'n': 1, 'mean_pct': 10.02}, {'ts': '2026-09-22 12:17:39', 'theme': '待归位·化学制药', 'n': 3, 'mean_pct': 13.38}, {'ts': '2026-09-22 12:17:39', 'theme': '待归位·医疗服务', 'n': 2, 'mean_pct': 9.52}, {'ts': '2026-09-22 12:17:39', 'theme': '待归位·半导体', 'n': 1, 'mean_pct': 10.0}, {'ts': '2026-09-22 12:17:39', 'theme': '待归位·塑料', 'n': 1, 'mean_pct': 10.0}, {'ts': '2026-09-22 12:17:39', 'theme': '待归位·家居用品', 'n': 2, 'mean_pct': 7.165}, {'ts': '2026-09-22 12:17:39', 'theme': '待归位·广告营销', 'n': 1, 'mean_pct': 9.93}, {'ts': '2026-09-22 12:17:39', 'theme': '待归位·房地产开', 'n': 1, 'mean_pct': -0.82}, {'ts': '2026-09-22 12:17:39', 'theme': '待归位·房地产服', 'n': 2, 'mean_pct': 9.95}, {'ts': '2026-09-22 12:17:39', 'theme': '待归位·服装家纺', 'n': 1, 'mean_pct': 10.0}, {'ts': '2026-09-22 12:17:39', 'theme': '待归位·燃气Ⅱ', 'n': 1, 'mean_pct': 9.96}, {'ts': '2026-09-22 12:17:39', 'theme': '待归位·软件开发', 'n': 1, 'mean_pct': 10.04}, {'ts': '2026-09-22 12:17:39', 'theme': '待归位·铁路公路', 'n': 1, 'mean_pct': 10.01}, {'ts': '2026-09-22 12:18:39', 'theme': '待归位·IT服务Ⅱ', 'n': 1, 'mean_pct': 10.03}, {'ts': '2026-09-22 12:18:39', 'theme': '待归位·其他家电', 'n': 1, 'mean_pct': 10.08}, {'ts': '2026-09-22 12:18:39', 'theme': '待归位·出版', 'n': 3, 'mean_pct': 9.9733}, {'ts': '2026-09-22 12:18:39', 'theme': '待归位·包装印刷', 'n': 1, 'mean_pct': 10.05}, {'ts': '2026-09-22 12:18:39', 'theme': '待归位·化学制品', 'n': 1, 'mean_pct': 10.02}, {'ts': '2026-09-22 12:18:39', 'theme': '待归位·化学制药', 'n': 3, 'mean_pct': 13.38}, {'ts': '2026-09-22 12:18:39', 'theme': '待归位·医疗服务', 'n': 2, 'mean_pct': 9.52}, {'ts': '2026-09-22 12:18:39', 'theme': '待归位·半导体', 'n': 1, 'mean_pct': 10.0}, {'ts': '2026-09-22 12:18:39', 'theme': '待归位·塑料', 'n': 1, 'mean_pct': 10.0}, {'ts': '2026-09-22 12:18:39', 'theme': '待归位·家居用品', 'n': 2, 'mean_pct': 7.165}, {'ts': '2026-09-22 12:18:39', 'theme': '待归位·广告营销', 'n': 1, 'mean_pct': 9.93}, {'ts': '2026-09-22 12:18:39', 'theme': '待归位·房地产开', 'n': 1, 'mean_pct': -0.82}, {'ts': '2026-09-22 12:18:39', 'theme': '待归位·房地产服', 'n': 2, 'mean_pct': 9.95}, {'ts': '2026-09-22 12:18:39', 'theme': '待归位·服装家纺', 'n': 1, 'mean_pct': 10.0}, {'ts': '2026-09-22 12:18:39', 'theme': '待归位·燃气Ⅱ', 'n': 1, 'mean_pct': 9.96}, {'ts': '2026-09-22 12:18:39', 'theme': '待归位·软件开发', 'n': 1, 'mean_pct': 10.04}, {'ts': '2026-09-22 12:18:39', 'theme': '待归位·铁路公路', 'n': 1, 'mean_pct': 10.01}, {'ts': '2026-09-22 12:19:39', 'theme': '待归位·IT服务Ⅱ', 'n': 1, 'mean_pct': 10.03}, {'ts': '2026-09-22 12:19:39', 'theme': '待归位·其他家电', 'n': 1, 'mean_pct': 10.08}, {'ts': '2026-09-22 12:19:39', 'theme': '待归位·出版', 'n': 3, 'mean_pct': 9.9733}, {'ts': '2026-09-22 12:19:39', 'theme': '待归位·包装印刷', 'n': 1, 'mean_pct': 10.05}, {'ts': '2026-09-22 12:19:39', 'theme': '待归位·化学制品', 'n': 1, 'mean_pct': 10.02}, {'ts': '2026-09-22 12:19:39', 'theme': '待归位·化学制药', 'n': 3, 'mean_pct': 13.38}, {'ts': '2026-09-22 12:19:39', 'theme': '待归位·医疗服务', 'n': 2, 'mean_pct': 9.52}, {'ts': '2026-09-22 12:19:39', 'theme': '待归位·半导体', 'n': 1, 'mean_pct': 10.0}, {'ts': '2026-09-22 12:19:39', 'theme': '待归位·塑料', 'n': 1, 'mean_pct': 10.0}, {'ts': '2026-09-22 12:19:39', 'theme': '待归位·家居用品', 'n': 2, 'mean_pct': 7.165}, {'ts': '2026-09-22 12:19:39', 'theme': '待归位·广告营销', 'n': 1, 'mean_pct': 9.93}, {'ts': '2026-09-22 12:19:39', 'theme': '待归位·房地产开', 'n': 1, 'mean_pct': -0.82}, {'ts': '2026-09-22 12:19:39', 'theme': '待归位·房地产服', 'n': 2, 'mean_pct': 9.95}, {'ts': '2026-09-22 12:19:39', 'theme': '待归位·服装家纺', 'n': 1, 'mean_pct': 10.0}, {'ts': '2026-09-22 12:19:39', 'theme': '待归位·燃气Ⅱ', 'n': 1, 'mean_pct': 9.96}, {'ts': '2026-09-22 12:19:39', 'theme': '待归位·软件开发', 'n': 1, 'mean_pct': 10.04}, {'ts': '2026-09-22 12:19:39', 'theme': '待归位·铁路公路', 'n': 1, 'mean_pct': 10.01}, {'ts': '2026-09-22 12:20:40', 'theme': '待归位·IT服务Ⅱ', 'n': 1, 'mean_pct': 10.03}, {'ts': '2026-09-22 12:20:40', 'theme': '待归位·其他家电', 'n': 1, 'mean_pct': 10.08}, {'ts': '2026-09-22 12:20:40', 'theme': '待归位·出版', 'n': 3, 'mean_pct': 9.9733}, {'ts': '2026-09-22 12:20:40', 'theme': '待归位·包装印刷', 'n': 1, 'mean_pct': 10.05}, {'ts': '2026-09-22 12:20:40', 'theme': '待归位·化学制品', 'n': 1, 'mean_pct': 10.02}, {'ts': '2026-09-22 12:20:40', 'theme': '待归位·化学制药', 'n': 3, 'mean_pct': 13.38}, {'ts': '2026-09-22 12:20:40', 'theme': '待归位·医疗服务', 'n': 2, 'mean_pct': 9.52}, {'ts': '2026-09-22 12:20:40', 'theme': '待归位·半导体', 'n': 1, 'mean_pct': 10.0}, {'ts': '2026-09-22 12:20:40', 'theme': '待归位·塑料', 'n': 1, 'mean_pct': 10.0}, {'ts': '2026-09-22 12:20:40', 'theme': '待归位·家居用品', 'n': 2, 'mean_pct': 7.165}, {'ts': '2026-09-22 12:20:40', 'theme': '待归位·广告营销', 'n': 1, 'mean_pct': 9.93}, {'ts': '2026-09-22 12:20:40', 'theme': '待归位·房地产开', 'n': 1, 'mean_pct': -0.82}, {'ts': '2026-09-22 12:20:40', 'theme': '待归位·房地产服', 'n': 2, 'mean_pct': 9.95}, {'ts': '2026-09-22 12:20:40', 'theme': '待归位·服装家纺', 'n': 1, 'mean_pct': 10.0}, {'ts': '2026-09-22 12:20:40', 'theme': '待归位·燃气Ⅱ', 'n': 1, 'mean_pct': 9.96}, {'ts': '2026-09-22 12:20:40', 'theme': '待归位·软件开发', 'n': 1, 'mean_pct': 10.04}, {'ts': '2026-09-22 12:20:40', 'theme': '待归位·铁路公路', 'n': 1, 'mean_pct': 10.01}, {'ts': '2026-09-22 12:21:40', 'theme': '待归位·IT服务Ⅱ', 'n': 1, 'mean_pct': 10.03}, {'ts': '2026-09-22 12:21:40', 'theme': '待归位·其他家电', 'n': 1, 'mean_pct': 10.08}, {'ts': '2026-09-22 12:21:40', 'theme': '待归位·出版', 'n': 3, 'mean_pct': 9.9733}, {'ts': '2026-09-22 12:21:40', 'theme': '待归位·包装印刷', 'n': 1, 'mean_pct': 10.05}, {'ts': '2026-09-22 12:21:40', 'theme': '待归位·化学制品', 'n': 1, 'mean_pct': 10.02}, {'ts': '2026-09-22 12:21:40', 'theme': '待归位·化学制药', 'n': 3, 'mean_pct': 13.38}, {'ts': '2026-09-22 12:21:40', 'theme': '待归位·医疗服务', 'n': 2, 'mean_pct': 9.52}, {'ts': '2026-09-22 12:21:40', 'theme': '待归位·半导体', 'n': 1, 'mean_pct': 10.0}, {'ts': '2026-09-22 12:21:40', 'theme': '待归位·塑料', 'n': 1, 'mean_pct': 10.0}, {'ts': '2026-09-22 12:21:40', 'theme': '待归位·家居用品', 'n': 2, 'mean_pct': 7.165}, {'ts': '2026-09-22 12:21:40', 'theme': '待归位·广告营销', 'n': 1, 'mean_pct': 9.93}, {'ts': '2026-09-22 12:21:40', 'theme': '待归位·房地产开', 'n': 1, 'mean_pct': -0.82}, {'ts': '2026-09-22 12:21:40', 'theme': '待归位·房地产服', 'n': 2, 'mean_pct': 9.95}, {'ts': '2026-09-22 12:21:40', 'theme': '待归位·服装家纺', 'n': 1, 'mean_pct': 10.0}, {'ts': '2026-09-22 12:21:40', 'theme': '待归位·燃气Ⅱ', 'n': 1, 'mean_pct': 9.96}, {'ts': '2026-09-22 12:21:40', 'theme': '待归位·软件开发', 'n': 1, 'mean_pct': 10.04}, {'ts': '2026-09-22 12:21:40', 'theme': '待归位·铁路公路', 'n': 1, 'mean_pct': 10.01}, {'ts': '2026-09-22 12:22:40', 'theme': '待归位·IT服务Ⅱ', 'n': 1, 'mean_pct': 10.03}, {'ts': '2026-09-22 12:22:40', 'theme': '待归位·其他家电', 'n': 1, 'mean_pct': 10.08}, {'ts': '2026-09-22 12:22:40', 'theme': '待归位·出版', 'n': 3, 'mean_pct': 9.9733}, {'ts': '2026-09-22 12:22:40', 'theme': '待归位·包装印刷', 'n': 1, 'mean_pct': 10.05}, {'ts': '2026-09-22 12:22:40', 'theme': '待归位·化学制品', 'n': 1, 'mean_pct': 10.02}, {'ts': '2026-09-22 12:22:40', 'theme': '待归位·化学制药', 'n': 3, 'mean_pct': 13.38}, {'ts': '2026-09-22 12:22:40', 'theme': '待归位·医疗服务', 'n': 2, 'mean_pct': 9.52}, {'ts': '2026-09-22 12:22:40', 'theme': '待归位·半导体', 'n': 1, 'mean_pct': 10.0}, {'ts': '2026-09-22 12:22:40', 'theme': '待归位·塑料', 'n': 1, 'mean_pct': 10.0}, {'ts': '2026-09-22 12:22:40', 'theme': '待归位·家居用品', 'n': 2, 'mean_pct': 7.165}, {'ts': '2026-09-22 12:22:40', 'theme': '待归位·广告营销', 'n': 1, 'mean_pct': 9.93}, {'ts': '2026-09-22 12:22:40', 'theme': '待归位·房地产开', 'n': 1, 'mean_pct': -0.82}, {'ts': '2026-09-22 12:22:40', 'theme': '待归位·房地产服', 'n': 2, 'mean_pct': 9.95}, {'ts': '2026-09-22 12:22:40', 'theme': '待归位·服装家纺', 'n': 1, 'mean_pct': 10.0}, {'ts': '2026-09-22 12:22:40', 'theme': '待归位·燃气Ⅱ', 'n': 1, 'mean_pct': 9.96}, {'ts': '2026-09-22 12:22:40', 'theme': '待归位·软件开发', 'n': 1, 'mean_pct': 10.04}, {'ts': '2026-09-22 12:22:40', 'theme': '待归位·铁路公路', 'n': 1, 'mean_pct': 10.01}, {'ts': '2026-09-22 12:23:40', 'theme': '待归位·IT服务Ⅱ', 'n': 1, 'mean_pct': 10.03}, {'ts': '2026-09-22 12:23:40', 'theme': '待归位·其他家电', 'n': 1, 'mean_pct': 10.08}, {'ts': '2026-09-22 12:23:40', 'theme': '待归位·出版', 'n': 3, 'mean_pct': 9.9733}, {'ts': '2026-09-22 12:23:40', 'theme': '待归位·包装印刷', 'n': 1, 'mean_pct': 10.05}, {'ts': '2026-09-22 12:23:40', 'theme': '待归位·化学制品', 'n': 1, 'mean_pct': 10.02}, {'ts': '2026-09-22 12:23:40', 'theme': '待归位·化学制药', 'n': 3, 'mean_pct': 13.38}, {'ts': '2026-09-22 12:23:40', 'theme': '待归位·医疗服务', 'n': 2, 'mean_pct': 9.52}, {'ts': '2026-09-22 12:23:40', 'theme': '待归位·半导体', 'n': 1, 'mean_pct': 10.0}, {'ts': '2026-09-22 12:23:40', 'theme': '待归位·塑料', 'n': 1, 'mean_pct': 10.0}, {'ts': '2026-09-22 12:23:40', 'theme': '待归位·家居用品', 'n': 2, 'mean_pct': 7.165}, {'ts': '2026-09-22 12:23:40', 'theme': '待归位·广告营销', 'n': 1, 'mean_pct': 9.93}, {'ts': '2026-09-22 12:23:40', 'theme': '待归位·房地产开', 'n': 1, 'mean_pct': -0.82}, {'ts': '2026-09-22 12:23:40', 'theme': '待归位·房地产服', 'n': 2, 'mean_pct': 9.95}, {'ts': '2026-09-22 12:23:40', 'theme': '待归位·服装家纺', 'n': 1, 'mean_pct': 10.0}, {'ts': '2026-09-22 12:23:40', 'theme': '待归位·燃气Ⅱ', 'n': 1, 'mean_pct': 9.96}, {'ts': '2026-09-22 12:23:40', 'theme': '待归位·软件开发', 'n': 1, 'mean_pct': 10.04}, {'ts': '2026-09-22 12:23:40', 'theme': '待归位·铁路公路', 'n': 1, 'mean_pct': 10.01}, {'ts': '2026-09-22 12:24:40', 'theme': '待归位·IT服务Ⅱ', 'n': 1, 'mean_pct': 10.03}, {'ts': '2026-09-22 12:24:40', 'theme': '待归位·其他家电', 'n': 1, 'mean_pct': 10.08}, {'ts': '2026-09-22 12:24:40', 'theme': '待归位·出版', 'n': 3, 'mean_pct': 9.9733}, {'ts': '2026-09-22 12:24:40', 'theme': '待归位·包装印刷', 'n': 1, 'mean_pct': 10.05}, {'ts': '2026-09-22 12:24:40', 'theme': '待归位·化学制品', 'n': 1, 'mean_pct': 10.02}, {'ts': '2026-09-22 12:24:40', 'theme': '待归位·化学制药', 'n': 3, 'mean_pct': 13.38}, {'ts': '2026-09-22 12:24:40', 'theme': '待归位·医疗服务', 'n': 2, 'mean_pct': 9.52}, {'ts': '2026-09-22 12:24:40', 'theme': '待归位·半导体', 'n': 1, 'mean_pct': 10.0}, {'ts': '2026-09-22 12:24:40', 'theme': '待归位·塑料', 'n': 1, 'mean_pct': 10.0}, {'ts': '2026-09-22 12:24:40', 'theme': '待归位·家居用品', 'n': 2, 'mean_pct': 7.165}, {'ts': '2026-09-22 12:24:40', 'theme': '待归位·广告营销', 'n': 1, 'mean_pct': 9.93}, {'ts': '2026-09-22 12:24:40', 'theme': '待归位·房地产开', 'n': 1, 'mean_pct': -0.82}, {'ts': '2026-09-22 12:24:40', 'theme': '待归位·房地产服', 'n': 2, 'mean_pct': 9.95}, {'ts': '2026-09-22 12:24:40', 'theme': '待归位·服装家纺', 'n': 1, 'mean_pct': 10.0}, {'ts': '2026-09-22 12:24:40', 'theme': '待归位·燃气Ⅱ', 'n': 1, 'mean_pct': 9.96}, {'ts': '2026-09-22 12:24:40', 'theme': '待归位·软件开发', 'n': 1, 'mean_pct': 10.04}, {'ts': '2026-09-22 12:24:40', 'theme': '待归位·铁路公路', 'n': 1, 'mean_pct': 10.01}, {'ts': '2026-09-22 12:25:41', 'theme': '待归位·IT服务Ⅱ', 'n': 1, 'mean_pct': 10.03}, {'ts': '2026-09-22 12:25:41', 'theme': '待归位·其他家电', 'n': 1, 'mean_pct': 10.08}, {'ts': '2026-09-22 12:25:41', 'theme': '待归位·出版', 'n': 3, 'mean_pct': 9.9733}, {'ts': '2026-09-22 12:25:41', 'theme': '待归位·包装印刷', 'n': 1, 'mean_pct': 10.05}, {'ts': '2026-09-22 12:25:41', 'theme': '待归位·化学制品', 'n': 1, 'mean_pct': 10.02}, {'ts': '2026-09-22 12:25:41', 'theme': '待归位·化学制药', 'n': 3, 'mean_pct': 13.38}, {'ts': '2026-09-22 12:25:41', 'theme': '待归位·医疗服务', 'n': 2, 'mean_pct': 9.52}, {'ts': '2026-09-22 12:25:41', 'theme': '待归位·半导体', 'n': 1, 'mean_pct': 10.0}, {'ts': '2026-09-22 12:25:41', 'theme': '待归位·塑料', 'n': 1, 'mean_pct': 10.0}, {'ts': '2026-09-22 12:25:41', 'theme': '待归位·家居用品', 'n': 2, 'mean_pct': 7.165}, {'ts': '2026-09-22 12:25:41', 'theme': '待归位·广告营销', 'n': 1, 'mean_pct': 9.93}, {'ts': '2026-09-22 12:25:41', 'theme': '待归位·房地产开', 'n': 1, 'mean_pct': -0.82}, {'ts': '2026-09-22 12:25:41', 'theme': '待归位·房地产服', 'n': 2, 'mean_pct': 9.95}, {'ts': '2026-09-22 12:25:41', 'theme': '待归位·服装家纺', 'n': 1, 'mean_pct': 10.0}, {'ts': '2026-09-22 12:25:41', 'theme': '待归位·燃气Ⅱ', 'n': 1, 'mean_pct': 9.96}, {'ts': '2026-09-22 12:25:41', 'theme': '待归位·软件开发', 'n': 1, 'mean_pct': 10.04}, {'ts': '2026-09-22 12:25:41', 'theme': '待归位·铁路公路', 'n': 1, 'mean_pct': 10.01}, {'ts': '2026-09-22 12:26:41', 'theme': '待归位·IT服务Ⅱ', 'n': 1, 'mean_pct': 10.03}, {'ts': '2026-09-22 12:26:41', 'theme': '待归位·其他家电', 'n': 1, 'mean_pct': 10.08}, {'ts': '2026-09-22 12:26:41', 'theme': '待归位·出版', 'n': 3, 'mean_pct': 9.9733}, {'ts': '2026-09-22 12:26:41', 'theme': '待归位·包装印刷', 'n': 1, 'mean_pct': 10.05}, {'ts': '2026-09-22 12:26:41', 'theme': '待归位·化学制品', 'n': 1, 'mean_pct': 10.02}, {'ts': '2026-09-22 12:26:41', 'theme': '待归位·化学制药', 'n': 3, 'mean_pct': 13.38}, {'ts': '2026-09-22 12:26:41', 'theme': '待归位·医疗服务', 'n': 2, 'mean_pct': 9.52}, {'ts': '2026-09-22 12:26:41', 'theme': '待归位·半导体', 'n': 1, 'mean_pct': 10.0}, {'ts': '2026-09-22 12:26:41', 'theme': '待归位·塑料', 'n': 1, 'mean_pct': 10.0}, {'ts': '2026-09-22 12:26:41', 'theme': '待归位·家居用品', 'n': 2, 'mean_pct': 7.165}, {'ts': '2026-09-22 12:26:41', 'theme': '待归位·广告营销', 'n': 1, 'mean_pct': 9.93}, {'ts': '2026-09-22 12:26:41', 'theme': '待归位·房地产开', 'n': 1, 'mean_pct': -0.82}, {'ts': '2026-09-22 12:26:41', 'theme': '待归位·房地产服', 'n': 2, 'mean_pct': 9.95}, {'ts': '2026-09-22 12:26:41', 'theme': '待归位·服装家纺', 'n': 1, 'mean_pct': 10.0}, {'ts': '2026-09-22 12:26:41', 'theme': '待归位·燃气Ⅱ', 'n': 1, 'mean_pct': 9.96}, {'ts': '2026-09-22 12:26:41', 'theme': '待归位·软件开发', 'n': 1, 'mean_pct': 10.04}, {'ts': '2026-09-22 12:26:41', 'theme': '待归位·铁路公路', 'n': 1, 'mean_pct': 10.01}, {'ts': '2026-09-22 12:27:41', 'theme': '待归位·IT服务Ⅱ', 'n': 1, 'mean_pct': 10.03}, {'ts': '2026-09-22 12:27:41', 'theme': '待归位·其他家电', 'n': 1, 'mean_pct': 10.08}, {'ts': '2026-09-22 12:27:41', 'theme': '待归位·出版', 'n': 3, 'mean_pct': 9.9733}, {'ts': '2026-09-22 12:27:41', 'theme': '待归位·包装印刷', 'n': 1, 'mean_pct': 10.05}, {'ts': '2026-09-22 12:27:41', 'theme': '待归位·化学制品', 'n': 1, 'mean_pct': 10.02}, {'ts': '2026-09-22 12:27:41', 'theme': '待归位·化学制药', 'n': 3, 'mean_pct': 13.38}, {'ts': '2026-09-22 12:27:41', 'theme': '待归位·医疗服务', 'n': 2, 'mean_pct': 9.52}, {'ts': '2026-09-22 12:27:41', 'theme': '待归位·半导体', 'n': 1, 'mean_pct': 10.0}, {'ts': '2026-09-22 12:27:41', 'theme': '待归位·塑料', 'n': 1, 'mean_pct': 10.0}, {'ts': '2026-09-22 12:27:41', 'theme': '待归位·家居用品', 'n': 2, 'mean_pct': 7.165}, {'ts': '2026-09-22 12:27:41', 'theme': '待归位·广告营销', 'n': 1, 'mean_pct': 9.93}, {'ts': '2026-09-22 12:27:41', 'theme': '待归位·房地产开', 'n': 1, 'mean_pct': -0.82}, {'ts': '2026-09-22 12:27:41', 'theme': '待归位·房地产服', 'n': 2, 'mean_pct': 9.95}, {'ts': '2026-09-22 12:27:41', 'theme': '待归位·服装家纺', 'n': 1, 'mean_pct': 10.0}, {'ts': '2026-09-22 12:27:41', 'theme': '待归位·燃气Ⅱ', 'n': 1, 'mean_pct': 9.96}, {'ts': '2026-09-22 12:27:41', 'theme': '待归位·软件开发', 'n': 1, 'mean_pct': 10.04}, {'ts': '2026-09-22 12:27:41', 'theme': '待归位·铁路公路', 'n': 1, 'mean_pct': 10.01}, {'ts': '2026-09-22 12:28:41', 'theme': '待归位·IT服务Ⅱ', 'n': 1, 'mean_pct': 10.03}, {'ts': '2026-09-22 12:28:41', 'theme': '待归位·其他家电', 'n': 1, 'mean_pct': 10.08}, {'ts': '2026-09-22 12:28:41', 'theme': '待归位·出版', 'n': 3, 'mean_pct': 9.9733}, {'ts': '2026-09-22 12:28:41', 'theme': '待归位·包装印刷', 'n': 1, 'mean_pct': 10.05}, {'ts': '2026-09-22 12:28:41', 'theme': '待归位·化学制品', 'n': 1, 'mean_pct': 10.02}, {'ts': '2026-09-22 12:28:41', 'theme': '待归位·化学制药', 'n': 3, 'mean_pct': 13.38}, {'ts': '2026-09-22 12:28:41', 'theme': '待归位·医疗服务', 'n': 2, 'mean_pct': 9.52}, {'ts': '2026-09-22 12:28:41', 'theme': '待归位·半导体', 'n': 1, 'mean_pct': 10.0}, {'ts': '2026-09-22 12:28:41', 'theme': '待归位·塑料', 'n': 1, 'mean_pct': 10.0}, {'ts': '2026-09-22 12:28:41', 'theme': '待归位·家居用品', 'n': 2, 'mean_pct': 7.165}, {'ts': '2026-09-22 12:28:41', 'theme': '待归位·广告营销', 'n': 1, 'mean_pct': 9.93}, {'ts': '2026-09-22 12:28:41', 'theme': '待归位·房地产开', 'n': 1, 'mean_pct': -0.82}, {'ts': '2026-09-22 12:28:41', 'theme': '待归位·房地产服', 'n': 2, 'mean_pct': 9.95}, {'ts': '2026-09-22 12:28:41', 'theme': '待归位·服装家纺', 'n': 1, 'mean_pct': 10.0}, {'ts': '2026-09-22 12:28:41', 'theme': '待归位·燃气Ⅱ', 'n': 1, 'mean_pct': 9.96}, {'ts': '2026-09-22 12:28:41', 'theme': '待归位·软件开发', 'n': 1, 'mean_pct': 10.04}, {'ts': '2026-09-22 12:28:41', 'theme': '待归位·铁路公路', 'n': 1, 'mean_pct': 10.01}, {'ts': '2026-09-22 12:29:41', 'theme': '待归位·IT服务Ⅱ', 'n': 1, 'mean_pct': 10.03}, {'ts': '2026-09-22 12:29:41', 'theme': '待归位·其他家电', 'n': 1, 'mean_pct': 10.08}, {'ts': '2026-09-22 12:29:41', 'theme': '待归位·出版', 'n': 3, 'mean_pct': 9.9733}, {'ts': '2026-09-22 12:29:41', 'theme': '待归位·包装印刷', 'n': 1, 'mean_pct': 10.05}, {'ts': '2026-09-22 12:29:41', 'theme': '待归位·化学制品', 'n': 1, 'mean_pct': 10.02}, {'ts': '2026-09-22 12:29:41', 'theme': '待归位·化学制药', 'n': 3, 'mean_pct': 13.38}, {'ts': '2026-09-22 12:29:41', 'theme': '待归位·医疗服务', 'n': 2, 'mean_pct': 9.52}, {'ts': '2026-09-22 12:29:41', 'theme': '待归位·半导体', 'n': 1, 'mean_pct': 10.0}, {'ts': '2026-09-22 12:29:41', 'theme': '待归位·塑料', 'n': 1, 'mean_pct': 10.0}, {'ts': '2026-09-22 12:29:41', 'theme': '待归位·家居用品', 'n': 2, 'mean_pct': 7.165}, {'ts': '2026-09-22 12:29:41', 'theme': '待归位·广告营销', 'n': 1, 'mean_pct': 9.93}, {'ts': '2026-09-22 12:29:41', 'theme': '待归位·房地产开', 'n': 1, 'mean_pct': -0.82}, {'ts': '2026-09-22 12:29:41', 'theme': '待归位·房地产服', 'n': 2, 'mean_pct': 9.95}, {'ts': '2026-09-22 12:29:41', 'theme': '待归位·服装家纺', 'n': 1, 'mean_pct': 10.0}, {'ts': '2026-09-22 12:29:41', 'theme': '待归位·燃气Ⅱ', 'n': 1, 'mean_pct': 9.96}, {'ts': '2026-09-22 12:29:41', 'theme': '待归位·软件开发', 'n': 1, 'mean_pct': 10.04}, {'ts': '2026-09-22 12:29:41', 'theme': '待归位·铁路公路', 'n': 1, 'mean_pct': 10.01}, {'ts': '2026-09-22 12:30:42', 'theme': '待归位·IT服务Ⅱ', 'n': 1, 'mean_pct': 10.03}, {'ts': '2026-09-22 12:30:42', 'theme': '待归位·其他家电', 'n': 1, 'mean_pct': 10.08}, {'ts': '2026-09-22 12:30:42', 'theme': '待归位·出版', 'n': 3, 'mean_pct': 9.9733}, {'ts': '2026-09-22 12:30:42', 'theme': '待归位·包装印刷', 'n': 1, 'mean_pct': 10.05}, {'ts': '2026-09-22 12:30:42', 'theme': '待归位·化学制品', 'n': 1, 'mean_pct': 10.02}, {'ts': '2026-09-22 12:30:42', 'theme': '待归位·化学制药', 'n': 3, 'mean_pct': 13.38}, {'ts': '2026-09-22 12:30:42', 'theme': '待归位·医疗服务', 'n': 2, 'mean_pct': 9.52}, {'ts': '2026-09-22 12:30:42', 'theme': '待归位·半导体', 'n': 1, 'mean_pct': 10.0}, {'ts': '2026-09-22 12:30:42', 'theme': '待归位·塑料', 'n': 1, 'mean_pct': 10.0}, {'ts': '2026-09-22 12:30:42', 'theme': '待归位·家居用品', 'n': 2, 'mean_pct': 7.165}, {'ts': '2026-09-22 12:30:42', 'theme': '待归位·广告营销', 'n': 1, 'mean_pct': 9.93}, {'ts': '2026-09-22 12:30:42', 'theme': '待归位·房地产开', 'n': 1, 'mean_pct': -0.82}, {'ts': '2026-09-22 12:30:42', 'theme': '待归位·房地产服', 'n': 2, 'mean_pct': 9.95}, {'ts': '2026-09-22 12:30:42', 'theme': '待归位·服装家纺', 'n': 1, 'mean_pct': 10.0}, {'ts': '2026-09-22 12:30:42', 'theme': '待归位·燃气Ⅱ', 'n': 1, 'mean_pct': 9.96}, {'ts': '2026-09-22 12:30:42', 'theme': '待归位·软件开发', 'n': 1, 'mean_pct': 10.04}, {'ts': '2026-09-22 12:30:42', 'theme': '待归位·铁路公路', 'n': 1, 'mean_pct': 10.01}, {'ts': '2026-09-22 12:31:42', 'theme': '待归位·IT服务Ⅱ', 'n': 1, 'mean_pct': 10.03}, {'ts': '2026-09-22 12:31:42', 'theme': '待归位·其他家电', 'n': 1, 'mean_pct': 10.08}, {'ts': '2026-09-22 12:31:42', 'theme': '待归位·出版', 'n': 3, 'mean_pct': 9.9733}, {'ts': '2026-09-22 12:31:42', 'theme': '待归位·包装印刷', 'n': 1, 'mean_pct': 10.05}, {'ts': '2026-09-22 12:31:42', 'theme': '待归位·化学制品', 'n': 1, 'mean_pct': 10.02}, {'ts': '2026-09-22 12:31:42', 'theme': '待归位·化学制药', 'n': 3, 'mean_pct': 13.38}, {'ts': '2026-09-22 12:31:42', 'theme': '待归位·医疗服务', 'n': 2, 'mean_pct': 9.52}, {'ts': '2026-09-22 12:31:42', 'theme': '待归位·半导体', 'n': 1, 'mean_pct': 10.0}, {'ts': '2026-09-22 12:31:42', 'theme': '待归位·塑料', 'n': 1, 'mean_pct': 10.0}, {'ts': '2026-09-22 12:31:42', 'theme': '待归位·家居用品', 'n': 2, 'mean_pct': 7.165}, {'ts': '2026-09-22 12:31:42', 'theme': '待归位·广告营销', 'n': 1, 'mean_pct': 9.93}, {'ts': '2026-09-22 12:31:42', 'theme': '待归位·房地产开', 'n': 1, 'mean_pct': -0.82}, {'ts': '2026-09-22 12:31:42', 'theme': '待归位·房地产服', 'n': 2, 'mean_pct': 9.95}, {'ts': '2026-09-22 12:31:42', 'theme': '待归位·服装家纺', 'n': 1, 'mean_pct': 10.0}, {'ts': '2026-09-22 12:31:42', 'theme': '待归位·燃气Ⅱ', 'n': 1, 'mean_pct': 9.96}, {'ts': '2026-09-22 12:31:42', 'theme': '待归位·软件开发', 'n': 1, 'mean_pct': 10.04}, {'ts': '2026-09-22 12:31:42', 'theme': '待归位·铁路公路', 'n': 1, 'mean_pct': 10.01}, {'ts': '2026-09-22 12:32:42', 'theme': '待归位·IT服务Ⅱ', 'n': 1, 'mean_pct': 10.03}, {'ts': '2026-09-22 12:32:42', 'theme': '待归位·其他家电', 'n': 1, 'mean_pct': 10.08}, {'ts': '2026-09-22 12:32:42', 'theme': '待归位·出版', 'n': 3, 'mean_pct': 9.9733}, {'ts': '2026-09-22 12:32:42', 'theme': '待归位·包装印刷', 'n': 1, 'mean_pct': 10.05}, {'ts': '2026-09-22 12:32:42', 'theme': '待归位·化学制品', 'n': 1, 'mean_pct': 10.02}, {'ts': '2026-09-22 12:32:42', 'theme': '待归位·化学制药', 'n': 3, 'mean_pct': 13.38}, {'ts': '2026-09-22 12:32:42', 'theme': '待归位·医疗服务', 'n': 2, 'mean_pct': 9.52}, {'ts': '2026-09-22 12:32:42', 'theme': '待归位·半导体', 'n': 1, 'mean_pct': 10.0}, {'ts': '2026-09-22 12:32:42', 'theme': '待归位·塑料', 'n': 1, 'mean_pct': 10.0}, {'ts': '2026-09-22 12:32:42', 'theme': '待归位·家居用品', 'n': 2, 'mean_pct': 7.165}, {'ts': '2026-09-22 12:32:42', 'theme': '待归位·广告营销', 'n': 1, 'mean_pct': 9.93}, {'ts': '2026-09-22 12:32:42', 'theme': '待归位·房地产开', 'n': 1, 'mean_pct': -0.82}, {'ts': '2026-09-22 12:32:42', 'theme': '待归位·房地产服', 'n': 2, 'mean_pct': 9.95}, {'ts': '2026-09-22 12:32:42', 'theme': '待归位·服装家纺', 'n': 1, 'mean_pct': 10.0}, {'ts': '2026-09-22 12:32:42', 'theme': '待归位·燃气Ⅱ', 'n': 1, 'mean_pct': 9.96}, {'ts': '2026-09-22 12:32:42', 'theme': '待归位·软件开发', 'n': 1, 'mean_pct': 10.04}, {'ts': '2026-09-22 12:32:42', 'theme': '待归位·铁路公路', 'n': 1, 'mean_pct': 10.01}, {'ts': '2026-09-22 12:33:42', 'theme': '待归位·IT服务Ⅱ', 'n': 1, 'mean_pct': 10.03}, {'ts': '2026-09-22 12:33:42', 'theme': '待归位·其他家电', 'n': 1, 'mean_pct': 10.08}, {'ts': '2026-09-22 12:33:42', 'theme': '待归位·出版', 'n': 3, 'mean_pct': 9.9733}, {'ts': '2026-09-22 12:33:42', 'theme': '待归位·包装印刷', 'n': 1, 'mean_pct': 10.05}, {'ts': '2026-09-22 12:33:42', 'theme': '待归位·化学制品', 'n': 1, 'mean_pct': 10.02}, {'ts': '2026-09-22 12:33:42', 'theme': '待归位·化学制药', 'n': 3, 'mean_pct': 13.38}, {'ts': '2026-09-22 12:33:42', 'theme': '待归位·医疗服务', 'n': 2, 'mean_pct': 9.52}, {'ts': '2026-09-22 12:33:42', 'theme': '待归位·半导体', 'n': 1, 'mean_pct': 10.0}, {'ts': '2026-09-22 12:33:42', 'theme': '待归位·塑料', 'n': 1, 'mean_pct': 10.0}, {'ts': '2026-09-22 12:33:42', 'theme': '待归位·家居用品', 'n': 2, 'mean_pct': 7.165}, {'ts': '2026-09-22 12:33:42', 'theme': '待归位·广告营销', 'n': 1, 'mean_pct': 9.93}, {'ts': '2026-09-22 12:33:42', 'theme': '待归位·房地产开', 'n': 1, 'mean_pct': -0.82}, {'ts': '2026-09-22 12:33:42', 'theme': '待归位·房地产服', 'n': 2, 'mean_pct': 9.95}, {'ts': '2026-09-22 12:33:42', 'theme': '待归位·服装家纺', 'n': 1, 'mean_pct': 10.0}, {'ts': '2026-09-22 12:33:42', 'theme': '待归位·燃气Ⅱ', 'n': 1, 'mean_pct': 9.96}, {'ts': '2026-09-22 12:33:42', 'theme': '待归位·软件开发', 'n': 1, 'mean_pct': 10.04}, {'ts': '2026-09-22 12:33:42', 'theme': '待归位·铁路公路', 'n': 1, 'mean_pct': 10.01}, {'ts': '2026-09-22 12:34:42', 'theme': '待归位·IT服务Ⅱ', 'n': 1, 'mean_pct': 10.03}, {'ts': '2026-09-22 12:34:42', 'theme': '待归位·其他家电', 'n': 1, 'mean_pct': 10.08}, {'ts': '2026-09-22 12:34:42', 'theme': '待归位·出版', 'n': 3, 'mean_pct': 9.9733}, {'ts': '2026-09-22 12:34:42', 'theme': '待归位·包装印刷', 'n': 1, 'mean_pct': 10.05}, {'ts': '2026-09-22 12:34:42', 'theme': '待归位·化学制品', 'n': 1, 'mean_pct': 10.02}, {'ts': '2026-09-22 12:34:42', 'theme': '待归位·化学制药', 'n': 3, 'mean_pct': 13.38}, {'ts': '2026-09-22 12:34:42', 'theme': '待归位·医疗服务', 'n': 2, 'mean_pct': 9.52}, {'ts': '2026-09-22 12:34:42', 'theme': '待归位·半导体', 'n': 1, 'mean_pct': 10.0}, {'ts': '2026-09-22 12:34:42', 'theme': '待归位·塑料', 'n': 1, 'mean_pct': 10.0}, {'ts': '2026-09-22 12:34:42', 'theme': '待归位·家居用品', 'n': 2, 'mean_pct': 7.165}, {'ts': '2026-09-22 12:34:42', 'theme': '待归位·广告营销', 'n': 1, 'mean_pct': 9.93}, {'ts': '2026-09-22 12:34:42', 'theme': '待归位·房地产开', 'n': 1, 'mean_pct': -0.82}, {'ts': '2026-09-22 12:34:42', 'theme': '待归位·房地产服', 'n': 2, 'mean_pct': 9.95}, {'ts': '2026-09-22 12:34:42', 'theme': '待归位·服装家纺', 'n': 1, 'mean_pct': 10.0}, {'ts': '2026-09-22 12:34:42', 'theme': '待归位·燃气Ⅱ', 'n': 1, 'mean_pct': 9.96}, {'ts': '2026-09-22 12:34:42', 'theme': '待归位·软件开发', 'n': 1, 'mean_pct': 10.04}, {'ts': '2026-09-22 12:34:42', 'theme': '待归位·铁路公路', 'n': 1, 'mean_pct': 10.01}, {'ts': '2026-09-22 12:35:43', 'theme': '待归位·IT服务Ⅱ', 'n': 1, 'mean_pct': 10.03}, {'ts': '2026-09-22 12:35:43', 'theme': '待归位·其他家电', 'n': 1, 'mean_pct': 10.08}, {'ts': '2026-09-22 12:35:43', 'theme': '待归位·出版', 'n': 3, 'mean_pct': 9.9733}, {'ts': '2026-09-22 12:35:43', 'theme': '待归位·包装印刷', 'n': 1, 'mean_pct': 10.05}, {'ts': '2026-09-22 12:35:43', 'theme': '待归位·化学制品', 'n': 1, 'mean_pct': 10.02}, {'ts': '2026-09-22 12:35:43', 'theme': '待归位·化学制药', 'n': 3, 'mean_pct': 13.38}, {'ts': '2026-09-22 12:35:43', 'theme': '待归位·医疗服务', 'n': 2, 'mean_pct': 9.52}, {'ts': '2026-09-22 12:35:43', 'theme': '待归位·半导体', 'n': 1, 'mean_pct': 10.0}, {'ts': '2026-09-22 12:35:43', 'theme': '待归位·塑料', 'n': 1, 'mean_pct': 10.0}, {'ts': '2026-09-22 12:35:43', 'theme': '待归位·家居用品', 'n': 2, 'mean_pct': 7.165}, {'ts': '2026-09-22 12:35:43', 'theme': '待归位·广告营销', 'n': 1, 'mean_pct': 9.93}, {'ts': '2026-09-22 12:35:43', 'theme': '待归位·房地产开', 'n': 1, 'mean_pct': -0.82}, {'ts': '2026-09-22 12:35:43', 'theme': '待归位·房地产服', 'n': 2, 'mean_pct': 9.95}, {'ts': '2026-09-22 12:35:43', 'theme': '待归位·服装家纺', 'n': 1, 'mean_pct': 10.0}, {'ts': '2026-09-22 12:35:43', 'theme': '待归位·燃气Ⅱ', 'n': 1, 'mean_pct': 9.96}, {'ts': '2026-09-22 12:35:43', 'theme': '待归位·软件开发', 'n': 1, 'mean_pct': 10.04}, {'ts': '2026-09-22 12:35:43', 'theme': '待归位·铁路公路', 'n': 1, 'mean_pct': 10.01}, {'ts': '2026-09-22 12:36:43', 'theme': '待归位·IT服务Ⅱ', 'n': 1, 'mean_pct': 10.03}, {'ts': '2026-09-22 12:36:43', 'theme': '待归位·其他家电', 'n': 1, 'mean_pct': 10.08}, {'ts': '2026-09-22 12:36:43', 'theme': '待归位·出版', 'n': 3, 'mean_pct': 9.9733}, {'ts': '2026-09-22 12:36:43', 'theme': '待归位·包装印刷', 'n': 1, 'mean_pct': 10.05}, {'ts': '2026-09-22 12:36:43', 'theme': '待归位·化学制品', 'n': 1, 'mean_pct': 10.02}, {'ts': '2026-09-22 12:36:43', 'theme': '待归位·化学制药', 'n': 3, 'mean_pct': 13.38}, {'ts': '2026-09-22 12:36:43', 'theme': '待归位·医疗服务', 'n': 2, 'mean_pct': 9.52}, {'ts': '2026-09-22 12:36:43', 'theme': '待归位·半导体', 'n': 1, 'mean_pct': 10.0}, {'ts': '2026-09-22 12:36:43', 'theme': '待归位·塑料', 'n': 1, 'mean_pct': 10.0}, {'ts': '2026-09-22 12:36:43', 'theme': '待归位·家居用品', 'n': 2, 'mean_pct': 7.165}, {'ts': '2026-09-22 12:36:43', 'theme': '待归位·广告营销', 'n': 1, 'mean_pct': 9.93}, {'ts': '2026-09-22 12:36:43', 'theme': '待归位·房地产开', 'n': 1, 'mean_pct': -0.82}, {'ts': '2026-09-22 12:36:43', 'theme': '待归位·房地产服', 'n': 2, 'mean_pct': 9.95}, {'ts': '2026-09-22 12:36:43', 'theme': '待归位·服装家纺', 'n': 1, 'mean_pct': 10.0}, {'ts': '2026-09-22 12:36:43', 'theme': '待归位·燃气Ⅱ', 'n': 1, 'mean_pct': 9.96}, {'ts': '2026-09-22 12:36:43', 'theme': '待归位·软件开发', 'n': 1, 'mean_pct': 10.04}, {'ts': '2026-09-22 12:36:43', 'theme': '待归位·铁路公路', 'n': 1, 'mean_pct': 10.01}, {'ts': '2026-09-22 12:37:43', 'theme': '待归位·IT服务Ⅱ', 'n': 1, 'mean_pct': 10.03}, {'ts': '2026-09-22 12:37:43', 'theme': '待归位·其他家电', 'n': 1, 'mean_pct': 10.08}, {'ts': '2026-09-22 12:37:43', 'theme': '待归位·出版', 'n': 3, 'mean_pct': 9.9733}, {'ts': '2026-09-22 12:37:43', 'theme': '待归位·包装印刷', 'n': 1, 'mean_pct': 10.05}, {'ts': '2026-09-22 12:37:43', 'theme': '待归位·化学制品', 'n': 1, 'mean_pct': 10.02}, {'ts': '2026-09-22 12:37:43', 'theme': '待归位·化学制药', 'n': 3, 'mean_pct': 13.38}, {'ts': '2026-09-22 12:37:43', 'theme': '待归位·医疗服务', 'n': 2, 'mean_pct': 9.52}, {'ts': '2026-09-22 12:37:43', 'theme': '待归位·半导体', 'n': 1, 'mean_pct': 10.0}, {'ts': '2026-09-22 12:37:43', 'theme': '待归位·塑料', 'n': 1, 'mean_pct': 10.0}, {'ts': '2026-09-22 12:37:43', 'theme': '待归位·家居用品', 'n': 2, 'mean_pct': 7.165}, {'ts': '2026-09-22 12:37:43', 'theme': '待归位·广告营销', 'n': 1, 'mean_pct': 9.93}, {'ts': '2026-09-22 12:37:43', 'theme': '待归位·房地产开', 'n': 1, 'mean_pct': -0.82}, {'ts': '2026-09-22 12:37:43', 'theme': '待归位·房地产服', 'n': 2, 'mean_pct': 9.95}, {'ts': '2026-09-22 12:37:43', 'theme': '待归位·服装家纺', 'n': 1, 'mean_pct': 10.0}, {'ts': '2026-09-22 12:37:43', 'theme': '待归位·燃气Ⅱ', 'n': 1, 'mean_pct': 9.96}, {'ts': '2026-09-22 12:37:43', 'theme': '待归位·软件开发', 'n': 1, 'mean_pct': 10.04}, {'ts': '2026-09-22 12:37:43', 'theme': '待归位·铁路公路', 'n': 1, 'mean_pct': 10.01}, {'ts': '2026-09-22 12:38:43', 'theme': '待归位·IT服务Ⅱ', 'n': 1, 'mean_pct': 10.03}, {'ts': '2026-09-22 12:38:43', 'theme': '待归位·其他家电', 'n': 1, 'mean_pct': 10.08}, {'ts': '2026-09-22 12:38:43', 'theme': '待归位·出版', 'n': 3, 'mean_pct': 9.9733}, {'ts': '2026-09-22 12:38:43', 'theme': '待归位·包装印刷', 'n': 1, 'mean_pct': 10.05}, {'ts': '2026-09-22 12:38:43', 'theme': '待归位·化学制品', 'n': 1, 'mean_pct': 10.02}, {'ts': '2026-09-22 12:38:43', 'theme': '待归位·化学制药', 'n': 3, 'mean_pct': 13.38}, {'ts': '2026-09-22 12:38:43', 'theme': '待归位·医疗服务', 'n': 2, 'mean_pct': 9.52}, {'ts': '2026-09-22 12:38:43', 'theme': '待归位·半导体', 'n': 1, 'mean_pct': 10.0}, {'ts': '2026-09-22 12:38:43', 'theme': '待归位·塑料', 'n': 1, 'mean_pct': 10.0}, {'ts': '2026-09-22 12:38:43', 'theme': '待归位·家居用品', 'n': 2, 'mean_pct': 7.165}, {'ts': '2026-09-22 12:38:43', 'theme': '待归位·广告营销', 'n': 1, 'mean_pct': 9.93}, {'ts': '2026-09-22 12:38:43', 'theme': '待归位·房地产开', 'n': 1, 'mean_pct': -0.82}, {'ts': '2026-09-22 12:38:43', 'theme': '待归位·房地产服', 'n': 2, 'mean_pct': 9.95}, {'ts': '2026-09-22 12:38:43', 'theme': '待归位·服装家纺', 'n': 1, 'mean_pct': 10.0}, {'ts': '2026-09-22 12:38:43', 'theme': '待归位·燃气Ⅱ', 'n': 1, 'mean_pct': 9.96}, {'ts': '2026-09-22 12:38:43', 'theme': '待归位·软件开发', 'n': 1, 'mean_pct': 10.04}, {'ts': '2026-09-22 12:38:43', 'theme': '待归位·铁路公路', 'n': 1, 'mean_pct': 10.01}, {'ts': '2026-09-22 12:39:43', 'theme': '待归位·IT服务Ⅱ', 'n': 1, 'mean_pct': 10.03}, {'ts': '2026-09-22 12:39:43', 'theme': '待归位·其他家电', 'n': 1, 'mean_pct': 10.08}, {'ts': '2026-09-22 12:39:43', 'theme': '待归位·出版', 'n': 3, 'mean_pct': 9.9733}, {'ts': '2026-09-22 12:39:43', 'theme': '待归位·包装印刷', 'n': 1, 'mean_pct': 10.05}, {'ts': '2026-09-22 12:39:43', 'theme': '待归位·化学制品', 'n': 1, 'mean_pct': 10.02}, {'ts': '2026-09-22 12:39:43', 'theme': '待归位·化学制药', 'n': 3, 'mean_pct': 13.38}, {'ts': '2026-09-22 12:39:43', 'theme': '待归位·医疗服务', 'n': 2, 'mean_pct': 9.52}, {'ts': '2026-09-22 12:39:43', 'theme': '待归位·半导体', 'n': 1, 'mean_pct': 10.0}, {'ts': '2026-09-22 12:39:43', 'theme': '待归位·塑料', 'n': 1, 'mean_pct': 10.0}, {'ts': '2026-09-22 12:39:43', 'theme': '待归位·家居用品', 'n': 2, 'mean_pct': 7.165}, {'ts': '2026-09-22 12:39:43', 'theme': '待归位·广告营销', 'n': 1, 'mean_pct': 9.93}, {'ts': '2026-09-22 12:39:43', 'theme': '待归位·房地产开', 'n': 1, 'mean_pct': -0.82}, {'ts': '2026-09-22 12:39:43', 'theme': '待归位·房地产服', 'n': 2, 'mean_pct': 9.95}, {'ts': '2026-09-22 12:39:43', 'theme': '待归位·服装家纺', 'n': 1, 'mean_pct': 10.0}, {'ts': '2026-09-22 12:39:43', 'theme': '待归位·燃气Ⅱ', 'n': 1, 'mean_pct': 9.96}, {'ts': '2026-09-22 12:39:43', 'theme': '待归位·软件开发', 'n': 1, 'mean_pct': 10.04}, {'ts': '2026-09-22 12:39:43', 'theme': '待归位·铁路公路', 'n': 1, 'mean_pct': 10.01}, {'ts': '2026-09-22 12:40:44', 'theme': '待归位·IT服务Ⅱ', 'n': 1, 'mean_pct': 10.03}, {'ts': '2026-09-22 12:40:44', 'theme': '待归位·其他家电', 'n': 1, 'mean_pct': 10.08}, {'ts': '2026-09-22 12:40:44', 'theme': '待归位·出版', 'n': 3, 'mean_pct': 9.9733}, {'ts': '2026-09-22 12:40:44', 'theme': '待归位·包装印刷', 'n': 1, 'mean_pct': 10.05}, {'ts': '2026-09-22 12:40:44', 'theme': '待归位·化学制品', 'n': 1, 'mean_pct': 10.02}, {'ts': '2026-09-22 12:40:44', 'theme': '待归位·化学制药', 'n': 3, 'mean_pct': 13.38}, {'ts': '2026-09-22 12:40:44', 'theme': '待归位·医疗服务', 'n': 2, 'mean_pct': 9.52}, {'ts': '2026-09-22 12:40:44', 'theme': '待归位·半导体', 'n': 1, 'mean_pct': 10.0}, {'ts': '2026-09-22 12:40:44', 'theme': '待归位·塑料', 'n': 1, 'mean_pct': 10.0}, {'ts': '2026-09-22 12:40:44', 'theme': '待归位·家居用品', 'n': 2, 'mean_pct': 7.165}, {'ts': '2026-09-22 12:40:44', 'theme': '待归位·广告营销', 'n': 1, 'mean_pct': 9.93}, {'ts': '2026-09-22 12:40:44', 'theme': '待归位·房地产开', 'n': 1, 'mean_pct': -0.82}, {'ts': '2026-09-22 12:40:44', 'theme': '待归位·房地产服', 'n': 2, 'mean_pct': 9.95}, {'ts': '2026-09-22 12:40:44', 'theme': '待归位·服装家纺', 'n': 1, 'mean_pct': 10.0}, {'ts': '2026-09-22 12:40:44', 'theme': '待归位·燃气Ⅱ', 'n': 1, 'mean_pct': 9.96}, {'ts': '2026-09-22 12:40:44', 'theme': '待归位·软件开发', 'n': 1, 'mean_pct': 10.04}, {'ts': '2026-09-22 12:40:44', 'theme': '待归位·铁路公路', 'n': 1, 'mean_pct': 10.01}, {'ts': '2026-09-22 12:41:44', 'theme': '待归位·IT服务Ⅱ', 'n': 1, 'mean_pct': 10.03}, {'ts': '2026-09-22 12:41:44', 'theme': '待归位·其他家电', 'n': 1, 'mean_pct': 10.08}, {'ts': '2026-09-22 12:41:44', 'theme': '待归位·出版', 'n': 3, 'mean_pct': 9.9733}, {'ts': '2026-09-22 12:41:44', 'theme': '待归位·包装印刷', 'n': 1, 'mean_pct': 10.05}, {'ts': '2026-09-22 12:41:44', 'theme': '待归位·化学制品', 'n': 1, 'mean_pct': 10.02}, {'ts': '2026-09-22 12:41:44', 'theme': '待归位·化学制药', 'n': 3, 'mean_pct': 13.38}, {'ts': '2026-09-22 12:41:44', 'theme': '待归位·医疗服务', 'n': 2, 'mean_pct': 9.52}, {'ts': '2026-09-22 12:41:44', 'theme': '待归位·半导体', 'n': 1, 'mean_pct': 10.0}, {'ts': '2026-09-22 12:41:44', 'theme': '待归位·塑料', 'n': 1, 'mean_pct': 10.0}, {'ts': '2026-09-22 12:41:44', 'theme': '待归位·家居用品', 'n': 2, 'mean_pct': 7.165}, {'ts': '2026-09-22 12:41:44', 'theme': '待归位·广告营销', 'n': 1, 'mean_pct': 9.93}, {'ts': '2026-09-22 12:41:44', 'theme': '待归位·房地产开', 'n': 1, 'mean_pct': -0.82}, {'ts': '2026-09-22 12:41:44', 'theme': '待归位·房地产服', 'n': 2, 'mean_pct': 9.95}, {'ts': '2026-09-22 12:41:44', 'theme': '待归位·服装家纺', 'n': 1, 'mean_pct': 10.0}, {'ts': '2026-09-22 12:41:44', 'theme': '待归位·燃气Ⅱ', 'n': 1, 'mean_pct': 9.96}, {'ts': '2026-09-22 12:41:44', 'theme': '待归位·软件开发', 'n': 1, 'mean_pct': 10.04}, {'ts': '2026-09-22 12:41:44', 'theme': '待归位·铁路公路', 'n': 1, 'mean_pct': 10.01}, {'ts': '2026-09-22 12:42:44', 'theme': '待归位·IT服务Ⅱ', 'n': 1, 'mean_pct': 10.03}, {'ts': '2026-09-22 12:42:44', 'theme': '待归位·其他家电', 'n': 1, 'mean_pct': 10.08}, {'ts': '2026-09-22 12:42:44', 'theme': '待归位·出版', 'n': 3, 'mean_pct': 9.9733}, {'ts': '2026-09-22 12:42:44', 'theme': '待归位·包装印刷', 'n': 1, 'mean_pct': 10.05}, {'ts': '2026-09-22 12:42:44', 'theme': '待归位·化学制品', 'n': 1, 'mean_pct': 10.02}, {'ts': '2026-09-22 12:42:44', 'theme': '待归位·化学制药', 'n': 3, 'mean_pct': 13.38}, {'ts': '2026-09-22 12:42:44', 'theme': '待归位·医疗服务', 'n': 2, 'mean_pct': 9.52}, {'ts': '2026-09-22 12:42:44', 'theme': '待归位·半导体', 'n': 1, 'mean_pct': 10.0}, {'ts': '2026-09-22 12:42:44', 'theme': '待归位·塑料', 'n': 1, 'mean_pct': 10.0}, {'ts': '2026-09-22 12:42:44', 'theme': '待归位·家居用品', 'n': 2, 'mean_pct': 7.165}, {'ts': '2026-09-22 12:42:44', 'theme': '待归位·广告营销', 'n': 1, 'mean_pct': 9.93}, {'ts': '2026-09-22 12:42:44', 'theme': '待归位·房地产开', 'n': 1, 'mean_pct': -0.82}, {'ts': '2026-09-22 12:42:44', 'theme': '待归位·房地产服', 'n': 2, 'mean_pct': 9.95}, {'ts': '2026-09-22 12:42:44', 'theme': '待归位·服装家纺', 'n': 1, 'mean_pct': 10.0}, {'ts': '2026-09-22 12:42:44', 'theme': '待归位·燃气Ⅱ', 'n': 1, 'mean_pct': 9.96}, {'ts': '2026-09-22 12:42:44', 'theme': '待归位·软件开发', 'n': 1, 'mean_pct': 10.04}, {'ts': '2026-09-22 12:42:44', 'theme': '待归位·铁路公路', 'n': 1, 'mean_pct': 10.01}, {'ts': '2026-09-22 12:43:44', 'theme': '待归位·IT服务Ⅱ', 'n': 1, 'mean_pct': 10.03}, {'ts': '2026-09-22 12:43:44', 'theme': '待归位·其他家电', 'n': 1, 'mean_pct': 10.08}, {'ts': '2026-09-22 12:43:44', 'theme': '待归位·出版', 'n': 3, 'mean_pct': 9.9733}, {'ts': '2026-09-22 12:43:44', 'theme': '待归位·包装印刷', 'n': 1, 'mean_pct': 10.05}, {'ts': '2026-09-22 12:43:44', 'theme': '待归位·化学制品', 'n': 1, 'mean_pct': 10.02}, {'ts': '2026-09-22 12:43:44', 'theme': '待归位·化学制药', 'n': 3, 'mean_pct': 13.38}, {'ts': '2026-09-22 12:43:44', 'theme': '待归位·医疗服务', 'n': 2, 'mean_pct': 9.52}, {'ts': '2026-09-22 12:43:44', 'theme': '待归位·半导体', 'n': 1, 'mean_pct': 10.0}, {'ts': '2026-09-22 12:43:44', 'theme': '待归位·塑料', 'n': 1, 'mean_pct': 10.0}, {'ts': '2026-09-22 12:43:44', 'theme': '待归位·家居用品', 'n': 2, 'mean_pct': 7.165}, {'ts': '2026-09-22 12:43:44', 'theme': '待归位·广告营销', 'n': 1, 'mean_pct': 9.93}, {'ts': '2026-09-22 12:43:44', 'theme': '待归位·房地产开', 'n': 1, 'mean_pct': -0.82}, {'ts': '2026-09-22 12:43:44', 'theme': '待归位·房地产服', 'n': 2, 'mean_pct': 9.95}, {'ts': '2026-09-22 12:43:44', 'theme': '待归位·服装家纺', 'n': 1, 'mean_pct': 10.0}, {'ts': '2026-09-22 12:43:44', 'theme': '待归位·燃气Ⅱ', 'n': 1, 'mean_pct': 9.96}, {'ts': '2026-09-22 12:43:44', 'theme': '待归位·软件开发', 'n': 1, 'mean_pct': 10.04}, {'ts': '2026-09-22 12:43:44', 'theme': '待归位·铁路公路', 'n': 1, 'mean_pct': 10.01}, {'ts': '2026-09-22 12:44:45', 'theme': '待归位·IT服务Ⅱ', 'n': 1, 'mean_pct': 10.03}, {'ts': '2026-09-22 12:44:45', 'theme': '待归位·其他家电', 'n': 1, 'mean_pct': 10.08}, {'ts': '2026-09-22 12:44:45', 'theme': '待归位·出版', 'n': 3, 'mean_pct': 9.9733}, {'ts': '2026-09-22 12:44:45', 'theme': '待归位·包装印刷', 'n': 1, 'mean_pct': 10.05}, {'ts': '2026-09-22 12:44:45', 'theme': '待归位·化学制品', 'n': 1, 'mean_pct': 10.02}, {'ts': '2026-09-22 12:44:45', 'theme': '待归位·化学制药', 'n': 3, 'mean_pct': 13.38}, {'ts': '2026-09-22 12:44:45', 'theme': '待归位·医疗服务', 'n': 2, 'mean_pct': 9.52}, {'ts': '2026-09-22 12:44:45', 'theme': '待归位·半导体', 'n': 1, 'mean_pct': 10.0}, {'ts': '2026-09-22 12:44:45', 'theme': '待归位·塑料', 'n': 1, 'mean_pct': 10.0}, {'ts': '2026-09-22 12:44:45', 'theme': '待归位·家居用品', 'n': 2, 'mean_pct': 7.165}, {'ts': '2026-09-22 12:44:45', 'theme': '待归位·广告营销', 'n': 1, 'mean_pct': 9.93}, {'ts': '2026-09-22 12:44:45', 'theme': '待归位·房地产开', 'n': 1, 'mean_pct': -0.82}, {'ts': '2026-09-22 12:44:45', 'theme': '待归位·房地产服', 'n': 2, 'mean_pct': 9.95}, {'ts': '2026-09-22 12:44:45', 'theme': '待归位·服装家纺', 'n': 1, 'mean_pct': 10.0}, {'ts': '2026-09-22 12:44:45', 'theme': '待归位·燃气Ⅱ', 'n': 1, 'mean_pct': 9.96}, {'ts': '2026-09-22 12:44:45', 'theme': '待归位·软件开发', 'n': 1, 'mean_pct': 10.04}, {'ts': '2026-09-22 12:44:45', 'theme': '待归位·铁路公路', 'n': 1, 'mean_pct': 10.01}, {'ts': '2026-09-22 12:45:45', 'theme': '待归位·IT服务Ⅱ', 'n': 1, 'mean_pct': 10.03}, {'ts': '2026-09-22 12:45:45', 'theme': '待归位·其他家电', 'n': 1, 'mean_pct': 10.08}, {'ts': '2026-09-22 12:45:45', 'theme': '待归位·出版', 'n': 3, 'mean_pct': 9.9733}, {'ts': '2026-09-22 12:45:45', 'theme': '待归位·包装印刷', 'n': 1, 'mean_pct': 10.05}, {'ts': '2026-09-22 12:45:45', 'theme': '待归位·化学制品', 'n': 1, 'mean_pct': 10.02}, {'ts': '2026-09-22 12:45:45', 'theme': '待归位·化学制药', 'n': 3, 'mean_pct': 13.38}, {'ts': '2026-09-22 12:45:45', 'theme': '待归位·医疗服务', 'n': 2, 'mean_pct': 9.52}, {'ts': '2026-09-22 12:45:45', 'theme': '待归位·半导体', 'n': 1, 'mean_pct': 10.0}, {'ts': '2026-09-22 12:45:45', 'theme': '待归位·塑料', 'n': 1, 'mean_pct': 10.0}, {'ts': '2026-09-22 12:45:45', 'theme': '待归位·家居用品', 'n': 2, 'mean_pct': 7.165}, {'ts': '2026-09-22 12:45:45', 'theme': '待归位·广告营销', 'n': 1, 'mean_pct': 9.93}, {'ts': '2026-09-22 12:45:45', 'theme': '待归位·房地产开', 'n': 1, 'mean_pct': -0.82}, {'ts': '2026-09-22 12:45:45', 'theme': '待归位·房地产服', 'n': 2, 'mean_pct': 9.95}, {'ts': '2026-09-22 12:45:45', 'theme': '待归位·服装家纺', 'n': 1, 'mean_pct': 10.0}, {'ts': '2026-09-22 12:45:45', 'theme': '待归位·燃气Ⅱ', 'n': 1, 'mean_pct': 9.96}, {'ts': '2026-09-22 12:45:45', 'theme': '待归位·软件开发', 'n': 1, 'mean_pct': 10.04}, {'ts': '2026-09-22 12:45:45', 'theme': '待归位·铁路公路', 'n': 1, 'mean_pct': 10.01}, {'ts': '2026-09-22 12:46:45', 'theme': '待归位·IT服务Ⅱ', 'n': 1, 'mean_pct': 10.03}, {'ts': '2026-09-22 12:46:45', 'theme': '待归位·其他家电', 'n': 1, 'mean_pct': 10.08}, {'ts': '2026-09-22 12:46:45', 'theme': '待归位·出版', 'n': 3, 'mean_pct': 9.9733}, {'ts': '2026-09-22 12:46:45', 'theme': '待归位·包装印刷', 'n': 1, 'mean_pct': 10.05}, {'ts': '2026-09-22 12:46:45', 'theme': '待归位·化学制品', 'n': 1, 'mean_pct': 10.02}, {'ts': '2026-09-22 12:46:45', 'theme': '待归位·化学制药', 'n': 3, 'mean_pct': 13.38}, {'ts': '2026-09-22 12:46:45', 'theme': '待归位·医疗服务', 'n': 2, 'mean_pct': 9.52}, {'ts': '2026-09-22 12:46:45', 'theme': '待归位·半导体', 'n': 1, 'mean_pct': 10.0}, {'ts': '2026-09-22 12:46:45', 'theme': '待归位·塑料', 'n': 1, 'mean_pct': 10.0}, {'ts': '2026-09-22 12:46:45', 'theme': '待归位·家居用品', 'n': 2, 'mean_pct': 7.165}, {'ts': '2026-09-22 12:46:45', 'theme': '待归位·广告营销', 'n': 1, 'mean_pct': 9.93}, {'ts': '2026-09-22 12:46:45', 'theme': '待归位·房地产开', 'n': 1, 'mean_pct': -0.82}, {'ts': '2026-09-22 12:46:45', 'theme': '待归位·房地产服', 'n': 2, 'mean_pct': 9.95}, {'ts': '2026-09-22 12:46:45', 'theme': '待归位·服装家纺', 'n': 1, 'mean_pct': 10.0}, {'ts': '2026-09-22 12:46:45', 'theme': '待归位·燃气Ⅱ', 'n': 1, 'mean_pct': 9.96}, {'ts': '2026-09-22 12:46:45', 'theme': '待归位·软件开发', 'n': 1, 'mean_pct': 10.04}, {'ts': '2026-09-22 12:46:45', 'theme': '待归位·铁路公路', 'n': 1, 'mean_pct': 10.01}, {'ts': '2026-09-22 12:47:45', 'theme': '待归位·IT服务Ⅱ', 'n': 1, 'mean_pct': 10.03}, {'ts': '2026-09-22 12:47:45', 'theme': '待归位·其他家电', 'n': 1, 'mean_pct': 10.08}, {'ts': '2026-09-22 12:47:45', 'theme': '待归位·出版', 'n': 3, 'mean_pct': 9.9733}, {'ts': '2026-09-22 12:47:45', 'theme': '待归位·包装印刷', 'n': 1, 'mean_pct': 10.05}, {'ts': '2026-09-22 12:47:45', 'theme': '待归位·化学制品', 'n': 1, 'mean_pct': 10.02}, {'ts': '2026-09-22 12:47:45', 'theme': '待归位·化学制药', 'n': 3, 'mean_pct': 13.38}, {'ts': '2026-09-22 12:47:45', 'theme': '待归位·医疗服务', 'n': 2, 'mean_pct': 9.52}, {'ts': '2026-09-22 12:47:45', 'theme': '待归位·半导体', 'n': 1, 'mean_pct': 10.0}, {'ts': '2026-09-22 12:47:45', 'theme': '待归位·塑料', 'n': 1, 'mean_pct': 10.0}, {'ts': '2026-09-22 12:47:45', 'theme': '待归位·家居用品', 'n': 2, 'mean_pct': 7.165}, {'ts': '2026-09-22 12:47:45', 'theme': '待归位·广告营销', 'n': 1, 'mean_pct': 9.93}, {'ts': '2026-09-22 12:47:45', 'theme': '待归位·房地产开', 'n': 1, 'mean_pct': -0.82}, {'ts': '2026-09-22 12:47:45', 'theme': '待归位·房地产服', 'n': 2, 'mean_pct': 9.95}, {'ts': '2026-09-22 12:47:45', 'theme': '待归位·服装家纺', 'n': 1, 'mean_pct': 10.0}, {'ts': '2026-09-22 12:47:45', 'theme': '待归位·燃气Ⅱ', 'n': 1, 'mean_pct': 9.96}, {'ts': '2026-09-22 12:47:45', 'theme': '待归位·软件开发', 'n': 1, 'mean_pct': 10.04}, {'ts': '2026-09-22 12:47:45', 'theme': '待归位·铁路公路', 'n': 1, 'mean_pct': 10.01}, {'ts': '2026-09-22 12:48:45', 'theme': '待归位·IT服务Ⅱ', 'n': 1, 'mean_pct': 10.03}, {'ts': '2026-09-22 12:48:45', 'theme': '待归位·其他家电', 'n': 1, 'mean_pct': 10.08}, {'ts': '2026-09-22 12:48:45', 'theme': '待归位·出版', 'n': 3, 'mean_pct': 9.9733}, {'ts': '2026-09-22 12:48:45', 'theme': '待归位·包装印刷', 'n': 1, 'mean_pct': 10.05}, {'ts': '2026-09-22 12:48:45', 'theme': '待归位·化学制品', 'n': 1, 'mean_pct': 10.02}, {'ts': '2026-09-22 12:48:45', 'theme': '待归位·化学制药', 'n': 3, 'mean_pct': 13.38}, {'ts': '2026-09-22 12:48:45', 'theme': '待归位·医疗服务', 'n': 2, 'mean_pct': 9.52}, {'ts': '2026-09-22 12:48:45', 'theme': '待归位·半导体', 'n': 1, 'mean_pct': 10.0}, {'ts': '2026-09-22 12:48:45', 'theme': '待归位·塑料', 'n': 1, 'mean_pct': 10.0}, {'ts': '2026-09-22 12:48:45', 'theme': '待归位·家居用品', 'n': 2, 'mean_pct': 7.165}, {'ts': '2026-09-22 12:48:45', 'theme': '待归位·广告营销', 'n': 1, 'mean_pct': 9.93}, {'ts': '2026-09-22 12:48:45', 'theme': '待归位·房地产开', 'n': 1, 'mean_pct': -0.82}, {'ts': '2026-09-22 12:48:45', 'theme': '待归位·房地产服', 'n': 2, 'mean_pct': 9.95}, {'ts': '2026-09-22 12:48:45', 'theme': '待归位·服装家纺', 'n': 1, 'mean_pct': 10.0}, {'ts': '2026-09-22 12:48:45', 'theme': '待归位·燃气Ⅱ', 'n': 1, 'mean_pct': 9.96}, {'ts': '2026-09-22 12:48:45', 'theme': '待归位·软件开发', 'n': 1, 'mean_pct': 10.04}, {'ts': '2026-09-22 12:48:45', 'theme': '待归位·铁路公路', 'n': 1, 'mean_pct': 10.01}, {'ts': '2026-09-22 12:49:46', 'theme': '待归位·IT服务Ⅱ', 'n': 1, 'mean_pct': 10.03}, {'ts': '2026-09-22 12:49:46', 'theme': '待归位·其他家电', 'n': 1, 'mean_pct': 10.08}, {'ts': '2026-09-22 12:49:46', 'theme': '待归位·出版', 'n': 3, 'mean_pct': 9.9733}, {'ts': '2026-09-22 12:49:46', 'theme': '待归位·包装印刷', 'n': 1, 'mean_pct': 10.05}, {'ts': '2026-09-22 12:49:46', 'theme': '待归位·化学制品', 'n': 1, 'mean_pct': 10.02}, {'ts': '2026-09-22 12:49:46', 'theme': '待归位·化学制药', 'n': 3, 'mean_pct': 13.38}, {'ts': '2026-09-22 12:49:46', 'theme': '待归位·医疗服务', 'n': 2, 'mean_pct': 9.52}, {'ts': '2026-09-22 12:49:46', 'theme': '待归位·半导体', 'n': 1, 'mean_pct': 10.0}, {'ts': '2026-09-22 12:49:46', 'theme': '待归位·塑料', 'n': 1, 'mean_pct': 10.0}, {'ts': '2026-09-22 12:49:46', 'theme': '待归位·家居用品', 'n': 2, 'mean_pct': 7.165}, {'ts': '2026-09-22 12:49:46', 'theme': '待归位·广告营销', 'n': 1, 'mean_pct': 9.93}, {'ts': '2026-09-22 12:49:46', 'theme': '待归位·房地产开', 'n': 1, 'mean_pct': -0.82}, {'ts': '2026-09-22 12:49:46', 'theme': '待归位·房地产服', 'n': 2, 'mean_pct': 9.95}, {'ts': '2026-09-22 12:49:46', 'theme': '待归位·服装家纺', 'n': 1, 'mean_pct': 10.0}, {'ts': '2026-09-22 12:49:46', 'theme': '待归位·燃气Ⅱ', 'n': 1, 'mean_pct': 9.96}, {'ts': '2026-09-22 12:49:46', 'theme': '待归位·软件开发', 'n': 1, 'mean_pct': 10.04}, {'ts': '2026-09-22 12:49:46', 'theme': '待归位·铁路公路', 'n': 1, 'mean_pct': 10.01}, {'ts': '2026-09-22 12:50:46', 'theme': '待归位·IT服务Ⅱ', 'n': 1, 'mean_pct': 10.03}, {'ts': '2026-09-22 12:50:46', 'theme': '待归位·其他家电', 'n': 1, 'mean_pct': 10.08}, {'ts': '2026-09-22 12:50:46', 'theme': '待归位·出版', 'n': 3, 'mean_pct': 9.9733}, {'ts': '2026-09-22 12:50:46', 'theme': '待归位·包装印刷', 'n': 1, 'mean_pct': 10.05}, {'ts': '2026-09-22 12:50:46', 'theme': '待归位·化学制品', 'n': 1, 'mean_pct': 10.02}, {'ts': '2026-09-22 12:50:46', 'theme': '待归位·化学制药', 'n': 3, 'mean_pct': 13.38}, {'ts': '2026-09-22 12:50:46', 'theme': '待归位·医疗服务', 'n': 2, 'mean_pct': 9.52}, {'ts': '2026-09-22 12:50:46', 'theme': '待归位·半导体', 'n': 1, 'mean_pct': 10.0}, {'ts': '2026-09-22 12:50:46', 'theme': '待归位·塑料', 'n': 1, 'mean_pct': 10.0}, {'ts': '2026-09-22 12:50:46', 'theme': '待归位·家居用品', 'n': 2, 'mean_pct': 7.165}, {'ts': '2026-09-22 12:50:46', 'theme': '待归位·广告营销', 'n': 1, 'mean_pct': 9.93}, {'ts': '2026-09-22 12:50:46', 'theme': '待归位·房地产开', 'n': 1, 'mean_pct': -0.82}, {'ts': '2026-09-22 12:50:46', 'theme': '待归位·房地产服', 'n': 2, 'mean_pct': 9.95}, {'ts': '2026-09-22 12:50:46', 'theme': '待归位·服装家纺', 'n': 1, 'mean_pct': 10.0}, {'ts': '2026-09-22 12:50:46', 'theme': '待归位·燃气Ⅱ', 'n': 1, 'mean_pct': 9.96}, {'ts': '2026-09-22 12:50:46', 'theme': '待归位·软件开发', 'n': 1, 'mean_pct': 10.04}, {'ts': '2026-09-22 12:50:46', 'theme': '待归位·铁路公路', 'n': 1, 'mean_pct': 10.01}, {'ts': '2026-09-22 12:51:46', 'theme': '待归位·IT服务Ⅱ', 'n': 1, 'mean_pct': 10.03}, {'ts': '2026-09-22 12:51:46', 'theme': '待归位·其他家电', 'n': 1, 'mean_pct': 10.08}, {'ts': '2026-09-22 12:51:46', 'theme': '待归位·出版', 'n': 3, 'mean_pct': 9.9733}, {'ts': '2026-09-22 12:51:46', 'theme': '待归位·包装印刷', 'n': 1, 'mean_pct': 10.05}, {'ts': '2026-09-22 12:51:46', 'theme': '待归位·化学制品', 'n': 1, 'mean_pct': 10.02}, {'ts': '2026-09-22 12:51:46', 'theme': '待归位·化学制药', 'n': 3, 'mean_pct': 13.38}, {'ts': '2026-09-22 12:51:46', 'theme': '待归位·医疗服务', 'n': 2, 'mean_pct': 9.52}, {'ts': '2026-09-22 12:51:46', 'theme': '待归位·半导体', 'n': 1, 'mean_pct': 10.0}, {'ts': '2026-09-22 12:51:46', 'theme': '待归位·塑料', 'n': 1, 'mean_pct': 10.0}, {'ts': '2026-09-22 12:51:46', 'theme': '待归位·家居用品', 'n': 2, 'mean_pct': 7.165}, {'ts': '2026-09-22 12:51:46', 'theme': '待归位·广告营销', 'n': 1, 'mean_pct': 9.93}, {'ts': '2026-09-22 12:51:46', 'theme': '待归位·房地产开', 'n': 1, 'mean_pct': -0.82}, {'ts': '2026-09-22 12:51:46', 'theme': '待归位·房地产服', 'n': 2, 'mean_pct': 9.95}, {'ts': '2026-09-22 12:51:46', 'theme': '待归位·服装家纺', 'n': 1, 'mean_pct': 10.0}, {'ts': '2026-09-22 12:51:46', 'theme': '待归位·燃气Ⅱ', 'n': 1, 'mean_pct': 9.96}, {'ts': '2026-09-22 12:51:46', 'theme': '待归位·软件开发', 'n': 1, 'mean_pct': 10.04}, {'ts': '2026-09-22 12:51:46', 'theme': '待归位·铁路公路', 'n': 1, 'mean_pct': 10.01}, {'ts': '2026-09-22 12:52:46', 'theme': '待归位·IT服务Ⅱ', 'n': 1, 'mean_pct': 10.03}, {'ts': '2026-09-22 12:52:46', 'theme': '待归位·其他家电', 'n': 1, 'mean_pct': 10.08}, {'ts': '2026-09-22 12:52:46', 'theme': '待归位·出版', 'n': 3, 'mean_pct': 9.9733}, {'ts': '2026-09-22 12:52:46', 'theme': '待归位·包装印刷', 'n': 1, 'mean_pct': 10.05}, {'ts': '2026-09-22 12:52:46', 'theme': '待归位·化学制品', 'n': 1, 'mean_pct': 10.02}, {'ts': '2026-09-22 12:52:46', 'theme': '待归位·化学制药', 'n': 3, 'mean_pct': 13.38}, {'ts': '2026-09-22 12:52:46', 'theme': '待归位·医疗服务', 'n': 2, 'mean_pct': 9.52}, {'ts': '2026-09-22 12:52:46', 'theme': '待归位·半导体', 'n': 1, 'mean_pct': 10.0}, {'ts': '2026-09-22 12:52:46', 'theme': '待归位·塑料', 'n': 1, 'mean_pct': 10.0}, {'ts': '2026-09-22 12:52:46', 'theme': '待归位·家居用品', 'n': 2, 'mean_pct': 7.165}, {'ts': '2026-09-22 12:52:46', 'theme': '待归位·广告营销', 'n': 1, 'mean_pct': 9.93}, {'ts': '2026-09-22 12:52:46', 'theme': '待归位·房地产开', 'n': 1, 'mean_pct': -0.82}, {'ts': '2026-09-22 12:52:46', 'theme': '待归位·房地产服', 'n': 2, 'mean_pct': 9.95}, {'ts': '2026-09-22 12:52:46', 'theme': '待归位·服装家纺', 'n': 1, 'mean_pct': 10.0}, {'ts': '2026-09-22 12:52:46', 'theme': '待归位·燃气Ⅱ', 'n': 1, 'mean_pct': 9.96}, {'ts': '2026-09-22 12:52:46', 'theme': '待归位·软件开发', 'n': 1, 'mean_pct': 10.04}, {'ts': '2026-09-22 12:52:46', 'theme': '待归位·铁路公路', 'n': 1, 'mean_pct': 10.01}, {'ts': '2026-09-22 12:53:46', 'theme': '待归位·IT服务Ⅱ', 'n': 1, 'mean_pct': 10.03}, {'ts': '2026-09-22 12:53:46', 'theme': '待归位·其他家电', 'n': 1, 'mean_pct': 10.08}, {'ts': '2026-09-22 12:53:46', 'theme': '待归位·出版', 'n': 3, 'mean_pct': 9.9733}, {'ts': '2026-09-22 12:53:46', 'theme': '待归位·包装印刷', 'n': 1, 'mean_pct': 10.05}, {'ts': '2026-09-22 12:53:46', 'theme': '待归位·化学制品', 'n': 1, 'mean_pct': 10.02}, {'ts': '2026-09-22 12:53:46', 'theme': '待归位·化学制药', 'n': 3, 'mean_pct': 13.38}, {'ts': '2026-09-22 12:53:46', 'theme': '待归位·医疗服务', 'n': 2, 'mean_pct': 9.52}, {'ts': '2026-09-22 12:53:46', 'theme': '待归位·半导体', 'n': 1, 'mean_pct': 10.0}, {'ts': '2026-09-22 12:53:46', 'theme': '待归位·塑料', 'n': 1, 'mean_pct': 10.0}, {'ts': '2026-09-22 12:53:46', 'theme': '待归位·家居用品', 'n': 2, 'mean_pct': 7.165}, {'ts': '2026-09-22 12:53:46', 'theme': '待归位·广告营销', 'n': 1, 'mean_pct': 9.93}, {'ts': '2026-09-22 12:53:46', 'theme': '待归位·房地产开', 'n': 1, 'mean_pct': -0.82}, {'ts': '2026-09-22 12:53:46', 'theme': '待归位·房地产服', 'n': 2, 'mean_pct': 9.95}, {'ts': '2026-09-22 12:53:46', 'theme': '待归位·服装家纺', 'n': 1, 'mean_pct': 10.0}, {'ts': '2026-09-22 12:53:46', 'theme': '待归位·燃气Ⅱ', 'n': 1, 'mean_pct': 9.96}, {'ts': '2026-09-22 12:53:46', 'theme': '待归位·软件开发', 'n': 1, 'mean_pct': 10.04}, {'ts': '2026-09-22 12:53:46', 'theme': '待归位·铁路公路', 'n': 1, 'mean_pct': 10.01}, {'ts': '2026-09-22 12:54:47', 'theme': '待归位·IT服务Ⅱ', 'n': 1, 'mean_pct': 10.03}, {'ts': '2026-09-22 12:54:47', 'theme': '待归位·其他家电', 'n': 1, 'mean_pct': 10.08}, {'ts': '2026-09-22 12:54:47', 'theme': '待归位·出版', 'n': 3, 'mean_pct': 9.9733}, {'ts': '2026-09-22 12:54:47', 'theme': '待归位·包装印刷', 'n': 1, 'mean_pct': 10.05}, {'ts': '2026-09-22 12:54:47', 'theme': '待归位·化学制品', 'n': 1, 'mean_pct': 10.02}, {'ts': '2026-09-22 12:54:47', 'theme': '待归位·化学制药', 'n': 3, 'mean_pct': 13.38}, {'ts': '2026-09-22 12:54:47', 'theme': '待归位·医疗服务', 'n': 2, 'mean_pct': 9.52}, {'ts': '2026-09-22 12:54:47', 'theme': '待归位·半导体', 'n': 1, 'mean_pct': 10.0}, {'ts': '2026-09-22 12:54:47', 'theme': '待归位·塑料', 'n': 1, 'mean_pct': 10.0}, {'ts': '2026-09-22 12:54:47', 'theme': '待归位·家居用品', 'n': 2, 'mean_pct': 7.165}, {'ts': '2026-09-22 12:54:47', 'theme': '待归位·广告营销', 'n': 1, 'mean_pct': 9.93}, {'ts': '2026-09-22 12:54:47', 'theme': '待归位·房地产开', 'n': 1, 'mean_pct': -0.82}, {'ts': '2026-09-22 12:54:47', 'theme': '待归位·房地产服', 'n': 2, 'mean_pct': 9.95}, {'ts': '2026-09-22 12:54:47', 'theme': '待归位·服装家纺', 'n': 1, 'mean_pct': 10.0}, {'ts': '2026-09-22 12:54:47', 'theme': '待归位·燃气Ⅱ', 'n': 1, 'mean_pct': 9.96}, {'ts': '2026-09-22 12:54:47', 'theme': '待归位·软件开发', 'n': 1, 'mean_pct': 10.04}, {'ts': '2026-09-22 12:54:47', 'theme': '待归位·铁路公路', 'n': 1, 'mean_pct': 10.01}, {'ts': '2026-09-22 12:55:47', 'theme': '待归位·IT服务Ⅱ', 'n': 1, 'mean_pct': 10.03}, {'ts': '2026-09-22 12:55:47', 'theme': '待归位·其他家电', 'n': 1, 'mean_pct': 10.08}, {'ts': '2026-09-22 12:55:47', 'theme': '待归位·出版', 'n': 3, 'mean_pct': 9.9733}, {'ts': '2026-09-22 12:55:47', 'theme': '待归位·包装印刷', 'n': 1, 'mean_pct': 10.05}, {'ts': '2026-09-22 12:55:47', 'theme': '待归位·化学制品', 'n': 1, 'mean_pct': 10.02}, {'ts': '2026-09-22 12:55:47', 'theme': '待归位·化学制药', 'n': 3, 'mean_pct': 13.38}, {'ts': '2026-09-22 12:55:47', 'theme': '待归位·医疗服务', 'n': 2, 'mean_pct': 9.52}, {'ts': '2026-09-22 12:55:47', 'theme': '待归位·半导体', 'n': 1, 'mean_pct': 10.0}, {'ts': '2026-09-22 12:55:47', 'theme': '待归位·塑料', 'n': 1, 'mean_pct': 10.0}, {'ts': '2026-09-22 12:55:47', 'theme': '待归位·家居用品', 'n': 2, 'mean_pct': 7.165}, {'ts': '2026-09-22 12:55:47', 'theme': '待归位·广告营销', 'n': 1, 'mean_pct': 9.93}, {'ts': '2026-09-22 12:55:47', 'theme': '待归位·房地产开', 'n': 1, 'mean_pct': -0.82}, {'ts': '2026-09-22 12:55:47', 'theme': '待归位·房地产服', 'n': 2, 'mean_pct': 9.95}, {'ts': '2026-09-22 12:55:47', 'theme': '待归位·服装家纺', 'n': 1, 'mean_pct': 10.0}, {'ts': '2026-09-22 12:55:47', 'theme': '待归位·燃气Ⅱ', 'n': 1, 'mean_pct': 9.96}, {'ts': '2026-09-22 12:55:47', 'theme': '待归位·软件开发', 'n': 1, 'mean_pct': 10.04}, {'ts': '2026-09-22 12:55:47', 'theme': '待归位·铁路公路', 'n': 1, 'mean_pct': 10.01}, {'ts': '2026-09-22 12:56:47', 'theme': '待归位·IT服务Ⅱ', 'n': 1, 'mean_pct': 10.03}, {'ts': '2026-09-22 12:56:47', 'theme': '待归位·其他家电', 'n': 1, 'mean_pct': 10.08}, {'ts': '2026-09-22 12:56:47', 'theme': '待归位·出版', 'n': 3, 'mean_pct': 9.9733}, {'ts': '2026-09-22 12:56:47', 'theme': '待归位·包装印刷', 'n': 1, 'mean_pct': 10.05}, {'ts': '2026-09-22 12:56:47', 'theme': '待归位·化学制品', 'n': 1, 'mean_pct': 10.02}, {'ts': '2026-09-22 12:56:47', 'theme': '待归位·化学制药', 'n': 3, 'mean_pct': 13.38}, {'ts': '2026-09-22 12:56:47', 'theme': '待归位·医疗服务', 'n': 2, 'mean_pct': 9.52}, {'ts': '2026-09-22 12:56:47', 'theme': '待归位·半导体', 'n': 1, 'mean_pct': 10.0}, {'ts': '2026-09-22 12:56:47', 'theme': '待归位·塑料', 'n': 1, 'mean_pct': 10.0}, {'ts': '2026-09-22 12:56:47', 'theme': '待归位·家居用品', 'n': 2, 'mean_pct': 7.165}, {'ts': '2026-09-22 12:56:47', 'theme': '待归位·广告营销', 'n': 1, 'mean_pct': 9.93}, {'ts': '2026-09-22 12:56:47', 'theme': '待归位·房地产开', 'n': 1, 'mean_pct': -0.82}, {'ts': '2026-09-22 12:56:47', 'theme': '待归位·房地产服', 'n': 2, 'mean_pct': 9.95}, {'ts': '2026-09-22 12:56:47', 'theme': '待归位·服装家纺', 'n': 1, 'mean_pct': 10.0}, {'ts': '2026-09-22 12:56:47', 'theme': '待归位·燃气Ⅱ', 'n': 1, 'mean_pct': 9.96}, {'ts': '2026-09-22 12:56:47', 'theme': '待归位·软件开发', 'n': 1, 'mean_pct': 10.04}, {'ts': '2026-09-22 12:56:47', 'theme': '待归位·铁路公路', 'n': 1, 'mean_pct': 10.01}, {'ts': '2026-09-22 12:57:47', 'theme': '待归位·IT服务Ⅱ', 'n': 1, 'mean_pct': 10.03}, {'ts': '2026-09-22 12:57:47', 'theme': '待归位·其他家电', 'n': 1, 'mean_pct': 10.08}, {'ts': '2026-09-22 12:57:47', 'theme': '待归位·出版', 'n': 3, 'mean_pct': 9.9733}, {'ts': '2026-09-22 12:57:47', 'theme': '待归位·包装印刷', 'n': 1, 'mean_pct': 10.05}, {'ts': '2026-09-22 12:57:47', 'theme': '待归位·化学制品', 'n': 1, 'mean_pct': 10.02}, {'ts': '2026-09-22 12:57:47', 'theme': '待归位·化学制药', 'n': 3, 'mean_pct': 13.38}, {'ts': '2026-09-22 12:57:47', 'theme': '待归位·医疗服务', 'n': 2, 'mean_pct': 9.52}, {'ts': '2026-09-22 12:57:47', 'theme': '待归位·半导体', 'n': 1, 'mean_pct': 10.0}, {'ts': '2026-09-22 12:57:47', 'theme': '待归位·塑料', 'n': 1, 'mean_pct': 10.0}, {'ts': '2026-09-22 12:57:47', 'theme': '待归位·家居用品', 'n': 2, 'mean_pct': 7.165}, {'ts': '2026-09-22 12:57:47', 'theme': '待归位·广告营销', 'n': 1, 'mean_pct': 9.93}, {'ts': '2026-09-22 12:57:47', 'theme': '待归位·房地产开', 'n': 1, 'mean_pct': -0.82}, {'ts': '2026-09-22 12:57:47', 'theme': '待归位·房地产服', 'n': 2, 'mean_pct': 9.95}, {'ts': '2026-09-22 12:57:47', 'theme': '待归位·服装家纺', 'n': 1, 'mean_pct': 10.0}, {'ts': '2026-09-22 12:57:47', 'theme': '待归位·燃气Ⅱ', 'n': 1, 'mean_pct': 9.96}, {'ts': '2026-09-22 12:57:47', 'theme': '待归位·软件开发', 'n': 1, 'mean_pct': 10.04}, {'ts': '2026-09-22 12:57:47', 'theme': '待归位·铁路公路', 'n': 1, 'mean_pct': 10.01}, {'ts': '2026-09-22 12:58:48', 'theme': '待归位·IT服务Ⅱ', 'n': 1, 'mean_pct': 10.03}, {'ts': '2026-09-22 12:58:48', 'theme': '待归位·其他家电', 'n': 1, 'mean_pct': 10.08}, {'ts': '2026-09-22 12:58:48', 'theme': '待归位·出版', 'n': 3, 'mean_pct': 9.9733}, {'ts': '2026-09-22 12:58:48', 'theme': '待归位·包装印刷', 'n': 1, 'mean_pct': 10.05}, {'ts': '2026-09-22 12:58:48', 'theme': '待归位·化学制品', 'n': 1, 'mean_pct': 10.02}, {'ts': '2026-09-22 12:58:48', 'theme': '待归位·化学制药', 'n': 3, 'mean_pct': 13.38}, {'ts': '2026-09-22 12:58:48', 'theme': '待归位·医疗服务', 'n': 2, 'mean_pct': 9.52}, {'ts': '2026-09-22 12:58:48', 'theme': '待归位·半导体', 'n': 1, 'mean_pct': 10.0}, {'ts': '2026-09-22 12:58:48', 'theme': '待归位·塑料', 'n': 1, 'mean_pct': 10.0}, {'ts': '2026-09-22 12:58:48', 'theme': '待归位·家居用品', 'n': 2, 'mean_pct': 7.165}, {'ts': '2026-09-22 12:58:48', 'theme': '待归位·广告营销', 'n': 1, 'mean_pct': 9.93}, {'ts': '2026-09-22 12:58:48', 'theme': '待归位·房地产开', 'n': 1, 'mean_pct': -0.82}, {'ts': '2026-09-22 12:58:48', 'theme': '待归位·房地产服', 'n': 2, 'mean_pct': 9.95}, {'ts': '2026-09-22 12:58:48', 'theme': '待归位·服装家纺', 'n': 1, 'mean_pct': 10.0}, {'ts': '2026-09-22 12:58:48', 'theme': '待归位·燃气Ⅱ', 'n': 1, 'mean_pct': 9.96}, {'ts': '2026-09-22 12:58:48', 'theme': '待归位·软件开发', 'n': 1, 'mean_pct': 10.04}, {'ts': '2026-09-22 12:58:48', 'theme': '待归位·铁路公路', 'n': 1, 'mean_pct': 10.01}, {'ts': '2026-09-22 12:59:48', 'theme': '待归位·IT服务Ⅱ', 'n': 1, 'mean_pct': 10.03}, {'ts': '2026-09-22 12:59:48', 'theme': '待归位·其他家电', 'n': 1, 'mean_pct': 10.08}, {'ts': '2026-09-22 12:59:48', 'theme': '待归位·出版', 'n': 3, 'mean_pct': 9.9733}, {'ts': '2026-09-22 12:59:48', 'theme': '待归位·包装印刷', 'n': 1, 'mean_pct': 10.05}, {'ts': '2026-09-22 12:59:48', 'theme': '待归位·化学制品', 'n': 1, 'mean_pct': 10.02}, {'ts': '2026-09-22 12:59:48', 'theme': '待归位·化学制药', 'n': 3, 'mean_pct': 13.38}, {'ts': '2026-09-22 12:59:48', 'theme': '待归位·医疗服务', 'n': 2, 'mean_pct': 9.52}, {'ts': '2026-09-22 12:59:48', 'theme': '待归位·半导体', 'n': 1, 'mean_pct': 10.0}, {'ts': '2026-09-22 12:59:48', 'theme': '待归位·塑料', 'n': 1, 'mean_pct': 10.0}, {'ts': '2026-09-22 12:59:48', 'theme': '待归位·家居用品', 'n': 2, 'mean_pct': 7.165}, {'ts': '2026-09-22 12:59:48', 'theme': '待归位·广告营销', 'n': 1, 'mean_pct': 9.93}, {'ts': '2026-09-22 12:59:48', 'theme': '待归位·房地产开', 'n': 1, 'mean_pct': -0.82}, {'ts': '2026-09-22 12:59:48', 'theme': '待归位·房地产服', 'n': 2, 'mean_pct': 9.95}, {'ts': '2026-09-22 12:59:48', 'theme': '待归位·服装家纺', 'n': 1, 'mean_pct': 10.0}, {'ts': '2026-09-22 12:59:48', 'theme': '待归位·燃气Ⅱ', 'n': 1, 'mean_pct': 9.96}, {'ts': '2026-09-22 12:59:48', 'theme': '待归位·软件开发', 'n': 1, 'mean_pct': 10.04}, {'ts': '2026-09-22 12:59:48', 'theme': '待归位·铁路公路', 'n': 1, 'mean_pct': 10.01}, {'ts': '2026-09-22 13:00:48', 'theme': '待归位·IT服务Ⅱ', 'n': 1, 'mean_pct': 10.03}, {'ts': '2026-09-22 13:00:48', 'theme': '待归位·其他家电', 'n': 1, 'mean_pct': 10.08}, {'ts': '2026-09-22 13:00:48', 'theme': '待归位·出版', 'n': 3, 'mean_pct': 9.9733}, {'ts': '2026-09-22 13:00:48', 'theme': '待归位·包装印刷', 'n': 1, 'mean_pct': 10.05}, {'ts': '2026-09-22 13:00:48', 'theme': '待归位·化学制品', 'n': 1, 'mean_pct': 10.02}, {'ts': '2026-09-22 13:00:48', 'theme': '待归位·化学制药', 'n': 3, 'mean_pct': 13.38}, {'ts': '2026-09-22 13:00:48', 'theme': '待归位·医疗服务', 'n': 2, 'mean_pct': 9.445}, {'ts': '2026-09-22 13:00:48', 'theme': '待归位·半导体', 'n': 1, 'mean_pct': 10.0}, {'ts': '2026-09-22 13:00:48', 'theme': '待归位·塑料', 'n': 1, 'mean_pct': 10.0}, {'ts': '2026-09-22 13:00:48', 'theme': '待归位·家居用品', 'n': 2, 'mean_pct': 6.605}, {'ts': '2026-09-22 13:00:48', 'theme': '待归位·广告营销', 'n': 1, 'mean_pct': 9.93}, {'ts': '2026-09-22 13:00:48', 'theme': '待归位·房地产开', 'n': 1, 'mean_pct': -1.23}, {'ts': '2026-09-22 13:00:48', 'theme': '待归位·房地产服', 'n': 2, 'mean_pct': 9.95}, {'ts': '2026-09-22 13:00:48', 'theme': '待归位·服装家纺', 'n': 1, 'mean_pct': 10.0}, {'ts': '2026-09-22 13:00:48', 'theme': '待归位·燃气Ⅱ', 'n': 1, 'mean_pct': 9.96}, {'ts': '2026-09-22 13:00:48', 'theme': '待归位·软件开发', 'n': 1, 'mean_pct': 10.04}, {'ts': '2026-09-22 13:00:48', 'theme': '待归位·铁路公路', 'n': 1, 'mean_pct': 10.01}, {'ts': '2026-09-22 13:01:48', 'theme': '待归位·IT服务Ⅱ', 'n': 1, 'mean_pct': 10.03}, {'ts': '2026-09-22 13:01:48', 'theme': '待归位·其他家电', 'n': 1, 'mean_pct': 10.08}, {'ts': '2026-09-22 13:01:48', 'theme': '待归位·出版', 'n': 3, 'mean_pct': 9.9733}, {'ts': '2026-09-22 13:01:48', 'theme': '待归位·包装印刷', 'n': 1, 'mean_pct': 10.05}, {'ts': '2026-09-22 13:01:48', 'theme': '待归位·化学制品', 'n': 1, 'mean_pct': 10.02}, {'ts': '2026-09-22 13:01:48', 'theme': '待归位·化学制药', 'n': 3, 'mean_pct': 13.38}, {'ts': '2026-09-22 13:01:48', 'theme': '待归位·医疗服务', 'n': 2, 'mean_pct': 9.9}, {'ts': '2026-09-22 13:01:48', 'theme': '待归位·半导体', 'n': 1, 'mean_pct': 10.0}, {'ts': '2026-09-22 13:01:48', 'theme': '待归位·塑料', 'n': 1, 'mean_pct': 10.0}, {'ts': '2026-09-22 13:01:48', 'theme': '待归位·家居用品', 'n': 2, 'mean_pct': 6.765}, {'ts': '2026-09-22 13:01:48', 'theme': '待归位·广告营销', 'n': 1, 'mean_pct': 9.93}, {'ts': '2026-09-22 13:01:48', 'theme': '待归位·房地产开', 'n': 1, 'mean_pct': -0.82}, {'ts': '2026-09-22 13:01:48', 'theme': '待归位·房地产服', 'n': 2, 'mean_pct': 9.95}, {'ts': '2026-09-22 13:01:48', 'theme': '待归位·服装家纺', 'n': 1, 'mean_pct': 10.0}, {'ts': '2026-09-22 13:01:48', 'theme': '待归位·燃气Ⅱ', 'n': 1, 'mean_pct': 9.96}, {'ts': '2026-09-22 13:01:48', 'theme': '待归位·软件开发', 'n': 1, 'mean_pct': 10.04}, {'ts': '2026-09-22 13:01:48', 'theme': '待归位·铁路公路', 'n': 1, 'mean_pct': 10.01}, {'ts': '2026-09-22 13:02:49', 'theme': '待归位·IT服务Ⅱ', 'n': 1, 'mean_pct': 10.03}, {'ts': '2026-09-22 13:02:49', 'theme': '待归位·其他家电', 'n': 1, 'mean_pct': 10.08}, {'ts': '2026-09-22 13:02:49', 'theme': '待归位·出版', 'n': 3, 'mean_pct': 9.9733}, {'ts': '2026-09-22 13:02:49', 'theme': '待归位·包装印刷', 'n': 1, 'mean_pct': 10.05}, {'ts': '2026-09-22 13:02:49', 'theme': '待归位·化学制品', 'n': 1, 'mean_pct': 10.02}, {'ts': '2026-09-22 13:02:49', 'theme': '待归位·化学制药', 'n': 3, 'mean_pct': 13.38}, {'ts': '2026-09-22 13:02:49', 'theme': '待归位·医疗服务', 'n': 2, 'mean_pct': 9.635}, {'ts': '2026-09-22 13:02:49', 'theme': '待归位·半导体', 'n': 1, 'mean_pct': 10.0}, {'ts': '2026-09-22 13:02:49', 'theme': '待归位·塑料', 'n': 1, 'mean_pct': 10.0}, {'ts': '2026-09-22 13:02:49', 'theme': '待归位·家居用品', 'n': 2, 'mean_pct': 8.045}, {'ts': '2026-09-22 13:02:49', 'theme': '待归位·广告营销', 'n': 1, 'mean_pct': 9.93}, {'ts': '2026-09-22 13:02:49', 'theme': '待归位·房地产开', 'n': 1, 'mean_pct': -1.23}, {'ts': '2026-09-22 13:02:49', 'theme': '待归位·房地产服', 'n': 2, 'mean_pct': 9.95}, {'ts': '2026-09-22 13:02:49', 'theme': '待归位·服装家纺', 'n': 1, 'mean_pct': 10.0}, {'ts': '2026-09-22 13:02:49', 'theme': '待归位·燃气Ⅱ', 'n': 1, 'mean_pct': 9.96}, {'ts': '2026-09-22 13:02:49', 'theme': '待归位·软件开发', 'n': 1, 'mean_pct': 10.04}, {'ts': '2026-09-22 13:02:49', 'theme': '待归位·铁路公路', 'n': 1, 'mean_pct': 10.01}, {'ts': '2026-09-22 13:03:49', 'theme': '待归位·IT服务Ⅱ', 'n': 1, 'mean_pct': 10.03}, {'ts': '2026-09-22 13:03:49', 'theme': '待归位·其他家电', 'n': 1, 'mean_pct': 10.08}, {'ts': '2026-09-22 13:03:49', 'theme': '待归位·出版', 'n': 3, 'mean_pct': 9.9733}, {'ts': '2026-09-22 13:03:49', 'theme': '待归位·包装印刷', 'n': 1, 'mean_pct': 10.05}, {'ts': '2026-09-22 13:03:49', 'theme': '待归位·化学制品', 'n': 1, 'mean_pct': 10.02}, {'ts': '2026-09-22 13:03:49', 'theme': '待归位·化学制药', 'n': 3, 'mean_pct': 13.38}, {'ts': '2026-09-22 13:03:49', 'theme': '待归位·医疗服务', 'n': 2, 'mean_pct': 9.785}, {'ts': '2026-09-22 13:03:49', 'theme': '待归位·半导体', 'n': 1, 'mean_pct': 10.0}, {'ts': '2026-09-22 13:03:49', 'theme': '待归位·塑料', 'n': 1, 'mean_pct': 10.0}, {'ts': '2026-09-22 13:03:49', 'theme': '待归位·家居用品', 'n': 2, 'mean_pct': 7.725}, {'ts': '2026-09-22 13:03:49', 'theme': '待归位·广告营销', 'n': 1, 'mean_pct': 9.93}, {'ts': '2026-09-22 13:03:49', 'theme': '待归位·房地产开', 'n': 1, 'mean_pct': -1.23}, {'ts': '2026-09-22 13:03:49', 'theme': '待归位·房地产服', 'n': 2, 'mean_pct': 9.95}, {'ts': '2026-09-22 13:03:49', 'theme': '待归位·服装家纺', 'n': 1, 'mean_pct': 10.0}, {'ts': '2026-09-22 13:03:49', 'theme': '待归位·燃气Ⅱ', 'n': 1, 'mean_pct': 9.96}, {'ts': '2026-09-22 13:03:49', 'theme': '待归位·软件开发', 'n': 1, 'mean_pct': 10.04}, {'ts': '2026-09-22 13:03:49', 'theme': '待归位·铁路公路', 'n': 1, 'mean_pct': 10.01}, {'ts': '2026-09-22 13:04:49', 'theme': '待归位·IT服务Ⅱ', 'n': 1, 'mean_pct': 10.03}, {'ts': '2026-09-22 13:04:49', 'theme': '待归位·其他家电', 'n': 1, 'mean_pct': 10.08}, {'ts': '2026-09-22 13:04:49', 'theme': '待归位·出版', 'n': 3, 'mean_pct': 9.9733}, {'ts': '2026-09-22 13:04:49', 'theme': '待归位·包装印刷', 'n': 1, 'mean_pct': 10.05}, {'ts': '2026-09-22 13:04:49', 'theme': '待归位·化学制品', 'n': 1, 'mean_pct': 10.02}, {'ts': '2026-09-22 13:04:49', 'theme': '待归位·化学制药', 'n': 3, 'mean_pct': 13.38}, {'ts': '2026-09-22 13:04:49', 'theme': '待归位·医疗服务', 'n': 2, 'mean_pct': 9.825}, {'ts': '2026-09-22 13:04:49', 'theme': '待归位·半导体', 'n': 1, 'mean_pct': 10.0}, {'ts': '2026-09-22 13:04:49', 'theme': '待归位·塑料', 'n': 1, 'mean_pct': 10.0}, {'ts': '2026-09-22 13:04:49', 'theme': '待归位·家居用品', 'n': 2, 'mean_pct': 7.325}, {'ts': '2026-09-22 13:04:49', 'theme': '待归位·广告营销', 'n': 1, 'mean_pct': 9.93}, {'ts': '2026-09-22 13:04:49', 'theme': '待归位·房地产开', 'n': 1, 'mean_pct': -0.82}, {'ts': '2026-09-22 13:04:49', 'theme': '待归位·房地产服', 'n': 2, 'mean_pct': 9.95}, {'ts': '2026-09-22 13:04:49', 'theme': '待归位·服装家纺', 'n': 1, 'mean_pct': 10.0}, {'ts': '2026-09-22 13:04:49', 'theme': '待归位·燃气Ⅱ', 'n': 1, 'mean_pct': 9.96}, {'ts': '2026-09-22 13:04:49', 'theme': '待归位·软件开发', 'n': 1, 'mean_pct': 10.04}, {'ts': '2026-09-22 13:04:49', 'theme': '待归位·铁路公路', 'n': 1, 'mean_pct': 10.01}, {'ts': '2026-09-22 13:05:49', 'theme': '待归位·IT服务Ⅱ', 'n': 1, 'mean_pct': 10.03}, {'ts': '2026-09-22 13:05:49', 'theme': '待归位·其他家电', 'n': 1, 'mean_pct': 10.08}, {'ts': '2026-09-22 13:05:49', 'theme': '待归位·出版', 'n': 3, 'mean_pct': 9.9733}, {'ts': '2026-09-22 13:05:49', 'theme': '待归位·包装印刷', 'n': 1, 'mean_pct': 10.05}, {'ts': '2026-09-22 13:05:49', 'theme': '待归位·化学制品', 'n': 1, 'mean_pct': 10.02}, {'ts': '2026-09-22 13:05:49', 'theme': '待归位·化学制药', 'n': 3, 'mean_pct': 13.38}, {'ts': '2026-09-22 13:05:49', 'theme': '待归位·医疗服务', 'n': 2, 'mean_pct': 9.595}, {'ts': '2026-09-22 13:05:49', 'theme': '待归位·半导体', 'n': 1, 'mean_pct': 10.0}, {'ts': '2026-09-22 13:05:49', 'theme': '待归位·塑料', 'n': 1, 'mean_pct': 10.0}, {'ts': '2026-09-22 13:05:49', 'theme': '待归位·家居用品', 'n': 2, 'mean_pct': 7.245}, {'ts': '2026-09-22 13:05:49', 'theme': '待归位·广告营销', 'n': 1, 'mean_pct': 9.93}, {'ts': '2026-09-22 13:05:49', 'theme': '待归位·房地产开', 'n': 1, 'mean_pct': -1.23}, {'ts': '2026-09-22 13:05:49', 'theme': '待归位·房地产服', 'n': 2, 'mean_pct': 9.95}, {'ts': '2026-09-22 13:05:49', 'theme': '待归位·服装家纺', 'n': 1, 'mean_pct': 10.0}, {'ts': '2026-09-22 13:05:49', 'theme': '待归位·燃气Ⅱ', 'n': 1, 'mean_pct': 9.96}, {'ts': '2026-09-22 13:05:49', 'theme': '待归位·软件开发', 'n': 1, 'mean_pct': 10.04}, {'ts': '2026-09-22 13:05:49', 'theme': '待归位·铁路公路', 'n': 1, 'mean_pct': 10.01}, {'ts': '2026-09-22 13:06:49', 'theme': '待归位·IT服务Ⅱ', 'n': 1, 'mean_pct': 10.03}, {'ts': '2026-09-22 13:06:49', 'theme': '待归位·其他家电', 'n': 1, 'mean_pct': 10.08}, {'ts': '2026-09-22 13:06:49', 'theme': '待归位·出版', 'n': 3, 'mean_pct': 9.9733}, {'ts': '2026-09-22 13:06:49', 'theme': '待归位·包装印刷', 'n': 1, 'mean_pct': 10.05}, {'ts': '2026-09-22 13:06:49', 'theme': '待归位·化学制品', 'n': 1, 'mean_pct': 10.02}, {'ts': '2026-09-22 13:06:49', 'theme': '待归位·化学制药', 'n': 3, 'mean_pct': 13.38}, {'ts': '2026-09-22 13:06:49', 'theme': '待归位·医疗服务', 'n': 2, 'mean_pct': 9.595}, {'ts': '2026-09-22 13:06:49', 'theme': '待归位·半导体', 'n': 1, 'mean_pct': 10.0}, {'ts': '2026-09-22 13:06:49', 'theme': '待归位·塑料', 'n': 1, 'mean_pct': 10.0}, {'ts': '2026-09-22 13:06:49', 'theme': '待归位·家居用品', 'n': 2, 'mean_pct': 7.325}, {'ts': '2026-09-22 13:06:49', 'theme': '待归位·广告营销', 'n': 1, 'mean_pct': 9.93}, {'ts': '2026-09-22 13:06:49', 'theme': '待归位·房地产开', 'n': 1, 'mean_pct': -1.23}, {'ts': '2026-09-22 13:06:49', 'theme': '待归位·房地产服', 'n': 2, 'mean_pct': 9.95}, {'ts': '2026-09-22 13:06:49', 'theme': '待归位·服装家纺', 'n': 1, 'mean_pct': 10.0}, {'ts': '2026-09-22 13:06:49', 'theme': '待归位·燃气Ⅱ', 'n': 1, 'mean_pct': 9.96}, {'ts': '2026-09-22 13:06:49', 'theme': '待归位·软件开发', 'n': 1, 'mean_pct': 10.04}, {'ts': '2026-09-22 13:06:49', 'theme': '待归位·铁路公路', 'n': 1, 'mean_pct': 10.01}, {'ts': '2026-09-22 13:07:50', 'theme': '待归位·IT服务Ⅱ', 'n': 1, 'mean_pct': 10.03}, {'ts': '2026-09-22 13:07:50', 'theme': '待归位·其他家电', 'n': 1, 'mean_pct': 10.08}, {'ts': '2026-09-22 13:07:50', 'theme': '待归位·出版', 'n': 3, 'mean_pct': 9.9733}, {'ts': '2026-09-22 13:07:50', 'theme': '待归位·包装印刷', 'n': 1, 'mean_pct': 10.05}, {'ts': '2026-09-22 13:07:50', 'theme': '待归位·化学制品', 'n': 1, 'mean_pct': 10.02}, {'ts': '2026-09-22 13:07:50', 'theme': '待归位·化学制药', 'n': 3, 'mean_pct': 13.38}, {'ts': '2026-09-22 13:07:50', 'theme': '待归位·医疗服务', 'n': 2, 'mean_pct': 9.595}, {'ts': '2026-09-22 13:07:50', 'theme': '待归位·半导体', 'n': 1, 'mean_pct': 10.0}, {'ts': '2026-09-22 13:07:50', 'theme': '待归位·塑料', 'n': 1, 'mean_pct': 10.0}, {'ts': '2026-09-22 13:07:50', 'theme': '待归位·家居用品', 'n': 2, 'mean_pct': 7.165}, {'ts': '2026-09-22 13:07:50', 'theme': '待归位·广告营销', 'n': 1, 'mean_pct': 9.93}, {'ts': '2026-09-22 13:07:50', 'theme': '待归位·房地产开', 'n': 1, 'mean_pct': -1.23}, {'ts': '2026-09-22 13:07:50', 'theme': '待归位·房地产服', 'n': 2, 'mean_pct': 9.95}, {'ts': '2026-09-22 13:07:50', 'theme': '待归位·服装家纺', 'n': 1, 'mean_pct': 10.0}, {'ts': '2026-09-22 13:07:50', 'theme': '待归位·燃气Ⅱ', 'n': 1, 'mean_pct': 9.96}, {'ts': '2026-09-22 13:07:50', 'theme': '待归位·软件开发', 'n': 1, 'mean_pct': 10.04}, {'ts': '2026-09-22 13:07:50', 'theme': '待归位·铁路公路', 'n': 1, 'mean_pct': 10.01}, {'ts': '2026-09-22 13:08:50', 'theme': '待归位·IT服务Ⅱ', 'n': 1, 'mean_pct': 10.03}, {'ts': '2026-09-22 13:08:50', 'theme': '待归位·其他家电', 'n': 1, 'mean_pct': 10.08}, {'ts': '2026-09-22 13:08:50', 'theme': '待归位·出版', 'n': 3, 'mean_pct': 9.9733}, {'ts': '2026-09-22 13:08:50', 'theme': '待归位·包装印刷', 'n': 1, 'mean_pct': 10.05}, {'ts': '2026-09-22 13:08:50', 'theme': '待归位·化学制品', 'n': 1, 'mean_pct': 10.02}, {'ts': '2026-09-22 13:08:50', 'theme': '待归位·化学制药', 'n': 3, 'mean_pct': 13.38}, {'ts': '2026-09-22 13:08:50', 'theme': '待归位·医疗服务', 'n': 2, 'mean_pct': 9.52}, {'ts': '2026-09-22 13:08:50', 'theme': '待归位·半导体', 'n': 1, 'mean_pct': 10.0}, {'ts': '2026-09-22 13:08:50', 'theme': '待归位·塑料', 'n': 1, 'mean_pct': 10.0}, {'ts': '2026-09-22 13:08:50', 'theme': '待归位·家居用品', 'n': 2, 'mean_pct': 7.885}, {'ts': '2026-09-22 13:08:50', 'theme': '待归位·广告营销', 'n': 1, 'mean_pct': 9.93}, {'ts': '2026-09-22 13:08:50', 'theme': '待归位·房地产开', 'n': 1, 'mean_pct': -1.23}, {'ts': '2026-09-22 13:08:50', 'theme': '待归位·房地产服', 'n': 2, 'mean_pct': 9.95}, {'ts': '2026-09-22 13:08:50', 'theme': '待归位·服装家纺', 'n': 1, 'mean_pct': 10.0}, {'ts': '2026-09-22 13:08:50', 'theme': '待归位·燃气Ⅱ', 'n': 1, 'mean_pct': 9.96}, {'ts': '2026-09-22 13:08:50', 'theme': '待归位·软件开发', 'n': 1, 'mean_pct': 10.04}, {'ts': '2026-09-22 13:08:50', 'theme': '待归位·铁路公路', 'n': 1, 'mean_pct': 10.01}, {'ts': '2026-09-22 13:09:50', 'theme': '待归位·IT服务Ⅱ', 'n': 1, 'mean_pct': 10.03}, {'ts': '2026-09-22 13:09:50', 'theme': '待归位·其他家电', 'n': 1, 'mean_pct': 10.08}, {'ts': '2026-09-22 13:09:50', 'theme': '待归位·出版', 'n': 3, 'mean_pct': 9.9733}, {'ts': '2026-09-22 13:09:50', 'theme': '待归位·包装印刷', 'n': 1, 'mean_pct': 10.05}, {'ts': '2026-09-22 13:09:50', 'theme': '待归位·化学制品', 'n': 1, 'mean_pct': 10.02}, {'ts': '2026-09-22 13:09:50', 'theme': '待归位·化学制药', 'n': 3, 'mean_pct': 13.38}, {'ts': '2026-09-22 13:09:50', 'theme': '待归位·医疗服务', 'n': 2, 'mean_pct': 9.37}, {'ts': '2026-09-22 13:09:50', 'theme': '待归位·半导体', 'n': 1, 'mean_pct': 10.0}, {'ts': '2026-09-22 13:09:50', 'theme': '待归位·塑料', 'n': 1, 'mean_pct': 10.0}, {'ts': '2026-09-22 13:09:50', 'theme': '待归位·家居用品', 'n': 2, 'mean_pct': 7.965}, {'ts': '2026-09-22 13:09:50', 'theme': '待归位·广告营销', 'n': 1, 'mean_pct': 9.93}, {'ts': '2026-09-22 13:09:50', 'theme': '待归位·房地产开', 'n': 1, 'mean_pct': -1.65}, {'ts': '2026-09-22 13:09:50', 'theme': '待归位·房地产服', 'n': 2, 'mean_pct': 9.95}, {'ts': '2026-09-22 13:09:50', 'theme': '待归位·服装家纺', 'n': 1, 'mean_pct': 10.0}, {'ts': '2026-09-22 13:09:50', 'theme': '待归位·燃气Ⅱ', 'n': 1, 'mean_pct': 9.96}, {'ts': '2026-09-22 13:09:50', 'theme': '待归位·软件开发', 'n': 1, 'mean_pct': 10.04}, {'ts': '2026-09-22 13:09:50', 'theme': '待归位·铁路公路', 'n': 1, 'mean_pct': 10.01}, {'ts': '2026-09-22 13:10:50', 'theme': '待归位·IT服务Ⅱ', 'n': 1, 'mean_pct': 10.03}, {'ts': '2026-09-22 13:10:50', 'theme': '待归位·其他家电', 'n': 1, 'mean_pct': 10.08}, {'ts': '2026-09-22 13:10:50', 'theme': '待归位·出版', 'n': 3, 'mean_pct': 9.9733}, {'ts': '2026-09-22 13:10:50', 'theme': '待归位·包装印刷', 'n': 1, 'mean_pct': 10.05}, {'ts': '2026-09-22 13:10:50', 'theme': '待归位·化学制品', 'n': 1, 'mean_pct': 10.02}, {'ts': '2026-09-22 13:10:50', 'theme': '待归位·化学制药', 'n': 3, 'mean_pct': 13.38}, {'ts': '2026-09-22 13:10:50', 'theme': '待归位·医疗服务', 'n': 2, 'mean_pct': 9.14}, {'ts': '2026-09-22 13:10:50', 'theme': '待归位·半导体', 'n': 1, 'mean_pct': 10.0}, {'ts': '2026-09-22 13:10:50', 'theme': '待归位·塑料', 'n': 1, 'mean_pct': 10.0}, {'ts': '2026-09-22 13:10:50', 'theme': '待归位·家居用品', 'n': 2, 'mean_pct': 7.805}, {'ts': '2026-09-22 13:10:50', 'theme': '待归位·广告营销', 'n': 1, 'mean_pct': 9.93}, {'ts': '2026-09-22 13:10:50', 'theme': '待归位·房地产开', 'n': 1, 'mean_pct': -1.23}, {'ts': '2026-09-22 13:10:50', 'theme': '待归位·房地产服', 'n': 2, 'mean_pct': 9.95}, {'ts': '2026-09-22 13:10:50', 'theme': '待归位·服装家纺', 'n': 1, 'mean_pct': 10.0}, {'ts': '2026-09-22 13:10:50', 'theme': '待归位·燃气Ⅱ', 'n': 1, 'mean_pct': 9.96}, {'ts': '2026-09-22 13:10:50', 'theme': '待归位·软件开发', 'n': 1, 'mean_pct': 10.04}, {'ts': '2026-09-22 13:10:50', 'theme': '待归位·铁路公路', 'n': 1, 'mean_pct': 10.01}, {'ts': '2026-09-22 13:11:51', 'theme': '待归位·IT服务Ⅱ', 'n': 1, 'mean_pct': 10.03}, {'ts': '2026-09-22 13:11:51', 'theme': '待归位·其他家电', 'n': 1, 'mean_pct': 10.08}, {'ts': '2026-09-22 13:11:51', 'theme': '待归位·出版', 'n': 3, 'mean_pct': 9.9733}, {'ts': '2026-09-22 13:11:51', 'theme': '待归位·包装印刷', 'n': 1, 'mean_pct': 10.05}, {'ts': '2026-09-22 13:11:51', 'theme': '待归位·化学制品', 'n': 1, 'mean_pct': 10.02}, {'ts': '2026-09-22 13:11:51', 'theme': '待归位·化学制药', 'n': 3, 'mean_pct': 13.38}, {'ts': '2026-09-22 13:11:51', 'theme': '待归位·医疗服务', 'n': 2, 'mean_pct': 9.635}, {'ts': '2026-09-22 13:11:51', 'theme': '待归位·半导体', 'n': 1, 'mean_pct': 10.0}, {'ts': '2026-09-22 13:11:51', 'theme': '待归位·塑料', 'n': 1, 'mean_pct': 10.0}, {'ts': '2026-09-22 13:11:51', 'theme': '待归位·家居用品', 'n': 2, 'mean_pct': 8.285}, {'ts': '2026-09-22 13:11:51', 'theme': '待归位·广告营销', 'n': 1, 'mean_pct': 9.93}, {'ts': '2026-09-22 13:11:51', 'theme': '待归位·房地产开', 'n': 1, 'mean_pct': -0.82}, {'ts': '2026-09-22 13:11:51', 'theme': '待归位·房地产服', 'n': 2, 'mean_pct': 9.95}, {'ts': '2026-09-22 13:11:51', 'theme': '待归位·服装家纺', 'n': 1, 'mean_pct': 10.0}, {'ts': '2026-09-22 13:11:51', 'theme': '待归位·燃气Ⅱ', 'n': 1, 'mean_pct': 9.96}, {'ts': '2026-09-22 13:11:51', 'theme': '待归位·软件开发', 'n': 1, 'mean_pct': 10.04}, {'ts': '2026-09-22 13:11:51', 'theme': '待归位·铁路公路', 'n': 1, 'mean_pct': 10.01}, {'ts': '2026-09-22 13:12:51', 'theme': '待归位·IT服务Ⅱ', 'n': 1, 'mean_pct': 10.03}, {'ts': '2026-09-22 13:12:51', 'theme': '待归位·其他家电', 'n': 1, 'mean_pct': 10.08}, {'ts': '2026-09-22 13:12:51', 'theme': '待归位·出版', 'n': 3, 'mean_pct': 9.9733}, {'ts': '2026-09-22 13:12:51', 'theme': '待归位·包装印刷', 'n': 1, 'mean_pct': 10.05}, {'ts': '2026-09-22 13:12:51', 'theme': '待归位·化学制品', 'n': 1, 'mean_pct': 10.02}, {'ts': '2026-09-22 13:12:51', 'theme': '待归位·化学制药', 'n': 3, 'mean_pct': 13.38}, {'ts': '2026-09-22 13:12:51', 'theme': '待归位·医疗服务', 'n': 2, 'mean_pct': 9.56}, {'ts': '2026-09-22 13:12:51', 'theme': '待归位·半导体', 'n': 1, 'mean_pct': 10.0}, {'ts': '2026-09-22 13:12:51', 'theme': '待归位·塑料', 'n': 1, 'mean_pct': 10.0}, {'ts': '2026-09-22 13:12:51', 'theme': '待归位·家居用品', 'n': 2, 'mean_pct': 10.04}, {'ts': '2026-09-22 13:12:51', 'theme': '待归位·广告营销', 'n': 1, 'mean_pct': 9.93}, {'ts': '2026-09-22 13:12:51', 'theme': '待归位·房地产开', 'n': 1, 'mean_pct': -1.23}, {'ts': '2026-09-22 13:12:51', 'theme': '待归位·房地产服', 'n': 2, 'mean_pct': 9.95}, {'ts': '2026-09-22 13:12:51', 'theme': '待归位·服装家纺', 'n': 1, 'mean_pct': 10.0}, {'ts': '2026-09-22 13:12:51', 'theme': '待归位·燃气Ⅱ', 'n': 1, 'mean_pct': 9.96}, {'ts': '2026-09-22 13:12:51', 'theme': '待归位·软件开发', 'n': 1, 'mean_pct': 10.04}, {'ts': '2026-09-22 13:12:51', 'theme': '待归位·铁路公路', 'n': 1, 'mean_pct': 10.01}, {'ts': '2026-09-22 13:13:51', 'theme': '待归位·IT服务Ⅱ', 'n': 1, 'mean_pct': 10.03}, {'ts': '2026-09-22 13:13:51', 'theme': '待归位·其他家电', 'n': 1, 'mean_pct': 10.08}, {'ts': '2026-09-22 13:13:51', 'theme': '待归位·出版', 'n': 3, 'mean_pct': 9.9733}, {'ts': '2026-09-22 13:13:51', 'theme': '待归位·包装印刷', 'n': 1, 'mean_pct': 10.05}, {'ts': '2026-09-22 13:13:51', 'theme': '待归位·化学制品', 'n': 1, 'mean_pct': 10.02}, {'ts': '2026-09-22 13:13:51', 'theme': '待归位·化学制药', 'n': 3, 'mean_pct': 13.38}, {'ts': '2026-09-22 13:13:51', 'theme': '待归位·医疗服务', 'n': 2, 'mean_pct': 9.52}, {'ts': '2026-09-22 13:13:51', 'theme': '待归位·半导体', 'n': 1, 'mean_pct': 10.0}, {'ts': '2026-09-22 13:13:51', 'theme': '待归位·塑料', 'n': 1, 'mean_pct': 10.0}, {'ts': '2026-09-22 13:13:51', 'theme': '待归位·家居用品', 'n': 2, 'mean_pct': 10.04}, {'ts': '2026-09-22 13:13:51', 'theme': '待归位·广告营销', 'n': 1, 'mean_pct': 9.93}, {'ts': '2026-09-22 13:13:51', 'theme': '待归位·房地产开', 'n': 1, 'mean_pct': -1.23}, {'ts': '2026-09-22 13:13:51', 'theme': '待归位·房地产服', 'n': 2, 'mean_pct': 9.95}, {'ts': '2026-09-22 13:13:51', 'theme': '待归位·服装家纺', 'n': 1, 'mean_pct': 10.0}, {'ts': '2026-09-22 13:13:51', 'theme': '待归位·燃气Ⅱ', 'n': 1, 'mean_pct': 9.96}, {'ts': '2026-09-22 13:13:51', 'theme': '待归位·软件开发', 'n': 1, 'mean_pct': 10.04}, {'ts': '2026-09-22 13:13:51', 'theme': '待归位·铁路公路', 'n': 1, 'mean_pct': 10.01}, {'ts': '2026-09-22 13:14:51', 'theme': '待归位·IT服务Ⅱ', 'n': 1, 'mean_pct': 10.03}, {'ts': '2026-09-22 13:14:51', 'theme': '待归位·其他家电', 'n': 1, 'mean_pct': 10.08}, {'ts': '2026-09-22 13:14:51', 'theme': '待归位·出版', 'n': 3, 'mean_pct': 9.9733}, {'ts': '2026-09-22 13:14:51', 'theme': '待归位·包装印刷', 'n': 1, 'mean_pct': 10.05}, {'ts': '2026-09-22 13:14:51', 'theme': '待归位·化学制品', 'n': 1, 'mean_pct': 10.02}, {'ts': '2026-09-22 13:14:51', 'theme': '待归位·化学制药', 'n': 3, 'mean_pct': 13.38}, {'ts': '2026-09-22 13:14:51', 'theme': '待归位·医疗服务', 'n': 2, 'mean_pct': 9.405}, {'ts': '2026-09-22 13:14:51', 'theme': '待归位·半导体', 'n': 1, 'mean_pct': 10.0}, {'ts': '2026-09-22 13:14:51', 'theme': '待归位·塑料', 'n': 1, 'mean_pct': 10.0}, {'ts': '2026-09-22 13:14:51', 'theme': '待归位·家居用品', 'n': 2, 'mean_pct': 10.04}, {'ts': '2026-09-22 13:14:51', 'theme': '待归位·广告营销', 'n': 1, 'mean_pct': 9.93}, {'ts': '2026-09-22 13:14:51', 'theme': '待归位·房地产开', 'n': 1, 'mean_pct': -1.23}, {'ts': '2026-09-22 13:14:51', 'theme': '待归位·房地产服', 'n': 2, 'mean_pct': 9.95}, {'ts': '2026-09-22 13:14:51', 'theme': '待归位·服装家纺', 'n': 1, 'mean_pct': 10.0}, {'ts': '2026-09-22 13:14:51', 'theme': '待归位·燃气Ⅱ', 'n': 1, 'mean_pct': 9.96}, {'ts': '2026-09-22 13:14:51', 'theme': '待归位·软件开发', 'n': 1, 'mean_pct': 10.04}, {'ts': '2026-09-22 13:14:51', 'theme': '待归位·铁路公路', 'n': 1, 'mean_pct': 10.01}, {'ts': '2026-09-22 13:15:51', 'theme': '待归位·IT服务Ⅱ', 'n': 1, 'mean_pct': 10.03}, {'ts': '2026-09-22 13:15:51', 'theme': '待归位·其他家电', 'n': 1, 'mean_pct': 10.08}, {'ts': '2026-09-22 13:15:51', 'theme': '待归位·出版', 'n': 3, 'mean_pct': 9.9733}, {'ts': '2026-09-22 13:15:51', 'theme': '待归位·包装印刷', 'n': 1, 'mean_pct': 10.05}, {'ts': '2026-09-22 13:15:51', 'theme': '待归位·化学制品', 'n': 1, 'mean_pct': 10.02}, {'ts': '2026-09-22 13:15:51', 'theme': '待归位·化学制药', 'n': 3, 'mean_pct': 13.38}, {'ts': '2026-09-22 13:15:51', 'theme': '待归位·医疗服务', 'n': 2, 'mean_pct': 9.56}, {'ts': '2026-09-22 13:15:51', 'theme': '待归位·半导体', 'n': 1, 'mean_pct': 10.0}, {'ts': '2026-09-22 13:15:51', 'theme': '待归位·塑料', 'n': 1, 'mean_pct': 10.0}, {'ts': '2026-09-22 13:15:51', 'theme': '待归位·家居用品', 'n': 2, 'mean_pct': 10.04}, {'ts': '2026-09-22 13:15:51', 'theme': '待归位·广告营销', 'n': 1, 'mean_pct': 9.93}, {'ts': '2026-09-22 13:15:51', 'theme': '待归位·房地产开', 'n': 1, 'mean_pct': -1.23}, {'ts': '2026-09-22 13:15:51', 'theme': '待归位·房地产服', 'n': 2, 'mean_pct': 9.95}, {'ts': '2026-09-22 13:15:51', 'theme': '待归位·服装家纺', 'n': 1, 'mean_pct': 10.0}, {'ts': '2026-09-22 13:15:51', 'theme': '待归位·燃气Ⅱ', 'n': 1, 'mean_pct': 9.96}, {'ts': '2026-09-22 13:15:51', 'theme': '待归位·软件开发', 'n': 1, 'mean_pct': 10.04}, {'ts': '2026-09-22 13:15:51', 'theme': '待归位·铁路公路', 'n': 1, 'mean_pct': 10.01}, {'ts': '2026-09-22 13:16:52', 'theme': '待归位·IT服务Ⅱ', 'n': 1, 'mean_pct': 10.03}, {'ts': '2026-09-22 13:16:52', 'theme': '待归位·其他家电', 'n': 1, 'mean_pct': 10.08}, {'ts': '2026-09-22 13:16:52', 'theme': '待归位·出版', 'n': 3, 'mean_pct': 9.9733}, {'ts': '2026-09-22 13:16:52', 'theme': '待归位·包装印刷', 'n': 1, 'mean_pct': 10.05}, {'ts': '2026-09-22 13:16:52', 'theme': '待归位·化学制品', 'n': 1, 'mean_pct': 10.02}, {'ts': '2026-09-22 13:16:52', 'theme': '待归位·化学制药', 'n': 3, 'mean_pct': 13.38}, {'ts': '2026-09-22 13:16:52', 'theme': '待归位·医疗服务', 'n': 2, 'mean_pct': 9.75}, {'ts': '2026-09-22 13:16:52', 'theme': '待归位·半导体', 'n': 1, 'mean_pct': 10.0}, {'ts': '2026-09-22 13:16:52', 'theme': '待归位·塑料', 'n': 1, 'mean_pct': 10.0}, {'ts': '2026-09-22 13:16:52', 'theme': '待归位·家居用品', 'n': 2, 'mean_pct': 10.04}, {'ts': '2026-09-22 13:16:52', 'theme': '待归位·广告营销', 'n': 1, 'mean_pct': 9.93}, {'ts': '2026-09-22 13:16:52', 'theme': '待归位·房地产开', 'n': 1, 'mean_pct': -1.65}, {'ts': '2026-09-22 13:16:52', 'theme': '待归位·房地产服', 'n': 2, 'mean_pct': 9.95}, {'ts': '2026-09-22 13:16:52', 'theme': '待归位·服装家纺', 'n': 1, 'mean_pct': 10.0}, {'ts': '2026-09-22 13:16:52', 'theme': '待归位·燃气Ⅱ', 'n': 1, 'mean_pct': 9.96}, {'ts': '2026-09-22 13:16:52', 'theme': '待归位·软件开发', 'n': 1, 'mean_pct': 10.04}, {'ts': '2026-09-22 13:16:52', 'theme': '待归位·铁路公路', 'n': 1, 'mean_pct': 10.01}, {'ts': '2026-09-22 13:17:52', 'theme': '待归位·IT服务Ⅱ', 'n': 1, 'mean_pct': 10.03}, {'ts': '2026-09-22 13:17:52', 'theme': '待归位·其他家电', 'n': 1, 'mean_pct': 10.08}, {'ts': '2026-09-22 13:17:52', 'theme': '待归位·出版', 'n': 3, 'mean_pct': 9.9733}, {'ts': '2026-09-22 13:17:52', 'theme': '待归位·包装印刷', 'n': 1, 'mean_pct': 10.05}, {'ts': '2026-09-22 13:17:52', 'theme': '待归位·化学制品', 'n': 1, 'mean_pct': 10.02}, {'ts': '2026-09-22 13:17:52', 'theme': '待归位·化学制药', 'n': 3, 'mean_pct': 13.38}, {'ts': '2026-09-22 13:17:52', 'theme': '待归位·医疗服务', 'n': 2, 'mean_pct': 9.785}, {'ts': '2026-09-22 13:17:52', 'theme': '待归位·半导体', 'n': 1, 'mean_pct': 10.0}, {'ts': '2026-09-22 13:17:52', 'theme': '待归位·塑料', 'n': 1, 'mean_pct': 10.0}, {'ts': '2026-09-22 13:17:52', 'theme': '待归位·家居用品', 'n': 2, 'mean_pct': 10.04}, {'ts': '2026-09-22 13:17:52', 'theme': '待归位·广告营销', 'n': 1, 'mean_pct': 9.93}, {'ts': '2026-09-22 13:17:52', 'theme': '待归位·房地产开', 'n': 1, 'mean_pct': -1.65}, {'ts': '2026-09-22 13:17:52', 'theme': '待归位·房地产服', 'n': 2, 'mean_pct': 9.95}, {'ts': '2026-09-22 13:17:52', 'theme': '待归位·服装家纺', 'n': 1, 'mean_pct': 10.0}, {'ts': '2026-09-22 13:17:52', 'theme': '待归位·燃气Ⅱ', 'n': 1, 'mean_pct': 9.96}, {'ts': '2026-09-22 13:17:52', 'theme': '待归位·软件开发', 'n': 1, 'mean_pct': 10.04}, {'ts': '2026-09-22 13:17:52', 'theme': '待归位·铁路公路', 'n': 1, 'mean_pct': 10.01}, {'ts': '2026-09-22 13:18:52', 'theme': '待归位·IT服务Ⅱ', 'n': 1, 'mean_pct': 10.03}, {'ts': '2026-09-22 13:18:52', 'theme': '待归位·其他家电', 'n': 1, 'mean_pct': 10.08}, {'ts': '2026-09-22 13:18:52', 'theme': '待归位·出版', 'n': 3, 'mean_pct': 9.9733}, {'ts': '2026-09-22 13:18:52', 'theme': '待归位·包装印刷', 'n': 1, 'mean_pct': 10.05}, {'ts': '2026-09-22 13:18:52', 'theme': '待归位·化学制品', 'n': 1, 'mean_pct': 10.02}, {'ts': '2026-09-22 13:18:52', 'theme': '待归位·化学制药', 'n': 3, 'mean_pct': 13.38}, {'ts': '2026-09-22 13:18:52', 'theme': '待归位·医疗服务', 'n': 2, 'mean_pct': 9.67}, {'ts': '2026-09-22 13:18:52', 'theme': '待归位·半导体', 'n': 1, 'mean_pct': 10.0}, {'ts': '2026-09-22 13:18:52', 'theme': '待归位·塑料', 'n': 1, 'mean_pct': 10.0}, {'ts': '2026-09-22 13:18:52', 'theme': '待归位·家居用品', 'n': 2, 'mean_pct': 10.04}, {'ts': '2026-09-22 13:18:52', 'theme': '待归位·广告营销', 'n': 1, 'mean_pct': 9.93}, {'ts': '2026-09-22 13:18:52', 'theme': '待归位·房地产开', 'n': 1, 'mean_pct': -1.65}, {'ts': '2026-09-22 13:18:52', 'theme': '待归位·房地产服', 'n': 2, 'mean_pct': 9.95}, {'ts': '2026-09-22 13:18:52', 'theme': '待归位·服装家纺', 'n': 1, 'mean_pct': 10.0}, {'ts': '2026-09-22 13:18:52', 'theme': '待归位·燃气Ⅱ', 'n': 1, 'mean_pct': 9.96}, {'ts': '2026-09-22 13:18:52', 'theme': '待归位·软件开发', 'n': 1, 'mean_pct': 10.04}, {'ts': '2026-09-22 13:18:52', 'theme': '待归位·铁路公路', 'n': 1, 'mean_pct': 10.01}, {'ts': '2026-09-22 13:19:53', 'theme': '待归位·IT服务Ⅱ', 'n': 1, 'mean_pct': 10.03}, {'ts': '2026-09-22 13:19:53', 'theme': '待归位·其他家电', 'n': 1, 'mean_pct': 10.08}, {'ts': '2026-09-22 13:19:53', 'theme': '待归位·出版', 'n': 3, 'mean_pct': 9.9733}, {'ts': '2026-09-22 13:19:53', 'theme': '待归位·包装印刷', 'n': 1, 'mean_pct': 10.05}, {'ts': '2026-09-22 13:19:53', 'theme': '待归位·化学制品', 'n': 1, 'mean_pct': 10.02}, {'ts': '2026-09-22 13:19:53', 'theme': '待归位·化学制药', 'n': 3, 'mean_pct': 13.38}, {'ts': '2026-09-22 13:19:53', 'theme': '待归位·医疗服务', 'n': 2, 'mean_pct': 9.595}, {'ts': '2026-09-22 13:19:53', 'theme': '待归位·半导体', 'n': 1, 'mean_pct': 10.0}, {'ts': '2026-09-22 13:19:53', 'theme': '待归位·塑料', 'n': 1, 'mean_pct': 10.0}, {'ts': '2026-09-22 13:19:53', 'theme': '待归位·家居用品', 'n': 2, 'mean_pct': 10.04}, {'ts': '2026-09-22 13:19:53', 'theme': '待归位·广告营销', 'n': 1, 'mean_pct': 9.93}, {'ts': '2026-09-22 13:19:53', 'theme': '待归位·房地产开', 'n': 1, 'mean_pct': -1.65}, {'ts': '2026-09-22 13:19:53', 'theme': '待归位·房地产服', 'n': 2, 'mean_pct': 9.95}, {'ts': '2026-09-22 13:19:53', 'theme': '待归位·服装家纺', 'n': 1, 'mean_pct': 10.0}, {'ts': '2026-09-22 13:19:53', 'theme': '待归位·燃气Ⅱ', 'n': 1, 'mean_pct': 9.96}, {'ts': '2026-09-22 13:19:53', 'theme': '待归位·软件开发', 'n': 1, 'mean_pct': 10.04}, {'ts': '2026-09-22 13:19:53', 'theme': '待归位·铁路公路', 'n': 1, 'mean_pct': 10.01}, {'ts': '2026-09-22 13:20:53', 'theme': '待归位·IT服务Ⅱ', 'n': 1, 'mean_pct': 10.03}, {'ts': '2026-09-22 13:20:53', 'theme': '待归位·其他家电', 'n': 1, 'mean_pct': 10.08}, {'ts': '2026-09-22 13:20:53', 'theme': '待归位·出版', 'n': 3, 'mean_pct': 9.9733}, {'ts': '2026-09-22 13:20:53', 'theme': '待归位·包装印刷', 'n': 1, 'mean_pct': 10.05}, {'ts': '2026-09-22 13:20:53', 'theme': '待归位·化学制品', 'n': 1, 'mean_pct': 10.02}, {'ts': '2026-09-22 13:20:53', 'theme': '待归位·化学制药', 'n': 3, 'mean_pct': 13.38}, {'ts': '2026-09-22 13:20:53', 'theme': '待归位·医疗服务', 'n': 2, 'mean_pct': 9.595}, {'ts': '2026-09-22 13:20:53', 'theme': '待归位·半导体', 'n': 1, 'mean_pct': 10.0}, {'ts': '2026-09-22 13:20:53', 'theme': '待归位·塑料', 'n': 1, 'mean_pct': 10.0}, {'ts': '2026-09-22 13:20:53', 'theme': '待归位·家居用品', 'n': 2, 'mean_pct': 10.04}, {'ts': '2026-09-22 13:20:53', 'theme': '待归位·广告营销', 'n': 1, 'mean_pct': 9.93}, {'ts': '2026-09-22 13:20:53', 'theme': '待归位·房地产开', 'n': 1, 'mean_pct': -1.65}, {'ts': '2026-09-22 13:20:53', 'theme': '待归位·房地产服', 'n': 2, 'mean_pct': 9.95}, {'ts': '2026-09-22 13:20:53', 'theme': '待归位·服装家纺', 'n': 1, 'mean_pct': 10.0}, {'ts': '2026-09-22 13:20:53', 'theme': '待归位·燃气Ⅱ', 'n': 1, 'mean_pct': 9.96}, {'ts': '2026-09-22 13:20:53', 'theme': '待归位·软件开发', 'n': 1, 'mean_pct': 10.04}, {'ts': '2026-09-22 13:20:53', 'theme': '待归位·铁路公路', 'n': 1, 'mean_pct': 10.01}, {'ts': '2026-09-22 13:21:53', 'theme': '待归位·IT服务Ⅱ', 'n': 1, 'mean_pct': 10.03}, {'ts': '2026-09-22 13:21:53', 'theme': '待归位·其他家电', 'n': 1, 'mean_pct': 10.08}, {'ts': '2026-09-22 13:21:53', 'theme': '待归位·出版', 'n': 3, 'mean_pct': 9.9733}, {'ts': '2026-09-22 13:21:53', 'theme': '待归位·包装印刷', 'n': 1, 'mean_pct': 10.05}, {'ts': '2026-09-22 13:21:53', 'theme': '待归位·化学制品', 'n': 1, 'mean_pct': 10.02}, {'ts': '2026-09-22 13:21:53', 'theme': '待归位·化学制药', 'n': 3, 'mean_pct': 13.38}, {'ts': '2026-09-22 13:21:53', 'theme': '待归位·医疗服务', 'n': 2, 'mean_pct': 9.71}, {'ts': '2026-09-22 13:21:53', 'theme': '待归位·半导体', 'n': 1, 'mean_pct': 10.0}, {'ts': '2026-09-22 13:21:53', 'theme': '待归位·塑料', 'n': 1, 'mean_pct': 10.0}, {'ts': '2026-09-22 13:21:53', 'theme': '待归位·家居用品', 'n': 2, 'mean_pct': 10.04}, {'ts': '2026-09-22 13:21:53', 'theme': '待归位·广告营销', 'n': 1, 'mean_pct': 9.93}, {'ts': '2026-09-22 13:21:53', 'theme': '待归位·房地产开', 'n': 1, 'mean_pct': -1.23}, {'ts': '2026-09-22 13:21:53', 'theme': '待归位·房地产服', 'n': 2, 'mean_pct': 9.95}, {'ts': '2026-09-22 13:21:53', 'theme': '待归位·服装家纺', 'n': 1, 'mean_pct': 10.0}, {'ts': '2026-09-22 13:21:53', 'theme': '待归位·燃气Ⅱ', 'n': 1, 'mean_pct': 9.96}, {'ts': '2026-09-22 13:21:53', 'theme': '待归位·软件开发', 'n': 1, 'mean_pct': 10.04}, {'ts': '2026-09-22 13:21:53', 'theme': '待归位·铁路公路', 'n': 1, 'mean_pct': 10.01}, {'ts': '2026-09-22 13:22:53', 'theme': '待归位·IT服务Ⅱ', 'n': 1, 'mean_pct': 10.03}, {'ts': '2026-09-22 13:22:53', 'theme': '待归位·其他家电', 'n': 1, 'mean_pct': 10.08}, {'ts': '2026-09-22 13:22:53', 'theme': '待归位·出版', 'n': 3, 'mean_pct': 9.9733}, {'ts': '2026-09-22 13:22:53', 'theme': '待归位·包装印刷', 'n': 1, 'mean_pct': 10.05}, {'ts': '2026-09-22 13:22:53', 'theme': '待归位·化学制品', 'n': 1, 'mean_pct': 10.02}, {'ts': '2026-09-22 13:22:53', 'theme': '待归位·化学制药', 'n': 3, 'mean_pct': 13.38}, {'ts': '2026-09-22 13:22:53', 'theme': '待归位·医疗服务', 'n': 2, 'mean_pct': 9.71}, {'ts': '2026-09-22 13:22:53', 'theme': '待归位·半导体', 'n': 1, 'mean_pct': 10.0}, {'ts': '2026-09-22 13:22:53', 'theme': '待归位·塑料', 'n': 1, 'mean_pct': 10.0}, {'ts': '2026-09-22 13:22:53', 'theme': '待归位·家居用品', 'n': 2, 'mean_pct': 10.04}, {'ts': '2026-09-22 13:22:53', 'theme': '待归位·广告营销', 'n': 1, 'mean_pct': 9.93}, {'ts': '2026-09-22 13:22:53', 'theme': '待归位·房地产开', 'n': 1, 'mean_pct': -1.65}, {'ts': '2026-09-22 13:22:53', 'theme': '待归位·房地产服', 'n': 2, 'mean_pct': 9.95}, {'ts': '2026-09-22 13:22:53', 'theme': '待归位·服装家纺', 'n': 1, 'mean_pct': 10.0}, {'ts': '2026-09-22 13:22:53', 'theme': '待归位·燃气Ⅱ', 'n': 1, 'mean_pct': 9.96}, {'ts': '2026-09-22 13:22:53', 'theme': '待归位·软件开发', 'n': 1, 'mean_pct': 10.04}, {'ts': '2026-09-22 13:22:53', 'theme': '待归位·铁路公路', 'n': 1, 'mean_pct': 10.01}, {'ts': '2026-09-22 13:23:53', 'theme': '待归位·IT服务Ⅱ', 'n': 1, 'mean_pct': 10.03}, {'ts': '2026-09-22 13:23:53', 'theme': '待归位·其他家电', 'n': 1, 'mean_pct': 10.08}, {'ts': '2026-09-22 13:23:53', 'theme': '待归位·出版', 'n': 3, 'mean_pct': 9.9733}, {'ts': '2026-09-22 13:23:53', 'theme': '待归位·包装印刷', 'n': 1, 'mean_pct': 10.05}, {'ts': '2026-09-22 13:23:53', 'theme': '待归位·化学制品', 'n': 1, 'mean_pct': 10.02}, {'ts': '2026-09-22 13:23:53', 'theme': '待归位·化学制药', 'n': 3, 'mean_pct': 13.38}, {'ts': '2026-09-22 13:23:53', 'theme': '待归位·医疗服务', 'n': 2, 'mean_pct': 9.635}, {'ts': '2026-09-22 13:23:53', 'theme': '待归位·半导体', 'n': 1, 'mean_pct': 10.0}, {'ts': '2026-09-22 13:23:53', 'theme': '待归位·塑料', 'n': 1, 'mean_pct': 10.0}, {'ts': '2026-09-22 13:23:53', 'theme': '待归位·家居用品', 'n': 2, 'mean_pct': 10.04}, {'ts': '2026-09-22 13:23:53', 'theme': '待归位·广告营销', 'n': 1, 'mean_pct': 9.93}, {'ts': '2026-09-22 13:23:53', 'theme': '待归位·房地产开', 'n': 1, 'mean_pct': -1.65}, {'ts': '2026-09-22 13:23:53', 'theme': '待归位·房地产服', 'n': 2, 'mean_pct': 9.95}, {'ts': '2026-09-22 13:23:53', 'theme': '待归位·服装家纺', 'n': 1, 'mean_pct': 10.0}, {'ts': '2026-09-22 13:23:53', 'theme': '待归位·燃气Ⅱ', 'n': 1, 'mean_pct': 9.96}, {'ts': '2026-09-22 13:23:53', 'theme': '待归位·软件开发', 'n': 1, 'mean_pct': 10.04}, {'ts': '2026-09-22 13:23:53', 'theme': '待归位·铁路公路', 'n': 1, 'mean_pct': 10.01}, {'ts': '2026-09-22 13:24:54', 'theme': '待归位·IT服务Ⅱ', 'n': 1, 'mean_pct': 10.03}, {'ts': '2026-09-22 13:24:54', 'theme': '待归位·其他家电', 'n': 1, 'mean_pct': 10.08}, {'ts': '2026-09-22 13:24:54', 'theme': '待归位·出版', 'n': 3, 'mean_pct': 9.9733}, {'ts': '2026-09-22 13:24:54', 'theme': '待归位·包装印刷', 'n': 1, 'mean_pct': 10.05}, {'ts': '2026-09-22 13:24:54', 'theme': '待归位·化学制品', 'n': 1, 'mean_pct': 10.02}, {'ts': '2026-09-22 13:24:54', 'theme': '待归位·化学制药', 'n': 3, 'mean_pct': 13.38}, {'ts': '2026-09-22 13:24:54', 'theme': '待归位·医疗服务', 'n': 2, 'mean_pct': 9.52}, {'ts': '2026-09-22 13:24:54', 'theme': '待归位·半导体', 'n': 1, 'mean_pct': 10.0}, {'ts': '2026-09-22 13:24:54', 'theme': '待归位·塑料', 'n': 1, 'mean_pct': 10.0}, {'ts': '2026-09-22 13:24:54', 'theme': '待归位·家居用品', 'n': 2, 'mean_pct': 10.04}, {'ts': '2026-09-22 13:24:54', 'theme': '待归位·广告营销', 'n': 1, 'mean_pct': 9.93}, {'ts': '2026-09-22 13:24:54', 'theme': '待归位·房地产开', 'n': 1, 'mean_pct': -1.23}, {'ts': '2026-09-22 13:24:54', 'theme': '待归位·房地产服', 'n': 2, 'mean_pct': 9.95}, {'ts': '2026-09-22 13:24:54', 'theme': '待归位·服装家纺', 'n': 1, 'mean_pct': 10.0}, {'ts': '2026-09-22 13:24:54', 'theme': '待归位·燃气Ⅱ', 'n': 1, 'mean_pct': 9.96}, {'ts': '2026-09-22 13:24:54', 'theme': '待归位·软件开发', 'n': 1, 'mean_pct': 10.04}, {'ts': '2026-09-22 13:24:54', 'theme': '待归位·铁路公路', 'n': 1, 'mean_pct': 10.01}, {'ts': '2026-09-22 13:25:54', 'theme': '待归位·IT服务Ⅱ', 'n': 1, 'mean_pct': 10.03}, {'ts': '2026-09-22 13:25:54', 'theme': '待归位·其他家电', 'n': 1, 'mean_pct': 10.08}, {'ts': '2026-09-22 13:25:54', 'theme': '待归位·出版', 'n': 3, 'mean_pct': 9.9733}, {'ts': '2026-09-22 13:25:54', 'theme': '待归位·包装印刷', 'n': 1, 'mean_pct': 10.05}, {'ts': '2026-09-22 13:25:54', 'theme': '待归位·化学制品', 'n': 1, 'mean_pct': 10.02}, {'ts': '2026-09-22 13:25:54', 'theme': '待归位·化学制药', 'n': 3, 'mean_pct': 13.38}, {'ts': '2026-09-22 13:25:54', 'theme': '待归位·医疗服务', 'n': 2, 'mean_pct': 9.18}, {'ts': '2026-09-22 13:25:54', 'theme': '待归位·半导体', 'n': 1, 'mean_pct': 10.0}, {'ts': '2026-09-22 13:25:54', 'theme': '待归位·塑料', 'n': 1, 'mean_pct': 10.0}, {'ts': '2026-09-22 13:25:54', 'theme': '待归位·家居用品', 'n': 2, 'mean_pct': 10.04}, {'ts': '2026-09-22 13:25:54', 'theme': '待归位·广告营销', 'n': 1, 'mean_pct': 9.93}, {'ts': '2026-09-22 13:25:54', 'theme': '待归位·房地产开', 'n': 1, 'mean_pct': -1.65}, {'ts': '2026-09-22 13:25:54', 'theme': '待归位·房地产服', 'n': 2, 'mean_pct': 9.95}, {'ts': '2026-09-22 13:25:54', 'theme': '待归位·服装家纺', 'n': 1, 'mean_pct': 10.0}, {'ts': '2026-09-22 13:25:54', 'theme': '待归位·燃气Ⅱ', 'n': 1, 'mean_pct': 9.96}, {'ts': '2026-09-22 13:25:54', 'theme': '待归位·软件开发', 'n': 1, 'mean_pct': 10.04}, {'ts': '2026-09-22 13:25:54', 'theme': '待归位·铁路公路', 'n': 1, 'mean_pct': 10.01}, {'ts': '2026-09-22 13:26:54', 'theme': '待归位·IT服务Ⅱ', 'n': 1, 'mean_pct': 10.03}, {'ts': '2026-09-22 13:26:54', 'theme': '待归位·其他家电', 'n': 1, 'mean_pct': 10.08}, {'ts': '2026-09-22 13:26:54', 'theme': '待归位·出版', 'n': 3, 'mean_pct': 9.9733}, {'ts': '2026-09-22 13:26:54', 'theme': '待归位·包装印刷', 'n': 1, 'mean_pct': 10.05}, {'ts': '2026-09-22 13:26:54', 'theme': '待归位·化学制品', 'n': 1, 'mean_pct': 10.02}, {'ts': '2026-09-22 13:26:54', 'theme': '待归位·化学制药', 'n': 3, 'mean_pct': 13.38}, {'ts': '2026-09-22 13:26:54', 'theme': '待归位·医疗服务', 'n': 2, 'mean_pct': 9.14}, {'ts': '2026-09-22 13:26:54', 'theme': '待归位·半导体', 'n': 1, 'mean_pct': 10.0}, {'ts': '2026-09-22 13:26:54', 'theme': '待归位·塑料', 'n': 1, 'mean_pct': 10.0}, {'ts': '2026-09-22 13:26:54', 'theme': '待归位·家居用品', 'n': 2, 'mean_pct': 10.04}, {'ts': '2026-09-22 13:26:54', 'theme': '待归位·广告营销', 'n': 1, 'mean_pct': 9.93}, {'ts': '2026-09-22 13:26:54', 'theme': '待归位·房地产开', 'n': 1, 'mean_pct': -1.65}, {'ts': '2026-09-22 13:26:54', 'theme': '待归位·房地产服', 'n': 2, 'mean_pct': 9.95}, {'ts': '2026-09-22 13:26:54', 'theme': '待归位·服装家纺', 'n': 1, 'mean_pct': 10.0}, {'ts': '2026-09-22 13:26:54', 'theme': '待归位·燃气Ⅱ', 'n': 1, 'mean_pct': 9.96}, {'ts': '2026-09-22 13:26:54', 'theme': '待归位·软件开发', 'n': 1, 'mean_pct': 10.04}, {'ts': '2026-09-22 13:26:54', 'theme': '待归位·铁路公路', 'n': 1, 'mean_pct': 10.01}, {'ts': '2026-09-22 13:27:54', 'theme': '待归位·IT服务Ⅱ', 'n': 1, 'mean_pct': 10.03}, {'ts': '2026-09-22 13:27:54', 'theme': '待归位·其他家电', 'n': 1, 'mean_pct': 10.08}, {'ts': '2026-09-22 13:27:54', 'theme': '待归位·出版', 'n': 3, 'mean_pct': 9.9733}, {'ts': '2026-09-22 13:27:54', 'theme': '待归位·包装印刷', 'n': 1, 'mean_pct': 10.05}, {'ts': '2026-09-22 13:27:54', 'theme': '待归位·化学制品', 'n': 1, 'mean_pct': 10.02}, {'ts': '2026-09-22 13:27:54', 'theme': '待归位·化学制药', 'n': 3, 'mean_pct': 13.38}, {'ts': '2026-09-22 13:27:54', 'theme': '待归位·医疗服务', 'n': 2, 'mean_pct': 9.065}, {'ts': '2026-09-22 13:27:54', 'theme': '待归位·半导体', 'n': 1, 'mean_pct': 10.0}, {'ts': '2026-09-22 13:27:54', 'theme': '待归位·塑料', 'n': 1, 'mean_pct': 10.0}, {'ts': '2026-09-22 13:27:54', 'theme': '待归位·家居用品', 'n': 2, 'mean_pct': 10.04}, {'ts': '2026-09-22 13:27:54', 'theme': '待归位·广告营销', 'n': 1, 'mean_pct': 9.93}, {'ts': '2026-09-22 13:27:54', 'theme': '待归位·房地产开', 'n': 1, 'mean_pct': -1.65}, {'ts': '2026-09-22 13:27:54', 'theme': '待归位·房地产服', 'n': 2, 'mean_pct': 9.95}, {'ts': '2026-09-22 13:27:54', 'theme': '待归位·服装家纺', 'n': 1, 'mean_pct': 10.0}, {'ts': '2026-09-22 13:27:54', 'theme': '待归位·燃气Ⅱ', 'n': 1, 'mean_pct': 9.96}, {'ts': '2026-09-22 13:27:54', 'theme': '待归位·软件开发', 'n': 1, 'mean_pct': 10.04}, {'ts': '2026-09-22 13:27:54', 'theme': '待归位·铁路公路', 'n': 1, 'mean_pct': 10.01}, {'ts': '2026-09-22 13:28:54', 'theme': '待归位·IT服务Ⅱ', 'n': 1, 'mean_pct': 10.03}, {'ts': '2026-09-22 13:28:54', 'theme': '待归位·其他家电', 'n': 1, 'mean_pct': 10.08}, {'ts': '2026-09-22 13:28:54', 'theme': '待归位·出版', 'n': 3, 'mean_pct': 9.9733}, {'ts': '2026-09-22 13:28:54', 'theme': '待归位·包装印刷', 'n': 1, 'mean_pct': 10.05}, {'ts': '2026-09-22 13:28:54', 'theme': '待归位·化学制品', 'n': 1, 'mean_pct': 10.02}, {'ts': '2026-09-22 13:28:54', 'theme': '待归位·化学制药', 'n': 3, 'mean_pct': 13.38}, {'ts': '2026-09-22 13:28:54', 'theme': '待归位·医疗服务', 'n': 2, 'mean_pct': 9.255}, {'ts': '2026-09-22 13:28:54', 'theme': '待归位·半导体', 'n': 1, 'mean_pct': 10.0}, {'ts': '2026-09-22 13:28:54', 'theme': '待归位·塑料', 'n': 1, 'mean_pct': 10.0}, {'ts': '2026-09-22 13:28:54', 'theme': '待归位·家居用品', 'n': 2, 'mean_pct': 10.04}, {'ts': '2026-09-22 13:28:54', 'theme': '待归位·广告营销', 'n': 1, 'mean_pct': 9.93}, {'ts': '2026-09-22 13:28:54', 'theme': '待归位·房地产开', 'n': 1, 'mean_pct': -1.65}, {'ts': '2026-09-22 13:28:54', 'theme': '待归位·房地产服', 'n': 2, 'mean_pct': 9.95}, {'ts': '2026-09-22 13:28:54', 'theme': '待归位·服装家纺', 'n': 1, 'mean_pct': 10.0}, {'ts': '2026-09-22 13:28:54', 'theme': '待归位·燃气Ⅱ', 'n': 1, 'mean_pct': 9.96}, {'ts': '2026-09-22 13:28:54', 'theme': '待归位·软件开发', 'n': 1, 'mean_pct': 10.04}, {'ts': '2026-09-22 13:28:54', 'theme': '待归位·铁路公路', 'n': 1, 'mean_pct': 10.01}, {'ts': '2026-09-22 13:29:55', 'theme': '待归位·IT服务Ⅱ', 'n': 1, 'mean_pct': 10.03}, {'ts': '2026-09-22 13:29:55', 'theme': '待归位·其他家电', 'n': 1, 'mean_pct': 10.08}, {'ts': '2026-09-22 13:29:55', 'theme': '待归位·出版', 'n': 3, 'mean_pct': 9.9733}, {'ts': '2026-09-22 13:29:55', 'theme': '待归位·包装印刷', 'n': 1, 'mean_pct': 10.05}, {'ts': '2026-09-22 13:29:55', 'theme': '待归位·化学制品', 'n': 1, 'mean_pct': 10.02}, {'ts': '2026-09-22 13:29:55', 'theme': '待归位·化学制药', 'n': 3, 'mean_pct': 13.38}, {'ts': '2026-09-22 13:29:55', 'theme': '待归位·医疗服务', 'n': 2, 'mean_pct': 8.985}, {'ts': '2026-09-22 13:29:55', 'theme': '待归位·半导体', 'n': 1, 'mean_pct': 10.0}, {'ts': '2026-09-22 13:29:55', 'theme': '待归位·塑料', 'n': 1, 'mean_pct': 10.0}, {'ts': '2026-09-22 13:29:55', 'theme': '待归位·家居用品', 'n': 2, 'mean_pct': 10.04}, {'ts': '2026-09-22 13:29:55', 'theme': '待归位·广告营销', 'n': 1, 'mean_pct': 9.93}, {'ts': '2026-09-22 13:29:55', 'theme': '待归位·房地产开', 'n': 1, 'mean_pct': -1.65}, {'ts': '2026-09-22 13:29:55', 'theme': '待归位·房地产服', 'n': 2, 'mean_pct': 9.95}, {'ts': '2026-09-22 13:29:55', 'theme': '待归位·服装家纺', 'n': 1, 'mean_pct': 10.0}, {'ts': '2026-09-22 13:29:55', 'theme': '待归位·燃气Ⅱ', 'n': 1, 'mean_pct': 9.96}, {'ts': '2026-09-22 13:29:55', 'theme': '待归位·软件开发', 'n': 1, 'mean_pct': 10.04}, {'ts': '2026-09-22 13:29:55', 'theme': '待归位·铁路公路', 'n': 1, 'mean_pct': 10.01}, {'ts': '2026-09-22 13:30:55', 'theme': '待归位·IT服务Ⅱ', 'n': 1, 'mean_pct': 10.03}, {'ts': '2026-09-22 13:30:55', 'theme': '待归位·其他家电', 'n': 1, 'mean_pct': 10.08}, {'ts': '2026-09-22 13:30:55', 'theme': '待归位·出版', 'n': 3, 'mean_pct': 9.9733}, {'ts': '2026-09-22 13:30:55', 'theme': '待归位·包装印刷', 'n': 1, 'mean_pct': 10.05}, {'ts': '2026-09-22 13:30:55', 'theme': '待归位·化学制品', 'n': 1, 'mean_pct': 10.02}, {'ts': '2026-09-22 13:30:55', 'theme': '待归位·化学制药', 'n': 3, 'mean_pct': 13.38}, {'ts': '2026-09-22 13:30:55', 'theme': '待归位·医疗服务', 'n': 2, 'mean_pct': 8.72}, {'ts': '2026-09-22 13:30:55', 'theme': '待归位·半导体', 'n': 1, 'mean_pct': 10.0}, {'ts': '2026-09-22 13:30:55', 'theme': '待归位·塑料', 'n': 1, 'mean_pct': 10.0}, {'ts': '2026-09-22 13:30:55', 'theme': '待归位·家居用品', 'n': 2, 'mean_pct': 10.04}, {'ts': '2026-09-22 13:30:55', 'theme': '待归位·广告营销', 'n': 1, 'mean_pct': 9.93}, {'ts': '2026-09-22 13:30:55', 'theme': '待归位·房地产开', 'n': 1, 'mean_pct': -1.65}, {'ts': '2026-09-22 13:30:55', 'theme': '待归位·房地产服', 'n': 2, 'mean_pct': 9.95}, {'ts': '2026-09-22 13:30:55', 'theme': '待归位·服装家纺', 'n': 1, 'mean_pct': 10.0}, {'ts': '2026-09-22 13:30:55', 'theme': '待归位·燃气Ⅱ', 'n': 1, 'mean_pct': 9.96}, {'ts': '2026-09-22 13:30:55', 'theme': '待归位·软件开发', 'n': 1, 'mean_pct': 10.04}, {'ts': '2026-09-22 13:30:55', 'theme': '待归位·铁路公路', 'n': 1, 'mean_pct': 10.01}, {'ts': '2026-09-22 13:31:55', 'theme': '待归位·IT服务Ⅱ', 'n': 1, 'mean_pct': 10.03}, {'ts': '2026-09-22 13:31:55', 'theme': '待归位·其他家电', 'n': 1, 'mean_pct': 10.08}, {'ts': '2026-09-22 13:31:55', 'theme': '待归位·出版', 'n': 3, 'mean_pct': 9.9733}, {'ts': '2026-09-22 13:31:55', 'theme': '待归位·包装印刷', 'n': 1, 'mean_pct': 10.05}, {'ts': '2026-09-22 13:31:55', 'theme': '待归位·化学制品', 'n': 1, 'mean_pct': 10.02}, {'ts': '2026-09-22 13:31:55', 'theme': '待归位·化学制药', 'n': 3, 'mean_pct': 13.38}, {'ts': '2026-09-22 13:31:55', 'theme': '待归位·医疗服务', 'n': 2, 'mean_pct': 8.795}, {'ts': '2026-09-22 13:31:55', 'theme': '待归位·半导体', 'n': 1, 'mean_pct': 10.0}, {'ts': '2026-09-22 13:31:55', 'theme': '待归位·塑料', 'n': 1, 'mean_pct': 10.0}, {'ts': '2026-09-22 13:31:55', 'theme': '待归位·家居用品', 'n': 2, 'mean_pct': 10.04}, {'ts': '2026-09-22 13:31:55', 'theme': '待归位·广告营销', 'n': 1, 'mean_pct': 9.93}, {'ts': '2026-09-22 13:31:55', 'theme': '待归位·房地产开', 'n': 1, 'mean_pct': -1.65}, {'ts': '2026-09-22 13:31:55', 'theme': '待归位·房地产服', 'n': 2, 'mean_pct': 9.95}, {'ts': '2026-09-22 13:31:55', 'theme': '待归位·服装家纺', 'n': 1, 'mean_pct': 10.0}, {'ts': '2026-09-22 13:31:55', 'theme': '待归位·燃气Ⅱ', 'n': 1, 'mean_pct': 9.96}, {'ts': '2026-09-22 13:31:55', 'theme': '待归位·软件开发', 'n': 1, 'mean_pct': 10.04}, {'ts': '2026-09-22 13:31:55', 'theme': '待归位·铁路公路', 'n': 1, 'mean_pct': 10.01}, {'ts': '2026-09-22 13:32:55', 'theme': '待归位·IT服务Ⅱ', 'n': 1, 'mean_pct': 10.03}, {'ts': '2026-09-22 13:32:55', 'theme': '待归位·其他家电', 'n': 1, 'mean_pct': 10.08}, {'ts': '2026-09-22 13:32:55', 'theme': '待归位·出版', 'n': 3, 'mean_pct': 9.9733}, {'ts': '2026-09-22 13:32:55', 'theme': '待归位·包装印刷', 'n': 1, 'mean_pct': 10.05}, {'ts': '2026-09-22 13:32:55', 'theme': '待归位·化学制品', 'n': 1, 'mean_pct': 10.02}, {'ts': '2026-09-22 13:32:55', 'theme': '待归位·化学制药', 'n': 3, 'mean_pct': 13.38}, {'ts': '2026-09-22 13:32:55', 'theme': '待归位·医疗服务', 'n': 2, 'mean_pct': 8.875}, {'ts': '2026-09-22 13:32:55', 'theme': '待归位·半导体', 'n': 1, 'mean_pct': 10.0}, {'ts': '2026-09-22 13:32:55', 'theme': '待归位·塑料', 'n': 1, 'mean_pct': 10.0}, {'ts': '2026-09-22 13:32:55', 'theme': '待归位·家居用品', 'n': 2, 'mean_pct': 10.04}, {'ts': '2026-09-22 13:32:55', 'theme': '待归位·广告营销', 'n': 1, 'mean_pct': 9.93}, {'ts': '2026-09-22 13:32:55', 'theme': '待归位·房地产开', 'n': 1, 'mean_pct': -1.65}, {'ts': '2026-09-22 13:32:55', 'theme': '待归位·房地产服', 'n': 2, 'mean_pct': 9.95}, {'ts': '2026-09-22 13:32:55', 'theme': '待归位·服装家纺', 'n': 1, 'mean_pct': 10.0}, {'ts': '2026-09-22 13:32:55', 'theme': '待归位·燃气Ⅱ', 'n': 1, 'mean_pct': 9.96}, {'ts': '2026-09-22 13:32:55', 'theme': '待归位·软件开发', 'n': 1, 'mean_pct': 10.04}, {'ts': '2026-09-22 13:32:55', 'theme': '待归位·铁路公路', 'n': 1, 'mean_pct': 10.01}, {'ts': '2026-09-22 13:33:56', 'theme': '待归位·IT服务Ⅱ', 'n': 1, 'mean_pct': 10.03}, {'ts': '2026-09-22 13:33:56', 'theme': '待归位·其他家电', 'n': 1, 'mean_pct': 10.08}, {'ts': '2026-09-22 13:33:56', 'theme': '待归位·出版', 'n': 3, 'mean_pct': 9.9733}, {'ts': '2026-09-22 13:33:56', 'theme': '待归位·包装印刷', 'n': 1, 'mean_pct': 10.05}, {'ts': '2026-09-22 13:33:56', 'theme': '待归位·化学制品', 'n': 1, 'mean_pct': 10.02}, {'ts': '2026-09-22 13:33:56', 'theme': '待归位·化学制药', 'n': 3, 'mean_pct': 13.38}, {'ts': '2026-09-22 13:33:56', 'theme': '待归位·医疗服务', 'n': 2, 'mean_pct': 8.605}, {'ts': '2026-09-22 13:33:56', 'theme': '待归位·半导体', 'n': 1, 'mean_pct': 10.0}, {'ts': '2026-09-22 13:33:56', 'theme': '待归位·塑料', 'n': 1, 'mean_pct': 10.0}, {'ts': '2026-09-22 13:33:56', 'theme': '待归位·家居用品', 'n': 2, 'mean_pct': 10.04}, {'ts': '2026-09-22 13:33:56', 'theme': '待归位·广告营销', 'n': 1, 'mean_pct': 9.93}, {'ts': '2026-09-22 13:33:56', 'theme': '待归位·房地产开', 'n': 1, 'mean_pct': -2.06}, {'ts': '2026-09-22 13:33:56', 'theme': '待归位·房地产服', 'n': 2, 'mean_pct': 9.95}, {'ts': '2026-09-22 13:33:56', 'theme': '待归位·服装家纺', 'n': 1, 'mean_pct': 10.0}, {'ts': '2026-09-22 13:33:56', 'theme': '待归位·燃气Ⅱ', 'n': 1, 'mean_pct': 9.96}, {'ts': '2026-09-22 13:33:56', 'theme': '待归位·软件开发', 'n': 1, 'mean_pct': 10.04}, {'ts': '2026-09-22 13:33:56', 'theme': '待归位·铁路公路', 'n': 1, 'mean_pct': 10.01}, {'ts': '2026-09-22 13:34:56', 'theme': '待归位·IT服务Ⅱ', 'n': 1, 'mean_pct': 10.03}, {'ts': '2026-09-22 13:34:56', 'theme': '待归位·其他家电', 'n': 1, 'mean_pct': 10.08}, {'ts': '2026-09-22 13:34:56', 'theme': '待归位·出版', 'n': 3, 'mean_pct': 9.9733}, {'ts': '2026-09-22 13:34:56', 'theme': '待归位·包装印刷', 'n': 1, 'mean_pct': 10.05}, {'ts': '2026-09-22 13:34:56', 'theme': '待归位·化学制品', 'n': 1, 'mean_pct': 10.02}, {'ts': '2026-09-22 13:34:56', 'theme': '待归位·化学制药', 'n': 3, 'mean_pct': 13.38}, {'ts': '2026-09-22 13:34:56', 'theme': '待归位·医疗服务', 'n': 2, 'mean_pct': 8.645}, {'ts': '2026-09-22 13:34:56', 'theme': '待归位·半导体', 'n': 1, 'mean_pct': 10.0}, {'ts': '2026-09-22 13:34:56', 'theme': '待归位·塑料', 'n': 1, 'mean_pct': 10.0}, {'ts': '2026-09-22 13:34:56', 'theme': '待归位·家居用品', 'n': 2, 'mean_pct': 10.04}, {'ts': '2026-09-22 13:34:56', 'theme': '待归位·广告营销', 'n': 1, 'mean_pct': 9.93}, {'ts': '2026-09-22 13:34:56', 'theme': '待归位·房地产开', 'n': 1, 'mean_pct': -1.65}, {'ts': '2026-09-22 13:34:56', 'theme': '待归位·房地产服', 'n': 2, 'mean_pct': 9.95}, {'ts': '2026-09-22 13:34:56', 'theme': '待归位·服装家纺', 'n': 1, 'mean_pct': 10.0}, {'ts': '2026-09-22 13:34:56', 'theme': '待归位·燃气Ⅱ', 'n': 1, 'mean_pct': 9.96}, {'ts': '2026-09-22 13:34:56', 'theme': '待归位·软件开发', 'n': 1, 'mean_pct': 10.04}, {'ts': '2026-09-22 13:34:56', 'theme': '待归位·铁路公路', 'n': 1, 'mean_pct': 10.01}, {'ts': '2026-09-22 13:35:56', 'theme': '待归位·IT服务Ⅱ', 'n': 1, 'mean_pct': 10.03}, {'ts': '2026-09-22 13:35:56', 'theme': '待归位·其他家电', 'n': 1, 'mean_pct': 10.08}, {'ts': '2026-09-22 13:35:56', 'theme': '待归位·出版', 'n': 3, 'mean_pct': 9.9733}, {'ts': '2026-09-22 13:35:56', 'theme': '待归位·包装印刷', 'n': 1, 'mean_pct': 10.05}, {'ts': '2026-09-22 13:35:56', 'theme': '待归位·化学制品', 'n': 1, 'mean_pct': 10.02}, {'ts': '2026-09-22 13:35:56', 'theme': '待归位·化学制药', 'n': 3, 'mean_pct': 13.38}, {'ts': '2026-09-22 13:35:56', 'theme': '待归位·医疗服务', 'n': 2, 'mean_pct': 8.76}, {'ts': '2026-09-22 13:35:56', 'theme': '待归位·半导体', 'n': 1, 'mean_pct': 10.0}, {'ts': '2026-09-22 13:35:56', 'theme': '待归位·塑料', 'n': 1, 'mean_pct': 10.0}, {'ts': '2026-09-22 13:35:56', 'theme': '待归位·家居用品', 'n': 2, 'mean_pct': 10.04}, {'ts': '2026-09-22 13:35:56', 'theme': '待归位·广告营销', 'n': 1, 'mean_pct': 9.93}, {'ts': '2026-09-22 13:35:56', 'theme': '待归位·房地产开', 'n': 1, 'mean_pct': -2.06}, {'ts': '2026-09-22 13:35:56', 'theme': '待归位·房地产服', 'n': 2, 'mean_pct': 9.95}, {'ts': '2026-09-22 13:35:56', 'theme': '待归位·服装家纺', 'n': 1, 'mean_pct': 10.0}, {'ts': '2026-09-22 13:35:56', 'theme': '待归位·燃气Ⅱ', 'n': 1, 'mean_pct': 9.96}, {'ts': '2026-09-22 13:35:56', 'theme': '待归位·软件开发', 'n': 1, 'mean_pct': 10.04}, {'ts': '2026-09-22 13:35:56', 'theme': '待归位·铁路公路', 'n': 1, 'mean_pct': 10.01}, {'ts': '2026-09-22 13:36:56', 'theme': '待归位·IT服务Ⅱ', 'n': 1, 'mean_pct': 10.03}, {'ts': '2026-09-22 13:36:56', 'theme': '待归位·其他家电', 'n': 1, 'mean_pct': 10.08}, {'ts': '2026-09-22 13:36:56', 'theme': '待归位·出版', 'n': 3, 'mean_pct': 9.9733}, {'ts': '2026-09-22 13:36:56', 'theme': '待归位·包装印刷', 'n': 1, 'mean_pct': 10.05}, {'ts': '2026-09-22 13:36:56', 'theme': '待归位·化学制品', 'n': 1, 'mean_pct': 10.02}, {'ts': '2026-09-22 13:36:56', 'theme': '待归位·化学制药', 'n': 3, 'mean_pct': 13.38}, {'ts': '2026-09-22 13:36:56', 'theme': '待归位·医疗服务', 'n': 2, 'mean_pct': 8.835}, {'ts': '2026-09-22 13:36:56', 'theme': '待归位·半导体', 'n': 1, 'mean_pct': 10.0}, {'ts': '2026-09-22 13:36:56', 'theme': '待归位·塑料', 'n': 1, 'mean_pct': 10.0}, {'ts': '2026-09-22 13:36:56', 'theme': '待归位·家居用品', 'n': 2, 'mean_pct': 10.04}, {'ts': '2026-09-22 13:36:56', 'theme': '待归位·广告营销', 'n': 1, 'mean_pct': 9.93}, {'ts': '2026-09-22 13:36:56', 'theme': '待归位·房地产开', 'n': 1, 'mean_pct': -1.65}, {'ts': '2026-09-22 13:36:56', 'theme': '待归位·房地产服', 'n': 2, 'mean_pct': 9.95}, {'ts': '2026-09-22 13:36:56', 'theme': '待归位·服装家纺', 'n': 1, 'mean_pct': 10.0}, {'ts': '2026-09-22 13:36:56', 'theme': '待归位·燃气Ⅱ', 'n': 1, 'mean_pct': 9.96}, {'ts': '2026-09-22 13:36:56', 'theme': '待归位·软件开发', 'n': 1, 'mean_pct': 10.04}, {'ts': '2026-09-22 13:36:56', 'theme': '待归位·铁路公路', 'n': 1, 'mean_pct': 10.01}, {'ts': '2026-09-22 13:37:56', 'theme': '待归位·IT服务Ⅱ', 'n': 1, 'mean_pct': 10.03}, {'ts': '2026-09-22 13:37:56', 'theme': '待归位·其他家电', 'n': 1, 'mean_pct': 10.08}, {'ts': '2026-09-22 13:37:56', 'theme': '待归位·出版', 'n': 3, 'mean_pct': 9.9733}, {'ts': '2026-09-22 13:37:56', 'theme': '待归位·包装印刷', 'n': 1, 'mean_pct': 10.05}, {'ts': '2026-09-22 13:37:56', 'theme': '待归位·化学制品', 'n': 1, 'mean_pct': 10.02}, {'ts': '2026-09-22 13:37:56', 'theme': '待归位·化学制药', 'n': 3, 'mean_pct': 13.38}, {'ts': '2026-09-22 13:37:56', 'theme': '待归位·医疗服务', 'n': 2, 'mean_pct': 9.14}, {'ts': '2026-09-22 13:37:56', 'theme': '待归位·半导体', 'n': 1, 'mean_pct': 10.0}, {'ts': '2026-09-22 13:37:56', 'theme': '待归位·塑料', 'n': 1, 'mean_pct': 10.0}, {'ts': '2026-09-22 13:37:56', 'theme': '待归位·家居用品', 'n': 2, 'mean_pct': 10.04}, {'ts': '2026-09-22 13:37:56', 'theme': '待归位·广告营销', 'n': 1, 'mean_pct': 9.93}, {'ts': '2026-09-22 13:37:56', 'theme': '待归位·房地产开', 'n': 1, 'mean_pct': -1.23}, {'ts': '2026-09-22 13:37:56', 'theme': '待归位·房地产服', 'n': 2, 'mean_pct': 9.95}, {'ts': '2026-09-22 13:37:56', 'theme': '待归位·服装家纺', 'n': 1, 'mean_pct': 10.0}, {'ts': '2026-09-22 13:37:56', 'theme': '待归位·燃气Ⅱ', 'n': 1, 'mean_pct': 9.96}, {'ts': '2026-09-22 13:37:56', 'theme': '待归位·软件开发', 'n': 1, 'mean_pct': 10.04}, {'ts': '2026-09-22 13:37:56', 'theme': '待归位·铁路公路', 'n': 1, 'mean_pct': 10.01}, {'ts': '2026-09-22 13:38:57', 'theme': '待归位·IT服务Ⅱ', 'n': 1, 'mean_pct': 10.03}, {'ts': '2026-09-22 13:38:57', 'theme': '待归位·其他家电', 'n': 1, 'mean_pct': 10.08}, {'ts': '2026-09-22 13:38:57', 'theme': '待归位·出版', 'n': 3, 'mean_pct': 9.9733}, {'ts': '2026-09-22 13:38:57', 'theme': '待归位·包装印刷', 'n': 1, 'mean_pct': 10.05}, {'ts': '2026-09-22 13:38:57', 'theme': '待归位·化学制品', 'n': 1, 'mean_pct': 10.02}, {'ts': '2026-09-22 13:38:57', 'theme': '待归位·化学制药', 'n': 3, 'mean_pct': 13.38}, {'ts': '2026-09-22 13:38:57', 'theme': '待归位·医疗服务', 'n': 2, 'mean_pct': 8.985}, {'ts': '2026-09-22 13:38:57', 'theme': '待归位·半导体', 'n': 1, 'mean_pct': 10.0}, {'ts': '2026-09-22 13:38:57', 'theme': '待归位·塑料', 'n': 1, 'mean_pct': 10.0}, {'ts': '2026-09-22 13:38:57', 'theme': '待归位·家居用品', 'n': 2, 'mean_pct': 10.04}, {'ts': '2026-09-22 13:38:57', 'theme': '待归位·广告营销', 'n': 1, 'mean_pct': 9.93}, {'ts': '2026-09-22 13:38:57', 'theme': '待归位·房地产开', 'n': 1, 'mean_pct': -1.23}, {'ts': '2026-09-22 13:38:57', 'theme': '待归位·房地产服', 'n': 2, 'mean_pct': 9.95}, {'ts': '2026-09-22 13:38:57', 'theme': '待归位·服装家纺', 'n': 1, 'mean_pct': 10.0}, {'ts': '2026-09-22 13:38:57', 'theme': '待归位·燃气Ⅱ', 'n': 1, 'mean_pct': 9.96}, {'ts': '2026-09-22 13:38:57', 'theme': '待归位·软件开发', 'n': 1, 'mean_pct': 10.04}, {'ts': '2026-09-22 13:38:57', 'theme': '待归位·铁路公路', 'n': 1, 'mean_pct': 10.01}, {'ts': '2026-09-22 13:39:57', 'theme': '待归位·IT服务Ⅱ', 'n': 1, 'mean_pct': 10.03}, {'ts': '2026-09-22 13:39:57', 'theme': '待归位·其他家电', 'n': 1, 'mean_pct': 10.08}, {'ts': '2026-09-22 13:39:57', 'theme': '待归位·出版', 'n': 3, 'mean_pct': 9.9733}, {'ts': '2026-09-22 13:39:57', 'theme': '待归位·包装印刷', 'n': 1, 'mean_pct': 10.05}, {'ts': '2026-09-22 13:39:57', 'theme': '待归位·化学制品', 'n': 1, 'mean_pct': 10.02}, {'ts': '2026-09-22 13:39:57', 'theme': '待归位·化学制药', 'n': 3, 'mean_pct': 13.38}, {'ts': '2026-09-22 13:39:57', 'theme': '待归位·医疗服务', 'n': 2, 'mean_pct': 8.835}, {'ts': '2026-09-22 13:39:57', 'theme': '待归位·半导体', 'n': 1, 'mean_pct': 10.0}, {'ts': '2026-09-22 13:39:57', 'theme': '待归位·塑料', 'n': 1, 'mean_pct': 10.0}, {'ts': '2026-09-22 13:39:57', 'theme': '待归位·家居用品', 'n': 2, 'mean_pct': 10.04}, {'ts': '2026-09-22 13:39:57', 'theme': '待归位·广告营销', 'n': 1, 'mean_pct': 9.93}, {'ts': '2026-09-22 13:39:57', 'theme': '待归位·房地产开', 'n': 1, 'mean_pct': -0.82}, {'ts': '2026-09-22 13:39:57', 'theme': '待归位·房地产服', 'n': 2, 'mean_pct': 9.95}, {'ts': '2026-09-22 13:39:57', 'theme': '待归位·服装家纺', 'n': 1, 'mean_pct': 10.0}, {'ts': '2026-09-22 13:39:57', 'theme': '待归位·燃气Ⅱ', 'n': 1, 'mean_pct': 9.96}, {'ts': '2026-09-22 13:39:57', 'theme': '待归位·软件开发', 'n': 1, 'mean_pct': 10.04}, {'ts': '2026-09-22 13:39:57', 'theme': '待归位·铁路公路', 'n': 1, 'mean_pct': 10.01}, {'ts': '2026-09-22 13:40:57', 'theme': '待归位·IT服务Ⅱ', 'n': 1, 'mean_pct': 10.03}, {'ts': '2026-09-22 13:40:57', 'theme': '待归位·其他家电', 'n': 1, 'mean_pct': 10.08}, {'ts': '2026-09-22 13:40:57', 'theme': '待归位·出版', 'n': 3, 'mean_pct': 9.9733}, {'ts': '2026-09-22 13:40:57', 'theme': '待归位·包装印刷', 'n': 1, 'mean_pct': 10.05}, {'ts': '2026-09-22 13:40:57', 'theme': '待归位·化学制品', 'n': 1, 'mean_pct': 10.02}, {'ts': '2026-09-22 13:40:57', 'theme': '待归位·化学制药', 'n': 3, 'mean_pct': 13.38}, {'ts': '2026-09-22 13:40:57', 'theme': '待归位·医疗服务', 'n': 2, 'mean_pct': 8.985}, {'ts': '2026-09-22 13:40:57', 'theme': '待归位·半导体', 'n': 1, 'mean_pct': 10.0}, {'ts': '2026-09-22 13:40:57', 'theme': '待归位·塑料', 'n': 1, 'mean_pct': 10.0}, {'ts': '2026-09-22 13:40:57', 'theme': '待归位·家居用品', 'n': 2, 'mean_pct': 10.04}, {'ts': '2026-09-22 13:40:57', 'theme': '待归位·广告营销', 'n': 1, 'mean_pct': 9.93}, {'ts': '2026-09-22 13:40:57', 'theme': '待归位·房地产开', 'n': 1, 'mean_pct': -0.41}, {'ts': '2026-09-22 13:40:57', 'theme': '待归位·房地产服', 'n': 2, 'mean_pct': 9.95}, {'ts': '2026-09-22 13:40:57', 'theme': '待归位·服装家纺', 'n': 1, 'mean_pct': 10.0}, {'ts': '2026-09-22 13:40:57', 'theme': '待归位·燃气Ⅱ', 'n': 1, 'mean_pct': 9.96}, {'ts': '2026-09-22 13:40:57', 'theme': '待归位·软件开发', 'n': 1, 'mean_pct': 10.04}, {'ts': '2026-09-22 13:40:57', 'theme': '待归位·铁路公路', 'n': 1, 'mean_pct': 10.01}, {'ts': '2026-09-22 13:41:57', 'theme': '待归位·IT服务Ⅱ', 'n': 1, 'mean_pct': 10.03}, {'ts': '2026-09-22 13:41:57', 'theme': '待归位·其他家电', 'n': 1, 'mean_pct': 10.08}, {'ts': '2026-09-22 13:41:57', 'theme': '待归位·出版', 'n': 3, 'mean_pct': 9.9733}, {'ts': '2026-09-22 13:41:57', 'theme': '待归位·包装印刷', 'n': 1, 'mean_pct': 10.05}, {'ts': '2026-09-22 13:41:57', 'theme': '待归位·化学制品', 'n': 1, 'mean_pct': 10.02}, {'ts': '2026-09-22 13:41:57', 'theme': '待归位·化学制药', 'n': 3, 'mean_pct': 13.38}, {'ts': '2026-09-22 13:41:57', 'theme': '待归位·医疗服务', 'n': 2, 'mean_pct': 8.985}, {'ts': '2026-09-22 13:41:57', 'theme': '待归位·半导体', 'n': 1, 'mean_pct': 10.0}, {'ts': '2026-09-22 13:41:57', 'theme': '待归位·塑料', 'n': 1, 'mean_pct': 10.0}, {'ts': '2026-09-22 13:41:57', 'theme': '待归位·家居用品', 'n': 2, 'mean_pct': 10.04}, {'ts': '2026-09-22 13:41:57', 'theme': '待归位·广告营销', 'n': 1, 'mean_pct': 9.93}, {'ts': '2026-09-22 13:41:57', 'theme': '待归位·房地产开', 'n': 1, 'mean_pct': -0.41}, {'ts': '2026-09-22 13:41:57', 'theme': '待归位·房地产服', 'n': 2, 'mean_pct': 9.95}, {'ts': '2026-09-22 13:41:57', 'theme': '待归位·服装家纺', 'n': 1, 'mean_pct': 10.0}, {'ts': '2026-09-22 13:41:57', 'theme': '待归位·燃气Ⅱ', 'n': 1, 'mean_pct': 9.96}, {'ts': '2026-09-22 13:41:57', 'theme': '待归位·软件开发', 'n': 1, 'mean_pct': 10.04}, {'ts': '2026-09-22 13:41:57', 'theme': '待归位·铁路公路', 'n': 1, 'mean_pct': 10.01}, {'ts': '2026-09-22 13:42:57', 'theme': '待归位·IT服务Ⅱ', 'n': 1, 'mean_pct': 10.03}, {'ts': '2026-09-22 13:42:57', 'theme': '待归位·其他家电', 'n': 1, 'mean_pct': 10.08}, {'ts': '2026-09-22 13:42:57', 'theme': '待归位·出版', 'n': 3, 'mean_pct': 9.9733}, {'ts': '2026-09-22 13:42:57', 'theme': '待归位·包装印刷', 'n': 1, 'mean_pct': 10.05}, {'ts': '2026-09-22 13:42:57', 'theme': '待归位·化学制品', 'n': 1, 'mean_pct': 10.02}, {'ts': '2026-09-22 13:42:57', 'theme': '待归位·化学制药', 'n': 3, 'mean_pct': 13.38}, {'ts': '2026-09-22 13:42:57', 'theme': '待归位·医疗服务', 'n': 2, 'mean_pct': 9.065}, {'ts': '2026-09-22 13:42:57', 'theme': '待归位·半导体', 'n': 1, 'mean_pct': 10.0}, {'ts': '2026-09-22 13:42:57', 'theme': '待归位·塑料', 'n': 1, 'mean_pct': 10.0}, {'ts': '2026-09-22 13:42:57', 'theme': '待归位·家居用品', 'n': 2, 'mean_pct': 10.04}, {'ts': '2026-09-22 13:42:57', 'theme': '待归位·广告营销', 'n': 1, 'mean_pct': 9.93}, {'ts': '2026-09-22 13:42:57', 'theme': '待归位·房地产开', 'n': 1, 'mean_pct': -0.41}, {'ts': '2026-09-22 13:42:57', 'theme': '待归位·房地产服', 'n': 2, 'mean_pct': 9.95}, {'ts': '2026-09-22 13:42:57', 'theme': '待归位·服装家纺', 'n': 1, 'mean_pct': 10.0}, {'ts': '2026-09-22 13:42:57', 'theme': '待归位·燃气Ⅱ', 'n': 1, 'mean_pct': 9.96}, {'ts': '2026-09-22 13:42:57', 'theme': '待归位·软件开发', 'n': 1, 'mean_pct': 10.04}, {'ts': '2026-09-22 13:42:57', 'theme': '待归位·铁路公路', 'n': 1, 'mean_pct': 10.01}, {'ts': '2026-09-22 13:43:58', 'theme': '待归位·IT服务Ⅱ', 'n': 1, 'mean_pct': 10.03}, {'ts': '2026-09-22 13:43:58', 'theme': '待归位·其他家电', 'n': 1, 'mean_pct': 10.08}, {'ts': '2026-09-22 13:43:58', 'theme': '待归位·出版', 'n': 3, 'mean_pct': 9.9733}, {'ts': '2026-09-22 13:43:58', 'theme': '待归位·包装印刷', 'n': 1, 'mean_pct': 10.05}, {'ts': '2026-09-22 13:43:58', 'theme': '待归位·化学制品', 'n': 1, 'mean_pct': 10.02}, {'ts': '2026-09-22 13:43:58', 'theme': '待归位·化学制药', 'n': 3, 'mean_pct': 13.38}, {'ts': '2026-09-22 13:43:58', 'theme': '待归位·医疗服务', 'n': 2, 'mean_pct': 8.985}, {'ts': '2026-09-22 13:43:58', 'theme': '待归位·半导体', 'n': 1, 'mean_pct': 10.0}, {'ts': '2026-09-22 13:43:58', 'theme': '待归位·塑料', 'n': 1, 'mean_pct': 10.0}, {'ts': '2026-09-22 13:43:58', 'theme': '待归位·家居用品', 'n': 2, 'mean_pct': 10.04}, {'ts': '2026-09-22 13:43:58', 'theme': '待归位·广告营销', 'n': 1, 'mean_pct': 9.93}, {'ts': '2026-09-22 13:43:58', 'theme': '待归位·房地产开', 'n': 1, 'mean_pct': -0.41}, {'ts': '2026-09-22 13:43:58', 'theme': '待归位·房地产服', 'n': 2, 'mean_pct': 9.95}, {'ts': '2026-09-22 13:43:58', 'theme': '待归位·服装家纺', 'n': 1, 'mean_pct': 10.0}, {'ts': '2026-09-22 13:43:58', 'theme': '待归位·燃气Ⅱ', 'n': 1, 'mean_pct': 9.96}, {'ts': '2026-09-22 13:43:58', 'theme': '待归位·软件开发', 'n': 1, 'mean_pct': 10.04}, {'ts': '2026-09-22 13:43:58', 'theme': '待归位·铁路公路', 'n': 1, 'mean_pct': 10.01}, {'ts': '2026-09-22 13:44:58', 'theme': '待归位·IT服务Ⅱ', 'n': 1, 'mean_pct': 10.03}, {'ts': '2026-09-22 13:44:58', 'theme': '待归位·其他家电', 'n': 1, 'mean_pct': 10.08}, {'ts': '2026-09-22 13:44:58', 'theme': '待归位·出版', 'n': 3, 'mean_pct': 9.9733}, {'ts': '2026-09-22 13:44:58', 'theme': '待归位·包装印刷', 'n': 1, 'mean_pct': 10.05}, {'ts': '2026-09-22 13:44:58', 'theme': '待归位·化学制品', 'n': 1, 'mean_pct': 10.02}, {'ts': '2026-09-22 13:44:58', 'theme': '待归位·化学制药', 'n': 3, 'mean_pct': 13.38}, {'ts': '2026-09-22 13:44:58', 'theme': '待归位·医疗服务', 'n': 2, 'mean_pct': 8.95}, {'ts': '2026-09-22 13:44:58', 'theme': '待归位·半导体', 'n': 1, 'mean_pct': 10.0}, {'ts': '2026-09-22 13:44:58', 'theme': '待归位·塑料', 'n': 1, 'mean_pct': 10.0}, {'ts': '2026-09-22 13:44:58', 'theme': '待归位·家居用品', 'n': 2, 'mean_pct': 10.04}, {'ts': '2026-09-22 13:44:58', 'theme': '待归位·广告营销', 'n': 1, 'mean_pct': 9.93}, {'ts': '2026-09-22 13:44:58', 'theme': '待归位·房地产开', 'n': 1, 'mean_pct': -1.23}, {'ts': '2026-09-22 13:44:58', 'theme': '待归位·房地产服', 'n': 2, 'mean_pct': 9.95}, {'ts': '2026-09-22 13:44:58', 'theme': '待归位·服装家纺', 'n': 1, 'mean_pct': 10.0}, {'ts': '2026-09-22 13:44:58', 'theme': '待归位·燃气Ⅱ', 'n': 1, 'mean_pct': 9.96}, {'ts': '2026-09-22 13:44:58', 'theme': '待归位·软件开发', 'n': 1, 'mean_pct': 10.04}, {'ts': '2026-09-22 13:44:58', 'theme': '待归位·铁路公路', 'n': 1, 'mean_pct': 10.01}, {'ts': '2026-09-22 13:45:58', 'theme': '待归位·IT服务Ⅱ', 'n': 1, 'mean_pct': 10.03}, {'ts': '2026-09-22 13:45:58', 'theme': '待归位·其他家电', 'n': 1, 'mean_pct': 10.08}, {'ts': '2026-09-22 13:45:58', 'theme': '待归位·出版', 'n': 3, 'mean_pct': 9.9733}, {'ts': '2026-09-22 13:45:58', 'theme': '待归位·包装印刷', 'n': 1, 'mean_pct': 10.05}, {'ts': '2026-09-22 13:45:58', 'theme': '待归位·化学制品', 'n': 1, 'mean_pct': 10.02}, {'ts': '2026-09-22 13:45:58', 'theme': '待归位·化学制药', 'n': 3, 'mean_pct': 13.38}, {'ts': '2026-09-22 13:45:58', 'theme': '待归位·医疗服务', 'n': 2, 'mean_pct': 8.95}, {'ts': '2026-09-22 13:45:58', 'theme': '待归位·半导体', 'n': 1, 'mean_pct': 10.0}, {'ts': '2026-09-22 13:45:58', 'theme': '待归位·塑料', 'n': 1, 'mean_pct': 10.0}, {'ts': '2026-09-22 13:45:58', 'theme': '待归位·家居用品', 'n': 2, 'mean_pct': 10.04}, {'ts': '2026-09-22 13:45:58', 'theme': '待归位·广告营销', 'n': 1, 'mean_pct': 9.93}, {'ts': '2026-09-22 13:45:58', 'theme': '待归位·房地产开', 'n': 1, 'mean_pct': -0.82}, {'ts': '2026-09-22 13:45:58', 'theme': '待归位·房地产服', 'n': 2, 'mean_pct': 9.95}, {'ts': '2026-09-22 13:45:58', 'theme': '待归位·服装家纺', 'n': 1, 'mean_pct': 10.0}, {'ts': '2026-09-22 13:45:58', 'theme': '待归位·燃气Ⅱ', 'n': 1, 'mean_pct': 9.96}, {'ts': '2026-09-22 13:45:58', 'theme': '待归位·软件开发', 'n': 1, 'mean_pct': 10.04}, {'ts': '2026-09-22 13:45:58', 'theme': '待归位·铁路公路', 'n': 1, 'mean_pct': 10.01}, {'ts': '2026-09-22 13:46:58', 'theme': '待归位·IT服务Ⅱ', 'n': 1, 'mean_pct': 10.03}, {'ts': '2026-09-22 13:46:58', 'theme': '待归位·其他家电', 'n': 1, 'mean_pct': 10.08}, {'ts': '2026-09-22 13:46:58', 'theme': '待归位·出版', 'n': 3, 'mean_pct': 9.9733}, {'ts': '2026-09-22 13:46:58', 'theme': '待归位·包装印刷', 'n': 1, 'mean_pct': 10.05}, {'ts': '2026-09-22 13:46:58', 'theme': '待归位·化学制品', 'n': 1, 'mean_pct': 10.02}, {'ts': '2026-09-22 13:46:58', 'theme': '待归位·化学制药', 'n': 3, 'mean_pct': 13.38}, {'ts': '2026-09-22 13:46:58', 'theme': '待归位·医疗服务', 'n': 2, 'mean_pct': 8.91}, {'ts': '2026-09-22 13:46:58', 'theme': '待归位·半导体', 'n': 1, 'mean_pct': 10.0}, {'ts': '2026-09-22 13:46:58', 'theme': '待归位·塑料', 'n': 1, 'mean_pct': 10.0}, {'ts': '2026-09-22 13:46:58', 'theme': '待归位·家居用品', 'n': 2, 'mean_pct': 10.04}, {'ts': '2026-09-22 13:46:58', 'theme': '待归位·广告营销', 'n': 1, 'mean_pct': 9.93}, {'ts': '2026-09-22 13:46:58', 'theme': '待归位·房地产开', 'n': 1, 'mean_pct': -1.23}, {'ts': '2026-09-22 13:46:58', 'theme': '待归位·房地产服', 'n': 2, 'mean_pct': 9.95}, {'ts': '2026-09-22 13:46:58', 'theme': '待归位·服装家纺', 'n': 1, 'mean_pct': 10.0}, {'ts': '2026-09-22 13:46:58', 'theme': '待归位·燃气Ⅱ', 'n': 1, 'mean_pct': 9.96}, {'ts': '2026-09-22 13:46:58', 'theme': '待归位·软件开发', 'n': 1, 'mean_pct': 10.04}, {'ts': '2026-09-22 13:46:58', 'theme': '待归位·铁路公路', 'n': 1, 'mean_pct': 10.01}, {'ts': '2026-09-22 13:47:59', 'theme': '待归位·IT服务Ⅱ', 'n': 1, 'mean_pct': 10.03}, {'ts': '2026-09-22 13:47:59', 'theme': '待归位·其他家电', 'n': 1, 'mean_pct': 10.08}, {'ts': '2026-09-22 13:47:59', 'theme': '待归位·出版', 'n': 3, 'mean_pct': 9.9733}, {'ts': '2026-09-22 13:47:59', 'theme': '待归位·包装印刷', 'n': 1, 'mean_pct': 10.05}, {'ts': '2026-09-22 13:47:59', 'theme': '待归位·化学制品', 'n': 1, 'mean_pct': 10.02}, {'ts': '2026-09-22 13:47:59', 'theme': '待归位·化学制药', 'n': 3, 'mean_pct': 13.38}, {'ts': '2026-09-22 13:47:59', 'theme': '待归位·医疗服务', 'n': 2, 'mean_pct': 8.95}, {'ts': '2026-09-22 13:47:59', 'theme': '待归位·半导体', 'n': 1, 'mean_pct': 10.0}, {'ts': '2026-09-22 13:47:59', 'theme': '待归位·塑料', 'n': 1, 'mean_pct': 10.0}, {'ts': '2026-09-22 13:47:59', 'theme': '待归位·家居用品', 'n': 2, 'mean_pct': 10.04}, {'ts': '2026-09-22 13:47:59', 'theme': '待归位·广告营销', 'n': 1, 'mean_pct': 9.93}, {'ts': '2026-09-22 13:47:59', 'theme': '待归位·房地产开', 'n': 1, 'mean_pct': -0.82}, {'ts': '2026-09-22 13:47:59', 'theme': '待归位·房地产服', 'n': 2, 'mean_pct': 9.95}, {'ts': '2026-09-22 13:47:59', 'theme': '待归位·服装家纺', 'n': 1, 'mean_pct': 10.0}, {'ts': '2026-09-22 13:47:59', 'theme': '待归位·燃气Ⅱ', 'n': 1, 'mean_pct': 9.96}, {'ts': '2026-09-22 13:47:59', 'theme': '待归位·软件开发', 'n': 1, 'mean_pct': 10.04}, {'ts': '2026-09-22 13:47:59', 'theme': '待归位·铁路公路', 'n': 1, 'mean_pct': 10.01}, {'ts': '2026-09-22 13:48:59', 'theme': '待归位·IT服务Ⅱ', 'n': 1, 'mean_pct': 10.03}, {'ts': '2026-09-22 13:48:59', 'theme': '待归位·其他家电', 'n': 1, 'mean_pct': 10.08}, {'ts': '2026-09-22 13:48:59', 'theme': '待归位·出版', 'n': 3, 'mean_pct': 9.9733}, {'ts': '2026-09-22 13:48:59', 'theme': '待归位·包装印刷', 'n': 1, 'mean_pct': 10.05}, {'ts': '2026-09-22 13:48:59', 'theme': '待归位·化学制品', 'n': 1, 'mean_pct': 10.02}, {'ts': '2026-09-22 13:48:59', 'theme': '待归位·化学制药', 'n': 3, 'mean_pct': 13.38}, {'ts': '2026-09-22 13:48:59', 'theme': '待归位·医疗服务', 'n': 2, 'mean_pct': 8.985}, {'ts': '2026-09-22 13:48:59', 'theme': '待归位·半导体', 'n': 1, 'mean_pct': 10.0}, {'ts': '2026-09-22 13:48:59', 'theme': '待归位·塑料', 'n': 1, 'mean_pct': 10.0}, {'ts': '2026-09-22 13:48:59', 'theme': '待归位·家居用品', 'n': 2, 'mean_pct': 10.04}, {'ts': '2026-09-22 13:48:59', 'theme': '待归位·广告营销', 'n': 1, 'mean_pct': 9.93}, {'ts': '2026-09-22 13:48:59', 'theme': '待归位·房地产开', 'n': 1, 'mean_pct': -1.23}, {'ts': '2026-09-22 13:48:59', 'theme': '待归位·房地产服', 'n': 2, 'mean_pct': 9.95}, {'ts': '2026-09-22 13:48:59', 'theme': '待归位·服装家纺', 'n': 1, 'mean_pct': 10.0}, {'ts': '2026-09-22 13:48:59', 'theme': '待归位·燃气Ⅱ', 'n': 1, 'mean_pct': 9.96}, {'ts': '2026-09-22 13:48:59', 'theme': '待归位·软件开发', 'n': 1, 'mean_pct': 10.04}, {'ts': '2026-09-22 13:48:59', 'theme': '待归位·铁路公路', 'n': 1, 'mean_pct': 10.01}, {'ts': '2026-09-22 13:49:59', 'theme': '待归位·IT服务Ⅱ', 'n': 1, 'mean_pct': 10.03}, {'ts': '2026-09-22 13:49:59', 'theme': '待归位·其他家电', 'n': 1, 'mean_pct': 10.08}, {'ts': '2026-09-22 13:49:59', 'theme': '待归位·出版', 'n': 3, 'mean_pct': 9.9733}, {'ts': '2026-09-22 13:49:59', 'theme': '待归位·包装印刷', 'n': 1, 'mean_pct': 10.05}, {'ts': '2026-09-22 13:49:59', 'theme': '待归位·化学制品', 'n': 1, 'mean_pct': 10.02}, {'ts': '2026-09-22 13:49:59', 'theme': '待归位·化学制药', 'n': 3, 'mean_pct': 13.38}, {'ts': '2026-09-22 13:49:59', 'theme': '待归位·医疗服务', 'n': 2, 'mean_pct': 8.95}, {'ts': '2026-09-22 13:49:59', 'theme': '待归位·半导体', 'n': 1, 'mean_pct': 10.0}, {'ts': '2026-09-22 13:49:59', 'theme': '待归位·塑料', 'n': 1, 'mean_pct': 10.0}, {'ts': '2026-09-22 13:49:59', 'theme': '待归位·家居用品', 'n': 2, 'mean_pct': 10.04}, {'ts': '2026-09-22 13:49:59', 'theme': '待归位·广告营销', 'n': 1, 'mean_pct': 9.93}, {'ts': '2026-09-22 13:49:59', 'theme': '待归位·房地产开', 'n': 1, 'mean_pct': -1.23}, {'ts': '2026-09-22 13:49:59', 'theme': '待归位·房地产服', 'n': 2, 'mean_pct': 9.95}, {'ts': '2026-09-22 13:49:59', 'theme': '待归位·服装家纺', 'n': 1, 'mean_pct': 10.0}, {'ts': '2026-09-22 13:49:59', 'theme': '待归位·燃气Ⅱ', 'n': 1, 'mean_pct': 9.96}, {'ts': '2026-09-22 13:49:59', 'theme': '待归位·软件开发', 'n': 1, 'mean_pct': 10.04}, {'ts': '2026-09-22 13:49:59', 'theme': '待归位·铁路公路', 'n': 1, 'mean_pct': 10.01}, {'ts': '2026-09-22 13:50:59', 'theme': '待归位·IT服务Ⅱ', 'n': 1, 'mean_pct': 10.03}, {'ts': '2026-09-22 13:50:59', 'theme': '待归位·其他家电', 'n': 1, 'mean_pct': 10.08}, {'ts': '2026-09-22 13:50:59', 'theme': '待归位·出版', 'n': 3, 'mean_pct': 9.9733}, {'ts': '2026-09-22 13:50:59', 'theme': '待归位·包装印刷', 'n': 1, 'mean_pct': 10.05}, {'ts': '2026-09-22 13:50:59', 'theme': '待归位·化学制品', 'n': 1, 'mean_pct': 10.02}, {'ts': '2026-09-22 13:50:59', 'theme': '待归位·化学制药', 'n': 3, 'mean_pct': 13.38}, {'ts': '2026-09-22 13:50:59', 'theme': '待归位·医疗服务', 'n': 2, 'mean_pct': 8.875}, {'ts': '2026-09-22 13:50:59', 'theme': '待归位·半导体', 'n': 1, 'mean_pct': 10.0}, {'ts': '2026-09-22 13:50:59', 'theme': '待归位·塑料', 'n': 1, 'mean_pct': 10.0}, {'ts': '2026-09-22 13:50:59', 'theme': '待归位·家居用品', 'n': 2, 'mean_pct': 10.04}, {'ts': '2026-09-22 13:50:59', 'theme': '待归位·广告营销', 'n': 1, 'mean_pct': 9.93}, {'ts': '2026-09-22 13:50:59', 'theme': '待归位·房地产开', 'n': 1, 'mean_pct': -0.82}, {'ts': '2026-09-22 13:50:59', 'theme': '待归位·房地产服', 'n': 2, 'mean_pct': 9.95}, {'ts': '2026-09-22 13:50:59', 'theme': '待归位·服装家纺', 'n': 1, 'mean_pct': 10.0}, {'ts': '2026-09-22 13:50:59', 'theme': '待归位·燃气Ⅱ', 'n': 1, 'mean_pct': 9.96}, {'ts': '2026-09-22 13:50:59', 'theme': '待归位·软件开发', 'n': 1, 'mean_pct': 10.04}, {'ts': '2026-09-22 13:50:59', 'theme': '待归位·铁路公路', 'n': 1, 'mean_pct': 10.01}, {'ts': '2026-09-22 13:52:00', 'theme': '待归位·IT服务Ⅱ', 'n': 1, 'mean_pct': 10.03}, {'ts': '2026-09-22 13:52:00', 'theme': '待归位·其他家电', 'n': 1, 'mean_pct': 10.08}, {'ts': '2026-09-22 13:52:00', 'theme': '待归位·出版', 'n': 3, 'mean_pct': 9.9733}, {'ts': '2026-09-22 13:52:00', 'theme': '待归位·包装印刷', 'n': 1, 'mean_pct': 10.05}, {'ts': '2026-09-22 13:52:00', 'theme': '待归位·化学制品', 'n': 1, 'mean_pct': 10.02}, {'ts': '2026-09-22 13:52:00', 'theme': '待归位·化学制药', 'n': 3, 'mean_pct': 13.38}, {'ts': '2026-09-22 13:52:00', 'theme': '待归位·医疗服务', 'n': 2, 'mean_pct': 8.795}, {'ts': '2026-09-22 13:52:00', 'theme': '待归位·半导体', 'n': 1, 'mean_pct': 10.0}, {'ts': '2026-09-22 13:52:00', 'theme': '待归位·塑料', 'n': 1, 'mean_pct': 10.0}, {'ts': '2026-09-22 13:52:00', 'theme': '待归位·家居用品', 'n': 2, 'mean_pct': 10.04}, {'ts': '2026-09-22 13:52:00', 'theme': '待归位·广告营销', 'n': 1, 'mean_pct': 9.93}, {'ts': '2026-09-22 13:52:00', 'theme': '待归位·房地产开', 'n': 1, 'mean_pct': -1.23}, {'ts': '2026-09-22 13:52:00', 'theme': '待归位·房地产服', 'n': 2, 'mean_pct': 9.95}, {'ts': '2026-09-22 13:52:00', 'theme': '待归位·服装家纺', 'n': 1, 'mean_pct': 10.0}, {'ts': '2026-09-22 13:52:00', 'theme': '待归位·燃气Ⅱ', 'n': 1, 'mean_pct': 9.96}, {'ts': '2026-09-22 13:52:00', 'theme': '待归位·软件开发', 'n': 1, 'mean_pct': 10.04}, {'ts': '2026-09-22 13:52:00', 'theme': '待归位·铁路公路', 'n': 1, 'mean_pct': 10.01}, {'ts': '2026-09-22 13:53:00', 'theme': '待归位·IT服务Ⅱ', 'n': 1, 'mean_pct': 10.03}, {'ts': '2026-09-22 13:53:00', 'theme': '待归位·其他家电', 'n': 1, 'mean_pct': 10.08}, {'ts': '2026-09-22 13:53:00', 'theme': '待归位·出版', 'n': 3, 'mean_pct': 9.9733}, {'ts': '2026-09-22 13:53:00', 'theme': '待归位·包装印刷', 'n': 1, 'mean_pct': 10.05}, {'ts': '2026-09-22 13:53:00', 'theme': '待归位·化学制品', 'n': 1, 'mean_pct': 10.02}, {'ts': '2026-09-22 13:53:00', 'theme': '待归位·化学制药', 'n': 3, 'mean_pct': 13.38}, {'ts': '2026-09-22 13:53:00', 'theme': '待归位·医疗服务', 'n': 2, 'mean_pct': 8.795}, {'ts': '2026-09-22 13:53:00', 'theme': '待归位·半导体', 'n': 1, 'mean_pct': 10.0}, {'ts': '2026-09-22 13:53:00', 'theme': '待归位·塑料', 'n': 1, 'mean_pct': 10.0}, {'ts': '2026-09-22 13:53:00', 'theme': '待归位·家居用品', 'n': 2, 'mean_pct': 10.04}, {'ts': '2026-09-22 13:53:00', 'theme': '待归位·广告营销', 'n': 1, 'mean_pct': 9.93}, {'ts': '2026-09-22 13:53:00', 'theme': '待归位·房地产开', 'n': 1, 'mean_pct': -1.23}, {'ts': '2026-09-22 13:53:00', 'theme': '待归位·房地产服', 'n': 2, 'mean_pct': 9.95}, {'ts': '2026-09-22 13:53:00', 'theme': '待归位·服装家纺', 'n': 1, 'mean_pct': 10.0}, {'ts': '2026-09-22 13:53:00', 'theme': '待归位·燃气Ⅱ', 'n': 1, 'mean_pct': 9.96}, {'ts': '2026-09-22 13:53:00', 'theme': '待归位·软件开发', 'n': 1, 'mean_pct': 10.04}, {'ts': '2026-09-22 13:53:00', 'theme': '待归位·铁路公路', 'n': 1, 'mean_pct': 10.01}, {'ts': '2026-09-22 13:54:00', 'theme': '待归位·IT服务Ⅱ', 'n': 1, 'mean_pct': 10.03}, {'ts': '2026-09-22 13:54:00', 'theme': '待归位·其他家电', 'n': 1, 'mean_pct': 10.08}, {'ts': '2026-09-22 13:54:00', 'theme': '待归位·出版', 'n': 3, 'mean_pct': 9.9733}, {'ts': '2026-09-22 13:54:00', 'theme': '待归位·包装印刷', 'n': 1, 'mean_pct': 10.05}, {'ts': '2026-09-22 13:54:00', 'theme': '待归位·化学制品', 'n': 1, 'mean_pct': 10.02}, {'ts': '2026-09-22 13:54:00', 'theme': '待归位·化学制药', 'n': 3, 'mean_pct': 13.38}, {'ts': '2026-09-22 13:54:00', 'theme': '待归位·医疗服务', 'n': 2, 'mean_pct': 8.76}, {'ts': '2026-09-22 13:54:00', 'theme': '待归位·半导体', 'n': 1, 'mean_pct': 10.0}, {'ts': '2026-09-22 13:54:00', 'theme': '待归位·塑料', 'n': 1, 'mean_pct': 10.0}, {'ts': '2026-09-22 13:54:00', 'theme': '待归位·家居用品', 'n': 2, 'mean_pct': 10.04}, {'ts': '2026-09-22 13:54:00', 'theme': '待归位·广告营销', 'n': 1, 'mean_pct': 9.93}, {'ts': '2026-09-22 13:54:00', 'theme': '待归位·房地产开', 'n': 1, 'mean_pct': -1.23}, {'ts': '2026-09-22 13:54:00', 'theme': '待归位·房地产服', 'n': 2, 'mean_pct': 9.95}, {'ts': '2026-09-22 13:54:00', 'theme': '待归位·服装家纺', 'n': 1, 'mean_pct': 10.0}, {'ts': '2026-09-22 13:54:00', 'theme': '待归位·燃气Ⅱ', 'n': 1, 'mean_pct': 9.96}, {'ts': '2026-09-22 13:54:00', 'theme': '待归位·软件开发', 'n': 1, 'mean_pct': 10.04}, {'ts': '2026-09-22 13:54:00', 'theme': '待归位·铁路公路', 'n': 1, 'mean_pct': 10.01}, {'ts': '2026-09-22 13:55:00', 'theme': '待归位·IT服务Ⅱ', 'n': 1, 'mean_pct': 10.03}, {'ts': '2026-09-22 13:55:00', 'theme': '待归位·其他家电', 'n': 1, 'mean_pct': 10.08}, {'ts': '2026-09-22 13:55:00', 'theme': '待归位·出版', 'n': 3, 'mean_pct': 9.9733}, {'ts': '2026-09-22 13:55:00', 'theme': '待归位·包装印刷', 'n': 1, 'mean_pct': 10.05}, {'ts': '2026-09-22 13:55:00', 'theme': '待归位·化学制品', 'n': 1, 'mean_pct': 10.02}, {'ts': '2026-09-22 13:55:00', 'theme': '待归位·化学制药', 'n': 3, 'mean_pct': 13.38}, {'ts': '2026-09-22 13:55:00', 'theme': '待归位·医疗服务', 'n': 2, 'mean_pct': 8.76}, {'ts': '2026-09-22 13:55:00', 'theme': '待归位·半导体', 'n': 1, 'mean_pct': 10.0}, {'ts': '2026-09-22 13:55:00', 'theme': '待归位·塑料', 'n': 1, 'mean_pct': 10.0}, {'ts': '2026-09-22 13:55:00', 'theme': '待归位·家居用品', 'n': 2, 'mean_pct': 10.04}, {'ts': '2026-09-22 13:55:00', 'theme': '待归位·广告营销', 'n': 1, 'mean_pct': 9.93}, {'ts': '2026-09-22 13:55:00', 'theme': '待归位·房地产开', 'n': 1, 'mean_pct': -1.23}, {'ts': '2026-09-22 13:55:00', 'theme': '待归位·房地产服', 'n': 2, 'mean_pct': 9.95}, {'ts': '2026-09-22 13:55:00', 'theme': '待归位·服装家纺', 'n': 1, 'mean_pct': 10.0}, {'ts': '2026-09-22 13:55:00', 'theme': '待归位·燃气Ⅱ', 'n': 1, 'mean_pct': 9.96}, {'ts': '2026-09-22 13:55:00', 'theme': '待归位·软件开发', 'n': 1, 'mean_pct': 10.04}, {'ts': '2026-09-22 13:55:00', 'theme': '待归位·铁路公路', 'n': 1, 'mean_pct': 10.01}, {'ts': '2026-09-22 13:56:00', 'theme': '待归位·IT服务Ⅱ', 'n': 1, 'mean_pct': 10.03}, {'ts': '2026-09-22 13:56:00', 'theme': '待归位·其他家电', 'n': 1, 'mean_pct': 10.08}, {'ts': '2026-09-22 13:56:00', 'theme': '待归位·出版', 'n': 3, 'mean_pct': 9.9733}, {'ts': '2026-09-22 13:56:00', 'theme': '待归位·包装印刷', 'n': 1, 'mean_pct': 10.05}, {'ts': '2026-09-22 13:56:00', 'theme': '待归位·化学制品', 'n': 1, 'mean_pct': 10.02}, {'ts': '2026-09-22 13:56:00', 'theme': '待归位·化学制药', 'n': 3, 'mean_pct': 13.38}, {'ts': '2026-09-22 13:56:00', 'theme': '待归位·医疗服务', 'n': 2, 'mean_pct': 8.605}, {'ts': '2026-09-22 13:56:00', 'theme': '待归位·半导体', 'n': 1, 'mean_pct': 10.0}, {'ts': '2026-09-22 13:56:00', 'theme': '待归位·塑料', 'n': 1, 'mean_pct': 10.0}, {'ts': '2026-09-22 13:56:00', 'theme': '待归位·家居用品', 'n': 2, 'mean_pct': 10.04}, {'ts': '2026-09-22 13:56:00', 'theme': '待归位·广告营销', 'n': 1, 'mean_pct': 9.93}, {'ts': '2026-09-22 13:56:00', 'theme': '待归位·房地产开', 'n': 1, 'mean_pct': -1.23}, {'ts': '2026-09-22 13:56:00', 'theme': '待归位·房地产服', 'n': 2, 'mean_pct': 9.95}, {'ts': '2026-09-22 13:56:00', 'theme': '待归位·服装家纺', 'n': 1, 'mean_pct': 10.0}, {'ts': '2026-09-22 13:56:00', 'theme': '待归位·燃气Ⅱ', 'n': 1, 'mean_pct': 9.96}, {'ts': '2026-09-22 13:56:00', 'theme': '待归位·软件开发', 'n': 1, 'mean_pct': 10.04}, {'ts': '2026-09-22 13:56:00', 'theme': '待归位·铁路公路', 'n': 1, 'mean_pct': 10.01}, {'ts': '2026-09-22 13:57:01', 'theme': '待归位·IT服务Ⅱ', 'n': 1, 'mean_pct': 10.03}, {'ts': '2026-09-22 13:57:01', 'theme': '待归位·其他家电', 'n': 1, 'mean_pct': 10.08}, {'ts': '2026-09-22 13:57:01', 'theme': '待归位·出版', 'n': 3, 'mean_pct': 9.9733}, {'ts': '2026-09-22 13:57:01', 'theme': '待归位·包装印刷', 'n': 1, 'mean_pct': 10.05}, {'ts': '2026-09-22 13:57:01', 'theme': '待归位·化学制品', 'n': 1, 'mean_pct': 10.02}, {'ts': '2026-09-22 13:57:01', 'theme': '待归位·化学制药', 'n': 3, 'mean_pct': 13.38}, {'ts': '2026-09-22 13:57:01', 'theme': '待归位·医疗服务', 'n': 2, 'mean_pct': 8.645}, {'ts': '2026-09-22 13:57:01', 'theme': '待归位·半导体', 'n': 1, 'mean_pct': 10.0}, {'ts': '2026-09-22 13:57:01', 'theme': '待归位·塑料', 'n': 1, 'mean_pct': 10.0}, {'ts': '2026-09-22 13:57:01', 'theme': '待归位·家居用品', 'n': 2, 'mean_pct': 10.04}, {'ts': '2026-09-22 13:57:01', 'theme': '待归位·广告营销', 'n': 1, 'mean_pct': 9.93}, {'ts': '2026-09-22 13:57:01', 'theme': '待归位·房地产开', 'n': 1, 'mean_pct': -0.82}, {'ts': '2026-09-22 13:57:01', 'theme': '待归位·房地产服', 'n': 2, 'mean_pct': 9.95}, {'ts': '2026-09-22 13:57:01', 'theme': '待归位·服装家纺', 'n': 1, 'mean_pct': 10.0}, {'ts': '2026-09-22 13:57:01', 'theme': '待归位·燃气Ⅱ', 'n': 1, 'mean_pct': 9.96}, {'ts': '2026-09-22 13:57:01', 'theme': '待归位·软件开发', 'n': 1, 'mean_pct': 10.04}, {'ts': '2026-09-22 13:57:01', 'theme': '待归位·铁路公路', 'n': 1, 'mean_pct': 10.01}, {'ts': '2026-09-22 13:58:01', 'theme': '待归位·IT服务Ⅱ', 'n': 1, 'mean_pct': 10.03}, {'ts': '2026-09-22 13:58:01', 'theme': '待归位·其他家电', 'n': 1, 'mean_pct': 10.08}, {'ts': '2026-09-22 13:58:01', 'theme': '待归位·出版', 'n': 3, 'mean_pct': 9.9733}, {'ts': '2026-09-22 13:58:01', 'theme': '待归位·包装印刷', 'n': 1, 'mean_pct': 10.05}, {'ts': '2026-09-22 13:58:01', 'theme': '待归位·化学制品', 'n': 1, 'mean_pct': 10.02}, {'ts': '2026-09-22 13:58:01', 'theme': '待归位·化学制药', 'n': 3, 'mean_pct': 13.38}, {'ts': '2026-09-22 13:58:01', 'theme': '待归位·医疗服务', 'n': 2, 'mean_pct': 8.645}, {'ts': '2026-09-22 13:58:01', 'theme': '待归位·半导体', 'n': 1, 'mean_pct': 10.0}, {'ts': '2026-09-22 13:58:01', 'theme': '待归位·塑料', 'n': 1, 'mean_pct': 10.0}, {'ts': '2026-09-22 13:58:01', 'theme': '待归位·家居用品', 'n': 2, 'mean_pct': 10.04}, {'ts': '2026-09-22 13:58:01', 'theme': '待归位·广告营销', 'n': 1, 'mean_pct': 9.93}, {'ts': '2026-09-22 13:58:01', 'theme': '待归位·房地产开', 'n': 1, 'mean_pct': -0.82}, {'ts': '2026-09-22 13:58:01', 'theme': '待归位·房地产服', 'n': 2, 'mean_pct': 9.95}, {'ts': '2026-09-22 13:58:01', 'theme': '待归位·服装家纺', 'n': 1, 'mean_pct': 10.0}, {'ts': '2026-09-22 13:58:01', 'theme': '待归位·燃气Ⅱ', 'n': 1, 'mean_pct': 9.96}, {'ts': '2026-09-22 13:58:01', 'theme': '待归位·软件开发', 'n': 1, 'mean_pct': 10.04}, {'ts': '2026-09-22 13:58:01', 'theme': '待归位·铁路公路', 'n': 1, 'mean_pct': 10.01}, {'ts': '2026-09-22 13:59:01', 'theme': '待归位·IT服务Ⅱ', 'n': 1, 'mean_pct': 10.03}, {'ts': '2026-09-22 13:59:01', 'theme': '待归位·其他家电', 'n': 1, 'mean_pct': 10.08}, {'ts': '2026-09-22 13:59:01', 'theme': '待归位·出版', 'n': 3, 'mean_pct': 9.9733}, {'ts': '2026-09-22 13:59:01', 'theme': '待归位·包装印刷', 'n': 1, 'mean_pct': 10.05}, {'ts': '2026-09-22 13:59:01', 'theme': '待归位·化学制品', 'n': 1, 'mean_pct': 10.02}, {'ts': '2026-09-22 13:59:01', 'theme': '待归位·化学制药', 'n': 3, 'mean_pct': 13.38}, {'ts': '2026-09-22 13:59:01', 'theme': '待归位·医疗服务', 'n': 2, 'mean_pct': 8.91}, {'ts': '2026-09-22 13:59:01', 'theme': '待归位·半导体', 'n': 1, 'mean_pct': 10.0}, {'ts': '2026-09-22 13:59:01', 'theme': '待归位·塑料', 'n': 1, 'mean_pct': 10.0}, {'ts': '2026-09-22 13:59:01', 'theme': '待归位·家居用品', 'n': 2, 'mean_pct': 10.04}, {'ts': '2026-09-22 13:59:01', 'theme': '待归位·广告营销', 'n': 1, 'mean_pct': 9.93}, {'ts': '2026-09-22 13:59:01', 'theme': '待归位·房地产开', 'n': 1, 'mean_pct': -1.23}, {'ts': '2026-09-22 13:59:01', 'theme': '待归位·房地产服', 'n': 2, 'mean_pct': 9.95}, {'ts': '2026-09-22 13:59:01', 'theme': '待归位·服装家纺', 'n': 1, 'mean_pct': 10.0}, {'ts': '2026-09-22 13:59:01', 'theme': '待归位·燃气Ⅱ', 'n': 1, 'mean_pct': 9.96}, {'ts': '2026-09-22 13:59:01', 'theme': '待归位·软件开发', 'n': 1, 'mean_pct': 10.04}, {'ts': '2026-09-22 13:59:01', 'theme': '待归位·铁路公路', 'n': 1, 'mean_pct': 10.01}, {'ts': '2026-09-22 14:00:01', 'theme': '待归位·IT服务Ⅱ', 'n': 1, 'mean_pct': 10.03}, {'ts': '2026-09-22 14:00:01', 'theme': '待归位·其他家电', 'n': 1, 'mean_pct': 10.08}, {'ts': '2026-09-22 14:00:01', 'theme': '待归位·出版', 'n': 3, 'mean_pct': 9.9733}, {'ts': '2026-09-22 14:00:01', 'theme': '待归位·包装印刷', 'n': 1, 'mean_pct': 10.05}, {'ts': '2026-09-22 14:00:01', 'theme': '待归位·化学制品', 'n': 1, 'mean_pct': 10.02}, {'ts': '2026-09-22 14:00:01', 'theme': '待归位·化学制药', 'n': 3, 'mean_pct': 13.38}, {'ts': '2026-09-22 14:00:01', 'theme': '待归位·医疗服务', 'n': 2, 'mean_pct': 8.835}, {'ts': '2026-09-22 14:00:01', 'theme': '待归位·半导体', 'n': 1, 'mean_pct': 10.0}, {'ts': '2026-09-22 14:00:01', 'theme': '待归位·塑料', 'n': 1, 'mean_pct': 10.0}, {'ts': '2026-09-22 14:00:01', 'theme': '待归位·家居用品', 'n': 2, 'mean_pct': 10.04}, {'ts': '2026-09-22 14:00:01', 'theme': '待归位·广告营销', 'n': 1, 'mean_pct': 9.93}, {'ts': '2026-09-22 14:00:01', 'theme': '待归位·房地产开', 'n': 1, 'mean_pct': -1.23}, {'ts': '2026-09-22 14:00:01', 'theme': '待归位·房地产服', 'n': 2, 'mean_pct': 9.95}, {'ts': '2026-09-22 14:00:01', 'theme': '待归位·服装家纺', 'n': 1, 'mean_pct': 10.0}, {'ts': '2026-09-22 14:00:01', 'theme': '待归位·燃气Ⅱ', 'n': 1, 'mean_pct': 9.96}, {'ts': '2026-09-22 14:00:01', 'theme': '待归位·软件开发', 'n': 1, 'mean_pct': 10.04}, {'ts': '2026-09-22 14:00:01', 'theme': '待归位·铁路公路', 'n': 1, 'mean_pct': 10.01}, {'ts': '2026-09-22 14:01:01', 'theme': '待归位·IT服务Ⅱ', 'n': 1, 'mean_pct': 10.03}, {'ts': '2026-09-22 14:01:01', 'theme': '待归位·其他家电', 'n': 1, 'mean_pct': 10.08}, {'ts': '2026-09-22 14:01:01', 'theme': '待归位·出版', 'n': 3, 'mean_pct': 9.9733}, {'ts': '2026-09-22 14:01:01', 'theme': '待归位·包装印刷', 'n': 1, 'mean_pct': 10.05}, {'ts': '2026-09-22 14:01:01', 'theme': '待归位·化学制品', 'n': 1, 'mean_pct': 10.02}, {'ts': '2026-09-22 14:01:01', 'theme': '待归位·化学制药', 'n': 3, 'mean_pct': 13.38}, {'ts': '2026-09-22 14:01:01', 'theme': '待归位·医疗服务', 'n': 2, 'mean_pct': 8.95}, {'ts': '2026-09-22 14:01:01', 'theme': '待归位·半导体', 'n': 1, 'mean_pct': 10.0}, {'ts': '2026-09-22 14:01:01', 'theme': '待归位·塑料', 'n': 1, 'mean_pct': 10.0}, {'ts': '2026-09-22 14:01:01', 'theme': '待归位·家居用品', 'n': 2, 'mean_pct': 10.04}, {'ts': '2026-09-22 14:01:01', 'theme': '待归位·广告营销', 'n': 1, 'mean_pct': 9.93}, {'ts': '2026-09-22 14:01:01', 'theme': '待归位·房地产开', 'n': 1, 'mean_pct': -1.23}, {'ts': '2026-09-22 14:01:01', 'theme': '待归位·房地产服', 'n': 2, 'mean_pct': 9.95}, {'ts': '2026-09-22 14:01:01', 'theme': '待归位·服装家纺', 'n': 1, 'mean_pct': 10.0}, {'ts': '2026-09-22 14:01:01', 'theme': '待归位·燃气Ⅱ', 'n': 1, 'mean_pct': 9.96}, {'ts': '2026-09-22 14:01:01', 'theme': '待归位·软件开发', 'n': 1, 'mean_pct': 10.04}, {'ts': '2026-09-22 14:01:01', 'theme': '待归位·铁路公路', 'n': 1, 'mean_pct': 10.01}, {'ts': '2026-09-22 14:02:02', 'theme': '待归位·IT服务Ⅱ', 'n': 1, 'mean_pct': 10.03}, {'ts': '2026-09-22 14:02:02', 'theme': '待归位·其他家电', 'n': 1, 'mean_pct': 10.08}, {'ts': '2026-09-22 14:02:02', 'theme': '待归位·出版', 'n': 3, 'mean_pct': 9.9733}, {'ts': '2026-09-22 14:02:02', 'theme': '待归位·包装印刷', 'n': 1, 'mean_pct': 10.05}, {'ts': '2026-09-22 14:02:02', 'theme': '待归位·化学制品', 'n': 1, 'mean_pct': 10.02}, {'ts': '2026-09-22 14:02:02', 'theme': '待归位·化学制药', 'n': 3, 'mean_pct': 13.38}, {'ts': '2026-09-22 14:02:02', 'theme': '待归位·医疗服务', 'n': 2, 'mean_pct': 8.985}, {'ts': '2026-09-22 14:02:02', 'theme': '待归位·半导体', 'n': 1, 'mean_pct': 10.0}, {'ts': '2026-09-22 14:02:02', 'theme': '待归位·塑料', 'n': 1, 'mean_pct': 10.0}, {'ts': '2026-09-22 14:02:02', 'theme': '待归位·家居用品', 'n': 2, 'mean_pct': 10.04}, {'ts': '2026-09-22 14:02:02', 'theme': '待归位·广告营销', 'n': 1, 'mean_pct': 9.93}, {'ts': '2026-09-22 14:02:02', 'theme': '待归位·房地产开', 'n': 1, 'mean_pct': -1.65}, {'ts': '2026-09-22 14:02:02', 'theme': '待归位·房地产服', 'n': 2, 'mean_pct': 9.95}, {'ts': '2026-09-22 14:02:02', 'theme': '待归位·服装家纺', 'n': 1, 'mean_pct': 10.0}, {'ts': '2026-09-22 14:02:02', 'theme': '待归位·燃气Ⅱ', 'n': 1, 'mean_pct': 9.96}, {'ts': '2026-09-22 14:02:02', 'theme': '待归位·软件开发', 'n': 1, 'mean_pct': 10.04}, {'ts': '2026-09-22 14:02:02', 'theme': '待归位·铁路公路', 'n': 1, 'mean_pct': 10.01}, {'ts': '2026-09-22 14:03:02', 'theme': '待归位·IT服务Ⅱ', 'n': 1, 'mean_pct': 10.03}, {'ts': '2026-09-22 14:03:02', 'theme': '待归位·其他家电', 'n': 1, 'mean_pct': 10.08}, {'ts': '2026-09-22 14:03:02', 'theme': '待归位·出版', 'n': 3, 'mean_pct': 9.9733}, {'ts': '2026-09-22 14:03:02', 'theme': '待归位·包装印刷', 'n': 1, 'mean_pct': 10.05}, {'ts': '2026-09-22 14:03:02', 'theme': '待归位·化学制品', 'n': 1, 'mean_pct': 10.02}, {'ts': '2026-09-22 14:03:02', 'theme': '待归位·化学制药', 'n': 3, 'mean_pct': 13.38}, {'ts': '2026-09-22 14:03:02', 'theme': '待归位·医疗服务', 'n': 2, 'mean_pct': 9.025}, {'ts': '2026-09-22 14:03:02', 'theme': '待归位·半导体', 'n': 1, 'mean_pct': 10.0}, {'ts': '2026-09-22 14:03:02', 'theme': '待归位·塑料', 'n': 1, 'mean_pct': 10.0}, {'ts': '2026-09-22 14:03:02', 'theme': '待归位·家居用品', 'n': 2, 'mean_pct': 10.04}, {'ts': '2026-09-22 14:03:02', 'theme': '待归位·广告营销', 'n': 1, 'mean_pct': 9.93}, {'ts': '2026-09-22 14:03:02', 'theme': '待归位·房地产开', 'n': 1, 'mean_pct': -1.23}, {'ts': '2026-09-22 14:03:02', 'theme': '待归位·房地产服', 'n': 2, 'mean_pct': 9.95}, {'ts': '2026-09-22 14:03:02', 'theme': '待归位·服装家纺', 'n': 1, 'mean_pct': 10.0}, {'ts': '2026-09-22 14:03:02', 'theme': '待归位·燃气Ⅱ', 'n': 1, 'mean_pct': 9.96}, {'ts': '2026-09-22 14:03:02', 'theme': '待归位·软件开发', 'n': 1, 'mean_pct': 10.04}, {'ts': '2026-09-22 14:03:02', 'theme': '待归位·铁路公路', 'n': 1, 'mean_pct': 10.01}, {'ts': '2026-09-22 14:04:02', 'theme': '待归位·IT服务Ⅱ', 'n': 1, 'mean_pct': 10.03}, {'ts': '2026-09-22 14:04:02', 'theme': '待归位·其他家电', 'n': 1, 'mean_pct': 10.08}, {'ts': '2026-09-22 14:04:02', 'theme': '待归位·出版', 'n': 3, 'mean_pct': 9.9733}, {'ts': '2026-09-22 14:04:02', 'theme': '待归位·包装印刷', 'n': 1, 'mean_pct': 10.05}, {'ts': '2026-09-22 14:04:02', 'theme': '待归位·化学制品', 'n': 1, 'mean_pct': 10.02}, {'ts': '2026-09-22 14:04:02', 'theme': '待归位·化学制药', 'n': 3, 'mean_pct': 13.38}, {'ts': '2026-09-22 14:04:02', 'theme': '待归位·医疗服务', 'n': 2, 'mean_pct': 9.025}, {'ts': '2026-09-22 14:04:02', 'theme': '待归位·半导体', 'n': 1, 'mean_pct': 10.0}, {'ts': '2026-09-22 14:04:02', 'theme': '待归位·塑料', 'n': 1, 'mean_pct': 10.0}, {'ts': '2026-09-22 14:04:02', 'theme': '待归位·家居用品', 'n': 2, 'mean_pct': 10.04}, {'ts': '2026-09-22 14:04:02', 'theme': '待归位·广告营销', 'n': 1, 'mean_pct': 9.93}, {'ts': '2026-09-22 14:04:02', 'theme': '待归位·房地产开', 'n': 1, 'mean_pct': -1.23}, {'ts': '2026-09-22 14:04:02', 'theme': '待归位·房地产服', 'n': 2, 'mean_pct': 9.95}, {'ts': '2026-09-22 14:04:02', 'theme': '待归位·服装家纺', 'n': 1, 'mean_pct': 10.0}, {'ts': '2026-09-22 14:04:02', 'theme': '待归位·燃气Ⅱ', 'n': 1, 'mean_pct': 9.96}, {'ts': '2026-09-22 14:04:02', 'theme': '待归位·软件开发', 'n': 1, 'mean_pct': 10.04}, {'ts': '2026-09-22 14:04:02', 'theme': '待归位·铁路公路', 'n': 1, 'mean_pct': 10.01}, {'ts': '2026-09-22 14:05:02', 'theme': '待归位·IT服务Ⅱ', 'n': 1, 'mean_pct': 10.03}, {'ts': '2026-09-22 14:05:02', 'theme': '待归位·其他家电', 'n': 1, 'mean_pct': 10.08}, {'ts': '2026-09-22 14:05:02', 'theme': '待归位·出版', 'n': 3, 'mean_pct': 9.9733}, {'ts': '2026-09-22 14:05:02', 'theme': '待归位·包装印刷', 'n': 1, 'mean_pct': 10.05}, {'ts': '2026-09-22 14:05:02', 'theme': '待归位·化学制品', 'n': 1, 'mean_pct': 10.02}, {'ts': '2026-09-22 14:05:02', 'theme': '待归位·化学制药', 'n': 3, 'mean_pct': 13.38}, {'ts': '2026-09-22 14:05:02', 'theme': '待归位·医疗服务', 'n': 2, 'mean_pct': 8.985}, {'ts': '2026-09-22 14:05:02', 'theme': '待归位·半导体', 'n': 1, 'mean_pct': 10.0}, {'ts': '2026-09-22 14:05:02', 'theme': '待归位·塑料', 'n': 1, 'mean_pct': 10.0}, {'ts': '2026-09-22 14:05:02', 'theme': '待归位·家居用品', 'n': 2, 'mean_pct': 10.04}, {'ts': '2026-09-22 14:05:02', 'theme': '待归位·广告营销', 'n': 1, 'mean_pct': 9.93}, {'ts': '2026-09-22 14:05:02', 'theme': '待归位·房地产开', 'n': 1, 'mean_pct': -1.23}, {'ts': '2026-09-22 14:05:02', 'theme': '待归位·房地产服', 'n': 2, 'mean_pct': 9.95}, {'ts': '2026-09-22 14:05:02', 'theme': '待归位·服装家纺', 'n': 1, 'mean_pct': 10.0}, {'ts': '2026-09-22 14:05:02', 'theme': '待归位·燃气Ⅱ', 'n': 1, 'mean_pct': 9.96}, {'ts': '2026-09-22 14:05:02', 'theme': '待归位·软件开发', 'n': 1, 'mean_pct': 10.04}, {'ts': '2026-09-22 14:05:02', 'theme': '待归位·铁路公路', 'n': 1, 'mean_pct': 10.01}, {'ts': '2026-09-22 14:06:02', 'theme': '待归位·IT服务Ⅱ', 'n': 1, 'mean_pct': 10.03}, {'ts': '2026-09-22 14:06:02', 'theme': '待归位·其他家电', 'n': 1, 'mean_pct': 10.08}, {'ts': '2026-09-22 14:06:02', 'theme': '待归位·出版', 'n': 3, 'mean_pct': 9.9733}, {'ts': '2026-09-22 14:06:02', 'theme': '待归位·包装印刷', 'n': 1, 'mean_pct': 10.05}, {'ts': '2026-09-22 14:06:02', 'theme': '待归位·化学制品', 'n': 1, 'mean_pct': 10.02}, {'ts': '2026-09-22 14:06:02', 'theme': '待归位·化学制药', 'n': 3, 'mean_pct': 13.38}, {'ts': '2026-09-22 14:06:02', 'theme': '待归位·医疗服务', 'n': 2, 'mean_pct': 8.91}, {'ts': '2026-09-22 14:06:02', 'theme': '待归位·半导体', 'n': 1, 'mean_pct': 10.0}, {'ts': '2026-09-22 14:06:02', 'theme': '待归位·塑料', 'n': 1, 'mean_pct': 10.0}, {'ts': '2026-09-22 14:06:02', 'theme': '待归位·家居用品', 'n': 2, 'mean_pct': 10.04}, {'ts': '2026-09-22 14:06:02', 'theme': '待归位·广告营销', 'n': 1, 'mean_pct': 9.93}, {'ts': '2026-09-22 14:06:02', 'theme': '待归位·房地产开', 'n': 1, 'mean_pct': -0.82}, {'ts': '2026-09-22 14:06:02', 'theme': '待归位·房地产服', 'n': 2, 'mean_pct': 9.95}, {'ts': '2026-09-22 14:06:02', 'theme': '待归位·服装家纺', 'n': 1, 'mean_pct': 10.0}, {'ts': '2026-09-22 14:06:02', 'theme': '待归位·燃气Ⅱ', 'n': 1, 'mean_pct': 9.96}, {'ts': '2026-09-22 14:06:02', 'theme': '待归位·软件开发', 'n': 1, 'mean_pct': 10.04}, {'ts': '2026-09-22 14:06:02', 'theme': '待归位·铁路公路', 'n': 1, 'mean_pct': 10.01}, {'ts': '2026-09-22 14:07:03', 'theme': '待归位·IT服务Ⅱ', 'n': 1, 'mean_pct': 10.03}, {'ts': '2026-09-22 14:07:03', 'theme': '待归位·其他家电', 'n': 1, 'mean_pct': 10.08}, {'ts': '2026-09-22 14:07:03', 'theme': '待归位·出版', 'n': 3, 'mean_pct': 9.9733}, {'ts': '2026-09-22 14:07:03', 'theme': '待归位·包装印刷', 'n': 1, 'mean_pct': 10.05}, {'ts': '2026-09-22 14:07:03', 'theme': '待归位·化学制品', 'n': 1, 'mean_pct': 10.02}, {'ts': '2026-09-22 14:07:03', 'theme': '待归位·化学制药', 'n': 3, 'mean_pct': 13.38}, {'ts': '2026-09-22 14:07:03', 'theme': '待归位·医疗服务', 'n': 2, 'mean_pct': 8.795}, {'ts': '2026-09-22 14:07:03', 'theme': '待归位·半导体', 'n': 1, 'mean_pct': 10.0}, {'ts': '2026-09-22 14:07:03', 'theme': '待归位·塑料', 'n': 1, 'mean_pct': 10.0}, {'ts': '2026-09-22 14:07:03', 'theme': '待归位·家居用品', 'n': 2, 'mean_pct': 10.04}, {'ts': '2026-09-22 14:07:03', 'theme': '待归位·广告营销', 'n': 1, 'mean_pct': 9.93}, {'ts': '2026-09-22 14:07:03', 'theme': '待归位·房地产开', 'n': 1, 'mean_pct': -1.23}, {'ts': '2026-09-22 14:07:03', 'theme': '待归位·房地产服', 'n': 2, 'mean_pct': 9.95}, {'ts': '2026-09-22 14:07:03', 'theme': '待归位·服装家纺', 'n': 1, 'mean_pct': 10.0}, {'ts': '2026-09-22 14:07:03', 'theme': '待归位·燃气Ⅱ', 'n': 1, 'mean_pct': 9.96}, {'ts': '2026-09-22 14:07:03', 'theme': '待归位·软件开发', 'n': 1, 'mean_pct': 10.04}, {'ts': '2026-09-22 14:07:03', 'theme': '待归位·铁路公路', 'n': 1, 'mean_pct': 10.01}, {'ts': '2026-09-22 14:08:03', 'theme': '待归位·IT服务Ⅱ', 'n': 1, 'mean_pct': 10.03}, {'ts': '2026-09-22 14:08:03', 'theme': '待归位·其他家电', 'n': 1, 'mean_pct': 10.08}, {'ts': '2026-09-22 14:08:03', 'theme': '待归位·出版', 'n': 3, 'mean_pct': 9.9733}, {'ts': '2026-09-22 14:08:03', 'theme': '待归位·包装印刷', 'n': 1, 'mean_pct': 10.05}, {'ts': '2026-09-22 14:08:03', 'theme': '待归位·化学制品', 'n': 1, 'mean_pct': 10.02}, {'ts': '2026-09-22 14:08:03', 'theme': '待归位·化学制药', 'n': 3, 'mean_pct': 13.38}, {'ts': '2026-09-22 14:08:03', 'theme': '待归位·医疗服务', 'n': 2, 'mean_pct': 8.91}, {'ts': '2026-09-22 14:08:03', 'theme': '待归位·半导体', 'n': 1, 'mean_pct': 10.0}, {'ts': '2026-09-22 14:08:03', 'theme': '待归位·塑料', 'n': 1, 'mean_pct': 10.0}, {'ts': '2026-09-22 14:08:03', 'theme': '待归位·家居用品', 'n': 2, 'mean_pct': 10.04}, {'ts': '2026-09-22 14:08:03', 'theme': '待归位·广告营销', 'n': 1, 'mean_pct': 9.93}, {'ts': '2026-09-22 14:08:03', 'theme': '待归位·房地产开', 'n': 1, 'mean_pct': -0.82}, {'ts': '2026-09-22 14:08:03', 'theme': '待归位·房地产服', 'n': 2, 'mean_pct': 9.95}, {'ts': '2026-09-22 14:08:03', 'theme': '待归位·服装家纺', 'n': 1, 'mean_pct': 10.0}, {'ts': '2026-09-22 14:08:03', 'theme': '待归位·燃气Ⅱ', 'n': 1, 'mean_pct': 9.96}, {'ts': '2026-09-22 14:08:03', 'theme': '待归位·软件开发', 'n': 1, 'mean_pct': 10.04}, {'ts': '2026-09-22 14:08:03', 'theme': '待归位·铁路公路', 'n': 1, 'mean_pct': 10.01}, {'ts': '2026-09-22 14:09:03', 'theme': '待归位·IT服务Ⅱ', 'n': 1, 'mean_pct': 10.03}, {'ts': '2026-09-22 14:09:03', 'theme': '待归位·其他家电', 'n': 1, 'mean_pct': 10.08}, {'ts': '2026-09-22 14:09:03', 'theme': '待归位·出版', 'n': 3, 'mean_pct': 9.9733}, {'ts': '2026-09-22 14:09:03', 'theme': '待归位·包装印刷', 'n': 1, 'mean_pct': 10.05}, {'ts': '2026-09-22 14:09:03', 'theme': '待归位·化学制品', 'n': 1, 'mean_pct': 10.02}, {'ts': '2026-09-22 14:09:03', 'theme': '待归位·化学制药', 'n': 3, 'mean_pct': 13.38}, {'ts': '2026-09-22 14:09:03', 'theme': '待归位·医疗服务', 'n': 2, 'mean_pct': 9.1}, {'ts': '2026-09-22 14:09:03', 'theme': '待归位·半导体', 'n': 1, 'mean_pct': 10.0}, {'ts': '2026-09-22 14:09:03', 'theme': '待归位·塑料', 'n': 1, 'mean_pct': 10.0}, {'ts': '2026-09-22 14:09:03', 'theme': '待归位·家居用品', 'n': 2, 'mean_pct': 10.04}, {'ts': '2026-09-22 14:09:03', 'theme': '待归位·广告营销', 'n': 1, 'mean_pct': 9.93}, {'ts': '2026-09-22 14:09:03', 'theme': '待归位·房地产开', 'n': 1, 'mean_pct': -1.23}, {'ts': '2026-09-22 14:09:03', 'theme': '待归位·房地产服', 'n': 2, 'mean_pct': 9.95}, {'ts': '2026-09-22 14:09:03', 'theme': '待归位·服装家纺', 'n': 1, 'mean_pct': 10.0}, {'ts': '2026-09-22 14:09:03', 'theme': '待归位·燃气Ⅱ', 'n': 1, 'mean_pct': 9.96}, {'ts': '2026-09-22 14:09:03', 'theme': '待归位·软件开发', 'n': 1, 'mean_pct': 10.04}, {'ts': '2026-09-22 14:09:03', 'theme': '待归位·铁路公路', 'n': 1, 'mean_pct': 10.01}, {'ts': '2026-09-22 14:10:04', 'theme': '待归位·IT服务Ⅱ', 'n': 1, 'mean_pct': 10.03}, {'ts': '2026-09-22 14:10:04', 'theme': '待归位·其他家电', 'n': 1, 'mean_pct': 10.08}, {'ts': '2026-09-22 14:10:04', 'theme': '待归位·出版', 'n': 3, 'mean_pct': 9.9733}, {'ts': '2026-09-22 14:10:04', 'theme': '待归位·包装印刷', 'n': 1, 'mean_pct': 10.05}, {'ts': '2026-09-22 14:10:04', 'theme': '待归位·化学制品', 'n': 1, 'mean_pct': 10.02}, {'ts': '2026-09-22 14:10:04', 'theme': '待归位·化学制药', 'n': 3, 'mean_pct': 13.38}, {'ts': '2026-09-22 14:10:04', 'theme': '待归位·医疗服务', 'n': 2, 'mean_pct': 9.48}, {'ts': '2026-09-22 14:10:04', 'theme': '待归位·半导体', 'n': 1, 'mean_pct': 10.0}, {'ts': '2026-09-22 14:10:04', 'theme': '待归位·塑料', 'n': 1, 'mean_pct': 10.0}, {'ts': '2026-09-22 14:10:04', 'theme': '待归位·家居用品', 'n': 2, 'mean_pct': 10.04}, {'ts': '2026-09-22 14:10:04', 'theme': '待归位·广告营销', 'n': 1, 'mean_pct': 9.93}, {'ts': '2026-09-22 14:10:04', 'theme': '待归位·房地产开', 'n': 1, 'mean_pct': -1.23}, {'ts': '2026-09-22 14:10:04', 'theme': '待归位·房地产服', 'n': 2, 'mean_pct': 9.95}, {'ts': '2026-09-22 14:10:04', 'theme': '待归位·服装家纺', 'n': 1, 'mean_pct': 10.0}, {'ts': '2026-09-22 14:10:04', 'theme': '待归位·燃气Ⅱ', 'n': 1, 'mean_pct': 9.96}, {'ts': '2026-09-22 14:10:04', 'theme': '待归位·软件开发', 'n': 1, 'mean_pct': 10.04}, {'ts': '2026-09-22 14:10:04', 'theme': '待归位·铁路公路', 'n': 1, 'mean_pct': 10.01}, {'ts': '2026-09-22 14:11:04', 'theme': '待归位·IT服务Ⅱ', 'n': 1, 'mean_pct': 10.03}, {'ts': '2026-09-22 14:11:04', 'theme': '待归位·其他家电', 'n': 1, 'mean_pct': 10.08}, {'ts': '2026-09-22 14:11:04', 'theme': '待归位·出版', 'n': 3, 'mean_pct': 9.9733}, {'ts': '2026-09-22 14:11:04', 'theme': '待归位·包装印刷', 'n': 1, 'mean_pct': 10.05}, {'ts': '2026-09-22 14:11:04', 'theme': '待归位·化学制品', 'n': 1, 'mean_pct': 10.02}, {'ts': '2026-09-22 14:11:04', 'theme': '待归位·化学制药', 'n': 3, 'mean_pct': 13.38}, {'ts': '2026-09-22 14:11:04', 'theme': '待归位·医疗服务', 'n': 2, 'mean_pct': 9.48}, {'ts': '2026-09-22 14:11:04', 'theme': '待归位·半导体', 'n': 1, 'mean_pct': 10.0}, {'ts': '2026-09-22 14:11:04', 'theme': '待归位·塑料', 'n': 1, 'mean_pct': 10.0}, {'ts': '2026-09-22 14:11:04', 'theme': '待归位·家居用品', 'n': 2, 'mean_pct': 10.04}, {'ts': '2026-09-22 14:11:04', 'theme': '待归位·广告营销', 'n': 1, 'mean_pct': 9.93}, {'ts': '2026-09-22 14:11:04', 'theme': '待归位·房地产开', 'n': 1, 'mean_pct': -0.82}, {'ts': '2026-09-22 14:11:04', 'theme': '待归位·房地产服', 'n': 2, 'mean_pct': 9.95}, {'ts': '2026-09-22 14:11:04', 'theme': '待归位·服装家纺', 'n': 1, 'mean_pct': 10.0}, {'ts': '2026-09-22 14:11:04', 'theme': '待归位·燃气Ⅱ', 'n': 1, 'mean_pct': 9.96}, {'ts': '2026-09-22 14:11:04', 'theme': '待归位·软件开发', 'n': 1, 'mean_pct': 10.04}, {'ts': '2026-09-22 14:11:04', 'theme': '待归位·铁路公路', 'n': 1, 'mean_pct': 10.01}, {'ts': '2026-09-22 14:12:04', 'theme': '待归位·IT服务Ⅱ', 'n': 1, 'mean_pct': 10.03}, {'ts': '2026-09-22 14:12:04', 'theme': '待归位·其他家电', 'n': 1, 'mean_pct': 10.08}, {'ts': '2026-09-22 14:12:04', 'theme': '待归位·出版', 'n': 3, 'mean_pct': 9.9733}, {'ts': '2026-09-22 14:12:04', 'theme': '待归位·包装印刷', 'n': 1, 'mean_pct': 10.05}, {'ts': '2026-09-22 14:12:04', 'theme': '待归位·化学制品', 'n': 1, 'mean_pct': 10.02}, {'ts': '2026-09-22 14:12:04', 'theme': '待归位·化学制药', 'n': 3, 'mean_pct': 13.38}, {'ts': '2026-09-22 14:12:04', 'theme': '待归位·医疗服务', 'n': 2, 'mean_pct': 9.255}, {'ts': '2026-09-22 14:12:04', 'theme': '待归位·半导体', 'n': 1, 'mean_pct': 10.0}, {'ts': '2026-09-22 14:12:04', 'theme': '待归位·塑料', 'n': 1, 'mean_pct': 10.0}, {'ts': '2026-09-22 14:12:04', 'theme': '待归位·家居用品', 'n': 2, 'mean_pct': 10.04}, {'ts': '2026-09-22 14:12:04', 'theme': '待归位·广告营销', 'n': 1, 'mean_pct': 9.93}, {'ts': '2026-09-22 14:12:04', 'theme': '待归位·房地产开', 'n': 1, 'mean_pct': -1.23}, {'ts': '2026-09-22 14:12:04', 'theme': '待归位·房地产服', 'n': 2, 'mean_pct': 9.95}, {'ts': '2026-09-22 14:12:04', 'theme': '待归位·服装家纺', 'n': 1, 'mean_pct': 10.0}, {'ts': '2026-09-22 14:12:04', 'theme': '待归位·燃气Ⅱ', 'n': 1, 'mean_pct': 9.96}, {'ts': '2026-09-22 14:12:04', 'theme': '待归位·软件开发', 'n': 1, 'mean_pct': 10.04}, {'ts': '2026-09-22 14:12:04', 'theme': '待归位·铁路公路', 'n': 1, 'mean_pct': 10.01}, {'ts': '2026-09-22 14:13:04', 'theme': '待归位·IT服务Ⅱ', 'n': 1, 'mean_pct': 10.03}, {'ts': '2026-09-22 14:13:04', 'theme': '待归位·其他家电', 'n': 1, 'mean_pct': 10.08}, {'ts': '2026-09-22 14:13:04', 'theme': '待归位·出版', 'n': 3, 'mean_pct': 9.9733}, {'ts': '2026-09-22 14:13:04', 'theme': '待归位·包装印刷', 'n': 1, 'mean_pct': 10.05}, {'ts': '2026-09-22 14:13:04', 'theme': '待归位·化学制品', 'n': 1, 'mean_pct': 10.02}, {'ts': '2026-09-22 14:13:04', 'theme': '待归位·化学制药', 'n': 3, 'mean_pct': 13.38}, {'ts': '2026-09-22 14:13:04', 'theme': '待归位·医疗服务', 'n': 2, 'mean_pct': 9.37}, {'ts': '2026-09-22 14:13:04', 'theme': '待归位·半导体', 'n': 1, 'mean_pct': 10.0}, {'ts': '2026-09-22 14:13:04', 'theme': '待归位·塑料', 'n': 1, 'mean_pct': 10.0}, {'ts': '2026-09-22 14:13:04', 'theme': '待归位·家居用品', 'n': 2, 'mean_pct': 10.04}, {'ts': '2026-09-22 14:13:04', 'theme': '待归位·广告营销', 'n': 1, 'mean_pct': 9.93}, {'ts': '2026-09-22 14:13:04', 'theme': '待归位·房地产开', 'n': 1, 'mean_pct': -1.23}, {'ts': '2026-09-22 14:13:04', 'theme': '待归位·房地产服', 'n': 2, 'mean_pct': 9.95}, {'ts': '2026-09-22 14:13:04', 'theme': '待归位·服装家纺', 'n': 1, 'mean_pct': 10.0}, {'ts': '2026-09-22 14:13:04', 'theme': '待归位·燃气Ⅱ', 'n': 1, 'mean_pct': 9.96}, {'ts': '2026-09-22 14:13:04', 'theme': '待归位·软件开发', 'n': 1, 'mean_pct': 10.04}, {'ts': '2026-09-22 14:13:04', 'theme': '待归位·铁路公路', 'n': 1, 'mean_pct': 10.01}, {'ts': '2026-09-22 14:14:05', 'theme': '待归位·IT服务Ⅱ', 'n': 1, 'mean_pct': 10.03}, {'ts': '2026-09-22 14:14:05', 'theme': '待归位·其他家电', 'n': 1, 'mean_pct': 10.08}, {'ts': '2026-09-22 14:14:05', 'theme': '待归位·出版', 'n': 3, 'mean_pct': 9.9733}, {'ts': '2026-09-22 14:14:05', 'theme': '待归位·包装印刷', 'n': 1, 'mean_pct': 10.05}, {'ts': '2026-09-22 14:14:05', 'theme': '待归位·化学制品', 'n': 1, 'mean_pct': 10.02}, {'ts': '2026-09-22 14:14:05', 'theme': '待归位·化学制药', 'n': 3, 'mean_pct': 13.38}, {'ts': '2026-09-22 14:14:05', 'theme': '待归位·医疗服务', 'n': 2, 'mean_pct': 9.405}, {'ts': '2026-09-22 14:14:05', 'theme': '待归位·半导体', 'n': 1, 'mean_pct': 10.0}, {'ts': '2026-09-22 14:14:05', 'theme': '待归位·塑料', 'n': 1, 'mean_pct': 10.0}, {'ts': '2026-09-22 14:14:05', 'theme': '待归位·家居用品', 'n': 2, 'mean_pct': 10.04}, {'ts': '2026-09-22 14:14:05', 'theme': '待归位·广告营销', 'n': 1, 'mean_pct': 9.93}, {'ts': '2026-09-22 14:14:05', 'theme': '待归位·房地产开', 'n': 1, 'mean_pct': -0.82}, {'ts': '2026-09-22 14:14:05', 'theme': '待归位·房地产服', 'n': 2, 'mean_pct': 9.95}, {'ts': '2026-09-22 14:14:05', 'theme': '待归位·服装家纺', 'n': 1, 'mean_pct': 10.0}, {'ts': '2026-09-22 14:14:05', 'theme': '待归位·燃气Ⅱ', 'n': 1, 'mean_pct': 9.96}, {'ts': '2026-09-22 14:14:05', 'theme': '待归位·软件开发', 'n': 1, 'mean_pct': 10.04}, {'ts': '2026-09-22 14:14:05', 'theme': '待归位·铁路公路', 'n': 1, 'mean_pct': 10.01}, {'ts': '2026-09-22 14:15:05', 'theme': '待归位·IT服务Ⅱ', 'n': 1, 'mean_pct': 10.03}, {'ts': '2026-09-22 14:15:05', 'theme': '待归位·其他家电', 'n': 1, 'mean_pct': 10.08}, {'ts': '2026-09-22 14:15:05', 'theme': '待归位·出版', 'n': 3, 'mean_pct': 9.9733}, {'ts': '2026-09-22 14:15:05', 'theme': '待归位·包装印刷', 'n': 1, 'mean_pct': 10.05}, {'ts': '2026-09-22 14:15:05', 'theme': '待归位·化学制品', 'n': 1, 'mean_pct': 10.02}, {'ts': '2026-09-22 14:15:05', 'theme': '待归位·化学制药', 'n': 3, 'mean_pct': 13.38}, {'ts': '2026-09-22 14:15:05', 'theme': '待归位·医疗服务', 'n': 2, 'mean_pct': 9.29}, {'ts': '2026-09-22 14:15:05', 'theme': '待归位·半导体', 'n': 1, 'mean_pct': 10.0}, {'ts': '2026-09-22 14:15:05', 'theme': '待归位·塑料', 'n': 1, 'mean_pct': 10.0}, {'ts': '2026-09-22 14:15:05', 'theme': '待归位·家居用品', 'n': 2, 'mean_pct': 10.04}, {'ts': '2026-09-22 14:15:05', 'theme': '待归位·广告营销', 'n': 1, 'mean_pct': 9.93}, {'ts': '2026-09-22 14:15:05', 'theme': '待归位·房地产开', 'n': 1, 'mean_pct': -0.82}, {'ts': '2026-09-22 14:15:05', 'theme': '待归位·房地产服', 'n': 2, 'mean_pct': 9.95}, {'ts': '2026-09-22 14:15:05', 'theme': '待归位·服装家纺', 'n': 1, 'mean_pct': 10.0}, {'ts': '2026-09-22 14:15:05', 'theme': '待归位·燃气Ⅱ', 'n': 1, 'mean_pct': 9.96}, {'ts': '2026-09-22 14:15:05', 'theme': '待归位·软件开发', 'n': 1, 'mean_pct': 10.04}, {'ts': '2026-09-22 14:15:05', 'theme': '待归位·铁路公路', 'n': 1, 'mean_pct': 10.01}, {'ts': '2026-09-22 14:16:05', 'theme': '待归位·IT服务Ⅱ', 'n': 1, 'mean_pct': 10.03}, {'ts': '2026-09-22 14:16:05', 'theme': '待归位·其他家电', 'n': 1, 'mean_pct': 10.08}, {'ts': '2026-09-22 14:16:05', 'theme': '待归位·出版', 'n': 3, 'mean_pct': 9.9733}, {'ts': '2026-09-22 14:16:05', 'theme': '待归位·包装印刷', 'n': 1, 'mean_pct': 10.05}, {'ts': '2026-09-22 14:16:05', 'theme': '待归位·化学制品', 'n': 1, 'mean_pct': 10.02}, {'ts': '2026-09-22 14:16:05', 'theme': '待归位·化学制药', 'n': 3, 'mean_pct': 13.38}, {'ts': '2026-09-22 14:16:05', 'theme': '待归位·医疗服务', 'n': 2, 'mean_pct': 9.37}, {'ts': '2026-09-22 14:16:05', 'theme': '待归位·半导体', 'n': 1, 'mean_pct': 10.0}, {'ts': '2026-09-22 14:16:05', 'theme': '待归位·塑料', 'n': 1, 'mean_pct': 10.0}, {'ts': '2026-09-22 14:16:05', 'theme': '待归位·家居用品', 'n': 2, 'mean_pct': 10.04}, {'ts': '2026-09-22 14:16:05', 'theme': '待归位·广告营销', 'n': 1, 'mean_pct': 9.93}, {'ts': '2026-09-22 14:16:05', 'theme': '待归位·房地产开', 'n': 1, 'mean_pct': -0.82}, {'ts': '2026-09-22 14:16:05', 'theme': '待归位·房地产服', 'n': 2, 'mean_pct': 9.95}, {'ts': '2026-09-22 14:16:05', 'theme': '待归位·服装家纺', 'n': 1, 'mean_pct': 10.0}, {'ts': '2026-09-22 14:16:05', 'theme': '待归位·燃气Ⅱ', 'n': 1, 'mean_pct': 9.96}, {'ts': '2026-09-22 14:16:05', 'theme': '待归位·软件开发', 'n': 1, 'mean_pct': 10.04}, {'ts': '2026-09-22 14:16:05', 'theme': '待归位·铁路公路', 'n': 1, 'mean_pct': 10.01}, {'ts': '2026-09-22 14:17:05', 'theme': '待归位·IT服务Ⅱ', 'n': 1, 'mean_pct': 10.03}, {'ts': '2026-09-22 14:17:05', 'theme': '待归位·其他家电', 'n': 1, 'mean_pct': 10.08}, {'ts': '2026-09-22 14:17:05', 'theme': '待归位·出版', 'n': 3, 'mean_pct': 9.9733}, {'ts': '2026-09-22 14:17:05', 'theme': '待归位·包装印刷', 'n': 1, 'mean_pct': 10.05}, {'ts': '2026-09-22 14:17:05', 'theme': '待归位·化学制品', 'n': 1, 'mean_pct': 10.02}, {'ts': '2026-09-22 14:17:05', 'theme': '待归位·化学制药', 'n': 3, 'mean_pct': 13.38}, {'ts': '2026-09-22 14:17:05', 'theme': '待归位·医疗服务', 'n': 2, 'mean_pct': 9.33}, {'ts': '2026-09-22 14:17:05', 'theme': '待归位·半导体', 'n': 1, 'mean_pct': 10.0}, {'ts': '2026-09-22 14:17:05', 'theme': '待归位·塑料', 'n': 1, 'mean_pct': 10.0}, {'ts': '2026-09-22 14:17:05', 'theme': '待归位·家居用品', 'n': 2, 'mean_pct': 10.04}, {'ts': '2026-09-22 14:17:05', 'theme': '待归位·广告营销', 'n': 1, 'mean_pct': 9.93}, {'ts': '2026-09-22 14:17:05', 'theme': '待归位·房地产开', 'n': 1, 'mean_pct': -0.82}, {'ts': '2026-09-22 14:17:05', 'theme': '待归位·房地产服', 'n': 2, 'mean_pct': 9.95}, {'ts': '2026-09-22 14:17:05', 'theme': '待归位·服装家纺', 'n': 1, 'mean_pct': 10.0}, {'ts': '2026-09-22 14:17:05', 'theme': '待归位·燃气Ⅱ', 'n': 1, 'mean_pct': 9.96}, {'ts': '2026-09-22 14:17:05', 'theme': '待归位·软件开发', 'n': 1, 'mean_pct': 10.04}, {'ts': '2026-09-22 14:17:05', 'theme': '待归位·铁路公路', 'n': 1, 'mean_pct': 10.01}, {'ts': '2026-09-22 14:18:05', 'theme': '待归位·IT服务Ⅱ', 'n': 1, 'mean_pct': 10.03}, {'ts': '2026-09-22 14:18:05', 'theme': '待归位·其他家电', 'n': 1, 'mean_pct': 10.08}, {'ts': '2026-09-22 14:18:05', 'theme': '待归位·出版', 'n': 3, 'mean_pct': 9.9733}, {'ts': '2026-09-22 14:18:05', 'theme': '待归位·包装印刷', 'n': 1, 'mean_pct': 10.05}, {'ts': '2026-09-22 14:18:05', 'theme': '待归位·化学制品', 'n': 1, 'mean_pct': 10.02}, {'ts': '2026-09-22 14:18:05', 'theme': '待归位·化学制药', 'n': 3, 'mean_pct': 13.38}, {'ts': '2026-09-22 14:18:05', 'theme': '待归位·医疗服务', 'n': 2, 'mean_pct': 9.215}, {'ts': '2026-09-22 14:18:05', 'theme': '待归位·半导体', 'n': 1, 'mean_pct': 10.0}, {'ts': '2026-09-22 14:18:05', 'theme': '待归位·塑料', 'n': 1, 'mean_pct': 10.0}, {'ts': '2026-09-22 14:18:05', 'theme': '待归位·家居用品', 'n': 2, 'mean_pct': 10.04}, {'ts': '2026-09-22 14:18:05', 'theme': '待归位·广告营销', 'n': 1, 'mean_pct': 9.93}, {'ts': '2026-09-22 14:18:05', 'theme': '待归位·房地产开', 'n': 1, 'mean_pct': -0.82}, {'ts': '2026-09-22 14:18:05', 'theme': '待归位·房地产服', 'n': 2, 'mean_pct': 9.95}, {'ts': '2026-09-22 14:18:05', 'theme': '待归位·服装家纺', 'n': 1, 'mean_pct': 10.0}, {'ts': '2026-09-22 14:18:05', 'theme': '待归位·燃气Ⅱ', 'n': 1, 'mean_pct': 9.96}, {'ts': '2026-09-22 14:18:05', 'theme': '待归位·软件开发', 'n': 1, 'mean_pct': 10.04}, {'ts': '2026-09-22 14:18:05', 'theme': '待归位·铁路公路', 'n': 1, 'mean_pct': 10.01}, {'ts': '2026-09-22 14:19:06', 'theme': '待归位·IT服务Ⅱ', 'n': 1, 'mean_pct': 10.03}, {'ts': '2026-09-22 14:19:06', 'theme': '待归位·其他家电', 'n': 1, 'mean_pct': 10.08}, {'ts': '2026-09-22 14:19:06', 'theme': '待归位·出版', 'n': 3, 'mean_pct': 9.9733}, {'ts': '2026-09-22 14:19:06', 'theme': '待归位·包装印刷', 'n': 1, 'mean_pct': 10.05}, {'ts': '2026-09-22 14:19:06', 'theme': '待归位·化学制品', 'n': 1, 'mean_pct': 10.02}, {'ts': '2026-09-22 14:19:06', 'theme': '待归位·化学制药', 'n': 3, 'mean_pct': 13.38}, {'ts': '2026-09-22 14:19:06', 'theme': '待归位·医疗服务', 'n': 2, 'mean_pct': 9.215}, {'ts': '2026-09-22 14:19:06', 'theme': '待归位·半导体', 'n': 1, 'mean_pct': 10.0}, {'ts': '2026-09-22 14:19:06', 'theme': '待归位·塑料', 'n': 1, 'mean_pct': 10.0}, {'ts': '2026-09-22 14:19:06', 'theme': '待归位·家居用品', 'n': 2, 'mean_pct': 10.04}, {'ts': '2026-09-22 14:19:06', 'theme': '待归位·广告营销', 'n': 1, 'mean_pct': 9.93}, {'ts': '2026-09-22 14:19:06', 'theme': '待归位·房地产开', 'n': 1, 'mean_pct': -0.82}, {'ts': '2026-09-22 14:19:06', 'theme': '待归位·房地产服', 'n': 2, 'mean_pct': 9.95}, {'ts': '2026-09-22 14:19:06', 'theme': '待归位·服装家纺', 'n': 1, 'mean_pct': 10.0}, {'ts': '2026-09-22 14:19:06', 'theme': '待归位·燃气Ⅱ', 'n': 1, 'mean_pct': 9.96}, {'ts': '2026-09-22 14:19:06', 'theme': '待归位·软件开发', 'n': 1, 'mean_pct': 10.04}, {'ts': '2026-09-22 14:19:06', 'theme': '待归位·铁路公路', 'n': 1, 'mean_pct': 10.01}, {'ts': '2026-09-22 14:20:06', 'theme': '待归位·IT服务Ⅱ', 'n': 1, 'mean_pct': 10.03}, {'ts': '2026-09-22 14:20:06', 'theme': '待归位·其他家电', 'n': 1, 'mean_pct': 10.08}, {'ts': '2026-09-22 14:20:06', 'theme': '待归位·出版', 'n': 3, 'mean_pct': 9.9733}, {'ts': '2026-09-22 14:20:06', 'theme': '待归位·包装印刷', 'n': 1, 'mean_pct': 10.05}, {'ts': '2026-09-22 14:20:06', 'theme': '待归位·化学制品', 'n': 1, 'mean_pct': 10.02}, {'ts': '2026-09-22 14:20:06', 'theme': '待归位·化学制药', 'n': 3, 'mean_pct': 13.38}, {'ts': '2026-09-22 14:20:06', 'theme': '待归位·医疗服务', 'n': 2, 'mean_pct': 9.33}, {'ts': '2026-09-22 14:20:06', 'theme': '待归位·半导体', 'n': 1, 'mean_pct': 10.0}, {'ts': '2026-09-22 14:20:06', 'theme': '待归位·塑料', 'n': 1, 'mean_pct': 10.0}, {'ts': '2026-09-22 14:20:06', 'theme': '待归位·家居用品', 'n': 2, 'mean_pct': 10.04}, {'ts': '2026-09-22 14:20:06', 'theme': '待归位·广告营销', 'n': 1, 'mean_pct': 9.93}, {'ts': '2026-09-22 14:20:06', 'theme': '待归位·房地产开', 'n': 1, 'mean_pct': -0.82}, {'ts': '2026-09-22 14:20:06', 'theme': '待归位·房地产服', 'n': 2, 'mean_pct': 9.95}, {'ts': '2026-09-22 14:20:06', 'theme': '待归位·服装家纺', 'n': 1, 'mean_pct': 10.0}, {'ts': '2026-09-22 14:20:06', 'theme': '待归位·燃气Ⅱ', 'n': 1, 'mean_pct': 9.96}, {'ts': '2026-09-22 14:20:06', 'theme': '待归位·软件开发', 'n': 1, 'mean_pct': 10.04}, {'ts': '2026-09-22 14:20:06', 'theme': '待归位·铁路公路', 'n': 1, 'mean_pct': 10.01}, {'ts': '2026-09-22 14:21:06', 'theme': '待归位·IT服务Ⅱ', 'n': 1, 'mean_pct': 10.03}, {'ts': '2026-09-22 14:21:06', 'theme': '待归位·其他家电', 'n': 1, 'mean_pct': 10.08}, {'ts': '2026-09-22 14:21:06', 'theme': '待归位·出版', 'n': 3, 'mean_pct': 9.9733}, {'ts': '2026-09-22 14:21:06', 'theme': '待归位·包装印刷', 'n': 1, 'mean_pct': 10.05}, {'ts': '2026-09-22 14:21:06', 'theme': '待归位·化学制品', 'n': 1, 'mean_pct': 10.02}, {'ts': '2026-09-22 14:21:06', 'theme': '待归位·化学制药', 'n': 3, 'mean_pct': 13.38}, {'ts': '2026-09-22 14:21:06', 'theme': '待归位·医疗服务', 'n': 2, 'mean_pct': 9.33}, {'ts': '2026-09-22 14:21:06', 'theme': '待归位·半导体', 'n': 1, 'mean_pct': 10.0}, {'ts': '2026-09-22 14:21:06', 'theme': '待归位·塑料', 'n': 1, 'mean_pct': 10.0}, {'ts': '2026-09-22 14:21:06', 'theme': '待归位·家居用品', 'n': 2, 'mean_pct': 10.04}, {'ts': '2026-09-22 14:21:06', 'theme': '待归位·广告营销', 'n': 1, 'mean_pct': 9.93}, {'ts': '2026-09-22 14:21:06', 'theme': '待归位·房地产开', 'n': 1, 'mean_pct': 0.82}, {'ts': '2026-09-22 14:21:06', 'theme': '待归位·房地产服', 'n': 2, 'mean_pct': 9.95}, {'ts': '2026-09-22 14:21:06', 'theme': '待归位·服装家纺', 'n': 1, 'mean_pct': 10.0}, {'ts': '2026-09-22 14:21:06', 'theme': '待归位·燃气Ⅱ', 'n': 1, 'mean_pct': 9.96}, {'ts': '2026-09-22 14:21:06', 'theme': '待归位·软件开发', 'n': 1, 'mean_pct': 10.04}, {'ts': '2026-09-22 14:21:06', 'theme': '待归位·铁路公路', 'n': 1, 'mean_pct': 10.01}, {'ts': '2026-09-22 14:22:06', 'theme': '待归位·IT服务Ⅱ', 'n': 1, 'mean_pct': 10.03}, {'ts': '2026-09-22 14:22:06', 'theme': '待归位·其他家电', 'n': 1, 'mean_pct': 10.08}, {'ts': '2026-09-22 14:22:06', 'theme': '待归位·出版', 'n': 3, 'mean_pct': 9.9733}, {'ts': '2026-09-22 14:22:06', 'theme': '待归位·包装印刷', 'n': 1, 'mean_pct': 10.05}, {'ts': '2026-09-22 14:22:06', 'theme': '待归位·化学制品', 'n': 1, 'mean_pct': 10.02}, {'ts': '2026-09-22 14:22:06', 'theme': '待归位·化学制药', 'n': 3, 'mean_pct': 13.38}, {'ts': '2026-09-22 14:22:06', 'theme': '待归位·医疗服务', 'n': 2, 'mean_pct': 9.33}, {'ts': '2026-09-22 14:22:06', 'theme': '待归位·半导体', 'n': 1, 'mean_pct': 10.0}, {'ts': '2026-09-22 14:22:06', 'theme': '待归位·塑料', 'n': 1, 'mean_pct': 10.0}, {'ts': '2026-09-22 14:22:06', 'theme': '待归位·家居用品', 'n': 2, 'mean_pct': 10.04}, {'ts': '2026-09-22 14:22:06', 'theme': '待归位·广告营销', 'n': 1, 'mean_pct': 9.93}, {'ts': '2026-09-22 14:22:06', 'theme': '待归位·房地产开', 'n': 1, 'mean_pct': 0.0}, {'ts': '2026-09-22 14:22:06', 'theme': '待归位·房地产服', 'n': 2, 'mean_pct': 9.95}, {'ts': '2026-09-22 14:22:06', 'theme': '待归位·服装家纺', 'n': 1, 'mean_pct': 10.0}, {'ts': '2026-09-22 14:22:06', 'theme': '待归位·燃气Ⅱ', 'n': 1, 'mean_pct': 9.96}, {'ts': '2026-09-22 14:22:06', 'theme': '待归位·软件开发', 'n': 1, 'mean_pct': 10.04}, {'ts': '2026-09-22 14:22:06', 'theme': '待归位·铁路公路', 'n': 1, 'mean_pct': 10.01}, {'ts': '2026-09-22 14:23:07', 'theme': '待归位·IT服务Ⅱ', 'n': 1, 'mean_pct': 10.03}, {'ts': '2026-09-22 14:23:07', 'theme': '待归位·其他家电', 'n': 1, 'mean_pct': 10.08}, {'ts': '2026-09-22 14:23:07', 'theme': '待归位·出版', 'n': 3, 'mean_pct': 9.9733}, {'ts': '2026-09-22 14:23:07', 'theme': '待归位·包装印刷', 'n': 1, 'mean_pct': 10.05}, {'ts': '2026-09-22 14:23:07', 'theme': '待归位·化学制品', 'n': 1, 'mean_pct': 10.02}, {'ts': '2026-09-22 14:23:07', 'theme': '待归位·化学制药', 'n': 3, 'mean_pct': 13.38}, {'ts': '2026-09-22 14:23:07', 'theme': '待归位·医疗服务', 'n': 2, 'mean_pct': 9.33}, {'ts': '2026-09-22 14:23:07', 'theme': '待归位·半导体', 'n': 1, 'mean_pct': 10.0}, {'ts': '2026-09-22 14:23:07', 'theme': '待归位·塑料', 'n': 1, 'mean_pct': 10.0}, {'ts': '2026-09-22 14:23:07', 'theme': '待归位·家居用品', 'n': 2, 'mean_pct': 10.04}, {'ts': '2026-09-22 14:23:07', 'theme': '待归位·广告营销', 'n': 1, 'mean_pct': 9.93}, {'ts': '2026-09-22 14:23:07', 'theme': '待归位·房地产开', 'n': 1, 'mean_pct': 1.23}, {'ts': '2026-09-22 14:23:07', 'theme': '待归位·房地产服', 'n': 2, 'mean_pct': 9.95}, {'ts': '2026-09-22 14:23:07', 'theme': '待归位·服装家纺', 'n': 1, 'mean_pct': 10.0}, {'ts': '2026-09-22 14:23:07', 'theme': '待归位·燃气Ⅱ', 'n': 1, 'mean_pct': 9.96}, {'ts': '2026-09-22 14:23:07', 'theme': '待归位·软件开发', 'n': 1, 'mean_pct': 10.04}, {'ts': '2026-09-22 14:23:07', 'theme': '待归位·铁路公路', 'n': 1, 'mean_pct': 10.01}, {'ts': '2026-09-22 14:24:07', 'theme': '待归位·IT服务Ⅱ', 'n': 1, 'mean_pct': 10.03}, {'ts': '2026-09-22 14:24:07', 'theme': '待归位·其他家电', 'n': 1, 'mean_pct': 10.08}, {'ts': '2026-09-22 14:24:07', 'theme': '待归位·出版', 'n': 3, 'mean_pct': 9.9733}, {'ts': '2026-09-22 14:24:07', 'theme': '待归位·包装印刷', 'n': 1, 'mean_pct': 10.05}, {'ts': '2026-09-22 14:24:07', 'theme': '待归位·化学制品', 'n': 1, 'mean_pct': 10.02}, {'ts': '2026-09-22 14:24:07', 'theme': '待归位·化学制药', 'n': 3, 'mean_pct': 13.38}, {'ts': '2026-09-22 14:24:07', 'theme': '待归位·医疗服务', 'n': 2, 'mean_pct': 9.33}, {'ts': '2026-09-22 14:24:07', 'theme': '待归位·半导体', 'n': 1, 'mean_pct': 10.0}, {'ts': '2026-09-22 14:24:07', 'theme': '待归位·塑料', 'n': 1, 'mean_pct': 10.0}, {'ts': '2026-09-22 14:24:07', 'theme': '待归位·家居用品', 'n': 2, 'mean_pct': 10.04}, {'ts': '2026-09-22 14:24:07', 'theme': '待归位·广告营销', 'n': 1, 'mean_pct': 9.93}, {'ts': '2026-09-22 14:24:07', 'theme': '待归位·房地产开', 'n': 1, 'mean_pct': 1.23}, {'ts': '2026-09-22 14:24:07', 'theme': '待归位·房地产服', 'n': 2, 'mean_pct': 9.95}, {'ts': '2026-09-22 14:24:07', 'theme': '待归位·服装家纺', 'n': 1, 'mean_pct': 10.0}, {'ts': '2026-09-22 14:24:07', 'theme': '待归位·燃气Ⅱ', 'n': 1, 'mean_pct': 9.96}, {'ts': '2026-09-22 14:24:07', 'theme': '待归位·软件开发', 'n': 1, 'mean_pct': 10.04}, {'ts': '2026-09-22 14:24:07', 'theme': '待归位·铁路公路', 'n': 1, 'mean_pct': 10.01}, {'ts': '2026-09-22 14:25:07', 'theme': '待归位·IT服务Ⅱ', 'n': 1, 'mean_pct': 10.03}, {'ts': '2026-09-22 14:25:07', 'theme': '待归位·其他家电', 'n': 1, 'mean_pct': 10.08}, {'ts': '2026-09-22 14:25:07', 'theme': '待归位·出版', 'n': 3, 'mean_pct': 9.9733}, {'ts': '2026-09-22 14:25:07', 'theme': '待归位·包装印刷', 'n': 1, 'mean_pct': 10.05}, {'ts': '2026-09-22 14:25:07', 'theme': '待归位·化学制品', 'n': 1, 'mean_pct': 10.02}, {'ts': '2026-09-22 14:25:07', 'theme': '待归位·化学制药', 'n': 3, 'mean_pct': 13.38}, {'ts': '2026-09-22 14:25:07', 'theme': '待归位·医疗服务', 'n': 2, 'mean_pct': 9.37}, {'ts': '2026-09-22 14:25:07', 'theme': '待归位·半导体', 'n': 1, 'mean_pct': 10.0}, {'ts': '2026-09-22 14:25:07', 'theme': '待归位·塑料', 'n': 1, 'mean_pct': 10.0}, {'ts': '2026-09-22 14:25:07', 'theme': '待归位·家居用品', 'n': 2, 'mean_pct': 10.04}, {'ts': '2026-09-22 14:25:07', 'theme': '待归位·广告营销', 'n': 1, 'mean_pct': 9.93}, {'ts': '2026-09-22 14:25:07', 'theme': '待归位·房地产开', 'n': 1, 'mean_pct': 1.23}, {'ts': '2026-09-22 14:25:07', 'theme': '待归位·房地产服', 'n': 2, 'mean_pct': 9.95}, {'ts': '2026-09-22 14:25:07', 'theme': '待归位·服装家纺', 'n': 1, 'mean_pct': 10.0}, {'ts': '2026-09-22 14:25:07', 'theme': '待归位·燃气Ⅱ', 'n': 1, 'mean_pct': 9.96}, {'ts': '2026-09-22 14:25:07', 'theme': '待归位·软件开发', 'n': 1, 'mean_pct': 10.04}, {'ts': '2026-09-22 14:25:07', 'theme': '待归位·铁路公路', 'n': 1, 'mean_pct': 10.01}, {'ts': '2026-09-22 14:26:08', 'theme': '待归位·IT服务Ⅱ', 'n': 1, 'mean_pct': 10.03}, {'ts': '2026-09-22 14:26:08', 'theme': '待归位·其他家电', 'n': 1, 'mean_pct': 10.08}, {'ts': '2026-09-22 14:26:08', 'theme': '待归位·出版', 'n': 3, 'mean_pct': 9.9733}, {'ts': '2026-09-22 14:26:08', 'theme': '待归位·包装印刷', 'n': 1, 'mean_pct': 10.05}, {'ts': '2026-09-22 14:26:08', 'theme': '待归位·化学制品', 'n': 1, 'mean_pct': 10.02}, {'ts': '2026-09-22 14:26:08', 'theme': '待归位·化学制药', 'n': 3, 'mean_pct': 13.38}, {'ts': '2026-09-22 14:26:08', 'theme': '待归位·医疗服务', 'n': 2, 'mean_pct': 9.33}, {'ts': '2026-09-22 14:26:08', 'theme': '待归位·半导体', 'n': 1, 'mean_pct': 10.0}, {'ts': '2026-09-22 14:26:08', 'theme': '待归位·塑料', 'n': 1, 'mean_pct': 10.0}, {'ts': '2026-09-22 14:26:08', 'theme': '待归位·家居用品', 'n': 2, 'mean_pct': 10.04}, {'ts': '2026-09-22 14:26:08', 'theme': '待归位·广告营销', 'n': 1, 'mean_pct': 9.93}, {'ts': '2026-09-22 14:26:08', 'theme': '待归位·房地产开', 'n': 1, 'mean_pct': 2.47}, {'ts': '2026-09-22 14:26:08', 'theme': '待归位·房地产服', 'n': 2, 'mean_pct': 9.95}, {'ts': '2026-09-22 14:26:08', 'theme': '待归位·服装家纺', 'n': 1, 'mean_pct': 10.0}, {'ts': '2026-09-22 14:26:08', 'theme': '待归位·燃气Ⅱ', 'n': 1, 'mean_pct': 9.96}, {'ts': '2026-09-22 14:26:08', 'theme': '待归位·软件开发', 'n': 1, 'mean_pct': 10.04}, {'ts': '2026-09-22 14:26:08', 'theme': '待归位·铁路公路', 'n': 1, 'mean_pct': 10.01}, {'ts': '2026-09-22 14:27:08', 'theme': '待归位·IT服务Ⅱ', 'n': 1, 'mean_pct': 10.03}, {'ts': '2026-09-22 14:27:08', 'theme': '待归位·其他家电', 'n': 1, 'mean_pct': 10.08}, {'ts': '2026-09-22 14:27:08', 'theme': '待归位·出版', 'n': 3, 'mean_pct': 9.9733}, {'ts': '2026-09-22 14:27:08', 'theme': '待归位·包装印刷', 'n': 1, 'mean_pct': 10.05}, {'ts': '2026-09-22 14:27:08', 'theme': '待归位·化学制品', 'n': 1, 'mean_pct': 10.02}, {'ts': '2026-09-22 14:27:08', 'theme': '待归位·化学制药', 'n': 3, 'mean_pct': 13.38}, {'ts': '2026-09-22 14:27:08', 'theme': '待归位·医疗服务', 'n': 2, 'mean_pct': 9.635}, {'ts': '2026-09-22 14:27:08', 'theme': '待归位·半导体', 'n': 1, 'mean_pct': 10.0}, {'ts': '2026-09-22 14:27:08', 'theme': '待归位·塑料', 'n': 1, 'mean_pct': 10.0}, {'ts': '2026-09-22 14:27:08', 'theme': '待归位·家居用品', 'n': 2, 'mean_pct': 10.04}, {'ts': '2026-09-22 14:27:08', 'theme': '待归位·广告营销', 'n': 1, 'mean_pct': 9.93}, {'ts': '2026-09-22 14:27:08', 'theme': '待归位·房地产开', 'n': 1, 'mean_pct': 3.29}, {'ts': '2026-09-22 14:27:08', 'theme': '待归位·房地产服', 'n': 2, 'mean_pct': 9.95}, {'ts': '2026-09-22 14:27:08', 'theme': '待归位·服装家纺', 'n': 1, 'mean_pct': 10.0}, {'ts': '2026-09-22 14:27:08', 'theme': '待归位·燃气Ⅱ', 'n': 1, 'mean_pct': 9.96}, {'ts': '2026-09-22 14:27:08', 'theme': '待归位·软件开发', 'n': 1, 'mean_pct': 10.04}, {'ts': '2026-09-22 14:27:08', 'theme': '待归位·铁路公路', 'n': 1, 'mean_pct': 10.01}, {'ts': '2026-09-22 14:28:08', 'theme': '待归位·IT服务Ⅱ', 'n': 1, 'mean_pct': 10.03}, {'ts': '2026-09-22 14:28:08', 'theme': '待归位·其他家电', 'n': 1, 'mean_pct': 10.08}, {'ts': '2026-09-22 14:28:08', 'theme': '待归位·出版', 'n': 3, 'mean_pct': 9.9733}, {'ts': '2026-09-22 14:28:08', 'theme': '待归位·包装印刷', 'n': 1, 'mean_pct': 10.05}, {'ts': '2026-09-22 14:28:08', 'theme': '待归位·化学制品', 'n': 1, 'mean_pct': 10.02}, {'ts': '2026-09-22 14:28:08', 'theme': '待归位·化学制药', 'n': 3, 'mean_pct': 13.38}, {'ts': '2026-09-22 14:28:08', 'theme': '待归位·医疗服务', 'n': 2, 'mean_pct': 9.71}, {'ts': '2026-09-22 14:28:08', 'theme': '待归位·半导体', 'n': 1, 'mean_pct': 10.0}, {'ts': '2026-09-22 14:28:08', 'theme': '待归位·塑料', 'n': 1, 'mean_pct': 10.0}, {'ts': '2026-09-22 14:28:08', 'theme': '待归位·家居用品', 'n': 2, 'mean_pct': 10.04}, {'ts': '2026-09-22 14:28:08', 'theme': '待归位·广告营销', 'n': 1, 'mean_pct': 9.93}, {'ts': '2026-09-22 14:28:08', 'theme': '待归位·房地产开', 'n': 1, 'mean_pct': 2.88}, {'ts': '2026-09-22 14:28:08', 'theme': '待归位·房地产服', 'n': 2, 'mean_pct': 9.95}, {'ts': '2026-09-22 14:28:08', 'theme': '待归位·服装家纺', 'n': 1, 'mean_pct': 10.0}, {'ts': '2026-09-22 14:28:08', 'theme': '待归位·燃气Ⅱ', 'n': 1, 'mean_pct': 9.96}, {'ts': '2026-09-22 14:28:08', 'theme': '待归位·软件开发', 'n': 1, 'mean_pct': 10.04}, {'ts': '2026-09-22 14:28:08', 'theme': '待归位·铁路公路', 'n': 1, 'mean_pct': 10.01}, {'ts': '2026-09-22 14:29:08', 'theme': '待归位·IT服务Ⅱ', 'n': 1, 'mean_pct': 10.03}, {'ts': '2026-09-22 14:29:08', 'theme': '待归位·其他家电', 'n': 1, 'mean_pct': 10.08}, {'ts': '2026-09-22 14:29:08', 'theme': '待归位·出版', 'n': 3, 'mean_pct': 9.9733}, {'ts': '2026-09-22 14:29:08', 'theme': '待归位·包装印刷', 'n': 1, 'mean_pct': 10.05}, {'ts': '2026-09-22 14:29:08', 'theme': '待归位·化学制品', 'n': 1, 'mean_pct': 10.02}, {'ts': '2026-09-22 14:29:08', 'theme': '待归位·化学制药', 'n': 3, 'mean_pct': 13.38}, {'ts': '2026-09-22 14:29:08', 'theme': '待归位·医疗服务', 'n': 2, 'mean_pct': 9.71}, {'ts': '2026-09-22 14:29:08', 'theme': '待归位·半导体', 'n': 1, 'mean_pct': 10.0}, {'ts': '2026-09-22 14:29:08', 'theme': '待归位·塑料', 'n': 1, 'mean_pct': 10.0}, {'ts': '2026-09-22 14:29:08', 'theme': '待归位·家居用品', 'n': 2, 'mean_pct': 10.04}, {'ts': '2026-09-22 14:29:08', 'theme': '待归位·广告营销', 'n': 1, 'mean_pct': 9.93}, {'ts': '2026-09-22 14:29:08', 'theme': '待归位·房地产开', 'n': 1, 'mean_pct': 2.06}, {'ts': '2026-09-22 14:29:08', 'theme': '待归位·房地产服', 'n': 2, 'mean_pct': 9.95}, {'ts': '2026-09-22 14:29:08', 'theme': '待归位·服装家纺', 'n': 1, 'mean_pct': 10.0}, {'ts': '2026-09-22 14:29:08', 'theme': '待归位·燃气Ⅱ', 'n': 1, 'mean_pct': 9.96}, {'ts': '2026-09-22 14:29:08', 'theme': '待归位·软件开发', 'n': 1, 'mean_pct': 10.04}, {'ts': '2026-09-22 14:29:08', 'theme': '待归位·铁路公路', 'n': 1, 'mean_pct': 10.01}, {'ts': '2026-09-22 14:30:09', 'theme': '待归位·IT服务Ⅱ', 'n': 1, 'mean_pct': 10.03}, {'ts': '2026-09-22 14:30:09', 'theme': '待归位·其他家电', 'n': 1, 'mean_pct': 10.08}, {'ts': '2026-09-22 14:30:09', 'theme': '待归位·出版', 'n': 3, 'mean_pct': 9.9733}, {'ts': '2026-09-22 14:30:09', 'theme': '待归位·包装印刷', 'n': 1, 'mean_pct': 10.05}, {'ts': '2026-09-22 14:30:09', 'theme': '待归位·化学制品', 'n': 1, 'mean_pct': 10.02}, {'ts': '2026-09-22 14:30:09', 'theme': '待归位·化学制药', 'n': 3, 'mean_pct': 13.38}, {'ts': '2026-09-22 14:30:09', 'theme': '待归位·医疗服务', 'n': 2, 'mean_pct': 9.825}, {'ts': '2026-09-22 14:30:09', 'theme': '待归位·半导体', 'n': 1, 'mean_pct': 10.0}, {'ts': '2026-09-22 14:30:09', 'theme': '待归位·塑料', 'n': 1, 'mean_pct': 10.0}, {'ts': '2026-09-22 14:30:09', 'theme': '待归位·家居用品', 'n': 2, 'mean_pct': 10.04}, {'ts': '2026-09-22 14:30:09', 'theme': '待归位·广告营销', 'n': 1, 'mean_pct': 9.93}, {'ts': '2026-09-22 14:30:09', 'theme': '待归位·房地产开', 'n': 1, 'mean_pct': 4.12}, {'ts': '2026-09-22 14:30:09', 'theme': '待归位·房地产服', 'n': 2, 'mean_pct': 9.95}, {'ts': '2026-09-22 14:30:09', 'theme': '待归位·服装家纺', 'n': 1, 'mean_pct': 10.0}, {'ts': '2026-09-22 14:30:09', 'theme': '待归位·燃气Ⅱ', 'n': 1, 'mean_pct': 9.96}, {'ts': '2026-09-22 14:30:09', 'theme': '待归位·软件开发', 'n': 1, 'mean_pct': 10.04}, {'ts': '2026-09-22 14:30:09', 'theme': '待归位·铁路公路', 'n': 1, 'mean_pct': 10.01}, {'ts': '2026-09-22 14:31:09', 'theme': '待归位·IT服务Ⅱ', 'n': 1, 'mean_pct': 10.03}, {'ts': '2026-09-22 14:31:09', 'theme': '待归位·其他家电', 'n': 1, 'mean_pct': 10.08}, {'ts': '2026-09-22 14:31:09', 'theme': '待归位·出版', 'n': 3, 'mean_pct': 9.9733}, {'ts': '2026-09-22 14:31:09', 'theme': '待归位·包装印刷', 'n': 1, 'mean_pct': 10.05}, {'ts': '2026-09-22 14:31:09', 'theme': '待归位·化学制品', 'n': 1, 'mean_pct': 10.02}, {'ts': '2026-09-22 14:31:09', 'theme': '待归位·化学制药', 'n': 3, 'mean_pct': 13.38}, {'ts': '2026-09-22 14:31:09', 'theme': '待归位·医疗服务', 'n': 2, 'mean_pct': 10.015}, {'ts': '2026-09-22 14:31:09', 'theme': '待归位·半导体', 'n': 1, 'mean_pct': 10.0}, {'ts': '2026-09-22 14:31:09', 'theme': '待归位·塑料', 'n': 1, 'mean_pct': 10.0}, {'ts': '2026-09-22 14:31:09', 'theme': '待归位·家居用品', 'n': 2, 'mean_pct': 10.04}, {'ts': '2026-09-22 14:31:09', 'theme': '待归位·广告营销', 'n': 1, 'mean_pct': 9.93}, {'ts': '2026-09-22 14:31:09', 'theme': '待归位·房地产开', 'n': 1, 'mean_pct': 2.88}, {'ts': '2026-09-22 14:31:09', 'theme': '待归位·房地产服', 'n': 2, 'mean_pct': 9.95}, {'ts': '2026-09-22 14:31:09', 'theme': '待归位·服装家纺', 'n': 1, 'mean_pct': 10.0}, {'ts': '2026-09-22 14:31:09', 'theme': '待归位·燃气Ⅱ', 'n': 1, 'mean_pct': 9.96}, {'ts': '2026-09-22 14:31:09', 'theme': '待归位·软件开发', 'n': 1, 'mean_pct': 10.04}, {'ts': '2026-09-22 14:31:09', 'theme': '待归位·铁路公路', 'n': 1, 'mean_pct': 10.01}, {'ts': '2026-09-22 14:32:09', 'theme': '待归位·IT服务Ⅱ', 'n': 1, 'mean_pct': 10.03}, {'ts': '2026-09-22 14:32:09', 'theme': '待归位·其他家电', 'n': 1, 'mean_pct': 10.08}, {'ts': '2026-09-22 14:32:09', 'theme': '待归位·出版', 'n': 3, 'mean_pct': 9.9733}, {'ts': '2026-09-22 14:32:09', 'theme': '待归位·包装印刷', 'n': 1, 'mean_pct': 10.05}, {'ts': '2026-09-22 14:32:09', 'theme': '待归位·化学制品', 'n': 1, 'mean_pct': 10.02}, {'ts': '2026-09-22 14:32:09', 'theme': '待归位·化学制药', 'n': 3, 'mean_pct': 13.38}, {'ts': '2026-09-22 14:32:09', 'theme': '待归位·医疗服务', 'n': 2, 'mean_pct': 10.015}, {'ts': '2026-09-22 14:32:09', 'theme': '待归位·半导体', 'n': 1, 'mean_pct': 10.0}, {'ts': '2026-09-22 14:32:09', 'theme': '待归位·塑料', 'n': 1, 'mean_pct': 10.0}, {'ts': '2026-09-22 14:32:09', 'theme': '待归位·家居用品', 'n': 2, 'mean_pct': 10.04}, {'ts': '2026-09-22 14:32:09', 'theme': '待归位·广告营销', 'n': 1, 'mean_pct': 9.93}, {'ts': '2026-09-22 14:32:09', 'theme': '待归位·房地产开', 'n': 1, 'mean_pct': 2.47}, {'ts': '2026-09-22 14:32:09', 'theme': '待归位·房地产服', 'n': 2, 'mean_pct': 9.95}, {'ts': '2026-09-22 14:32:09', 'theme': '待归位·服装家纺', 'n': 1, 'mean_pct': 10.0}, {'ts': '2026-09-22 14:32:09', 'theme': '待归位·燃气Ⅱ', 'n': 1, 'mean_pct': 9.96}, {'ts': '2026-09-22 14:32:09', 'theme': '待归位·软件开发', 'n': 1, 'mean_pct': 10.04}, {'ts': '2026-09-22 14:32:09', 'theme': '待归位·铁路公路', 'n': 1, 'mean_pct': 10.01}, {'ts': '2026-09-22 14:33:09', 'theme': '待归位·IT服务Ⅱ', 'n': 1, 'mean_pct': 10.03}, {'ts': '2026-09-22 14:33:09', 'theme': '待归位·其他家电', 'n': 1, 'mean_pct': 10.08}, {'ts': '2026-09-22 14:33:09', 'theme': '待归位·出版', 'n': 3, 'mean_pct': 9.9733}, {'ts': '2026-09-22 14:33:09', 'theme': '待归位·包装印刷', 'n': 1, 'mean_pct': 10.05}, {'ts': '2026-09-22 14:33:09', 'theme': '待归位·化学制品', 'n': 1, 'mean_pct': 10.02}, {'ts': '2026-09-22 14:33:09', 'theme': '待归位·化学制药', 'n': 3, 'mean_pct': 13.38}, {'ts': '2026-09-22 14:33:09', 'theme': '待归位·医疗服务', 'n': 2, 'mean_pct': 9.975}, {'ts': '2026-09-22 14:33:09', 'theme': '待归位·半导体', 'n': 1, 'mean_pct': 10.0}, {'ts': '2026-09-22 14:33:09', 'theme': '待归位·塑料', 'n': 1, 'mean_pct': 10.0}, {'ts': '2026-09-22 14:33:09', 'theme': '待归位·家居用品', 'n': 2, 'mean_pct': 10.04}, {'ts': '2026-09-22 14:33:09', 'theme': '待归位·广告营销', 'n': 1, 'mean_pct': 9.93}, {'ts': '2026-09-22 14:33:09', 'theme': '待归位·房地产开', 'n': 1, 'mean_pct': 2.47}, {'ts': '2026-09-22 14:33:09', 'theme': '待归位·房地产服', 'n': 2, 'mean_pct': 9.95}, {'ts': '2026-09-22 14:33:09', 'theme': '待归位·服装家纺', 'n': 1, 'mean_pct': 10.0}, {'ts': '2026-09-22 14:33:09', 'theme': '待归位·燃气Ⅱ', 'n': 1, 'mean_pct': 9.96}, {'ts': '2026-09-22 14:33:09', 'theme': '待归位·软件开发', 'n': 1, 'mean_pct': 10.04}, {'ts': '2026-09-22 14:33:09', 'theme': '待归位·铁路公路', 'n': 1, 'mean_pct': 10.01}, {'ts': '2026-09-22 14:34:09', 'theme': '待归位·IT服务Ⅱ', 'n': 1, 'mean_pct': 10.03}, {'ts': '2026-09-22 14:34:09', 'theme': '待归位·其他家电', 'n': 1, 'mean_pct': 10.08}, {'ts': '2026-09-22 14:34:09', 'theme': '待归位·出版', 'n': 3, 'mean_pct': 9.9733}, {'ts': '2026-09-22 14:34:09', 'theme': '待归位·包装印刷', 'n': 1, 'mean_pct': 10.05}, {'ts': '2026-09-22 14:34:09', 'theme': '待归位·化学制品', 'n': 1, 'mean_pct': 10.02}, {'ts': '2026-09-22 14:34:09', 'theme': '待归位·化学制药', 'n': 3, 'mean_pct': 13.38}, {'ts': '2026-09-22 14:34:09', 'theme': '待归位·医疗服务', 'n': 2, 'mean_pct': 10.015}, {'ts': '2026-09-22 14:34:09', 'theme': '待归位·半导体', 'n': 1, 'mean_pct': 10.0}, {'ts': '2026-09-22 14:34:09', 'theme': '待归位·塑料', 'n': 1, 'mean_pct': 10.0}, {'ts': '2026-09-22 14:34:09', 'theme': '待归位·家居用品', 'n': 2, 'mean_pct': 10.04}, {'ts': '2026-09-22 14:34:09', 'theme': '待归位·广告营销', 'n': 1, 'mean_pct': 9.93}, {'ts': '2026-09-22 14:34:09', 'theme': '待归位·房地产开', 'n': 1, 'mean_pct': 2.06}, {'ts': '2026-09-22 14:34:09', 'theme': '待归位·房地产服', 'n': 2, 'mean_pct': 9.95}, {'ts': '2026-09-22 14:34:09', 'theme': '待归位·服装家纺', 'n': 1, 'mean_pct': 10.0}, {'ts': '2026-09-22 14:34:09', 'theme': '待归位·燃气Ⅱ', 'n': 1, 'mean_pct': 9.96}, {'ts': '2026-09-22 14:34:09', 'theme': '待归位·软件开发', 'n': 1, 'mean_pct': 10.04}, {'ts': '2026-09-22 14:34:09', 'theme': '待归位·铁路公路', 'n': 1, 'mean_pct': 10.01}, {'ts': '2026-09-22 14:35:10', 'theme': '待归位·IT服务Ⅱ', 'n': 1, 'mean_pct': 10.03}, {'ts': '2026-09-22 14:35:10', 'theme': '待归位·其他家电', 'n': 1, 'mean_pct': 10.08}, {'ts': '2026-09-22 14:35:10', 'theme': '待归位·出版', 'n': 3, 'mean_pct': 9.9733}, {'ts': '2026-09-22 14:35:10', 'theme': '待归位·包装印刷', 'n': 1, 'mean_pct': 10.05}, {'ts': '2026-09-22 14:35:10', 'theme': '待归位·化学制品', 'n': 1, 'mean_pct': 10.02}, {'ts': '2026-09-22 14:35:10', 'theme': '待归位·化学制药', 'n': 3, 'mean_pct': 13.38}, {'ts': '2026-09-22 14:35:10', 'theme': '待归位·医疗服务', 'n': 2, 'mean_pct': 10.015}, {'ts': '2026-09-22 14:35:10', 'theme': '待归位·半导体', 'n': 1, 'mean_pct': 10.0}, {'ts': '2026-09-22 14:35:10', 'theme': '待归位·塑料', 'n': 1, 'mean_pct': 10.0}, {'ts': '2026-09-22 14:35:10', 'theme': '待归位·家居用品', 'n': 2, 'mean_pct': 10.04}, {'ts': '2026-09-22 14:35:10', 'theme': '待归位·广告营销', 'n': 1, 'mean_pct': 9.93}, {'ts': '2026-09-22 14:35:10', 'theme': '待归位·房地产开', 'n': 1, 'mean_pct': 1.65}, {'ts': '2026-09-22 14:35:10', 'theme': '待归位·房地产服', 'n': 2, 'mean_pct': 9.95}, {'ts': '2026-09-22 14:35:10', 'theme': '待归位·服装家纺', 'n': 1, 'mean_pct': 10.0}, {'ts': '2026-09-22 14:35:10', 'theme': '待归位·燃气Ⅱ', 'n': 1, 'mean_pct': 9.96}, {'ts': '2026-09-22 14:35:10', 'theme': '待归位·软件开发', 'n': 1, 'mean_pct': 10.04}, {'ts': '2026-09-22 14:35:10', 'theme': '待归位·铁路公路', 'n': 1, 'mean_pct': 10.01}, {'ts': '2026-09-22 14:36:10', 'theme': '待归位·IT服务Ⅱ', 'n': 1, 'mean_pct': 10.03}, {'ts': '2026-09-22 14:36:10', 'theme': '待归位·其他家电', 'n': 1, 'mean_pct': 10.08}, {'ts': '2026-09-22 14:36:10', 'theme': '待归位·出版', 'n': 3, 'mean_pct': 9.9733}, {'ts': '2026-09-22 14:36:10', 'theme': '待归位·包装印刷', 'n': 1, 'mean_pct': 10.05}, {'ts': '2026-09-22 14:36:10', 'theme': '待归位·化学制品', 'n': 1, 'mean_pct': 10.02}, {'ts': '2026-09-22 14:36:10', 'theme': '待归位·化学制药', 'n': 3, 'mean_pct': 13.38}, {'ts': '2026-09-22 14:36:10', 'theme': '待归位·医疗服务', 'n': 2, 'mean_pct': 10.015}, {'ts': '2026-09-22 14:36:10', 'theme': '待归位·半导体', 'n': 1, 'mean_pct': 10.0}, {'ts': '2026-09-22 14:36:10', 'theme': '待归位·塑料', 'n': 1, 'mean_pct': 10.0}, {'ts': '2026-09-22 14:36:10', 'theme': '待归位·家居用品', 'n': 2, 'mean_pct': 10.04}, {'ts': '2026-09-22 14:36:10', 'theme': '待归位·广告营销', 'n': 1, 'mean_pct': 9.93}, {'ts': '2026-09-22 14:36:10', 'theme': '待归位·房地产开', 'n': 1, 'mean_pct': 2.06}, {'ts': '2026-09-22 14:36:10', 'theme': '待归位·房地产服', 'n': 2, 'mean_pct': 9.95}, {'ts': '2026-09-22 14:36:10', 'theme': '待归位·服装家纺', 'n': 1, 'mean_pct': 10.0}, {'ts': '2026-09-22 14:36:10', 'theme': '待归位·燃气Ⅱ', 'n': 1, 'mean_pct': 9.96}, {'ts': '2026-09-22 14:36:10', 'theme': '待归位·软件开发', 'n': 1, 'mean_pct': 10.04}, {'ts': '2026-09-22 14:36:10', 'theme': '待归位·铁路公路', 'n': 1, 'mean_pct': 10.01}, {'ts': '2026-09-22 14:37:10', 'theme': '待归位·IT服务Ⅱ', 'n': 1, 'mean_pct': 10.03}, {'ts': '2026-09-22 14:37:10', 'theme': '待归位·其他家电', 'n': 1, 'mean_pct': 10.08}, {'ts': '2026-09-22 14:37:10', 'theme': '待归位·出版', 'n': 3, 'mean_pct': 9.9733}, {'ts': '2026-09-22 14:37:10', 'theme': '待归位·包装印刷', 'n': 1, 'mean_pct': 10.05}, {'ts': '2026-09-22 14:37:10', 'theme': '待归位·化学制品', 'n': 1, 'mean_pct': 10.02}, {'ts': '2026-09-22 14:37:10', 'theme': '待归位·化学制药', 'n': 3, 'mean_pct': 13.38}, {'ts': '2026-09-22 14:37:10', 'theme': '待归位·医疗服务', 'n': 2, 'mean_pct': 10.015}, {'ts': '2026-09-22 14:37:10', 'theme': '待归位·半导体', 'n': 1, 'mean_pct': 10.0}, {'ts': '2026-09-22 14:37:10', 'theme': '待归位·塑料', 'n': 1, 'mean_pct': 10.0}, {'ts': '2026-09-22 14:37:10', 'theme': '待归位·家居用品', 'n': 2, 'mean_pct': 10.04}, {'ts': '2026-09-22 14:37:10', 'theme': '待归位·广告营销', 'n': 1, 'mean_pct': 9.93}, {'ts': '2026-09-22 14:37:10', 'theme': '待归位·房地产开', 'n': 1, 'mean_pct': 2.06}, {'ts': '2026-09-22 14:37:10', 'theme': '待归位·房地产服', 'n': 2, 'mean_pct': 9.95}, {'ts': '2026-09-22 14:37:10', 'theme': '待归位·服装家纺', 'n': 1, 'mean_pct': 10.0}, {'ts': '2026-09-22 14:37:10', 'theme': '待归位·燃气Ⅱ', 'n': 1, 'mean_pct': 9.96}, {'ts': '2026-09-22 14:37:10', 'theme': '待归位·软件开发', 'n': 1, 'mean_pct': 10.04}, {'ts': '2026-09-22 14:37:10', 'theme': '待归位·铁路公路', 'n': 1, 'mean_pct': 10.01}, {'ts': '2026-09-22 14:38:10', 'theme': '待归位·IT服务Ⅱ', 'n': 1, 'mean_pct': 10.03}, {'ts': '2026-09-22 14:38:10', 'theme': '待归位·其他家电', 'n': 1, 'mean_pct': 10.08}, {'ts': '2026-09-22 14:38:10', 'theme': '待归位·出版', 'n': 3, 'mean_pct': 9.9733}, {'ts': '2026-09-22 14:38:10', 'theme': '待归位·包装印刷', 'n': 1, 'mean_pct': 10.05}, {'ts': '2026-09-22 14:38:10', 'theme': '待归位·化学制品', 'n': 1, 'mean_pct': 10.02}, {'ts': '2026-09-22 14:38:10', 'theme': '待归位·化学制药', 'n': 3, 'mean_pct': 13.38}, {'ts': '2026-09-22 14:38:10', 'theme': '待归位·医疗服务', 'n': 2, 'mean_pct': 10.015}, {'ts': '2026-09-22 14:38:10', 'theme': '待归位·半导体', 'n': 1, 'mean_pct': 10.0}, {'ts': '2026-09-22 14:38:10', 'theme': '待归位·塑料', 'n': 1, 'mean_pct': 10.0}, {'ts': '2026-09-22 14:38:10', 'theme': '待归位·家居用品', 'n': 2, 'mean_pct': 10.04}, {'ts': '2026-09-22 14:38:10', 'theme': '待归位·广告营销', 'n': 1, 'mean_pct': 9.93}, {'ts': '2026-09-22 14:38:10', 'theme': '待归位·房地产开', 'n': 1, 'mean_pct': 2.06}, {'ts': '2026-09-22 14:38:10', 'theme': '待归位·房地产服', 'n': 2, 'mean_pct': 9.95}, {'ts': '2026-09-22 14:38:10', 'theme': '待归位·服装家纺', 'n': 1, 'mean_pct': 10.0}, {'ts': '2026-09-22 14:38:10', 'theme': '待归位·燃气Ⅱ', 'n': 1, 'mean_pct': 9.96}, {'ts': '2026-09-22 14:38:10', 'theme': '待归位·软件开发', 'n': 1, 'mean_pct': 10.04}, {'ts': '2026-09-22 14:38:10', 'theme': '待归位·铁路公路', 'n': 1, 'mean_pct': 10.01}, {'ts': '2026-09-22 14:39:11', 'theme': '待归位·IT服务Ⅱ', 'n': 1, 'mean_pct': 10.03}, {'ts': '2026-09-22 14:39:11', 'theme': '待归位·其他家电', 'n': 1, 'mean_pct': 10.08}, {'ts': '2026-09-22 14:39:11', 'theme': '待归位·出版', 'n': 3, 'mean_pct': 9.9733}, {'ts': '2026-09-22 14:39:11', 'theme': '待归位·包装印刷', 'n': 1, 'mean_pct': 10.05}, {'ts': '2026-09-22 14:39:11', 'theme': '待归位·化学制品', 'n': 1, 'mean_pct': 10.02}, {'ts': '2026-09-22 14:39:11', 'theme': '待归位·化学制药', 'n': 3, 'mean_pct': 13.38}, {'ts': '2026-09-22 14:39:11', 'theme': '待归位·医疗服务', 'n': 2, 'mean_pct': 9.975}, {'ts': '2026-09-22 14:39:11', 'theme': '待归位·半导体', 'n': 1, 'mean_pct': 10.0}, {'ts': '2026-09-22 14:39:11', 'theme': '待归位·塑料', 'n': 1, 'mean_pct': 10.0}, {'ts': '2026-09-22 14:39:11', 'theme': '待归位·家居用品', 'n': 2, 'mean_pct': 10.04}, {'ts': '2026-09-22 14:39:11', 'theme': '待归位·广告营销', 'n': 1, 'mean_pct': 9.93}, {'ts': '2026-09-22 14:39:11', 'theme': '待归位·房地产开', 'n': 1, 'mean_pct': 2.06}, {'ts': '2026-09-22 14:39:11', 'theme': '待归位·房地产服', 'n': 2, 'mean_pct': 9.95}, {'ts': '2026-09-22 14:39:11', 'theme': '待归位·服装家纺', 'n': 1, 'mean_pct': 10.0}, {'ts': '2026-09-22 14:39:11', 'theme': '待归位·燃气Ⅱ', 'n': 1, 'mean_pct': 9.96}, {'ts': '2026-09-22 14:39:11', 'theme': '待归位·软件开发', 'n': 1, 'mean_pct': 10.04}, {'ts': '2026-09-22 14:39:11', 'theme': '待归位·铁路公路', 'n': 1, 'mean_pct': 10.01}, {'ts': '2026-09-22 14:40:11', 'theme': '待归位·IT服务Ⅱ', 'n': 1, 'mean_pct': 10.03}, {'ts': '2026-09-22 14:40:11', 'theme': '待归位·其他家电', 'n': 1, 'mean_pct': 10.08}, {'ts': '2026-09-22 14:40:11', 'theme': '待归位·出版', 'n': 3, 'mean_pct': 9.9733}, {'ts': '2026-09-22 14:40:11', 'theme': '待归位·包装印刷', 'n': 1, 'mean_pct': 10.05}, {'ts': '2026-09-22 14:40:11', 'theme': '待归位·化学制品', 'n': 1, 'mean_pct': 10.02}, {'ts': '2026-09-22 14:40:11', 'theme': '待归位·化学制药', 'n': 3, 'mean_pct': 13.38}, {'ts': '2026-09-22 14:40:11', 'theme': '待归位·医疗服务', 'n': 2, 'mean_pct': 10.015}, {'ts': '2026-09-22 14:40:11', 'theme': '待归位·半导体', 'n': 1, 'mean_pct': 10.0}, {'ts': '2026-09-22 14:40:11', 'theme': '待归位·塑料', 'n': 1, 'mean_pct': 10.0}, {'ts': '2026-09-22 14:40:11', 'theme': '待归位·家居用品', 'n': 2, 'mean_pct': 10.04}, {'ts': '2026-09-22 14:40:11', 'theme': '待归位·广告营销', 'n': 1, 'mean_pct': 9.93}, {'ts': '2026-09-22 14:40:11', 'theme': '待归位·房地产开', 'n': 1, 'mean_pct': 2.06}, {'ts': '2026-09-22 14:40:11', 'theme': '待归位·房地产服', 'n': 2, 'mean_pct': 9.95}, {'ts': '2026-09-22 14:40:11', 'theme': '待归位·服装家纺', 'n': 1, 'mean_pct': 10.0}, {'ts': '2026-09-22 14:40:11', 'theme': '待归位·燃气Ⅱ', 'n': 1, 'mean_pct': 9.96}, {'ts': '2026-09-22 14:40:11', 'theme': '待归位·软件开发', 'n': 1, 'mean_pct': 10.04}, {'ts': '2026-09-22 14:40:11', 'theme': '待归位·铁路公路', 'n': 1, 'mean_pct': 10.01}, {'ts': '2026-09-22 14:41:11', 'theme': '待归位·IT服务Ⅱ', 'n': 1, 'mean_pct': 10.03}, {'ts': '2026-09-22 14:41:11', 'theme': '待归位·其他家电', 'n': 1, 'mean_pct': 10.08}, {'ts': '2026-09-22 14:41:11', 'theme': '待归位·出版', 'n': 3, 'mean_pct': 9.9733}, {'ts': '2026-09-22 14:41:11', 'theme': '待归位·包装印刷', 'n': 1, 'mean_pct': 10.05}, {'ts': '2026-09-22 14:41:11', 'theme': '待归位·化学制品', 'n': 1, 'mean_pct': 10.02}, {'ts': '2026-09-22 14:41:11', 'theme': '待归位·化学制药', 'n': 3, 'mean_pct': 13.38}, {'ts': '2026-09-22 14:41:11', 'theme': '待归位·医疗服务', 'n': 2, 'mean_pct': 10.015}, {'ts': '2026-09-22 14:41:11', 'theme': '待归位·半导体', 'n': 1, 'mean_pct': 10.0}, {'ts': '2026-09-22 14:41:11', 'theme': '待归位·塑料', 'n': 1, 'mean_pct': 10.0}, {'ts': '2026-09-22 14:41:11', 'theme': '待归位·家居用品', 'n': 2, 'mean_pct': 10.04}, {'ts': '2026-09-22 14:41:11', 'theme': '待归位·广告营销', 'n': 1, 'mean_pct': 9.93}, {'ts': '2026-09-22 14:41:11', 'theme': '待归位·房地产开', 'n': 1, 'mean_pct': 2.88}, {'ts': '2026-09-22 14:41:11', 'theme': '待归位·房地产服', 'n': 2, 'mean_pct': 9.95}, {'ts': '2026-09-22 14:41:11', 'theme': '待归位·服装家纺', 'n': 1, 'mean_pct': 10.0}, {'ts': '2026-09-22 14:41:11', 'theme': '待归位·燃气Ⅱ', 'n': 1, 'mean_pct': 9.96}, {'ts': '2026-09-22 14:41:11', 'theme': '待归位·软件开发', 'n': 1, 'mean_pct': 10.04}, {'ts': '2026-09-22 14:41:11', 'theme': '待归位·铁路公路', 'n': 1, 'mean_pct': 10.01}, {'ts': '2026-09-22 14:42:11', 'theme': '待归位·IT服务Ⅱ', 'n': 1, 'mean_pct': 10.03}, {'ts': '2026-09-22 14:42:11', 'theme': '待归位·其他家电', 'n': 1, 'mean_pct': 10.08}, {'ts': '2026-09-22 14:42:11', 'theme': '待归位·出版', 'n': 3, 'mean_pct': 9.9733}, {'ts': '2026-09-22 14:42:11', 'theme': '待归位·包装印刷', 'n': 1, 'mean_pct': 10.05}, {'ts': '2026-09-22 14:42:11', 'theme': '待归位·化学制品', 'n': 1, 'mean_pct': 10.02}, {'ts': '2026-09-22 14:42:11', 'theme': '待归位·化学制药', 'n': 3, 'mean_pct': 13.38}, {'ts': '2026-09-22 14:42:11', 'theme': '待归位·医疗服务', 'n': 2, 'mean_pct': 9.975}, {'ts': '2026-09-22 14:42:11', 'theme': '待归位·半导体', 'n': 1, 'mean_pct': 10.0}, {'ts': '2026-09-22 14:42:11', 'theme': '待归位·塑料', 'n': 1, 'mean_pct': 10.0}, {'ts': '2026-09-22 14:42:11', 'theme': '待归位·家居用品', 'n': 2, 'mean_pct': 10.04}, {'ts': '2026-09-22 14:42:11', 'theme': '待归位·广告营销', 'n': 1, 'mean_pct': 9.93}, {'ts': '2026-09-22 14:42:11', 'theme': '待归位·房地产开', 'n': 1, 'mean_pct': 3.29}, {'ts': '2026-09-22 14:42:11', 'theme': '待归位·房地产服', 'n': 2, 'mean_pct': 9.95}, {'ts': '2026-09-22 14:42:11', 'theme': '待归位·服装家纺', 'n': 1, 'mean_pct': 10.0}, {'ts': '2026-09-22 14:42:11', 'theme': '待归位·燃气Ⅱ', 'n': 1, 'mean_pct': 9.96}, {'ts': '2026-09-22 14:42:11', 'theme': '待归位·软件开发', 'n': 1, 'mean_pct': 10.04}, {'ts': '2026-09-22 14:42:11', 'theme': '待归位·铁路公路', 'n': 1, 'mean_pct': 10.01}, {'ts': '2026-09-22 14:43:12', 'theme': '待归位·IT服务Ⅱ', 'n': 1, 'mean_pct': 10.03}, {'ts': '2026-09-22 14:43:12', 'theme': '待归位·其他家电', 'n': 1, 'mean_pct': 10.08}, {'ts': '2026-09-22 14:43:12', 'theme': '待归位·出版', 'n': 3, 'mean_pct': 9.9733}, {'ts': '2026-09-22 14:43:12', 'theme': '待归位·包装印刷', 'n': 1, 'mean_pct': 10.05}, {'ts': '2026-09-22 14:43:12', 'theme': '待归位·化学制品', 'n': 1, 'mean_pct': 10.02}, {'ts': '2026-09-22 14:43:12', 'theme': '待归位·化学制药', 'n': 3, 'mean_pct': 13.38}, {'ts': '2026-09-22 14:43:12', 'theme': '待归位·医疗服务', 'n': 2, 'mean_pct': 10.015}, {'ts': '2026-09-22 14:43:12', 'theme': '待归位·半导体', 'n': 1, 'mean_pct': 10.0}, {'ts': '2026-09-22 14:43:12', 'theme': '待归位·塑料', 'n': 1, 'mean_pct': 10.0}, {'ts': '2026-09-22 14:43:12', 'theme': '待归位·家居用品', 'n': 2, 'mean_pct': 10.04}, {'ts': '2026-09-22 14:43:12', 'theme': '待归位·广告营销', 'n': 1, 'mean_pct': 9.93}, {'ts': '2026-09-22 14:43:12', 'theme': '待归位·房地产开', 'n': 1, 'mean_pct': 4.53}, {'ts': '2026-09-22 14:43:12', 'theme': '待归位·房地产服', 'n': 2, 'mean_pct': 9.95}, {'ts': '2026-09-22 14:43:12', 'theme': '待归位·服装家纺', 'n': 1, 'mean_pct': 10.0}, {'ts': '2026-09-22 14:43:12', 'theme': '待归位·燃气Ⅱ', 'n': 1, 'mean_pct': 9.96}, {'ts': '2026-09-22 14:43:12', 'theme': '待归位·软件开发', 'n': 1, 'mean_pct': 10.04}, {'ts': '2026-09-22 14:43:12', 'theme': '待归位·铁路公路', 'n': 1, 'mean_pct': 10.01}, {'ts': '2026-09-22 14:44:12', 'theme': '待归位·IT服务Ⅱ', 'n': 1, 'mean_pct': 10.03}, {'ts': '2026-09-22 14:44:12', 'theme': '待归位·其他家电', 'n': 1, 'mean_pct': 10.08}, {'ts': '2026-09-22 14:44:12', 'theme': '待归位·出版', 'n': 3, 'mean_pct': 9.9733}, {'ts': '2026-09-22 14:44:12', 'theme': '待归位·包装印刷', 'n': 1, 'mean_pct': 10.05}, {'ts': '2026-09-22 14:44:12', 'theme': '待归位·化学制品', 'n': 1, 'mean_pct': 10.02}, {'ts': '2026-09-22 14:44:12', 'theme': '待归位·化学制药', 'n': 3, 'mean_pct': 13.38}, {'ts': '2026-09-22 14:44:12', 'theme': '待归位·医疗服务', 'n': 2, 'mean_pct': 10.015}, {'ts': '2026-09-22 14:44:12', 'theme': '待归位·半导体', 'n': 1, 'mean_pct': 10.0}, {'ts': '2026-09-22 14:44:12', 'theme': '待归位·塑料', 'n': 1, 'mean_pct': 10.0}, {'ts': '2026-09-22 14:44:12', 'theme': '待归位·家居用品', 'n': 2, 'mean_pct': 10.04}, {'ts': '2026-09-22 14:44:12', 'theme': '待归位·广告营销', 'n': 1, 'mean_pct': 9.93}, {'ts': '2026-09-22 14:44:12', 'theme': '待归位·房地产开', 'n': 1, 'mean_pct': 4.94}, {'ts': '2026-09-22 14:44:12', 'theme': '待归位·房地产服', 'n': 2, 'mean_pct': 9.95}, {'ts': '2026-09-22 14:44:12', 'theme': '待归位·服装家纺', 'n': 1, 'mean_pct': 10.0}, {'ts': '2026-09-22 14:44:12', 'theme': '待归位·燃气Ⅱ', 'n': 1, 'mean_pct': 9.96}, {'ts': '2026-09-22 14:44:12', 'theme': '待归位·软件开发', 'n': 1, 'mean_pct': 10.04}, {'ts': '2026-09-22 14:44:12', 'theme': '待归位·铁路公路', 'n': 1, 'mean_pct': 10.01}, {'ts': '2026-09-22 14:45:12', 'theme': '待归位·IT服务Ⅱ', 'n': 1, 'mean_pct': 10.03}, {'ts': '2026-09-22 14:45:12', 'theme': '待归位·其他家电', 'n': 1, 'mean_pct': 10.08}, {'ts': '2026-09-22 14:45:12', 'theme': '待归位·出版', 'n': 3, 'mean_pct': 9.9733}, {'ts': '2026-09-22 14:45:12', 'theme': '待归位·包装印刷', 'n': 1, 'mean_pct': 10.05}, {'ts': '2026-09-22 14:45:12', 'theme': '待归位·化学制品', 'n': 1, 'mean_pct': 10.02}, {'ts': '2026-09-22 14:45:12', 'theme': '待归位·化学制药', 'n': 3, 'mean_pct': 13.38}, {'ts': '2026-09-22 14:45:12', 'theme': '待归位·医疗服务', 'n': 2, 'mean_pct': 10.015}, {'ts': '2026-09-22 14:45:12', 'theme': '待归位·半导体', 'n': 1, 'mean_pct': 10.0}, {'ts': '2026-09-22 14:45:12', 'theme': '待归位·塑料', 'n': 1, 'mean_pct': 10.0}, {'ts': '2026-09-22 14:45:12', 'theme': '待归位·家居用品', 'n': 2, 'mean_pct': 10.04}, {'ts': '2026-09-22 14:45:12', 'theme': '待归位·广告营销', 'n': 1, 'mean_pct': 9.93}, {'ts': '2026-09-22 14:45:12', 'theme': '待归位·房地产开', 'n': 1, 'mean_pct': 9.88}, {'ts': '2026-09-22 14:45:12', 'theme': '待归位·房地产服', 'n': 2, 'mean_pct': 9.95}, {'ts': '2026-09-22 14:45:12', 'theme': '待归位·服装家纺', 'n': 1, 'mean_pct': 10.0}, {'ts': '2026-09-22 14:45:12', 'theme': '待归位·燃气Ⅱ', 'n': 1, 'mean_pct': 9.96}, {'ts': '2026-09-22 14:45:12', 'theme': '待归位·软件开发', 'n': 1, 'mean_pct': 10.04}, {'ts': '2026-09-22 14:45:12', 'theme': '待归位·铁路公路', 'n': 1, 'mean_pct': 10.01}, {'ts': '2026-09-22 14:46:12', 'theme': '待归位·IT服务Ⅱ', 'n': 1, 'mean_pct': 10.03}, {'ts': '2026-09-22 14:46:12', 'theme': '待归位·其他家电', 'n': 1, 'mean_pct': 10.08}, {'ts': '2026-09-22 14:46:12', 'theme': '待归位·出版', 'n': 3, 'mean_pct': 9.9733}, {'ts': '2026-09-22 14:46:12', 'theme': '待归位·包装印刷', 'n': 1, 'mean_pct': 10.05}, {'ts': '2026-09-22 14:46:12', 'theme': '待归位·化学制品', 'n': 1, 'mean_pct': 10.02}, {'ts': '2026-09-22 14:46:12', 'theme': '待归位·化学制药', 'n': 3, 'mean_pct': 13.38}, {'ts': '2026-09-22 14:46:12', 'theme': '待归位·医疗服务', 'n': 2, 'mean_pct': 10.015}, {'ts': '2026-09-22 14:46:12', 'theme': '待归位·半导体', 'n': 1, 'mean_pct': 10.0}, {'ts': '2026-09-22 14:46:12', 'theme': '待归位·塑料', 'n': 1, 'mean_pct': 10.0}, {'ts': '2026-09-22 14:46:12', 'theme': '待归位·家居用品', 'n': 2, 'mean_pct': 10.04}, {'ts': '2026-09-22 14:46:12', 'theme': '待归位·广告营销', 'n': 1, 'mean_pct': 9.93}, {'ts': '2026-09-22 14:46:12', 'theme': '待归位·房地产开', 'n': 1, 'mean_pct': 9.88}, {'ts': '2026-09-22 14:46:12', 'theme': '待归位·房地产服', 'n': 2, 'mean_pct': 9.95}, {'ts': '2026-09-22 14:46:12', 'theme': '待归位·服装家纺', 'n': 1, 'mean_pct': 10.0}, {'ts': '2026-09-22 14:46:12', 'theme': '待归位·燃气Ⅱ', 'n': 1, 'mean_pct': 9.96}, {'ts': '2026-09-22 14:46:12', 'theme': '待归位·软件开发', 'n': 1, 'mean_pct': 10.04}, {'ts': '2026-09-22 14:46:12', 'theme': '待归位·铁路公路', 'n': 1, 'mean_pct': 10.01}, {'ts': '2026-09-22 14:47:13', 'theme': '待归位·IT服务Ⅱ', 'n': 1, 'mean_pct': 10.03}, {'ts': '2026-09-22 14:47:13', 'theme': '待归位·其他家电', 'n': 1, 'mean_pct': 10.08}, {'ts': '2026-09-22 14:47:13', 'theme': '待归位·出版', 'n': 3, 'mean_pct': 9.9733}, {'ts': '2026-09-22 14:47:13', 'theme': '待归位·包装印刷', 'n': 1, 'mean_pct': 10.05}, {'ts': '2026-09-22 14:47:13', 'theme': '待归位·化学制品', 'n': 1, 'mean_pct': 10.02}, {'ts': '2026-09-22 14:47:13', 'theme': '待归位·化学制药', 'n': 3, 'mean_pct': 13.38}, {'ts': '2026-09-22 14:47:13', 'theme': '待归位·医疗服务', 'n': 2, 'mean_pct': 10.015}, {'ts': '2026-09-22 14:47:13', 'theme': '待归位·半导体', 'n': 1, 'mean_pct': 10.0}, {'ts': '2026-09-22 14:47:13', 'theme': '待归位·塑料', 'n': 1, 'mean_pct': 10.0}, {'ts': '2026-09-22 14:47:13', 'theme': '待归位·家居用品', 'n': 2, 'mean_pct': 10.04}, {'ts': '2026-09-22 14:47:13', 'theme': '待归位·广告营销', 'n': 1, 'mean_pct': 9.93}, {'ts': '2026-09-22 14:47:13', 'theme': '待归位·房地产开', 'n': 1, 'mean_pct': 9.88}, {'ts': '2026-09-22 14:47:13', 'theme': '待归位·房地产服', 'n': 2, 'mean_pct': 9.95}, {'ts': '2026-09-22 14:47:13', 'theme': '待归位·服装家纺', 'n': 1, 'mean_pct': 10.0}, {'ts': '2026-09-22 14:47:13', 'theme': '待归位·燃气Ⅱ', 'n': 1, 'mean_pct': 9.96}, {'ts': '2026-09-22 14:47:13', 'theme': '待归位·软件开发', 'n': 1, 'mean_pct': 10.04}, {'ts': '2026-09-22 14:47:13', 'theme': '待归位·铁路公路', 'n': 1, 'mean_pct': 10.01}, {'ts': '2026-09-22 14:48:13', 'theme': '待归位·IT服务Ⅱ', 'n': 1, 'mean_pct': 10.03}, {'ts': '2026-09-22 14:48:13', 'theme': '待归位·其他家电', 'n': 1, 'mean_pct': 10.08}, {'ts': '2026-09-22 14:48:13', 'theme': '待归位·出版', 'n': 3, 'mean_pct': 9.9733}, {'ts': '2026-09-22 14:48:13', 'theme': '待归位·包装印刷', 'n': 1, 'mean_pct': 10.05}, {'ts': '2026-09-22 14:48:13', 'theme': '待归位·化学制品', 'n': 1, 'mean_pct': 10.02}, {'ts': '2026-09-22 14:48:13', 'theme': '待归位·化学制药', 'n': 3, 'mean_pct': 13.38}, {'ts': '2026-09-22 14:48:13', 'theme': '待归位·医疗服务', 'n': 2, 'mean_pct': 10.015}, {'ts': '2026-09-22 14:48:13', 'theme': '待归位·半导体', 'n': 1, 'mean_pct': 10.0}, {'ts': '2026-09-22 14:48:13', 'theme': '待归位·塑料', 'n': 1, 'mean_pct': 10.0}, {'ts': '2026-09-22 14:48:13', 'theme': '待归位·家居用品', 'n': 2, 'mean_pct': 10.04}, {'ts': '2026-09-22 14:48:13', 'theme': '待归位·广告营销', 'n': 1, 'mean_pct': 9.93}, {'ts': '2026-09-22 14:48:13', 'theme': '待归位·房地产开', 'n': 1, 'mean_pct': 9.88}, {'ts': '2026-09-22 14:48:13', 'theme': '待归位·房地产服', 'n': 2, 'mean_pct': 9.95}, {'ts': '2026-09-22 14:48:13', 'theme': '待归位·服装家纺', 'n': 1, 'mean_pct': 10.0}, {'ts': '2026-09-22 14:48:13', 'theme': '待归位·燃气Ⅱ', 'n': 1, 'mean_pct': 9.96}, {'ts': '2026-09-22 14:48:13', 'theme': '待归位·软件开发', 'n': 1, 'mean_pct': 10.04}, {'ts': '2026-09-22 14:48:13', 'theme': '待归位·铁路公路', 'n': 1, 'mean_pct': 10.01}, {'ts': '2026-09-22 14:49:13', 'theme': '待归位·IT服务Ⅱ', 'n': 1, 'mean_pct': 10.03}, {'ts': '2026-09-22 14:49:13', 'theme': '待归位·其他家电', 'n': 1, 'mean_pct': 10.08}, {'ts': '2026-09-22 14:49:13', 'theme': '待归位·出版', 'n': 3, 'mean_pct': 9.9733}, {'ts': '2026-09-22 14:49:13', 'theme': '待归位·包装印刷', 'n': 1, 'mean_pct': 10.05}, {'ts': '2026-09-22 14:49:13', 'theme': '待归位·化学制品', 'n': 1, 'mean_pct': 10.02}, {'ts': '2026-09-22 14:49:13', 'theme': '待归位·化学制药', 'n': 3, 'mean_pct': 13.38}, {'ts': '2026-09-22 14:49:13', 'theme': '待归位·医疗服务', 'n': 2, 'mean_pct': 10.015}, {'ts': '2026-09-22 14:49:13', 'theme': '待归位·半导体', 'n': 1, 'mean_pct': 10.0}, {'ts': '2026-09-22 14:49:13', 'theme': '待归位·塑料', 'n': 1, 'mean_pct': 10.0}, {'ts': '2026-09-22 14:49:13', 'theme': '待归位·家居用品', 'n': 2, 'mean_pct': 10.04}, {'ts': '2026-09-22 14:49:13', 'theme': '待归位·广告营销', 'n': 1, 'mean_pct': 9.93}, {'ts': '2026-09-22 14:49:13', 'theme': '待归位·房地产开', 'n': 1, 'mean_pct': 9.88}, {'ts': '2026-09-22 14:49:13', 'theme': '待归位·房地产服', 'n': 2, 'mean_pct': 9.95}, {'ts': '2026-09-22 14:49:13', 'theme': '待归位·服装家纺', 'n': 1, 'mean_pct': 10.0}, {'ts': '2026-09-22 14:49:13', 'theme': '待归位·燃气Ⅱ', 'n': 1, 'mean_pct': 9.96}, {'ts': '2026-09-22 14:49:13', 'theme': '待归位·软件开发', 'n': 1, 'mean_pct': 10.04}, {'ts': '2026-09-22 14:49:13', 'theme': '待归位·铁路公路', 'n': 1, 'mean_pct': 10.01}, {'ts': '2026-09-22 14:50:14', 'theme': '待归位·IT服务Ⅱ', 'n': 1, 'mean_pct': 10.03}, {'ts': '2026-09-22 14:50:14', 'theme': '待归位·其他家电', 'n': 1, 'mean_pct': 10.08}, {'ts': '2026-09-22 14:50:14', 'theme': '待归位·出版', 'n': 3, 'mean_pct': 9.9733}, {'ts': '2026-09-22 14:50:14', 'theme': '待归位·包装印刷', 'n': 1, 'mean_pct': 10.05}, {'ts': '2026-09-22 14:50:14', 'theme': '待归位·化学制品', 'n': 1, 'mean_pct': 10.02}, {'ts': '2026-09-22 14:50:14', 'theme': '待归位·化学制药', 'n': 3, 'mean_pct': 13.38}, {'ts': '2026-09-22 14:50:14', 'theme': '待归位·医疗服务', 'n': 2, 'mean_pct': 10.015}, {'ts': '2026-09-22 14:50:14', 'theme': '待归位·半导体', 'n': 1, 'mean_pct': 10.0}, {'ts': '2026-09-22 14:50:14', 'theme': '待归位·塑料', 'n': 1, 'mean_pct': 10.0}, {'ts': '2026-09-22 14:50:14', 'theme': '待归位·家居用品', 'n': 2, 'mean_pct': 10.04}, {'ts': '2026-09-22 14:50:14', 'theme': '待归位·广告营销', 'n': 1, 'mean_pct': 9.93}, {'ts': '2026-09-22 14:50:14', 'theme': '待归位·房地产开', 'n': 1, 'mean_pct': 9.88}, {'ts': '2026-09-22 14:50:14', 'theme': '待归位·房地产服', 'n': 2, 'mean_pct': 9.95}, {'ts': '2026-09-22 14:50:14', 'theme': '待归位·服装家纺', 'n': 1, 'mean_pct': 10.0}, {'ts': '2026-09-22 14:50:14', 'theme': '待归位·燃气Ⅱ', 'n': 1, 'mean_pct': 9.96}, {'ts': '2026-09-22 14:50:14', 'theme': '待归位·软件开发', 'n': 1, 'mean_pct': 10.04}, {'ts': '2026-09-22 14:50:14', 'theme': '待归位·铁路公路', 'n': 1, 'mean_pct': 10.01}, {'ts': '2026-09-22 14:51:14', 'theme': '待归位·IT服务Ⅱ', 'n': 1, 'mean_pct': 10.03}, {'ts': '2026-09-22 14:51:14', 'theme': '待归位·其他家电', 'n': 1, 'mean_pct': 10.08}, {'ts': '2026-09-22 14:51:14', 'theme': '待归位·出版', 'n': 3, 'mean_pct': 9.9733}, {'ts': '2026-09-22 14:51:14', 'theme': '待归位·包装印刷', 'n': 1, 'mean_pct': 10.05}, {'ts': '2026-09-22 14:51:14', 'theme': '待归位·化学制品', 'n': 1, 'mean_pct': 10.02}, {'ts': '2026-09-22 14:51:14', 'theme': '待归位·化学制药', 'n': 3, 'mean_pct': 13.38}, {'ts': '2026-09-22 14:51:14', 'theme': '待归位·医疗服务', 'n': 2, 'mean_pct': 10.015}, {'ts': '2026-09-22 14:51:14', 'theme': '待归位·半导体', 'n': 1, 'mean_pct': 10.0}, {'ts': '2026-09-22 14:51:14', 'theme': '待归位·塑料', 'n': 1, 'mean_pct': 10.0}, {'ts': '2026-09-22 14:51:14', 'theme': '待归位·家居用品', 'n': 2, 'mean_pct': 10.04}, {'ts': '2026-09-22 14:51:14', 'theme': '待归位·广告营销', 'n': 1, 'mean_pct': 9.93}, {'ts': '2026-09-22 14:51:14', 'theme': '待归位·房地产开', 'n': 1, 'mean_pct': 9.88}, {'ts': '2026-09-22 14:51:14', 'theme': '待归位·房地产服', 'n': 2, 'mean_pct': 9.95}, {'ts': '2026-09-22 14:51:14', 'theme': '待归位·服装家纺', 'n': 1, 'mean_pct': 10.0}, {'ts': '2026-09-22 14:51:14', 'theme': '待归位·燃气Ⅱ', 'n': 1, 'mean_pct': 9.96}, {'ts': '2026-09-22 14:51:14', 'theme': '待归位·软件开发', 'n': 1, 'mean_pct': 10.04}, {'ts': '2026-09-22 14:51:14', 'theme': '待归位·铁路公路', 'n': 1, 'mean_pct': 10.01}, {'ts': '2026-09-22 14:52:14', 'theme': '待归位·IT服务Ⅱ', 'n': 1, 'mean_pct': 10.03}, {'ts': '2026-09-22 14:52:14', 'theme': '待归位·其他家电', 'n': 1, 'mean_pct': 10.08}, {'ts': '2026-09-22 14:52:14', 'theme': '待归位·出版', 'n': 3, 'mean_pct': 9.9733}, {'ts': '2026-09-22 14:52:14', 'theme': '待归位·包装印刷', 'n': 1, 'mean_pct': 10.05}, {'ts': '2026-09-22 14:52:14', 'theme': '待归位·化学制品', 'n': 1, 'mean_pct': 10.02}, {'ts': '2026-09-22 14:52:14', 'theme': '待归位·化学制药', 'n': 3, 'mean_pct': 13.38}, {'ts': '2026-09-22 14:52:14', 'theme': '待归位·医疗服务', 'n': 2, 'mean_pct': 10.015}, {'ts': '2026-09-22 14:52:14', 'theme': '待归位·半导体', 'n': 1, 'mean_pct': 10.0}, {'ts': '2026-09-22 14:52:14', 'theme': '待归位·塑料', 'n': 1, 'mean_pct': 10.0}, {'ts': '2026-09-22 14:52:14', 'theme': '待归位·家居用品', 'n': 2, 'mean_pct': 10.04}, {'ts': '2026-09-22 14:52:14', 'theme': '待归位·广告营销', 'n': 1, 'mean_pct': 9.93}, {'ts': '2026-09-22 14:52:14', 'theme': '待归位·房地产开', 'n': 1, 'mean_pct': 9.88}, {'ts': '2026-09-22 14:52:14', 'theme': '待归位·房地产服', 'n': 2, 'mean_pct': 9.95}, {'ts': '2026-09-22 14:52:14', 'theme': '待归位·服装家纺', 'n': 1, 'mean_pct': 10.0}, {'ts': '2026-09-22 14:52:14', 'theme': '待归位·燃气Ⅱ', 'n': 1, 'mean_pct': 9.96}, {'ts': '2026-09-22 14:52:14', 'theme': '待归位·软件开发', 'n': 1, 'mean_pct': 10.04}, {'ts': '2026-09-22 14:52:14', 'theme': '待归位·铁路公路', 'n': 1, 'mean_pct': 10.01}, {'ts': '2026-09-22 14:53:14', 'theme': '待归位·IT服务Ⅱ', 'n': 1, 'mean_pct': 10.03}, {'ts': '2026-09-22 14:53:14', 'theme': '待归位·其他家电', 'n': 1, 'mean_pct': 10.08}, {'ts': '2026-09-22 14:53:14', 'theme': '待归位·出版', 'n': 3, 'mean_pct': 9.9733}, {'ts': '2026-09-22 14:53:14', 'theme': '待归位·包装印刷', 'n': 1, 'mean_pct': 10.05}, {'ts': '2026-09-22 14:53:14', 'theme': '待归位·化学制品', 'n': 1, 'mean_pct': 10.02}, {'ts': '2026-09-22 14:53:14', 'theme': '待归位·化学制药', 'n': 3, 'mean_pct': 13.38}, {'ts': '2026-09-22 14:53:14', 'theme': '待归位·医疗服务', 'n': 2, 'mean_pct': 10.015}, {'ts': '2026-09-22 14:53:14', 'theme': '待归位·半导体', 'n': 1, 'mean_pct': 10.0}, {'ts': '2026-09-22 14:53:14', 'theme': '待归位·塑料', 'n': 1, 'mean_pct': 10.0}, {'ts': '2026-09-22 14:53:14', 'theme': '待归位·家居用品', 'n': 2, 'mean_pct': 10.04}, {'ts': '2026-09-22 14:53:14', 'theme': '待归位·广告营销', 'n': 1, 'mean_pct': 9.93}, {'ts': '2026-09-22 14:53:14', 'theme': '待归位·房地产开', 'n': 1, 'mean_pct': 9.88}, {'ts': '2026-09-22 14:53:14', 'theme': '待归位·房地产服', 'n': 2, 'mean_pct': 9.95}, {'ts': '2026-09-22 14:53:14', 'theme': '待归位·服装家纺', 'n': 1, 'mean_pct': 10.0}, {'ts': '2026-09-22 14:53:14', 'theme': '待归位·燃气Ⅱ', 'n': 1, 'mean_pct': 9.96}, {'ts': '2026-09-22 14:53:14', 'theme': '待归位·软件开发', 'n': 1, 'mean_pct': 10.04}, {'ts': '2026-09-22 14:53:14', 'theme': '待归位·铁路公路', 'n': 1, 'mean_pct': 10.01}, {'ts': '2026-09-22 14:54:14', 'theme': '待归位·IT服务Ⅱ', 'n': 1, 'mean_pct': 10.03}, {'ts': '2026-09-22 14:54:14', 'theme': '待归位·其他家电', 'n': 1, 'mean_pct': 10.08}, {'ts': '2026-09-22 14:54:14', 'theme': '待归位·出版', 'n': 3, 'mean_pct': 9.9733}, {'ts': '2026-09-22 14:54:14', 'theme': '待归位·包装印刷', 'n': 1, 'mean_pct': 10.05}, {'ts': '2026-09-22 14:54:14', 'theme': '待归位·化学制品', 'n': 1, 'mean_pct': 10.02}, {'ts': '2026-09-22 14:54:14', 'theme': '待归位·化学制药', 'n': 3, 'mean_pct': 13.38}, {'ts': '2026-09-22 14:54:14', 'theme': '待归位·医疗服务', 'n': 2, 'mean_pct': 10.015}, {'ts': '2026-09-22 14:54:14', 'theme': '待归位·半导体', 'n': 1, 'mean_pct': 10.0}, {'ts': '2026-09-22 14:54:14', 'theme': '待归位·塑料', 'n': 1, 'mean_pct': 10.0}, {'ts': '2026-09-22 14:54:14', 'theme': '待归位·家居用品', 'n': 2, 'mean_pct': 10.04}, {'ts': '2026-09-22 14:54:14', 'theme': '待归位·广告营销', 'n': 1, 'mean_pct': 9.93}, {'ts': '2026-09-22 14:54:14', 'theme': '待归位·房地产开', 'n': 1, 'mean_pct': 9.88}, {'ts': '2026-09-22 14:54:14', 'theme': '待归位·房地产服', 'n': 2, 'mean_pct': 9.95}, {'ts': '2026-09-22 14:54:14', 'theme': '待归位·服装家纺', 'n': 1, 'mean_pct': 10.0}, {'ts': '2026-09-22 14:54:14', 'theme': '待归位·燃气Ⅱ', 'n': 1, 'mean_pct': 9.96}, {'ts': '2026-09-22 14:54:14', 'theme': '待归位·软件开发', 'n': 1, 'mean_pct': 10.04}, {'ts': '2026-09-22 14:54:14', 'theme': '待归位·铁路公路', 'n': 1, 'mean_pct': 10.01}, {'ts': '2026-09-22 14:55:15', 'theme': '待归位·IT服务Ⅱ', 'n': 1, 'mean_pct': 10.03}, {'ts': '2026-09-22 14:55:15', 'theme': '待归位·其他家电', 'n': 1, 'mean_pct': 10.08}, {'ts': '2026-09-22 14:55:15', 'theme': '待归位·出版', 'n': 3, 'mean_pct': 9.9733}, {'ts': '2026-09-22 14:55:15', 'theme': '待归位·包装印刷', 'n': 1, 'mean_pct': 10.05}, {'ts': '2026-09-22 14:55:15', 'theme': '待归位·化学制品', 'n': 1, 'mean_pct': 10.02}, {'ts': '2026-09-22 14:55:15', 'theme': '待归位·化学制药', 'n': 3, 'mean_pct': 13.38}, {'ts': '2026-09-22 14:55:15', 'theme': '待归位·医疗服务', 'n': 2, 'mean_pct': 10.015}, {'ts': '2026-09-22 14:55:15', 'theme': '待归位·半导体', 'n': 1, 'mean_pct': 10.0}, {'ts': '2026-09-22 14:55:15', 'theme': '待归位·塑料', 'n': 1, 'mean_pct': 10.0}, {'ts': '2026-09-22 14:55:15', 'theme': '待归位·家居用品', 'n': 2, 'mean_pct': 10.04}, {'ts': '2026-09-22 14:55:15', 'theme': '待归位·广告营销', 'n': 1, 'mean_pct': 9.93}, {'ts': '2026-09-22 14:55:15', 'theme': '待归位·房地产开', 'n': 1, 'mean_pct': 9.88}, {'ts': '2026-09-22 14:55:15', 'theme': '待归位·房地产服', 'n': 2, 'mean_pct': 9.95}, {'ts': '2026-09-22 14:55:15', 'theme': '待归位·服装家纺', 'n': 1, 'mean_pct': 10.0}, {'ts': '2026-09-22 14:55:15', 'theme': '待归位·燃气Ⅱ', 'n': 1, 'mean_pct': 9.96}, {'ts': '2026-09-22 14:55:15', 'theme': '待归位·软件开发', 'n': 1, 'mean_pct': 10.04}, {'ts': '2026-09-22 14:55:15', 'theme': '待归位·铁路公路', 'n': 1, 'mean_pct': 10.01}, {'ts': '2026-09-22 14:56:15', 'theme': '待归位·IT服务Ⅱ', 'n': 1, 'mean_pct': 10.03}, {'ts': '2026-09-22 14:56:15', 'theme': '待归位·其他家电', 'n': 1, 'mean_pct': 10.08}, {'ts': '2026-09-22 14:56:15', 'theme': '待归位·出版', 'n': 3, 'mean_pct': 9.9733}, {'ts': '2026-09-22 14:56:15', 'theme': '待归位·包装印刷', 'n': 1, 'mean_pct': 10.05}, {'ts': '2026-09-22 14:56:15', 'theme': '待归位·化学制品', 'n': 1, 'mean_pct': 10.02}, {'ts': '2026-09-22 14:56:15', 'theme': '待归位·化学制药', 'n': 3, 'mean_pct': 13.38}, {'ts': '2026-09-22 14:56:15', 'theme': '待归位·医疗服务', 'n': 2, 'mean_pct': 10.015}, {'ts': '2026-09-22 14:56:15', 'theme': '待归位·半导体', 'n': 1, 'mean_pct': 10.0}, {'ts': '2026-09-22 14:56:15', 'theme': '待归位·塑料', 'n': 1, 'mean_pct': 10.0}, {'ts': '2026-09-22 14:56:15', 'theme': '待归位·家居用品', 'n': 2, 'mean_pct': 10.04}, {'ts': '2026-09-22 14:56:15', 'theme': '待归位·广告营销', 'n': 1, 'mean_pct': 9.93}, {'ts': '2026-09-22 14:56:15', 'theme': '待归位·房地产开', 'n': 1, 'mean_pct': 9.88}, {'ts': '2026-09-22 14:56:15', 'theme': '待归位·房地产服', 'n': 2, 'mean_pct': 9.95}, {'ts': '2026-09-22 14:56:15', 'theme': '待归位·服装家纺', 'n': 1, 'mean_pct': 10.0}, {'ts': '2026-09-22 14:56:15', 'theme': '待归位·燃气Ⅱ', 'n': 1, 'mean_pct': 9.96}, {'ts': '2026-09-22 14:56:15', 'theme': '待归位·软件开发', 'n': 1, 'mean_pct': 10.04}, {'ts': '2026-09-22 14:56:15', 'theme': '待归位·铁路公路', 'n': 1, 'mean_pct': 10.01}, {'ts': '2026-09-22 14:57:15', 'theme': '待归位·IT服务Ⅱ', 'n': 1, 'mean_pct': 10.03}, {'ts': '2026-09-22 14:57:15', 'theme': '待归位·其他家电', 'n': 1, 'mean_pct': 10.08}, {'ts': '2026-09-22 14:57:15', 'theme': '待归位·出版', 'n': 3, 'mean_pct': 9.9733}, {'ts': '2026-09-22 14:57:15', 'theme': '待归位·包装印刷', 'n': 1, 'mean_pct': 10.05}, {'ts': '2026-09-22 14:57:15', 'theme': '待归位·化学制品', 'n': 1, 'mean_pct': 10.02}, {'ts': '2026-09-22 14:57:15', 'theme': '待归位·化学制药', 'n': 3, 'mean_pct': 13.38}, {'ts': '2026-09-22 14:57:15', 'theme': '待归位·医疗服务', 'n': 2, 'mean_pct': 10.015}, {'ts': '2026-09-22 14:57:15', 'theme': '待归位·半导体', 'n': 1, 'mean_pct': 10.0}, {'ts': '2026-09-22 14:57:15', 'theme': '待归位·塑料', 'n': 1, 'mean_pct': 10.0}, {'ts': '2026-09-22 14:57:15', 'theme': '待归位·家居用品', 'n': 2, 'mean_pct': 10.04}, {'ts': '2026-09-22 14:57:15', 'theme': '待归位·广告营销', 'n': 1, 'mean_pct': 9.93}, {'ts': '2026-09-22 14:57:15', 'theme': '待归位·房地产开', 'n': 1, 'mean_pct': 9.88}, {'ts': '2026-09-22 14:57:15', 'theme': '待归位·房地产服', 'n': 2, 'mean_pct': 9.95}, {'ts': '2026-09-22 14:57:15', 'theme': '待归位·服装家纺', 'n': 1, 'mean_pct': 10.0}, {'ts': '2026-09-22 14:57:15', 'theme': '待归位·燃气Ⅱ', 'n': 1, 'mean_pct': 9.96}, {'ts': '2026-09-22 14:57:15', 'theme': '待归位·软件开发', 'n': 1, 'mean_pct': 10.04}, {'ts': '2026-09-22 14:57:15', 'theme': '待归位·铁路公路', 'n': 1, 'mean_pct': 10.01}, {'ts': '2026-09-22 14:58:15', 'theme': '待归位·IT服务Ⅱ', 'n': 1, 'mean_pct': 10.03}, {'ts': '2026-09-22 14:58:15', 'theme': '待归位·其他家电', 'n': 1, 'mean_pct': 10.08}, {'ts': '2026-09-22 14:58:15', 'theme': '待归位·出版', 'n': 3, 'mean_pct': 9.9733}, {'ts': '2026-09-22 14:58:15', 'theme': '待归位·包装印刷', 'n': 1, 'mean_pct': 10.05}, {'ts': '2026-09-22 14:58:15', 'theme': '待归位·化学制品', 'n': 1, 'mean_pct': 10.02}, {'ts': '2026-09-22 14:58:15', 'theme': '待归位·化学制药', 'n': 3, 'mean_pct': 13.38}, {'ts': '2026-09-22 14:58:15', 'theme': '待归位·医疗服务', 'n': 2, 'mean_pct': 10.015}, {'ts': '2026-09-22 14:58:15', 'theme': '待归位·半导体', 'n': 1, 'mean_pct': 10.0}, {'ts': '2026-09-22 14:58:15', 'theme': '待归位·塑料', 'n': 1, 'mean_pct': 10.0}, {'ts': '2026-09-22 14:58:15', 'theme': '待归位·家居用品', 'n': 2, 'mean_pct': 10.04}, {'ts': '2026-09-22 14:58:15', 'theme': '待归位·广告营销', 'n': 1, 'mean_pct': 9.93}, {'ts': '2026-09-22 14:58:15', 'theme': '待归位·房地产开', 'n': 1, 'mean_pct': 9.88}, {'ts': '2026-09-22 14:58:15', 'theme': '待归位·房地产服', 'n': 2, 'mean_pct': 9.95}, {'ts': '2026-09-22 14:58:15', 'theme': '待归位·服装家纺', 'n': 1, 'mean_pct': 10.0}, {'ts': '2026-09-22 14:58:15', 'theme': '待归位·燃气Ⅱ', 'n': 1, 'mean_pct': 9.96}, {'ts': '2026-09-22 14:58:15', 'theme': '待归位·软件开发', 'n': 1, 'mean_pct': 10.04}, {'ts': '2026-09-22 14:58:15', 'theme': '待归位·铁路公路', 'n': 1, 'mean_pct': 10.01}, {'ts': '2026-09-22 14:59:16', 'theme': '待归位·IT服务Ⅱ', 'n': 1, 'mean_pct': 10.03}, {'ts': '2026-09-22 14:59:16', 'theme': '待归位·其他家电', 'n': 1, 'mean_pct': 10.08}, {'ts': '2026-09-22 14:59:16', 'theme': '待归位·出版', 'n': 3, 'mean_pct': 9.9733}, {'ts': '2026-09-22 14:59:16', 'theme': '待归位·包装印刷', 'n': 1, 'mean_pct': 10.05}, {'ts': '2026-09-22 14:59:16', 'theme': '待归位·化学制品', 'n': 1, 'mean_pct': 10.02}, {'ts': '2026-09-22 14:59:16', 'theme': '待归位·化学制药', 'n': 3, 'mean_pct': 13.38}, {'ts': '2026-09-22 14:59:16', 'theme': '待归位·医疗服务', 'n': 2, 'mean_pct': 10.015}, {'ts': '2026-09-22 14:59:16', 'theme': '待归位·半导体', 'n': 1, 'mean_pct': 10.0}, {'ts': '2026-09-22 14:59:16', 'theme': '待归位·塑料', 'n': 1, 'mean_pct': 10.0}, {'ts': '2026-09-22 14:59:16', 'theme': '待归位·家居用品', 'n': 2, 'mean_pct': 10.04}, {'ts': '2026-09-22 14:59:16', 'theme': '待归位·广告营销', 'n': 1, 'mean_pct': 9.93}, {'ts': '2026-09-22 14:59:16', 'theme': '待归位·房地产开', 'n': 1, 'mean_pct': 9.88}, {'ts': '2026-09-22 14:59:16', 'theme': '待归位·房地产服', 'n': 2, 'mean_pct': 9.95}, {'ts': '2026-09-22 14:59:16', 'theme': '待归位·服装家纺', 'n': 1, 'mean_pct': 10.0}, {'ts': '2026-09-22 14:59:16', 'theme': '待归位·燃气Ⅱ', 'n': 1, 'mean_pct': 9.96}, {'ts': '2026-09-22 14:59:16', 'theme': '待归位·软件开发', 'n': 1, 'mean_pct': 10.04}, {'ts': '2026-09-22 14:59:16', 'theme': '待归位·铁路公路', 'n': 1, 'mean_pct': 10.01}, {'ts': '2026-09-22 15:00:16', 'theme': '待归位·IT服务Ⅱ', 'n': 1, 'mean_pct': 10.03}, {'ts': '2026-09-22 15:00:16', 'theme': '待归位·其他家电', 'n': 1, 'mean_pct': 10.08}, {'ts': '2026-09-22 15:00:16', 'theme': '待归位·出版', 'n': 3, 'mean_pct': 9.9733}, {'ts': '2026-09-22 15:00:16', 'theme': '待归位·包装印刷', 'n': 1, 'mean_pct': 10.05}, {'ts': '2026-09-22 15:00:16', 'theme': '待归位·化学制品', 'n': 1, 'mean_pct': 10.02}, {'ts': '2026-09-22 15:00:16', 'theme': '待归位·化学制药', 'n': 3, 'mean_pct': 13.38}, {'ts': '2026-09-22 15:00:16', 'theme': '待归位·医疗服务', 'n': 2, 'mean_pct': 10.015}, {'ts': '2026-09-22 15:00:16', 'theme': '待归位·半导体', 'n': 1, 'mean_pct': 10.0}, {'ts': '2026-09-22 15:00:16', 'theme': '待归位·塑料', 'n': 1, 'mean_pct': 10.0}, {'ts': '2026-09-22 15:00:16', 'theme': '待归位·家居用品', 'n': 2, 'mean_pct': 10.04}, {'ts': '2026-09-22 15:00:16', 'theme': '待归位·广告营销', 'n': 1, 'mean_pct': 9.93}, {'ts': '2026-09-22 15:00:16', 'theme': '待归位·房地产开', 'n': 1, 'mean_pct': 9.88}, {'ts': '2026-09-22 15:00:16', 'theme': '待归位·房地产服', 'n': 2, 'mean_pct': 9.95}, {'ts': '2026-09-22 15:00:16', 'theme': '待归位·服装家纺', 'n': 1, 'mean_pct': 10.0}, {'ts': '2026-09-22 15:00:16', 'theme': '待归位·燃气Ⅱ', 'n': 1, 'mean_pct': 9.96}, {'ts': '2026-09-22 15:00:16', 'theme': '待归位·软件开发', 'n': 1, 'mean_pct': 10.04}, {'ts': '2026-09-22 15:00:16', 'theme': '待归位·铁路公路', 'n': 1, 'mean_pct': 10.01}, {'ts': '2026-09-22 15:01:16', 'theme': '待归位·IT服务Ⅱ', 'n': 1, 'mean_pct': 10.03}, {'ts': '2026-09-22 15:01:16', 'theme': '待归位·其他家电', 'n': 1, 'mean_pct': 10.08}, {'ts': '2026-09-22 15:01:16', 'theme': '待归位·出版', 'n': 3, 'mean_pct': 9.9733}, {'ts': '2026-09-22 15:01:16', 'theme': '待归位·包装印刷', 'n': 1, 'mean_pct': 10.05}, {'ts': '2026-09-22 15:01:16', 'theme': '待归位·化学制品', 'n': 1, 'mean_pct': 10.02}, {'ts': '2026-09-22 15:01:16', 'theme': '待归位·化学制药', 'n': 3, 'mean_pct': 13.38}, {'ts': '2026-09-22 15:01:16', 'theme': '待归位·医疗服务', 'n': 2, 'mean_pct': 10.015}, {'ts': '2026-09-22 15:01:16', 'theme': '待归位·半导体', 'n': 1, 'mean_pct': 10.0}, {'ts': '2026-09-22 15:01:16', 'theme': '待归位·塑料', 'n': 1, 'mean_pct': 10.0}, {'ts': '2026-09-22 15:01:16', 'theme': '待归位·家居用品', 'n': 2, 'mean_pct': 10.04}, {'ts': '2026-09-22 15:01:16', 'theme': '待归位·广告营销', 'n': 1, 'mean_pct': 9.93}, {'ts': '2026-09-22 15:01:16', 'theme': '待归位·房地产开', 'n': 1, 'mean_pct': 9.88}, {'ts': '2026-09-22 15:01:16', 'theme': '待归位·房地产服', 'n': 2, 'mean_pct': 9.95}, {'ts': '2026-09-22 15:01:16', 'theme': '待归位·服装家纺', 'n': 1, 'mean_pct': 10.0}, {'ts': '2026-09-22 15:01:16', 'theme': '待归位·燃气Ⅱ', 'n': 1, 'mean_pct': 9.96}, {'ts': '2026-09-22 15:01:16', 'theme': '待归位·软件开发', 'n': 1, 'mean_pct': 10.04}, {'ts': '2026-09-22 15:01:16', 'theme': '待归位·铁路公路', 'n': 1, 'mean_pct': 10.01}, {'ts': '2026-09-22 15:02:16', 'theme': '待归位·IT服务Ⅱ', 'n': 1, 'mean_pct': 10.03}, {'ts': '2026-09-22 15:02:16', 'theme': '待归位·其他家电', 'n': 1, 'mean_pct': 10.08}, {'ts': '2026-09-22 15:02:16', 'theme': '待归位·出版', 'n': 3, 'mean_pct': 9.9733}, {'ts': '2026-09-22 15:02:16', 'theme': '待归位·包装印刷', 'n': 1, 'mean_pct': 10.05}, {'ts': '2026-09-22 15:02:16', 'theme': '待归位·化学制品', 'n': 1, 'mean_pct': 10.02}, {'ts': '2026-09-22 15:02:16', 'theme': '待归位·化学制药', 'n': 3, 'mean_pct': 13.38}, {'ts': '2026-09-22 15:02:16', 'theme': '待归位·医疗服务', 'n': 2, 'mean_pct': 10.015}, {'ts': '2026-09-22 15:02:16', 'theme': '待归位·半导体', 'n': 1, 'mean_pct': 10.0}, {'ts': '2026-09-22 15:02:16', 'theme': '待归位·塑料', 'n': 1, 'mean_pct': 10.0}, {'ts': '2026-09-22 15:02:16', 'theme': '待归位·家居用品', 'n': 2, 'mean_pct': 10.04}, {'ts': '2026-09-22 15:02:16', 'theme': '待归位·广告营销', 'n': 1, 'mean_pct': 9.93}, {'ts': '2026-09-22 15:02:16', 'theme': '待归位·房地产开', 'n': 1, 'mean_pct': 9.88}, {'ts': '2026-09-22 15:02:16', 'theme': '待归位·房地产服', 'n': 2, 'mean_pct': 9.95}, {'ts': '2026-09-22 15:02:16', 'theme': '待归位·服装家纺', 'n': 1, 'mean_pct': 10.0}, {'ts': '2026-09-22 15:02:16', 'theme': '待归位·燃气Ⅱ', 'n': 1, 'mean_pct': 9.96}, {'ts': '2026-09-22 15:02:16', 'theme': '待归位·软件开发', 'n': 1, 'mean_pct': 10.04}, {'ts': '2026-09-22 15:02:16', 'theme': '待归位·铁路公路', 'n': 1, 'mean_pct': 10.01}, {'ts': '2026-09-22 15:03:16', 'theme': '待归位·IT服务Ⅱ', 'n': 1, 'mean_pct': 10.03}, {'ts': '2026-09-22 15:03:16', 'theme': '待归位·其他家电', 'n': 1, 'mean_pct': 10.08}, {'ts': '2026-09-22 15:03:16', 'theme': '待归位·出版', 'n': 3, 'mean_pct': 9.9733}, {'ts': '2026-09-22 15:03:16', 'theme': '待归位·包装印刷', 'n': 1, 'mean_pct': 10.05}, {'ts': '2026-09-22 15:03:16', 'theme': '待归位·化学制品', 'n': 1, 'mean_pct': 10.02}, {'ts': '2026-09-22 15:03:16', 'theme': '待归位·化学制药', 'n': 3, 'mean_pct': 13.38}, {'ts': '2026-09-22 15:03:16', 'theme': '待归位·医疗服务', 'n': 2, 'mean_pct': 10.015}, {'ts': '2026-09-22 15:03:16', 'theme': '待归位·半导体', 'n': 1, 'mean_pct': 10.0}, {'ts': '2026-09-22 15:03:16', 'theme': '待归位·塑料', 'n': 1, 'mean_pct': 10.0}, {'ts': '2026-09-22 15:03:16', 'theme': '待归位·家居用品', 'n': 2, 'mean_pct': 10.04}, {'ts': '2026-09-22 15:03:16', 'theme': '待归位·广告营销', 'n': 1, 'mean_pct': 9.93}, {'ts': '2026-09-22 15:03:16', 'theme': '待归位·房地产开', 'n': 1, 'mean_pct': 9.88}, {'ts': '2026-09-22 15:03:16', 'theme': '待归位·房地产服', 'n': 2, 'mean_pct': 9.95}, {'ts': '2026-09-22 15:03:16', 'theme': '待归位·服装家纺', 'n': 1, 'mean_pct': 10.0}, {'ts': '2026-09-22 15:03:16', 'theme': '待归位·燃气Ⅱ', 'n': 1, 'mean_pct': 9.96}, {'ts': '2026-09-22 15:03:16', 'theme': '待归位·软件开发', 'n': 1, 'mean_pct': 10.04}, {'ts': '2026-09-22 15:03:16', 'theme': '待归位·铁路公路', 'n': 1, 'mean_pct': 10.01}, {'ts': '2026-09-22 15:04:17', 'theme': '待归位·IT服务Ⅱ', 'n': 1, 'mean_pct': 10.03}, {'ts': '2026-09-22 15:04:17', 'theme': '待归位·其他家电', 'n': 1, 'mean_pct': 10.08}, {'ts': '2026-09-22 15:04:17', 'theme': '待归位·出版', 'n': 3, 'mean_pct': 9.9733}, {'ts': '2026-09-22 15:04:17', 'theme': '待归位·包装印刷', 'n': 1, 'mean_pct': 10.05}, {'ts': '2026-09-22 15:04:17', 'theme': '待归位·化学制品', 'n': 1, 'mean_pct': 10.02}, {'ts': '2026-09-22 15:04:17', 'theme': '待归位·化学制药', 'n': 3, 'mean_pct': 13.38}, {'ts': '2026-09-22 15:04:17', 'theme': '待归位·医疗服务', 'n': 2, 'mean_pct': 10.015}, {'ts': '2026-09-22 15:04:17', 'theme': '待归位·半导体', 'n': 1, 'mean_pct': 10.0}, {'ts': '2026-09-22 15:04:17', 'theme': '待归位·塑料', 'n': 1, 'mean_pct': 10.0}, {'ts': '2026-09-22 15:04:17', 'theme': '待归位·家居用品', 'n': 2, 'mean_pct': 10.04}, {'ts': '2026-09-22 15:04:17', 'theme': '待归位·广告营销', 'n': 1, 'mean_pct': 9.93}, {'ts': '2026-09-22 15:04:17', 'theme': '待归位·房地产开', 'n': 1, 'mean_pct': 9.88}, {'ts': '2026-09-22 15:04:17', 'theme': '待归位·房地产服', 'n': 2, 'mean_pct': 9.95}, {'ts': '2026-09-22 15:04:17', 'theme': '待归位·服装家纺', 'n': 1, 'mean_pct': 10.0}, {'ts': '2026-09-22 15:04:17', 'theme': '待归位·燃气Ⅱ', 'n': 1, 'mean_pct': 9.96}, {'ts': '2026-09-22 15:04:17', 'theme': '待归位·软件开发', 'n': 1, 'mean_pct': 10.04}, {'ts': '2026-09-22 15:04:17', 'theme': '待归位·铁路公路', 'n': 1, 'mean_pct': 10.01}]}
[rc=0] k7_日内轮动图谱
=== l_横切面 ===
OK D:\股票数据\市场数据\_学习\待深挖清单_20260922.json
 [★新] 待归位·元件 累计14 {'20260911': 9, '20260921': 2, '20260922': 3} 覆盖=None
 [★新] 待归位·化学制药 累计12 {'20260911': 0, '20260921': 9, '20260922': 3} 覆盖=None
 [★新] 待归位·家居用品 累计9 {'20260911': 1, '20260921': 3, '20260922': 5} 覆盖=None
 [★新] 待归位·医疗服务 累计7 {'20260911': 0, '20260921': 5, '20260922': 2} 覆盖=None
 [★新] 待归位·出版 累计7 {'20260911': 0, '20260921': 3, '20260922': 4} 覆盖=None
 [★新] 待归位·电力 累计6 {'20260911': 4, '20260921': 1, '20260922': 1} 覆盖=None
 [★新] 待归位·通信设备 累计6 {'20260911': 3, '20260921': 2, '20260922': 1} 覆盖=None
 [★新] 待归位·化学制品 累计6 {'20260911': 0, '20260921': 5, '20260922': 1} 覆盖=None
 [★新] 待归位·计算机设 累计5 {'20260911': 1, '20260921': 2, '20260922': 2} 覆盖=None
 [★新] 待归位·塑料 累计5 {'20260911': 1, '20260921': 2, '20260922': 2} 覆盖=None
 [★新] 待归位·汽车零部 累计5 {'20260911': 2, '20260921': 2, '20260922': 1} 覆盖=None
 [★新] 待归位·房地产服 累计5 {'20260911': 0, '20260921': 3, '20260922': 2} 覆盖=None
 [★新] 待归位·服装家纺 累计5 {'20260911': 0, '20260921': 4, '20260922': 1} 覆盖=None
 [★新] 待归位·专用设备 累计5 {'20260911': 0, '20260921': 3, '20260922': 2} 覆盖=None
 [★新] 待归位·医疗器械 累计5 {'20260911': 0, '20260921': 4, '20260922': 1} 覆盖=None
 [★新] 待归位·房地产开 累计5 {'20260911': 0, '20260921': 4, '20260922': 1} 覆盖=None
[rc=0] l_横切面
=== m1_自主拓展scan ===
{
  "as_of": "20260922",
  "自主拓展": {
    "total": 19,
    "inherited": 19,
    "experiences": 7,
    "tracking": 0,
    "shelved": 9,
    "validated": 0,
    "refuted": 1,
    "capabilities": 2,
    "hits": 0,
    "reused": 0,
    "tracking_events": 61,
    "review_events": 0
  },
  "认知迭代": {
    "total": 446,
    "inherited": 446,
    "experiences": 446,
    "tracking": 0,
    "shelved": 0,
    "validated": 0,
    "refuted": 0,
    "capabilities": 0,
    "hits": 0,
    "reused": 0,
    "tracking_events": 0,
    "review_events": 446
  },
  "规则": "只有存在明确验证、命中、能力化字段时才计数；null表示既有数据没有证据"
}
scan 20260922 共10项: [{"route": "auction", "signal": "按信号[秒板]连续3日同向(均收['-5.3', '-8.3', '-2.3']"}, {"route": "auction", "signal": "按连板[2板+]连续3日同向(均收['-4.4', '-5.4', '-0.4'"}, {"route": "auction", "signal": "按高开档[低开≤0]连续3日同向(均收['-1.5', '-5.7', '-0."}, {"route": "auction", "signal": "按高开档[高开≥5]连续3日同向(均收['-4.4', '-6.5', '-0."}, {"route": "lhb", "signal": "席位共现组合[国泰海通证券股份有限公司总部 × 高盛(中国)证券有限责任公司]同"}, {"route": "lhb", "signal": "席位共现组合[中国国际金融股份有限公司上海 × 高盛(中国)证券有限责任公司]同"}, {"route": "lhb", "signal": "席位共现组合[国泰海通证券股份有限公司上海 × 国泰海通证券股份有限公司总部]同"}, {"route": "lhb", "signal": "席位共现组合[国泰海通证券股份有限公司北京 × 国泰海通证券股份有限公司总部]同"}, {"route": "cycle", "signal": "[1进2率]=0.455 处250日分位99%极值——页面必须有专门判读"}, {"route": "master", "signal": "总账净值落后最佳子路[lhb] 2.0pp——裁决alpha为负,复盘该信没信的"}]
[rc=0] m1_自主拓展scan
=== m2_自主拓展tick ===
tick 20260922 告警: 无
[rc=0] m2_自主拓展tick
=== n_战绩画像 ===
[写] 战绩画像_theme_20260922.json  n=29
[写] 战绩画像_lhb_20260922.json  n=31
[写] 战绩画像_limitup_20260922.json  n=31
[写] 战绩画像_logic_20260922.json  n=7
[写] 战绩画像_auction_20260922.json  n=37
[写] 战绩画像汇总_20260922.json  合计胜率=220/577 均收=-0.58
[rc=0] n_战绩画像
ALL_DONE
