
[2026-09-29T19:06:12] START 情绪先行指标卡: ['情绪先行指标.py', '--card', '20260929']
[卡] D:\股票数据\市场数据\_学习\先行指标卡_20260929.html
[灯] D:\股票数据\市场数据\_学习\先行指标灯_20260929.html

[RC] 情绪先行指标卡=0

[2026-09-29T19:06:18] START 涨停对链条: ['涨停对链条.py', '20260929']
=== 20260929 涨停57只 → 题材线28条 / 待归位0只 ===

【元件】7只 最高1板 最早封09:34 开板占比0.57
  画像: 承载环节=行业兜底;家数7、最高1板、早封占比0.29、开板占比0.57。早封少/开板偏多=首板扩散或分歧,非高标主线
  ── 行业兜底 (7只,最早封09:34,开板占比0.57) → 中性:环节内甄别身位
      09:34 依顿电子(603328) 封单0.65%  · 行业兜底/原因缺失 <B>
      09:40 奥士康(002913) 封单0.59% [开板] · 行业兜底/原因缺失 <B>
      10:31 超声电子(000823) 封单0.81% [开板] · 行业兜底/原因缺失 <B>
      10:44 迅捷兴(688655) 封单0.72%  · 行业兜底/原因缺失 <B>
      11:27 崇达技术(002815) 封单0.82% [开板] · 行业兜底/原因缺失 <B>
      14:02 澳弘电子(605058) 封单1.12%  · 行业兜底/原因缺失 <B>
      14:07 协和电子(605258) 封单0.8% [开板] · 行业兜底/原因缺失 <B>

【房地产开】6只 最高2板 最早封09:25 开板占比0.5
  画像: 承载环节=行业兜底;家数6、最高2板、早封占比0.33、开板占比0.5。早封少/开板偏多=首板扩散或分歧,非高标主线
  ── 行业兜底 (6只,最早封09:25,开板占比0.5) → 中性:环节内甄别身位
      09:25 深物业A(000011) 封单0.98% [开板][2板] · 行业兜底/原因缺失 <B>
      09:31 信达地产(600657) 封单0.43% [开板] · 行业兜底/原因缺失 <B>
      09:45 华联控股(000036) 封单0.45%  · 行业兜底/原因缺失 <B>
      10:08 万  科Ａ(000002) 封单0.56% [开板] · 行业兜底/原因缺失 <B>
      11:21 滨江集团(002244) 封单0.46%  · 行业兜底/原因缺失 <B>
      14:15 华发股份(600325) 封单0.46%  · 行业兜底/原因缺失 <B>

【电池】6只 最高2板 最早封09:25 开板占比0.33
  画像: 承载环节=行业兜底;家数6、最高2板、早封占比0.67、开板占比0.33。早封为主=真主线承载
  ── 行业兜底 (6只,最早封09:25,开板占比0.33) → 主线承载核心:早封多家、封板扎实
      09:25 时代万恒(600241) 封单3.48% [2板] · 行业兜底/原因缺失 <B>
      09:37 尚水智能(301513) 封单5.23%  · 行业兜底/原因缺失 <B>
      09:37 国轩高科(002074) 封单1.26%  · 行业兜底/原因缺失 <B>
      09:38 紫竹高科(002058) 封单2.09% [开板] · 行业兜底/原因缺失 <B>
      10:47 武汉蓝电(920779) 封单3.74%  · 行业兜底/原因缺失 <B>
      10:49 维科技术(600152) 封单1.47% [开板] · 行业兜底/原因缺失 <B>

【汽车零部】4只 最高4板 最早封09:25 开板占比0.25
  画像: 承载环节=行业兜底;家数4、最高4板、早封占比0.5、开板占比0.25。早封为主=真主线承载
  ── 行业兜底 (4只,最早封09:25,开板占比0.25) → 中性:环节内甄别身位
      09:25 襄阳轴承(000678) 封单2.78% [3板] · 行业兜底/原因缺失 <B>
      09:25 雪龙集团(603949) 封单3.4% [4板] · 行业兜底/原因缺失 <B>
      10:22 众捷股份(301560) 封单0.82%  · 行业兜底/原因缺失 <B>
      13:05 路畅科技(002813) 封单0.86% [开板] · 行业兜底/原因缺失 <B>

【出版】3只 最高6板 最早封09:25 开板占比0.33
  画像: 承载环节=行业兜底;家数3、最高6板、早封占比0.33、开板占比0.33。早封少/开板偏多=首板扩散或分歧,非高标主线
  ── 行业兜底 (3只,最早封09:25,开板占比0.33) → 中性:环节内甄别身位
      09:25 新华传媒(600825) 封单18.84% [6板] · 行业兜底/原因缺失 <B>
      11:09 新华文轩(601811) 封单0.47%  · 行业兜底/原因缺失 <B>
      13:02 中国出版(601949) 封单0.54% [开板] · 行业兜底/原因缺失 <B>

【包装印刷】3只 最高1板 最早封09:40 开板占比0.67
  画像: 承载环节=行业兜底;家数3、最高1板、早封占比0.33、开板占比0.67。早封少/开板偏多=首板扩散或分歧,非高标主线
  ── 行业兜底 (3只,最早封09:40,开板占比0.67) → 分歧/末端:过半开板,封板质量差
      09:40 英联股份(002846) 封单1.64% [开板] · 行业兜底/原因缺失 <B>
      10:07 环球印务(002799) 封单1.21%  · 行业兜底/原因缺失 <B>
      14:14 美盈森(002303) 封单1.05% [开板] · 行业兜底/原因缺失 <B>

【广告营销】3只 最高1板 最早封11:10 开板占比0.33
  画像: 承载环节=行业兜底;家数3、最高1板、早封占比0.0、开板占比0.33。早封少/开板偏多=首板扩散或分歧,非高标主线
  ── 行业兜底 (3只,最早封11:10,开板占比0.33) → 末端扩散:普遍晚封、情绪外溢,可复制性差
      11:10 华媒控股(000607) 封单1.96%  · 行业兜底/原因缺失 <B>
      11:13 引力传媒(603598) 封单1.42% [开板] · 行业兜底/原因缺失 <B>
      13:45 纵横通信(603602) 封单0.88%  · 行业兜底/原因缺失 <B>

【电力】2只 最高2板 最早封09:31 开板占比0.5
  画像: 承载环节=行业兜底;家数2、最高2板、早封占比1.0、开板占比0.5。早封少/开板偏多=首板扩散或分歧,非高标主线
  ── 行业兜底 (2只,最早封09:31,开板占比0.5) → 中性:环节内甄别身位
      09:31 宁波能源(600982) 封单0.96%  · 行业兜底/原因缺失 <B>
      09:31 浙江新能(600032) 封单0.41% [开板][2板] · 行业兜底/原因缺失 <B>

【环境治理】2只 最高1板 最早封09:30 开板占比0.5
  画像: 承载环节=行业兜底;家数2、最高1板、早封占比0.5、开板占比0.5。早封少/开板偏多=首板扩散或分歧,非高标主线
  ── 行业兜底 (2只,最早封09:30,开板占比0.5) → 中性:环节内甄别身位
      09:30 上海洗霸(603200) 封单1.49%  · 行业兜底/原因缺失 <B>
      09:41 华控赛格(000068) 封单0.86% [开板] · 行业兜底/原因缺失 <B>

【饮料乳品】2只 最高1板 最早封09:32 开板占比0.0
  画像: 承载环节=行业兜底;家数2、最高1板、早封占比0.5、开板占比0.0。早封为主=真主线承载
  ── 行业兜底 (2只,最早封09:32,开板占比0.0) → 中性:环节内甄别身位
      09:32 泉阳泉(600189) 封单1.04%  · 行业兜底/原因缺失 <B>
      14:31 均瑶健康(605388) 封单0.96%  · 行业兜底/原因缺失 <B>

【化学制品】2只 最高1板 最早封09:50 开板占比0.0
  画像: 承载环节=行业兜底;家数2、最高1板、早封占比0.0、开板占比0.0。早封少/开板偏多=首板扩散或分歧,非高标主线
  ── 行业兜底 (2只,最早封09:50,开板占比0.0) → 中性:环节内甄别身位
      09:50 亚邦股份(603188) 封单1.17%  · 行业兜底/原因缺失 <B>
      13:26 吉华集团(603980) 封单0.9%  · 行业兜底/原因缺失 <B>

【化学制药】1只 最高2板 最早封09:30 开板占比1.0
  画像: 承载环节=行业兜底;家数1、最高2板、早封占比1.0、开板占比1.0。早封少/开板偏多=首板扩散或分歧,非高标主线
  ── 行业兜底 (1只,最早封09:30,开板占比1.0) → 分歧/末端:过半开板,封板质量差
      09:30 津药药业(600488) 封单0.61% [开板][2板] · 行业兜底/原因缺失 <B>

【小家电】1只 最高2板 最早封09:30 开板占比0.0
  画像: 承载环节=行业兜底;家数1、最高2板、早封占比1.0、开板占比0.0。早封为主=真主线承载
  ── 行业兜底 (1只,最早封09:30,开板占比0.0) → 主线承载核心:早封多家、封板扎实
      09:30 九阳股份(002242) 封单2.14% [2板] · 行业兜底/原因缺失 <B>

【计算机设】1只 最高2板 最早封09:33 开板占比1.0
  画像: 承载环节=行业兜底;家数1、最高2板、早封占比1.0、开板占比1.0。早封少/开板偏多=首板扩散或分歧,非高标主线
  ── 行业兜底 (1只,最早封09:33,开板占比1.0) → 分歧/末端:过半开板,封板质量差
      09:33 中新赛克(002912) 封单1.39% [开板][2板] · 行业兜底/原因缺失 <B>

【化学原料】1只 最高2板 最早封09:46 开板占比1.0
  画像: 承载环节=行业兜底;家数1、最高2板、早封占比0.0、开板占比1.0。早封少/开板偏多=首板扩散或分歧,非高标主线
  ── 行业兜底 (1只,最早封09:46,开板占比1.0) → 分歧/末端:过半开板,封板质量差
      09:46 善水科技(301190) 封单0.86% [开板][2板] · 行业兜底/原因缺失 <B>

【乘用车】1只 最高1板 最早封09:25 开板占比0.0
  画像: 承载环节=行业兜底;家数1、最高1板、早封占比1.0、开板占比0.0。早封为主=真主线承载
  ── 行业兜底 (1只,最早封09:25,开板占比0.0) → 主线承载核心:早封多家、封板扎实
      09:25 广汽集团(601238) 封单0.85%  · 行业兜底/原因缺失 <B>

【基础建设】1只 最高1板 最早封09:25 开板占比0.0
  画像: 承载环节=行业兜底;家数1、最高1板、早封占比1.0、开板占比0.0。早封为主=真主线承载
  ── 行业兜底 (1只,最早封09:25,开板占比0.0) → 主线承载核心:早封多家、封板扎实
      09:25 园林股份(605303) 封单5.71%  · 行业兜底/原因缺失 <B>

【水泥】1只 最高1板 最早封09:35 开板占比1.0
  画像: 承载环节=行业兜底;家数1、最高1板、早封占比1.0、开板占比1.0。早封少/开板偏多=首板扩散或分歧,非高标主线
  ── 行业兜底 (1只,最早封09:35,开板占比1.0) → 分歧/末端:过半开板,封板质量差
      09:35 国统股份(002205) 封单1.18% [开板] · 行业兜底/原因缺失 <B>

【消费电子】1只 最高1板 最早封09:35 开板占比1.0
  画像: 承载环节=行业兜底;家数1、最高1板、早封占比1.0、开板占比1.0。早封少/开板偏多=首板扩散或分歧,非高标主线
  ── 行业兜底 (1只,最早封09:35,开板占比1.0) → 分歧/末端:过半开板,封板质量差
      09:35 传艺科技(002866) 封单3.27% [开板] · 行业兜底/原因缺失 <B>

【电网设备】1只 最高1板 最早封09:39 开板占比0.0
  画像: 承载环节=行业兜底;家数1、最高1板、早封占比1.0、开板占比0.0。早封为主=真主线承载
  ── 行业兜底 (1只,最早封09:39,开板占比0.0) → 主线承载核心:早封多家、封板扎实
      09:39 金龙羽(002882) 封单0.98%  · 行业兜底/原因缺失 <B>

【数字媒体】1只 最高1板 最早封10:06 开板占比1.0
  画像: 承载环节=行业兜底;家数1、最高1板、早封占比0.0、开板占比1.0。早封少/开板偏多=首板扩散或分歧,非高标主线
  ── 行业兜底 (1只,最早封10:06,开板占比1.0) → 分歧/末端:过半开板,封板质量差
      10:06 掌阅科技(603533) 封单0.82% [开板] · 行业兜底/原因缺失 <B>

【IT服务Ⅱ】1只 最高1板 最早封10:11 开板占比1.0
  画像: 承载环节=行业兜底;家数1、最高1板、早封占比0.0、开板占比1.0。早封少/开板偏多=首板扩散或分歧,非高标主线
  ── 行业兜底 (1只,最早封10:11,开板占比1.0) → 分歧/末端:过半开板,封板质量差
      10:11 南威软件(603636) 封单0.92% [开板] · 行业兜底/原因缺失 <B>

【服装家纺】1只 最高1板 最早封10:23 开板占比0.0
  画像: 承载环节=行业兜底;家数1、最高1板、早封占比0.0、开板占比0.0。早封少/开板偏多=首板扩散或分歧,非高标主线
  ── 行业兜底 (1只,最早封10:23,开板占比0.0) → 末端扩散:普遍晚封、情绪外溢,可复制性差
      10:23 华斯股份(002494) 封单1.97%  · 行业兜底/原因缺失 <B>

【航空装备】1只 最高1板 最早封10:31 开板占比1.0
  画像: 承载环节=行业兜底;家数1、最高1板、早封占比0.0、开板占比1.0。早封少/开板偏多=首板扩散或分歧,非高标主线
  ── 行业兜底 (1只,最早封10:31,开板占比1.0) → 分歧/末端:过半开板,封板质量差
      10:31 迈信林(688685) 封单0.74% [开板] · 行业兜底/原因缺失 <B>

【软件开发】1只 最高1板 最早封10:39 开板占比1.0
  画像: 承载环节=行业兜底;家数1、最高1板、早封占比0.0、开板占比1.0。早封少/开板偏多=首板扩散或分歧,非高标主线
  ── 行业兜底 (1只,最早封10:39,开板占比1.0) → 分歧/末端:过半开板,封板质量差
      10:39 大智慧(601519) 封单0.26% [开板] · 行业兜底/原因缺失 <B>

【通信服务】1只 最高1板 最早封11:20 开板占比0.0
  画像: 承载环节=行业兜底;家数1、最高1板、早封占比0.0、开板占比0.0。早封少/开板偏多=首板扩散或分歧,非高标主线
  ── 行业兜底 (1只,最早封11:20,开板占比0.0) → 末端扩散:普遍晚封、情绪外溢,可复制性差
      11:20 超讯科技(603322) 封单1.46%  · 行业兜底/原因缺失 <B>

【化妆品】1只 最高1板 最早封14:11 开板占比0.0
  画像: 承载环节=行业兜底;家数1、最高1板、早封占比0.0、开板占比0.0。早封少/开板偏多=首板扩散或分歧,非高标主线
  ── 行业兜底 (1只,最早封14:11,开板占比0.0) → 末端扩散:普遍晚封、情绪外溢,可复制性差
      14:11 拉芳家化(603630) 封单1.1%  · 行业兜底/原因缺失 <B>

【农产品加】1只 最高1板 最早封14:21 开板占比0.0
  画像: 承载环节=行业兜底;家数1、最高1板、早封占比0.0、开板占比0.0。早封少/开板偏多=首板扩散或分歧,非高标主线
  ── 行业兜底 (1只,最早封14:21,开板占比0.0) → 末端扩散:普遍晚封、情绪外溢,可复制性差
      14:21 安德利(605198) 封单0.13%  · 行业兜底/原因缺失 <B>

[RC] 涨停对链条=0

[2026-09-29T19:06:23] START 题材四维: ['题材四维.py', '20260929']
== 20260929 题材四维 ==
  元件           宽  7 高1板 晋级率null 环比null
  房地产开         宽  6 高2板 晋级率null 环比null
  电池           宽  6 高2板 晋级率null 环比null
  汽车零部         宽  4 高4板 晋级率null 环比null
  出版           宽  3 高6板 晋级率null 环比null
  包装印刷         宽  3 高1板 晋级率null 环比null
  广告营销         宽  3 高1板 晋级率null 环比null
  环境治理         宽  2 高1板 晋级率null 环比null

[RC] 题材四维=0

[2026-09-29T19:06:26] START 主流题材6有: ['主流题材6有.py', '20260929']
20260929 | 行业口径无题材过6有,分支轮动;聚类口径最高=电池4/6 | 评分题材数 7
  [行业口径] 电池: 4/6 大分支 (涨停6,一字1,最高2板)
  [行业口径] 汽车零部: 4/6 大分支 (涨停4,一字2,最高4板)
  [行业口径] 元件: 3/6 分支 (涨停7,一字0,最高1板)
  [行业口径] 房地产开: 3/6 分支 (涨停6,一字1,最高2板)
  [行业口径] 出版: 3/6 分支 (涨停3,一字1,最高6板)
  --- 题材聚类口径(题材≠行业) ---
  [聚类] 电池: 4/6 大分支 (涨停6,一字1,最高2板)
  [聚类] 汽车零部: 4/6 大分支 (涨停4,一字2,最高4板)
  [聚类] 元件: 3/6 分支 (涨停7,一字0,最高1板)
  [聚类] 房地产开: 3/6 分支 (涨停6,一字1,最高2板)
  [聚类] 出版: 3/6 分支 (涨停3,一字1,最高6板)
  [聚类] 包装印刷: 1/6 分支 (涨停3,一字0,最高1板)
  [聚类] 广告营销: 1/6 分支 (涨停3,一字0,最高1板)

[RC] 主流题材6有=0

[2026-09-29T19:06:28] START 市场温度: ['市场温度.py', '20260929']

  0%|          | 0/37 [00:00<?, ?it/s]
  3%|▎         | 1/37 [00:00<00:10,  3.43it/s]
  5%|▌         | 2/37 [00:00<00:12,  2.78it/s]
  8%|▊         | 3/37 [00:01<00:13,  2.58it/s]
 11%|█         | 4/37 [00:01<00:13,  2.42it/s]
 14%|█▎        | 5/37 [00:02<00:13,  2.39it/s]
 16%|█▌        | 6/37 [00:02<00:13,  2.36it/s]
 19%|█▉        | 7/37 [00:02<00:12,  2.39it/s]
 22%|██▏       | 8/37 [00:03<00:12,  2.30it/s]
 24%|██▍       | 9/37 [00:03<00:11,  2.34it/s]
 27%|██▋       | 10/37 [00:04<00:11,  2.34it/s]
 30%|██▉       | 11/37 [00:04<00:11,  2.30it/s]
 32%|███▏      | 12/37 [00:05<00:10,  2.31it/s]
 35%|███▌      | 13/37 [00:05<00:10,  2.29it/s]
 38%|███▊      | 14/37 [00:05<00:09,  2.32it/s]
 41%|████      | 15/37 [00:06<00:09,  2.33it/s]
 43%|████▎     | 16/37 [00:07<00:11,  1.88it/s]
 46%|████▌     | 17/37 [00:07<00:10,  1.90it/s]
 49%|████▊     | 18/37 [00:08<00:09,  1.99it/s]
 51%|█████▏    | 19/37 [00:08<00:08,  2.06it/s]
 54%|█████▍    | 20/37 [00:08<00:08,  2.10it/s]
 57%|█████▋    | 21/37 [00:09<00:07,  2.11it/s]
 59%|█████▉    | 22/37 [00:09<00:07,  2.14it/s]
 62%|██████▏   | 23/37 [00:10<00:06,  2.16it/s]
 65%|██████▍   | 24/37 [00:10<00:05,  2.20it/s]
 68%|██████▊   | 25/37 [00:11<00:05,  2.22it/s]
 70%|███████   | 26/37 [00:11<00:04,  2.27it/s]
 73%|███████▎  | 27/37 [00:12<00:04,  2.31it/s]
 76%|███████▌  | 28/37 [00:12<00:03,  2.30it/s]
 78%|███████▊  | 29/37 [00:12<00:03,  2.25it/s]
 81%|████████  | 30/37 [00:13<00:03,  2.28it/s]
 84%|████████▍ | 31/37 [00:13<00:02,  2.25it/s]
 86%|████████▋ | 32/37 [00:14<00:02,  2.22it/s]
 89%|████████▉ | 33/37 [00:14<00:01,  2.11it/s]
 92%|█████████▏| 34/37 [00:15<00:01,  2.02it/s]
 95%|█████████▍| 35/37 [00:15<00:00,  2.11it/s]
 97%|█████████▋| 36/37 [00:16<00:00,  2.18it/s]
100%|██████████| 37/37 [00:16<00:00,  2.15it/s]
                                               

  0%|          | 0/34 [00:00<?, ?it/s]
  3%|▎         | 1/34 [00:00<00:14,  2.32it/s]
  6%|▌         | 2/34 [00:00<00:14,  2.26it/s]
  9%|▉         | 3/34 [00:01<00:17,  1.81it/s]
 12%|█▏        | 4/34 [00:01<00:15,  1.98it/s]
 15%|█▍        | 5/34 [00:02<00:13,  2.12it/s]
 18%|█▊        | 6/34 [00:02<00:12,  2.18it/s]
 21%|██        | 7/34 [00:03<00:12,  2.16it/s]
 24%|██▎       | 8/34 [00:03<00:11,  2.18it/s]
 26%|██▋       | 9/34 [00:04<00:11,  2.18it/s]
 29%|██▉       | 10/34 [00:04<00:10,  2.24it/s]
 32%|███▏      | 11/34 [00:05<00:11,  2.09it/s]
 35%|███▌      | 12/34 [00:05<00:11,  1.97it/s]
 38%|███▊      | 13/34 [00:06<00:10,  1.92it/s]
 41%|████      | 14/34 [00:06<00:10,  1.99it/s]
 44%|████▍     | 15/34 [00:07<00:09,  2.04it/s]
 47%|████▋     | 16/34 [00:07<00:08,  2.12it/s]
 50%|█████     | 17/34 [00:08<00:08,  2.09it/s]
 53%|█████▎    | 18/34 [00:08<00:07,  2.13it/s]
 56%|█████▌    | 19/34 [00:09<00:07,  2.08it/s]
 59%|█████▉    | 20/34 [00:09<00:06,  2.09it/s]
 62%|██████▏   | 21/34 [00:10<00:06,  2.11it/s]
 65%|██████▍   | 22/34 [00:12<00:12,  1.00s/it]
 68%|██████▊   | 23/34 [00:12<00:09,  1.19it/s]
 71%|███████   | 24/34 [00:13<00:07,  1.38it/s]
 74%|███████▎  | 25/34 [00:13<00:05,  1.55it/s]
 76%|███████▋  | 26/34 [00:14<00:04,  1.70it/s]
 79%|███████▉  | 27/34 [00:14<00:03,  1.80it/s]
 82%|████████▏ | 28/34 [00:15<00:03,  1.87it/s]
 85%|████████▌ | 29/34 [00:15<00:02,  1.91it/s]
 88%|████████▊ | 30/34 [00:16<00:02,  1.99it/s]
 91%|█████████ | 31/34 [00:16<00:01,  2.03it/s]
 94%|█████████▍| 32/34 [00:16<00:00,  2.05it/s]
 97%|█████████▋| 33/34 [00:17<00:00,  2.04it/s]
100%|██████████| 34/34 [00:17<00:00,  2.11it/s]
                                               
成交额校准失败 cv=0.115 → 历史成交额标null
温度表: 290日 20250701~20260929
  20260918 温度49.7(中性) 涨停78 炸板25 跌停0 额None 封板53.2亿
  20260921 温度63.6(中性) 涨停103 炸板25 跌停2 额20315.0 封板81.6亿
  20260922 温度57.1(中性) 涨停63 炸板18 跌停3 额21356.0 封板66.8亿
  20260923 温度20.5(冰点) 涨停51 炸板26 跌停13 额17650.0 封板55.7亿
  20260924 温度35.0(偏冷) 涨停52 炸板10 跌停13 额16534.0 封板55.0亿
  20260925 温度35.2(偏冷) 涨停52 炸板10 跌停13 额16534.0 封板55.0亿
  20260928 温度18.1(冰点) 涨停33 炸板11 跌停56 额17028.0 封板42.3亿
  20260929 温度43.0(偏冷) 涨停57 炸板8 跌停10 额14092.0 封板67.6亿

[RC] 市场温度=0

[2026-09-29T19:07:11] START 涨停质量训练: ['涨停质量训练.py', '--fetch', '20260929']
fetch增量: 144/3796
fetch进度: 20/144
fetch进度: 40/144
fetch进度: 60/144
fetch进度: 80/144
fetch进度: 100/144
fetch进度: 120/144
fetch进度: 140/144
fetch进度: 144/144
质量库v6建成: 样本18850 窗口20250701~20260929 活跃因子8/16
  封单比: w0.2474 区分度17.5pp rho-1.0 t-6.25 有效
  首封时间: w0.229 区分度16.2pp rho1.0 t2.8 有效
  换手率: w0.1451 区分度11.4pp rho0.8 t3.56 有效
  开板次数: w0.1287 区分度9.1pp rho1.0 t8.99 有效
  股价档: w0.0919 区分度6.5pp rho1.0 t3.03 有效
  板前5日动能: w0.0598 区分度4.7pp rho-0.8 t2.78 有效
  量比: w0.0574 区分度5.8pp rho0.4 t4.57 有效
  流通市值: w0.0407 区分度3.6pp rho0.6 t3.24 有效

[RC] 涨停质量训练=0

[2026-09-29T19:13:20] START 质量荐票结算: ['质量荐票结算.py', '20260928']
Traceback (most recent call last):
  File "D:\股票数据\市场数据\涨停复盘台账.py", line 114, in <module>
    if __name__=="__main__": main()
                             ^^^^^^
  File "D:\股票数据\市场数据\涨停复盘台账.py", line 112, in main
    jp=inject(assemble())
       ^^^^^^^^^^^^^^^^^^
  File "D:\股票数据\市场数据\涨停复盘台账.py", line 102, in inject
    J=json.load(open(jp,encoding="utf-8")); b=J["bodies"]["limitup"]
                                              ~~~~~~~~~~~^^^^^^^^^^^
KeyError: 'limitup'
Traceback (most recent call last):
  File "D:\股票数据\市场数据\质量荐票结算.py", line 116, in <module>
    if __name__=="__main__": main(sys.argv[1])
                             ^^^^^^^^^^^^^^^^^
  File "D:\股票数据\市场数据\质量荐票结算.py", line 111, in main
    subprocess.run([sys.executable,os.path.join(BASE,"涨停复盘台账.py")],check=True)
  File "C:\Users\66353\AppData\Roaming\uv\python\cpython-3.12-windows-x86_64-none\Lib\subprocess.py", line 571, in run
    raise CalledProcessError(retcode, process.args,
subprocess.CalledProcessError: Command '['D:\\股票数据\\.venv312\\Scripts\\python.exe', 'D:\\股票数据\\市场数据\\涨停复盘台账.py']' returned non-zero exit status 1.

[RC] 质量荐票结算=1

[RETRY 2026-09-29T19:16:45.198546] 质量荐票结算 ['质量荐票结算.py', '20260928']
台账组装注入 judgment_20260929.json | 存档日数 37
09-28 Top5执行结算: 胜率2/5 Top5均收-1.81% vs 全场0.73% 增益-2.54pp | 已注入日块20260928+台账重组装
反思: 20260928荐票T+1结算:执行胜率2/5,Top5均收-1.81% vs 全场涨停均收0.73%(增益-2.54pp=没跑赢全场,选股无增益);套票共同加分因子:开板次数×2、封单比×2、流通市值×1;赚票因子:开板次数×2、封单比×2、量比×2。样本进库→今晚重训权重自适应;连续打脸因子由04提炼降权复核。

[RC] 0

[RETRY 2026-09-29T19:16:46.408564] 题材荐票结算 ['题材荐票结算.py', '20260928']
20260928题材路结算:执行胜率0/0,均收None%。

[RC] 0

[RETRY 2026-09-29T19:16:47.547283] 逻辑荐票结算 ['逻辑荐票结算.py', '20260928']
无逻辑荐票发出版,写空仓结算文件 20260928

[RC] 0

[RETRY 2026-09-29T19:16:49.306770] 席位荐票结算 ['席位荐票结算.py', '20260928']
lhb台账注入 judgment_20260929.json | 存档日数 36
09-28 席位路结算: 胜率1/2 均收7.58% | 卡已原位回填
反思: 20260928席位路Top5结算:执行胜率1/2,均收7.58%。打脸笔已在事实表,今晚rank重算自动压档=净化;连续打脸席位由08提炼在五路裁决降权。

[RC] 0

[RETRY 2026-09-29T19:16:49.813052] 预判结算 ['预判结算.py', '20260928']
usage: 预判结算.py [-h] --root ROOT --out OUT --target-d TARGET_D d
预判结算.py: error: the following arguments are required: --root, --out, --target-d

[RC] 2

[RETRY2 2026-09-29T19:20:47.238241] 预判结算 ['预判结算.py', '20260928', '--root', 'D:\\股票数据\\市场数据', '--out', 'D:/股票数据/_review_audit/20260929', '--target-d', '20260929']
{"schema_version": 1, "status": "pass", "d": "20260928", "target_d": "20260929", "publication": "new_audit_not_historical_publication", "predictions": [{"项": "冰点温度继续下探", "预测": "明日温度低于18.1；若温度达到18.1或以上，则“冰点温度继续下探”的判断被证伪。", "判定条件": {"指标": "温度", "方向": "降", "阈值": 18.1, ">=": 18.1}, "证据来源": ["D:/股票数据/市场数据/_学习/_市场温度表.json", "D:/股票数据/市场数据/_学习/总审_20260928.json"], "id": "prediction:20260928:000", "d": "20260928", "due_d": "20260929", "source": "_学习/推演_20260928.json#次日可证伪预测/0", "field": "温度", "op": "lt", "threshold": 18.1, "condition": null, "claim": "明日温度低于18.1；若温度达到18.1或以上，则“冰点温度继续下探”的判断被证伪。", "original": {"项": "冰点温度继续下探", "预测": "明日温度低于18.1；若温度达到18.1或以上，则“冰点温度继续下探”的判断被证伪。", "判定条件": {"指标": "温度", "方向": "降", "阈值": 18.1, ">=": 18.1}, "证据来源": ["D:/股票数据/市场数据/_学习/_市场温度表.json", "D:/股票数据/市场数据/_学习/总审_20260928.json"]}, "schema_version": 1, "actual": null, "evidence": [], "status": "unverifiable", "event_type": "numeric", "reason": "缺失/冲突事实或阈值/单位不可验证"}, {"项": "涨停宽度继续收缩", "预测": "明日涨停数低于33；若涨停数达到33或以上，则“涨停宽度继续收缩”的判断被证伪。", "判定条件": {"指标": "涨停数", "方向": "降", "阈值": 33, ">=": 33}, "证据来源": ["D:/股票数据/市场数据/20260928/summary.json", "D:/股票数据/市场数据/_学习/_市场温度表.json"], "id": "prediction:20260928:001", "d": "20260928", "due_d": "20260929", "source": "_学习/推演_20260928.json#次日可证伪预测/1", "field": "涨停数", "op": "lt", "threshold": 33, "condition": null, "claim": "明日涨停数低于33；若涨停数达到33或以上，则“涨停宽度继续收缩”的判断被证伪。", "original": {"项": "涨停宽度继续收缩", "预测": "明日涨停数低于33；若涨停数达到33或以上，则“涨停宽度继续收缩”的判断被证伪。", "判定条件": {"指标": "涨停数", "方向": "降", "阈值": 33, ">=": 33}, "证据来源": ["D:/股票数据/市场数据/20260928/summary.json", "D:/股票数据/市场数据/_学习/_市场温度表.json"]}, "schema_version": 1, "actual": null, "evidence": [], "status": "unverifiable", "event_type": "numeric", "reason": "缺失/冲突事实或阈值/单位不可验证"}, {"项": "跌停风险仍处高位但出现收敛", "预测": "明日跌停数低于56；若跌停数达到56或以上，则“跌停风险仍处高位但出现收敛”的判断被证伪。", "判定条件": {"指标": "跌停数", "方向": "降", "阈值": 56, ">=": 56}, "证据来源": ["D:/股票数据/市场数据/20260928/summary.json", "D:/股票数据/市场数据/_学习/总审_20260928.json"], "id": "prediction:20260928:002", "d": "20260928", "due_d": "20260929", "source": "_学习/推演_20260928.json#次日可证伪预测/2", "field": "跌停数", "op": "lt", "threshold": 56, "condition": null, "claim": "明日跌停数低于56；若跌停数达到56或以上，则“跌停风险仍处高位但出现收敛”的判断被证伪。", "original": {"项": "跌停风险仍处高位但出现收敛", "预测": "明日跌停数低于56；若跌停数达到56或以上，则“跌停风险仍处高位但出现收敛”的判断被证伪。", "判定条件": {"指标": "跌停数", "方向": "降", "阈值": 56, ">=": 56}, "证据来源": ["D:/股票数据/市场数据/20260928/summary.json", "D:/股票数据/市场数据/_学习/总审_20260928.json"]}, "schema_version": 1, "actual": null, "evidence": [], "status": "unverifiable", "event_type": "numeric", "reason": "缺失/冲突事实或阈值/单位不可验证"}, {"项": "炸板压力收敛", "预测": "明日炸板率低于0.25；若炸板率达到0.25或以上，则“炸板压力收敛”的判断被证伪。", "判定条件": {"指标": "炸板率", "方向": "降", "阈值": 0.25, ">=": 0.25}, "证据来源": ["D:/股票数据/市场数据/20260928/summary.json", "D:/股票数据/市场数据/_学习/_市场温度表.json", "D:/股票数据/市场数据/_学习/limitup判断_20260928.json"], "id": "prediction:20260928:003", "d": "20260928", "due_d": "20260929", "source": "_学习/推演_20260928.json#次日可证伪预测/3", "field": "炸板率", "op": "lt", "threshold": 0.25, "condition": null, "claim": "明日炸板率低于0.25；若炸板率达到0.25或以上，则“炸板压力收敛”的判断被证伪。", "original": {"项": "炸板压力收敛", "预测": "明日炸板率低于0.25；若炸板率达到0.25或以上，则“炸板压力收敛”的判断被证伪。", "判定条件": {"指标": "炸板率", "方向": "降", "阈值": 0.25, ">=": 0.25}, "证据来源": ["D:/股票数据/市场数据/20260928/summary.json", "D:/股票数据/市场数据/_学习/_市场温度表.json", "D:/股票数据/市场数据/_学习/limitup判断_20260928.json"]}, "schema_version": 1, "actual": null, "evidence": [], "status": "unverifiable", "event_type": "numeric", "reason": "缺失/冲突事实或阈值/单位不可验证"}, {"项": "孤高高度出现回落", "预测": "明日最高连板低于5板；若最高连板达到5板或以上，则“孤高高度出现回落”的判断被证伪。", "判定条件": {"指标": "最高连板", "方向": "降", "阈值": 5, ">=": 5}, "证据来源": ["D:/股票数据/市场数据/20260928/summary.json", "D:/股票数据/市场数据/_学习/_市场温度表.json", "D:/股票数据/市场数据/_学习/limitup判断_20260928.json"], "id": "prediction:20260928:004", "d": "20260928", "due_d": "20260929", "source": "_学习/推演_20260928.json#次日可证伪预测/4", "field": "最高连板", "op": "lt", "threshold": 5, "condition": null, "claim": "明日最高连板低于5板；若最高连板达到5板或以上，则“孤高高度出现回落”的判断被证伪。", "original": {"项": "孤高高度出现回落", "预测": "明日最高连板低于5板；若最高连板达到5板或以上，则“孤高高度出现回落”的判断被证伪。", "判定条件": {"指标": "最高连板", "方向": "降", "阈值": 5, ">=": 5}, "证据来源": ["D:/股票数据/市场数据/20260928/summary.json", "D:/股票数据/市场数据/_学习/_市场温度表.json", "D:/股票数据/市场数据/_学习/limitup判断_20260928.json"]}, "schema_version": 1, "actual": null, "evidence": [], "status": "unverifiable", "event_type": "numeric", "reason": "缺失/冲突事实或阈值/单位不可验证"}, {"项": "成交额守住防止流动性断崖", "预测": "明日两市成交额达到16000亿以上；若两市成交额低于16000亿，则“成交额守住防止流动性断崖”的判断被证伪。", "判定条件": {"指标": "两市成交额_亿", "方向": ">=", "阈值": 16000, ">=": 16000}, "证据来源": ["D:/股票数据/市场数据/20260928/summary.json", "D:/股票数据/市场数据/_学习/_市场温度表.json", "D:/股票数据/市场数据/_学习/总审_20260928.json"], "id": "prediction:20260928:005", "d": "20260928", "due_d": "20260929", "source": "_学习/推演_20260928.json#次日可证伪预测/5", "field": "成交额亿", "op": "ge", "threshold": 16000, "condition": null, "claim": "明日两市成交额达到16000亿以上；若两市成交额低于16000亿，则“成交额守住防止流动性断崖”的判断被证伪。", "original": {"项": "成交额守住防止流动性断崖", "预测": "明日两市成交额达到16000亿以上；若两市成交额低于16000亿，则“成交额守住防止流动性断崖”的判断被证伪。", "判定条件": {"指标": "两市成交额_亿", "方向": ">=", "阈值": 16000, ">=": 16000}, "证据来源": ["D:/股票数据/市场数据/20260928/summary.json", "D:/股票数据/市场数据/_学习/_市场温度表.json", "D:/股票数据/市场数据/_学习/总审_20260928.json"]}, "schema_version": 1, "actual": null, "evidence": [], "status": "unverifiable", "event_type": "numeric", "reason": "缺失/冲突事实或阈值/单位不可验证"}, {"项": "高标接力断板风险", "预测": "明日600825不封板；若600825继续封板，则“高标接力断板风险”的判断被证伪。600825为当日涨停池内六位代码，预测只作观察性风险记录，不构成交易指令。", "判定条件": {"指标": "代码封板", "方向": "降", "阈值": 1, ">=": 1, "代码": "600825"}, "证据来源": ["D:/股票数据/市场数据/20260928/zt_pool.csv", "D:/股票数据/市场数据/_学习/limitup判断_20260928.json", "D:/股票数据/市场数据/_学习/总审_20260928.json"], "id": "prediction:20260928:006", "d": "20260928", "due_d": "20260929", "source": "_学习/推演_20260928.json#次日可证伪预测/6", "field": "代码封板", "op": "eq", "threshold": 0, "condition": null, "claim": "明日600825不封板；若600825继续封板，则“高标接力断板风险”的判断被证伪。600825为当日涨停池内六位代码，预测只作观察性风险记录，不构成交易指令。", "original": {"项": "高标接力断板风险", "预测": "明日600825不封板；若600825继续封板，则“高标接力断板风险”的判断被证伪。600825为当日涨停池内六位代码，预测只作观察性风险记录，不构成交易指令。", "判定条件": {"指标": "代码封板", "方向": "降", "阈值": 1, ">=": 1, "代码": "600825"}, "证据来源": ["D:/股票数据/市场数据/20260928/zt_pool.csv", "D:/股票数据/市场数据/_学习/limitup判断_20260928.json", "D:/股票数据/市场数据/_学习/总审_20260928.json"]}, "schema_version": 1, "actual": null, "evidence": [], "status": "unverifiable", "event_type": "stock", "reason": "缺可核验的完整个股行情/封板真源"}, {"schema_version": 1, "id": "narrative:20260928:情绪几度", "d": "20260928", "due_d": "20260929", "source": "_学习/推演_20260928.json#情绪几度", "field": null, "op": null, "threshold": null, "condition": null, "claim": "今日是冰点退潮而非可交易冰点反转：温度18.1，涨停33、跌停56，炸板率0.25，两市成交额17028.0亿，最高连板5且4板断层。涨停池梯队为1板26、2板3、3板3、5板1，低位接力收缩；五路裁决为3降2平0升，C档防守、仓位上限0—2成，当前空仓。_情绪先行指标.json没有目标日记录，因此目标日一进二率、二进三率、高度晋级率、昨停溢价及核按钮率均保留null，不用休市幻影或历史键回填。", "event_type": "direction", "status": "ambiguous", "actual": null, "evidence": [], "reason": "原文/方向/阈值无法无歧义转为比较条件"}, {"schema_version": 1, "id": "narrative:20260928:明日攻防", "d": "20260928", "due_d": "20260929", "source": "_学习/推演_20260928.json#明日攻防", "field": null, "op": null, "threshold": null, "condition": null, "claim": "明日以防守和等待右侧修复为主，交易层继续空仓，观察不等于荐票。攻方只有在环境、接力、封板质量和可执行性同步修复时才重新打开：温度明显脱离冰点、跌停收敛、炸板率下降、低位晋级回暖且不再有4板断层。竞价真实9:25轨迹缺失，不能把冻结池的一字/秒板结构或评分Top写成执行强度；若只出现孤高5板存续、单项封板率改善或高开，仍按防守处理。", "event_type": "attack_defense", "status": "ambiguous", "actual": null, "evidence": [], "reason": "原文/方向/阈值无法无歧义转为比较条件"}, {"schema_version": 1, "id": "narrative:20260928:主线站队", "d": "20260928", "due_d": "20260929", "source": "_学习/推演_20260928.json#主线站队", "field": null, "op": null, "threshold": null, "condition": null, "claim": "不站正式主线。机器人为5家、最高3板但开板占比1.0的虚胖分支；出版传媒由新华传媒单点5板承载，宽度仅1；网络安全3家全首板，尚无2板梯队。题材归位33/33全为B档，产业链与涨停池只有002342一只B档交集，风险日历为partial且事件源缺失；因此只保留分支观察，不把行业名称、B档原因或单点高标升级为主线或荐票。", "event_type": "direction", "status": "ambiguous", "actual": null, "evidence": [], "reason": "原文/方向/阈值无法无歧义转为比较条件"}, {"schema_version": 1, "id": "narrative:20260928:龙头接力", "d": "20260928", "due_d": "20260929", "source": "_学习/推演_20260928.json#龙头接力", "field": null, "op": null, "threshold": null, "condition": null, "claim": "新华传媒600825是5板孤高高度锚，但4板断层、低换手一字、冰点环境和质量执行负期望共同限制接力；雪龙集团603949为3板观察锚，但机器人线开板占比1.0；金辰股份603396为3板且炸板2次，只作深炸风险观察。接力转强必须看到高标承接、有效2板/3板扩散和封板质量同步改善；仅最高板不掉或单票封板不能视为周期修复。代码预测只选择已在当日涨停池中的600825，且仅表达不封板的可结算风险，不构成卖出或买入指令。", "event_type": "stock", "status": "unverifiable", "actual": null, "evidence": [], "reason": "缺可核验的完整个股行情/封板真源"}, {"schema_version": 1, "id": "narrative:20260928:竞价强弱预判", "d": "20260928", "due_d": "20260929", "source": "_学习/推演_20260928.json#竞价强弱预判", "field": null, "op": null, "threshold": null, "condition": null, "claim": "竞价维持C档观察。20260928冻结池为11只、结构为2只一字和9只秒板，但9:25快照、全市场竞价轨迹及同代码9:20前后轨迹缺失，realtime_ticks不能替代竞价证据；因此竞价高开分布、竞价额Top、撤单质量和当日执行结果均为null/盲区。明日即使出现高开，也必须等待开盘后承接、封单稳定和全市场跌停/炸板同步修复；高开集中而无宽度承接按诱多防守处理。", "event_type": "direction", "status": "ambiguous", "actual": null, "evidence": [], "reason": "原文/方向/阈值无法无歧义转为比较条件"}], "counts": {"true": 0, "false": 0, "unverifiable": 8, "ambiguous": 4, "not_triggered": 0, "pending": 0}, "artifact": "D:\\股票数据\\_review_audit\\20260929\\predictions_e69e663f8fbc422ab78e29533cd2da4a\\predictions.json"}

[RC] 0

[UNAVAILABLE] 预判结算 --preread: current script has no --preread interface; no condition calibration artifact fabricated.

[RETRY2 2026-09-29T19:22:25.688551] 涨停质量荐票 ['涨停质量荐票.py', '20260929']
20260929 v5打标57只(活跃因子8) | 质量Top5:
  1 新华传媒 600825 抓龙率25.7% 分3 命中9条 · 出版
    规则: 封单额≥4亿 × 封单比≥2% × 一字≤9:25; 封单额≥4亿 × 封单比≥2% × 中大盘≥80亿; 未开板 × 封单额≥4亿 × 封单比≥2%; 未开板 × 封单额≥4亿 × 一字≤9:25; 封单比≥2% × 一字≤9:25 × 中大盘≥80亿; 封单额≥4亿 × 一字≤9:25 × 行业共振≥2; 封单额≥4亿 × 一字≤9:25 × 中大盘≥80亿; 封单额≥4亿 × 一字≤9:25; 封单额≥4亿 × 封单比≥2% × 行业共振≥2 | 主导: 流通市值:中盘80-200亿(+0.1); 量比:放量2-4(+0.1) | 拖累 换手率:<3%(-0.7); 开板次数:未开板(-0.6)
  2 尚水智能 301513 抓龙率19.5% 分5 命中0条 · 电池
    规则: 无 | 主导: 股价档:≥40元(+0.8); 换手率:10-20%(+0.4); 板前5日动能:回调<-3%(+0.2) | 拖累 开板次数:未开板(-0.6); 封单比:超强≥4%(-0.2)
  3 深物业A 000011 抓龙率18.6% 分5 命中0条 · 房地产开
    规则: 无 | 主导: 封单比:偏弱0.5-1%(+0.5); 开板次数:开1次(+0.2); 量比:放量2-4(+0.1) | 拖累 股价档:5-15元(-0.3); 板前5日动能:抬升3-12%(-0.2)
  4 信达地产 600657 抓龙率17.9% 分6 命中0条 · 房地产开
    规则: 无 | 主导: 开板次数:开2次+(+1.8); 封单比:弱<0.5%(+1.1); 流通市值:中盘80-200亿(+0.1) | 拖累 换手率:<3%(-0.7); 股价档:<5元(-0.4)
  5 浙江新能 600032 抓龙率17.2% 分5 命中0条 · 电力
    规则: 无 | 主导: 封单比:弱<0.5%(+1.1); 开板次数:开1次(+0.2); 流通市值:中盘80-200亿(+0.1) | 拖累 换手率:<3%(-0.7); 首封时间:秒板≤9:31(-0.3)
  池外候选: candidates_20260929.json 未就绪(A2扫描未跑), 本日无池外卡

[RC] 0

[RETRY2 2026-09-29T19:22:28.218553] 市场温度卡 ['市场温度.py', '--card', '20260929']
温度卡: D:\股票数据\市场数据\_学习\市场温度卡_20260929.html

[RC] 0

[RETRY2 2026-09-29T19:22:29.651494] 竞价池结算 ['竞价池结算.py', '20260928']
20260928竞价池终结算:池11只,次日封板5/11,执行胜率3/11,均收-0.92% vs 全场涨停0.73%(增益-1.65pp);按信号:{'一字': -1.25, '秒板': -0.84};按连板:{'首板': -0.03, '2板+': -1.98};按高开档:{'低开≤0': -3.34, '高开0~5': 1.49, '高开≥5': 0.06}(验证'低开有肉高开套');按评分半区:{'高分半': -1.76, '低分半': 0.1, '分界': 43.8};闸门对账:{'闸门内均收': -1.73, '闸门内只数': 6, '全池均收': -0.92}。

[RC] 0

[RETRY2 2026-09-29T19:22:30.758763] 竞价评分 ['竞价评分.py', '20260929']
20260929 竞价评分: 13只 → D:\股票数据\市场数据\_学习\竞价评分_20260929.json
权重: {'信号': 0.048, '连板': 0.05, '炸板': 0.286, '封单比': 0.391, '温度': 0.115, '信号x连板': 0.111}
   50.3 信达地产(600657) 秒板·首板 封0.43 | 封单比=<0.5%(+8.0,桶均涨0.89%,n=259)
   50.2 浙江新能(600032) 秒板·2板 封0.41 | 封单比=<0.5%(+8.0,桶均涨0.89%,n=259)
   43.5 津药药业(600488) 秒板·2板 封0.61 | 炸板=炸1+(+3.4,桶均涨0.18%,n=1400)
   42.3 深物业A(000011) 一字·2板 封0.98 | 炸板=炸1+(+3.4,桶均涨0.18%,n=1400)
   37.6 上海洗霸(603200) 秒板·首板 封1.49 | 炸板=未炸(-2.6,桶均涨-1.26%,n=1781)
   37.6 宁波能源(600982) 秒板·首板 封0.96 | 炸板=未炸(-2.6,桶均涨-1.26%,n=1781)
   36.1 广汽集团(601238) 一字·首板 封0.85 | 炸板=未炸(-2.6,桶均涨-1.26%,n=1781)
   35.2 九阳股份(002242) 秒板·2板 封2.14 | 炸板=未炸(-2.6,桶均涨-1.26%,n=1781)
   33.9 时代万恒(600241) 一字·2板 封3.48 | 炸板=未炸(-2.6,桶均涨-1.26%,n=1781)
   33.8 襄阳轴承(000678) 一字·3板 封2.78 | 炸板=未炸(-2.6,桶均涨-1.26%,n=1781)
   33.8 雪龙集团(603949) 一字·4板 封3.4 | 炸板=未炸(-2.6,桶均涨-1.26%,n=1781)
   29.5 新华传媒(600825) 一字·6板 封18.84 | 封单比=≥4%(-5.3,桶均涨-1.08%,n=452)

[RC] 0

[RETRY2 2026-09-29T19:22:50.640557] 席位动向rank ['席位动向库.py', 'rank']
分档完成: 窗口20260401~20260928 笔数17758 席位437 档分布{'P': 165, 'B': 132, 'C': 76, 'A': 45, 'S': 19}
  [S] 东方财富证券股份有限公司江苏分公司 收缩执1 68.2%(原88.9%)/3.48% n=9⚠ 营业部
  [S] 华泰证券股份有限公司上海黄浦区来福士广场证券营业部 收缩执1 66.4%(原87.5%)/2.5% n=8⚠ 营业部
  [A] 华源证券股份有限公司深圳分公司 收缩执1 66.3%(原100.0%)/0.74% n=5⚠ 营业部
  [S] 中信建投证券股份有限公司福州东街证券营业部 收缩执1 65.2%(原75.0%)/3.37% n=16⚠ 营业部
  [S] 开源证券股份有限公司浙江分公司 收缩执1 64.4%(原85.7%)/3.37% n=7⚠ 营业部
  [S] 中国银河证券股份有限公司庄河世纪大街证券营业部 收缩执1 63.8%(原73.3%)/2.5% n=15⚠ 营业部
  [S] 国泰海通证券股份有限公司成都龙腾东路证券营业部 收缩执1 62.8%(原70.6%)/1.86% n=17⚠ 营业部
  [S] 东方财富证券股份有限公司拉萨团结路第二证券营业部 收缩执1 62.4%(原64.5%)/1.07% n=62 营业部

[RC] 0

[RETRY2 2026-09-29T19:22:51.919526] 席位荐票 ['席位荐票.py', '20260929']
20260929 席位路Top5(S/A=64,候选9):
  1 中新赛克 002912 综合5.41 共振2 主席位[S]长城证券股份有限公司西北分公司 61.4%/3.2%⚠小样本
  2 鸿富诚 301716 综合5.08 共振1 主席位[A]长江证券股份有限公司上海分公司 53.2%/1.7%⚠小样本
  3 善水科技 301190 综合4.43 共振2 主席位[S]中信建投证券股份有限公司福州东街 65.2%/3.37%⚠小样本
  4 丽珠集团 000513 综合3.87 共振1 主席位[A]国泰海通证券股份有限公司上海长宁 56.1%/0.84%
  5 集泰股份 002909 综合3.34 共振1 主席位[S]国泰海通证券股份有限公司成都龙腾 61.4%/1.95%⚠小样本

[RC] 0

[RETRY2 2026-09-29T19:22:54.613164] 资金温度 ['资金温度.py']
资金温度: 124日 今日17分位(冷) 机构22席/6.8亿 量化11席 游资131席 | 已注入judgment_20260929.json

[RC] 0

[RETRY2 2026-09-29T19:23:01.990320] 中报预增雷达 ['中报预增雷达.py', '20260929']

  0%|          | 0/10 [00:00<?, ?it/s]
 10%|█         | 1/10 [00:00<00:02,  3.99it/s]
 20%|██        | 2/10 [00:00<00:01,  4.23it/s]
 30%|███       | 3/10 [00:00<00:01,  4.10it/s]
 40%|████      | 4/10 [00:00<00:01,  4.53it/s]
 50%|█████     | 5/10 [00:01<00:01,  4.57it/s]
 60%|██████    | 6/10 [00:01<00:00,  4.65it/s]
 70%|███████   | 7/10 [00:01<00:00,  4.51it/s]
 80%|████████  | 8/10 [00:01<00:00,  4.40it/s]
 90%|█████████ | 9/10 [00:02<00:00,  2.67it/s]
100%|██████████| 10/10 [00:02<00:00,  3.19it/s]
                                               
OK D:\股票数据\市场数据\_学习\中报预增雷达_20260929.json
{"预告池(净利润·预增扭亏)": 799, "剔ST退N/C": 19, "未发酵候选": 624, "其中概念叠加": 441, "已发酵(对照)": 49, "其中刚点火": 22, "预期已兑现(r250≥100%)": 75, "行情缺失": 32, "成色A共振": 130, "成色B概念蹭": 243, "成色C低质": 68}
活跃线: 基础建设,服装家纺,出版,电网设备,汽车零部,通用设备,军工电子,医疗服务,半导体,化学制品,广告营销,风电设备,包装印刷,饮料乳品,水泥,林业Ⅱ,IT服务Ⅱ,机器人,网络安全,创新药,汽车整车,精细化工,房地产开,电池,环境治理,电力,元件,商业航天,AI算力,人形机器人
成色: A共振130 B蹭243 C低质68
 A 9 002151 北斗星通 存储/半导体类 自动初判 | 动因词:元器件,无人机,芯片(题材业务=业绩来源)
 A 9 688779 五矿新能 电池类 自动初判 | 动因词:电池(题材业务=业绩来源)
 A 9 002414 高德红外 军工/低空类 自动初判 | 动因词:红外,芯片(题材业务=业绩来源)
 A 9 603906 龙蟠科技 电池类 自动初判 | 动因词:电池(题材业务=业绩来源)
 A 9 001298 好上好 机器人/人形类 自动初判 | 动因词:机器人(题材业务=业绩来源)
 A 9 003009 中天火箭 商业航天类 自动初判 | 动因词:火箭(题材业务=业绩来源)
 A 9 000818 航锦科技 存储/半导体类 自动初判 | 动因词:智算,算力(题材业务=业绩来源)
 A 9 300184 力源信息 电网/特高压类 自动初判 | 动因词:GPU,光模块,半导体,服务器(题材业务=业绩来源)
 A 9 300458 全志科技 机器人/人形类 自动初判 | 动因词:存储(题材业务=业绩来源)
 A 8 002389 航天彩虹 军工/低空类 自动初判 | 动因词:无人机;含非经常增厚(汇兑),幅度打折
 A 8 002738 中矿资源 电池类 自动初判 | 动因词:电池(题材业务=业绩来源)
 A 8 002460 赣锋锂业 机器人/人形类 自动初判 | 动因词:电池;含非经常增厚(出售),幅度打折
 A 8 688110 东芯股份 存储/半导体类 自动初判 | 动因词:AI算力,存储,算力,芯片(题材业务=业绩来源)
 A 8 301099 雅创电子 机器人/人形类 自动初判 | 动因词:AI算力,半导体,存储,算力(题材业务=业绩来源)
 A 8 688385 复旦微电 存储/半导体类 自动初判 | 动因词:集成电路;含非经常增厚(公允价值变动),幅度打折
 A 8 600884 杉杉股份 电池类 自动初判 | 动因词:电池(题材业务=业绩来源)
 A 8 001339 智微智能 机器人/人形类 自动初判 | 动因词:AI算力,智算,算力(题材业务=业绩来源)
 A 8 300607 拓斯达 机器人/人形类 自动初判 | 动因词:机器人;含非经常增厚(减值损失同比),幅度打折
 A 8 002606 大连电瓷 电网/特高压类 自动初判 | 动因词:特高压,电网(题材业务=业绩来源)
 A 8 301563 云汉芯城 存储/半导体类 自动初判 | 动因词:元器件(题材业务=业绩来源)
 A 8 002298 中电鑫龙 机器人/人形类 自动初判 | 动因词:元器件(题材业务=业绩来源)
 A 8 002180 奔图科技 存储/半导体类 自动初判 | 动因词:芯片,集成电路(题材业务=业绩来源)
 A 8 002197 证通电子 机器人/人形类 自动初判 | 动因词:IDC(题材业务=业绩来源)
 A 8 300953 震裕科技 机器人/人形类 自动初判 | 动因词:电池(题材业务=业绩来源)
 A 8 301421 波长光电 存储/半导体类 自动初判 | 动因词:半导体(题材业务=业绩来源)
 A 8 002184 海得控制 机器人/人形类 自动初判 | 动因词:算力(题材业务=业绩来源)
 A 8 300033 同花顺 机器人/人形类 自动初判 | 动因词:人工智能(题材业务=业绩来源)
 A 8 603031 安孚科技 电池类 自动初判 | 动因词:电池(题材业务=业绩来源)
 A 8 300919 中伟新材 机器人/人形类 自动初判 | 动因词:电池(题材业务=业绩来源)
 A 8 603806 福斯特 存储/半导体类 自动初判 | 动因词:PCB(题材业务=业绩来源)
 A 8 301696 三瑞智能 机器人/人形类 自动初判 | 动因词:无人机,机器人(题材业务=业绩来源)
 A 8 002245 蔚蓝锂芯 机器人/人形类 自动初判 | 动因词:电池(题材业务=业绩来源)
 A 7 002812 恩捷股份 电池类 自动初判 | 动因词:电池(题材业务=业绩来源)
 A 7 002709 天赐材料 电池类 自动初判 | 动因词:电池(题材业务=业绩来源)
 A 7 002407 多氟多 电池类 自动初判 | 动因词:电池(题材业务=业绩来源)
 A 7 688808 联讯仪器 存储/半导体类 自动初判 | 动因词:人工智能,光模块,数据中心,算力(题材业务=业绩来源)
 A 7 688449 联芸科技 存储/半导体类 自动初判 | 动因词:存储,数据中心,芯片(题材业务=业绩来源)
 A 7 002975 博杰股份 机器人/人形类 自动初判 | 动因词:服务器(题材业务=业绩来源)
 A 7 301349 信德新材 电池类 自动初判 | 动因词:电池(题材业务=业绩来源)
 A 7 688202 美迪西 创新药类 自动初判 | 动因词:创新药(题材业务=业绩来源)
 A 7 300223 君正股份 存储/半导体类 自动初判 | 动因词:光模块,存储,服务器,芯片(题材业务=业绩来源)
 A 7 301666 大普微 存储/半导体类 自动初判 | 动因词:人工智能,存储,数据中心(题材业务=业绩来源)
 A 7 002990 盛视科技 机器人/人形类 自动初判 | 动因词:算力(题材业务=业绩来源)
 A 7 002328 新朋股份 存储/半导体类 自动初判 | 动因词:汽车零部;含非经常增厚(公允价值变动),幅度打折
 A 7 603615 茶花股份 存储/半导体类 自动初判 | 动因词:元器件(题材业务=业绩来源)
 A 7 002213 大为股份 存储/半导体类 自动初判 | 动因词:半导体,存储(题材业务=业绩来源)
 A 7 300857 协创数据 机器人/人形类 自动初判 | 动因词:AI算力,人工智能,服务器,算力(题材业务=业绩来源)
 A 7 002786 银宝山新 机器人/人形类 自动初判 | 动因词:半导体;含非经常增厚(补助),幅度打折
 A 7 600118 中国卫星 商业航天类 自动初判 | 动因词:卫星(题材业务=业绩来源)
 A 7 002756 永兴材料 电池类 自动初判 | 动因词:电池(题材业务=业绩来源)
 A 7 002845 同兴达 存储/半导体类 自动初判 | 动因词:半导体(题材业务=业绩来源)
 A 7 002439 启明星辰 网络安全类 自动初判 | 动因词:算力,网络安全(题材业务=业绩来源)
 A 7 600549 厦门钨业 机器人/人形类 自动初判 | 动因词:电池(题材业务=业绩来源)
 A 7 601138 工业富联 机器人/人形类 自动初判 | 动因词:AI算力,数据中心,服务器,算力(题材业务=业绩来源)
 A 7 600460 士兰微 存储/半导体类 自动初判 | 动因词:算力(题材业务=业绩来源)
 A 7 603933 睿能科技 机器人/人形类 自动初判 | 动因词:半导体(题材业务=业绩来源)
 A 7 600973 宝胜股份 电网/特高压类 自动初判 | 动因词:电力(题材业务=业绩来源)
 A 7 603985 恒润股份 AI算力类 自动初判 | 动因词:算力(题材业务=业绩来源)
 A 7 000062 深圳华强 存储/半导体类 自动初判 | 动因词:元器件,存储,数据中心,服务器(题材业务=业绩来源)
 A 7 001232 嘉立创 存储/半导体类 自动初判 | 动因词:PCB,半导体(题材业务=业绩来源)
 A 7 300073 当升科技 电池类 自动初判 | 动因词:电池(题材业务=业绩来源)
 A 7 000725 京东方A 存储/半导体类 自动初判 | 动因词:存储(题材业务=业绩来源)
 A 7 688307 中润光学 机器人/人形类 自动初判 | 动因词:元件(题材业务=业绩来源)
 A 7 300602 飞荣达 机器人/人形类 自动初判 | 动因词:存储,机器人,液冷,芯片(题材业务=业绩来源)
 A 7 688041 海光信息 存储/半导体类 自动初判 | 动因词:人工智能(题材业务=业绩来源)
 A 7 300748 金力永磁 机器人/人形类 自动初判 | 动因词:伺服,机器人(题材业务=业绩来源)
 A 6 300613 富瀚微 机器人/人形类 自动初判 | 动因词:PCB,存储,机器人,芯片(题材业务=业绩来源)
 A 6 603986 兆易创新 存储/半导体类 自动初判 | 动因词:存储,芯片;含非经常增厚(公允价值变动),幅度打折
 A 6 000973 佛塑科技 电池类 自动初判 | 动因词:电池(题材业务=业绩来源)
 A 6 301536 星宸科技 机器人/人形类 自动初判 | 动因词:元器件,半导体,存储,机器人(题材业务=业绩来源)
 A 6 603516 淳中科技 存储/半导体类 自动初判 | 动因词:元器件,存储,芯片;含非经常增厚(公允价值变动),幅度打折
 A 6 603316 诚邦股份 存储/半导体类 自动初判 | 动因词:半导体,存储(题材业务=业绩来源)
 A 6 600601 方正科技 AI算力类 自动初判 | 动因词:PCB(题材业务=业绩来源)
 A 6 001287 中电港 存储/半导体类 自动初判 | 动因词:人工智能,元器件,存储,数据中心(题材业务=业绩来源)
 A 6 688733 壹石通 电池类 自动初判 | 动因词:电池;含非经常增厚(补助),幅度打折
 A 6 605358 立昂微 存储/半导体类 自动初判 | 动因词:半导体,芯片(题材业务=业绩来源)
 A 6 300005 探路者 机器人/人形类 自动初判 | 动因词:芯片;含非经常增厚(汇兑),幅度打折
 A 6 300558 贝达药业 创新药类 自动初判 | 动因词:创新药(题材业务=业绩来源)
 A 6 603331 百达精工 机器人/人形类 自动初判 | 动因词:电池;含非经常增厚(资产处置),幅度打折
 A 6 688220 翱捷科技 存储/半导体类 自动初判 | 动因词:芯片;含非经常增厚(公允价值变动),幅度打折
 A 6 600292 电投水电 电力类 自动初判 | 动因词:电力(题材业务=业绩来源)
 A 6 300159 新研股份 商业航天类 自动初判 | 动因词:航天;含非经常增厚(重整),幅度打折
 A 6 300531 优博讯 存储/半导体类 自动初判 | 动因词:IDC(题材业务=业绩来源)
 A 6 002712 思美传媒 广告营销类 自动初判 | 动因词:广告营销(题材业务=业绩来源)
 A 6 000938 紫光股份 AI算力类 自动初判 | 动因词:人工智能,智算,算力(题材业务=业绩来源)
 A 6 000100 TCL科技 存储/半导体类 自动初判 | 动因词:半导体,存储(题材业务=业绩来源)
 A 6 300331 苏大维格 存储/半导体类 自动初判 | 动因词:半导体;含非经常增厚(补助),幅度打折
 A 6 605117 德业股份 电力类 自动初判 | 动因词:电力(题材业务=业绩来源)
 A 6 600550 保变电气 电网/特高压类 自动初判 | 动因词:电网(题材业务=业绩来源)
 A 6 688603 天承科技 存储/半导体类 自动初判 | 动因词:PCB(题材业务=业绩来源)
 A 6 603893 瑞芯微 存储/半导体类 自动初判 | 动因词:PCB,人工智能,存储,算力(题材业务=业绩来源)
 A 6 002741 光华科技 电池类 自动初判 | 动因词:PCB(题材业务=业绩来源)
 A 6 300199 翰宇药业 创新药类 自动初判 | 动因词:创新药(题材业务=业绩来源)
 A 6 601677 明泰铝业 机器人/人形类 自动初判 | 动因词:液冷,电池,覆铜板(题材业务=业绩来源)
 A 6 301165 锐捷网络 网络安全类 自动初判 | 动因词:数据中心(题材业务=业绩来源)
 A 6 605118 力鼎光电 军工/低空类 自动初判 | 动因词:低空,无人机(题材业务=业绩来源)
 A 5 601700 风范股份 电网/特高压类 自动初判 | 动因词:电力,电网;含非经常增厚(转让),幅度打折
 A 5 600116 三峡水利 电力类 自动初判 | 动因词:电力;含非经常增厚(处置收益,资产处置),幅度打折
 A 5 002653 海思科 创新药类 自动初判 | 动因词:创新药(题材业务=业绩来源)
 A 5 000672 上峰材料 存储/半导体类 自动初判 | 动因词:水泥;含非经常增厚(公允价值变动),幅度打折
 A 5 002452 长高电气 电网/特高压类 自动初判 | 动因词:输变电;含非经常增厚(公允价值变动,出售),幅度打折
 A 5 002156 通富微电 存储/半导体类 自动初判 | 动因词:AI算力,半导体,存储,算力(题材业务=业绩来源)
 A 5 688012 中微公司 存储/半导体类 自动初判 | 动因词:半导体(题材业务=业绩来源)
 A 5 002185 华天科技 存储/半导体类 自动初判 | 动因词:集成电路;含非经常增厚(公允价值变动),幅度打折
 A 5 000037 深南电A 电力类 自动初判 | 动因词:电力(题材业务=业绩来源)
 A 5 002793 罗欣药业 创新药类 自动初判 | 动因词:创新药(题材业务=业绩来源)
 A 5 688620 安凯微 存储/半导体类 自动初判 | 动因词:存储(题材业务=业绩来源)
 A 5 002805 丰元股份 电池类 自动初判 | 动因词:电池;含非经常增厚(补助),幅度打折
 A 5 000809 和展能源 电力类 自动初判 | 动因词:电力(题材业务=业绩来源)
 A 5 600525 长园集团 电网/特高压类 自动初判 | 动因词:智能电网,电网,电网设备;含非经常增厚(资产处置,转让),幅度打折
 A 5 688183 生益电子 AI算力类 自动初判 | 动因词:AI算力,算力(题材业务=业绩来源)
 A 5 300037 新宙邦 存储/半导体类 自动初判 | 动因词:半导体,电池,算力;含非经常增厚(补助),幅度打折
 A 5 300502 新易盛 AI算力类 自动初判 | 动因词:人工智能,算力(题材业务=业绩来源)
 A 5 600584 长电科技 存储/半导体类 自动初判 | 动因词:人工智能,半导体(题材业务=业绩来源)
 A 5 002077 大港股份 存储/半导体类 自动初判 | 动因词:集成电路;含非经常增厚(公允价值变动,补助),幅度打折
 A 5 301297 富乐德 存储/半导体类 自动初判 | 动因词:人工智能,半导体,数据中心,算力(题材业务=业绩来源)
 A 5 002463 沪电股份 AI算力类 自动初判 | 动因词:服务器(题材业务=业绩来源)
 A 5 002916 深南电路 存储/半导体类 自动初判 | 动因词:人工智能,存储,算力(题材业务=业绩来源)
 A 5 002108 沧州明珠 电池类 自动初判 | 动因词:电池(题材业务=业绩来源)
 A 5 600522 中天科技 机器人/人形类 自动初判 | 动因词:AI算力,算力;含非经常增厚(处置收益,补助,资产处置),幅度打折
 A 4 688205 德科立 AI算力类 自动初判 | 动因词:AI算力,数据中心,算力;含非经常增厚(公允价值变动),幅度打折
 A 4 688052 纳芯微 存储/半导体类 自动初判 | 动因词:AI算力,半导体,服务器,算力;含非经常增厚(公允价值变动),幅度打折
 A 4 603876 鼎胜新材 电池类 自动初判 | 动因词:电池(题材业务=业绩来源)
 A 4 600267 海正药业 创新药类 自动初判 | 动因词:创新药;含非经常增厚(处置收益,转让),幅度打折
 A 4 301369 联动科技 存储/半导体类 自动初判 | 动因词:半导体(题材业务=业绩来源)
 A 4 300548 长芯博创 存储/半导体类 自动初判 | 动因词:人工智能,算力(题材业务=业绩来源)
 A 4 002396 星网锐捷 AI算力类 自动初判 | 动因词:数据中心;含非经常增厚(公允价值变动,转让),幅度打折
 A 4 688008 澜起科技 存储/半导体类 自动初判 | 动因词:芯片;含非经常增厚(公允价值变动),幅度打折
 A 4 688668 鼎通科技 AI算力类 自动初判 | 动因词:人工智能,数据中心,液冷(题材业务=业绩来源)
 A 2 603083 剑桥科技 AI算力类 自动初判 | 动因词:光模块;含非经常增厚(汇兑),幅度打折
[机器人/人形类] 88只: 埃斯顿 宇树科技 拓斯达 祥源新材 宁波韵升 震裕科技 三瑞智能 雷赛智能 金力永磁 富瀚微 凯尔达 东方精工 博杰股份 星宸科技 雅创电子 盛视科技 好上好 银宝山新 全志科技 江苏北人 百达精工 音飞储存 亿纬锂能 睿能科技 永创智能 松霖科技 中重科技 飞荣达 亿道信息 富春染织 赣锋锂业 凌云光 传智教育 风语筑 方正电机 恒星科技 永茂泰 协创数据 视源股份 福日电子 智微智能 宁波华翔 新安股份 北纬科技 赛意信息 顺景科技 悦心健康 道恩股份 华锐精密 探路者 东方嘉盛 盈趣科技 中电鑫龙 金证股份 德新科技 联诚精密 厦门钨业 九联科技 日发精机 银河电子 证通电子 北投科技 岱勒新材 东风科技 工业富联 威海广泰 海得控制 银禧科技 同花顺 韶能股份 朗迪集团 中伟新材 科达制造 泽宇智能 天娱数科 金固股份 中润光学 涛涛车业 华勤技术 宝通科技 天和磁材 中天科技 天桥起重 蔚蓝锂芯 中科创达 明泰铝业 中原内配 新北洋
[存储/半导体类] 71只: 北斗星通 长鑫科技 南网数字 兆易创新 联讯仪器 联芸科技 东芯股份 君正股份 大普微 淳中科技 富满微 复旦微电 新朋股份 诚邦股份 通富微电 大为股份 中微公司 华天科技 航锦科技 云汉芯城 纳芯微 中电港 安凯微 立昂微 同兴达 奔图科技 德赛电池 联动科技 TCL科技 实益达 士兰微 中微半导 长芯博创 苏州固锝 长电科技 苏大维格 富乐德 福斯特 超纯应材 澜起科技 天承科技 瑞芯微 中晶科技 深圳华强 嘉立创 深南电路 海光信息 上峰材料 智光电气 泰和科技 华东重机 翱捷科技 优博讯 新宙邦 波长光电 大港股份 京泉华 京东方A 中熔电气 海立股份 华凯易佰 茶花股份 力量钻石 滨化股份 合盛硅业 美联新材 西陇科学 天洋新材 常青科技 北京利尔 三祥新材
[电池类] 71只: 天齐锂业 富祥股份 五矿新能 中矿资源 融捷股份 鹏辉能源 恩捷股份 天赐材料 多氟多 石大胜华 佛塑科技 信德新材 龙蟠科技 西藏矿业 金鹰股份 杉杉股份 坤彩科技 中利集团 容百科技 诺德股份 永杉锂业 永杰新材 丰元股份 壹石通 永兴材料 联泓新科 鼎胜新材 双星新材 川能动力 海博思创 藏格矿业 和胜股份 安孚科技 盛屯矿业 湘潭电化 光华科技 当升科技 沧州明珠 璞源材料 华丰股份 诚志股份 天原股份 华昌化工 嘉元科技 海德股份 和邦生物 奥来德 安纳达 盛新锂能 钒钛股份 云铝股份 东方锆业 神火股份 浙富控股 盐湖股份 卫星化学 白银有色 恒力石化 三友化工 西部矿业 潞化科技 北方稀土 铜陵有色 天山铝业 江西铜业 海南矿业 鹏欣资源 钛能化学 德冠新材 孚日股份 慈星股份
[AI算力类] 51只: 东方材料 天津普林 罗曼股份 浪潮信息 德科立 方正科技 移为通信 剑桥科技 红板科技 生益电子 紫光股份 中国长城 新易盛 星网锐捷 恒润股份 沪电股份 世纪华通 鼎通科技 科华数据 莲花控股 特发信息 人民网 方大集团 拉卡拉 统一股份 宇顺电子 大恒科技 歌华有线 游族网络 奥飞娱乐 华宏科技 木林森 海南高速 金山办公 创维数字 北方铜业 丽人丽妆 巨人网络 视觉中国 康惠股份 杭钢股份 凯撒文化 中金岭南 包钢股份 吉宏股份 福蓉科技 中国铝业 生物股份 青木科技 兴通股份 恺英网络
[军工/低空类] 28只: 星网宇达 高德红外 华强科技 奥普光电 力鼎光电 航天彩虹 中兵红箭 中无人机 一汽解放 厦门信达 建新股份 南天信息 渤海租赁 四川长虹 苏州高新 中国船舶 景兴纸业 神马股份 神力股份 深圳机场 泰和新材 中通国脉 隆达股份 韵达股份 驰宏锌锗 航发动力 中船防务 汇嘉时代
[电力类] 26只: 盘江股份 三峡水利 立新能源 广西能源 恒大高新 大连热电 深南电A 新联电子 福华尚纬 和展能源 电投水电 西昌电力 长源电力 黔源电力 湖南发展 德业股份 富春环保 郴电国际 圣元环保 佳电股份 华孚时尚 东方新能 八方股份 越秀资本 山高环能 冠农股份
[化学制品类] 15只: 鼎际得 东岳硅材 雅化集团 永太科技 乐通股份 闰土股份 永冠新材 丽臣实业 德美化工 山东赫达 永和股份 万华化学 恒兴新材 兄弟科技 莱茵生物
[锂电/固态电池类] 15只: 动力新科 西上海 青岛双星 常青股份 通达电气 圣龙股份 保隆科技 远东传动 岱美股份 申达股份 通用股份 金龙汽车 天成自控 绿控传动 中通客车
[创新药类] 13只: 海思科 美迪西 罗欣药业 贝达药业 海正药业 华海药业 翰宇药业 石药创新 荣昌生物 润都股份 金城医药 联环药业 石药景峰
[电网/特高压类] 12只: 风范股份 大连电瓷 力源信息 长园集团 保变电气 长高电气 柘中股份 大烨智能 中山公用 宝胜股份 中成股份 东方铁塔
[医疗服务类] 8只: 昭衍新药 百奥赛图 金域医学 九安医疗 开开实业 九芝堂 联化科技 药康生物
[房地产开类] 7只: 中洲控股 世荣兆业 亚通股份 盈新发展 新黄浦 金科股份 上海临港
[商业航天类] 6只: 长江通信 中国卫星 三维通信 中天火箭 新研股份 富临运业
[服装家纺类] 6只: 哈森股份 盛泰集团 安正时尚 欣贺股份 三夫户外 金发拉比
[通用设备类] 5只: 华曙高科 永和智控 美畅股份 晋亿实业 银龙股份
[网络安全类] 4只: 三六零 启明星辰 锐捷网络 东方通信
[环境治理类] 3只: 飞南资源 大地海洋 绿城水务
[包装印刷类] 3只: 上海艾录 昇兴股份 众鑫股份
[饮料乳品类] 3只: 天润乳业 佳禾食品 香飘飘
[广告营销类] 2只: 思美传媒 遥望科技
[水泥类] 2只: 华新建材 四方新材
[基础建设类] 1只: 交投生态
[元件类] 1只: 富森美

[RC] 0

[RETRY2 2026-09-29T19:23:02.487042] 龙虎榜双源校验 ['龙虎榜双源校验.py', '20260929']
[pass] 龙虎榜双源校验_20260929.json 可比=56 一致=27 分歧=12 强矛盾=6 打折=11
  强矛盾 000560 我爱我家 源1=-0.0151亿 源2=1.0294亿
  强矛盾 002827 高争民爆 源1=-0.1993亿 源2=1.4951亿
  强矛盾 301689 电科思仪 源1=-1.1507亿 源2=0.4042亿
  强矛盾 600815 厦工股份 源1=-1.163亿 源2=0.9679亿
  强矛盾 601218 吉鑫科技 源1=-0.0376亿 源2=1.5452亿
  强矛盾 603823 百合花 源1=-1.1674亿 源2=0.6823亿

[RC] 0

[RETRY2 2026-09-29T19:23:02.975195] 风险日历 ['风险日历.py', '20260929']
{'schema_version': 1, 'capability': 'risk_calendar', 'date': '20260929', 'status': 'pass', 'sources': ['_学习/_交易日历.json', '_学习/风险事件_20260929.json', '东财 RPT_LIFT_STAGE', '东财 RPT_SHAREBONUS_DET'], 'metrics': {'is_trading_day': True, 'event_source_present': True, 'event_source_status': 'pass', '事件条数': 42, '覆盖维度': ['限售解禁', '分红除权'], '未接入维度': ['财报披露日历', '股东大会', '业绩预告']}, 'errors': [], 'note': '事件源缺失/降级时保持partial；不把缺事件解释成无风险；未接入维度=财报披露日历/股东大会/业绩预告（不得据此声称无此类风险）'}

[RC] 0

[RETRY2 2026-09-29T19:23:03.694412] 竞价撤单差分 ['竞价撤单差分.py', '20260929']
{'schema_version': 1, 'capability': 'auction_cancel_diff', 'date': '20260929', 'status': 'pass', 'sources': ['盘中/20260929/auction_traj.jsonl'], 'metrics': {'codes_with_pre_post': 33, 'trajectory_codes': 33}, 'errors': [], 'note': '差分是价格/匹配轨迹位移代理，不把它命名为逐笔撤单量'}

[RC] 0

[RETRY2 2026-09-29T19:23:04.262622] 开盘验证维 ['开盘验证维.py', '20260929']
{'schema_version': 1, 'capability': 'open_verification', 'date': '20260929', 'status': 'pass', 'sources': ['盘中/20260929/realtime_ticks.jsonl'], 'metrics': {'verified_codes': 33, 'min_samples_per_code': 2}, 'errors': [], 'note': '只验证已采集窗口，不从收盘或竞价单帧补造开盘表现'}

[RC] 0

[RETRY2 2026-09-29T19:23:04.794584] 日内温度曲线 ['日内温度曲线.py', '20260929']
{'schema_version': 1, 'capability': 'intraday_temperature_curve', 'date': '20260929', 'status': 'pass', 'sources': ['盘中/20260929/realtime_ticks.jsonl'], 'metrics': {'time_points': 333}, 'errors': [], 'note': '该曲线是观察池样本分布，不等同全市场温度；样本不足不输出结论', 'curve': [{'ts': '2026-09-29 09:31:04', 'n': 33, 'up': 18, 'flat': 0, 'down': 15, 'mean_pct': 1.1906}, {'ts': '2026-09-29 09:32:04', 'n': 33, 'up': 18, 'flat': 1, 'down': 14, 'mean_pct': 1.8755}, {'ts': '2026-09-29 09:33:04', 'n': 33, 'up': 18, 'flat': 0, 'down': 15, 'mean_pct': 2.17}, {'ts': '2026-09-29 09:34:04', 'n': 33, 'up': 19, 'flat': 0, 'down': 14, 'mean_pct': 2.1179}, {'ts': '2026-09-29 09:35:04', 'n': 33, 'up': 18, 'flat': 1, 'down': 14, 'mean_pct': 2.3403}, {'ts': '2026-09-29 09:36:05', 'n': 33, 'up': 17, 'flat': 0, 'down': 16, 'mean_pct': 2.2012}, {'ts': '2026-09-29 09:37:05', 'n': 33, 'up': 19, 'flat': 0, 'down': 14, 'mean_pct': 2.4739}, {'ts': '2026-09-29 09:38:05', 'n': 33, 'up': 19, 'flat': 1, 'down': 13, 'mean_pct': 2.677}, {'ts': '2026-09-29 09:39:05', 'n': 33, 'up': 20, 'flat': 0, 'down': 13, 'mean_pct': 2.3752}, {'ts': '2026-09-29 09:40:05', 'n': 33, 'up': 21, 'flat': 0, 'down': 12, 'mean_pct': 2.4882}, {'ts': '2026-09-29 09:41:06', 'n': 33, 'up': 22, 'flat': 0, 'down': 11, 'mean_pct': 2.8015}, {'ts': '2026-09-29 09:42:06', 'n': 33, 'up': 22, 'flat': 0, 'down': 11, 'mean_pct': 2.8118}, {'ts': '2026-09-29 09:43:06', 'n': 33, 'up': 22, 'flat': 0, 'down': 11, 'mean_pct': 2.8658}, {'ts': '2026-09-29 09:44:06', 'n': 33, 'up': 22, 'flat': 0, 'down': 11, 'mean_pct': 2.8473}, {'ts': '2026-09-29 09:45:06', 'n': 33, 'up': 22, 'flat': 0, 'down': 11, 'mean_pct': 2.797}, {'ts': '2026-09-29 09:46:06', 'n': 33, 'up': 22, 'flat': 0, 'down': 11, 'mean_pct': 2.8321}, {'ts': '2026-09-29 09:47:07', 'n': 33, 'up': 22, 'flat': 0, 'down': 11, 'mean_pct': 2.8212}, {'ts': '2026-09-29 09:48:07', 'n': 33, 'up': 23, 'flat': 0, 'down': 10, 'mean_pct': 2.8606}, {'ts': '2026-09-29 09:49:07', 'n': 33, 'up': 22, 'flat': 1, 'down': 10, 'mean_pct': 2.8539}, {'ts': '2026-09-29 09:50:07', 'n': 33, 'up': 21, 'flat': 3, 'down': 9, 'mean_pct': 2.76}, {'ts': '2026-09-29 09:51:07', 'n': 33, 'up': 23, 'flat': 0, 'down': 10, 'mean_pct': 2.7658}, {'ts': '2026-09-29 09:52:07', 'n': 33, 'up': 23, 'flat': 1, 'down': 9, 'mean_pct': 2.7682}, {'ts': '2026-09-29 09:53:08', 'n': 33, 'up': 23, 'flat': 0, 'down': 10, 'mean_pct': 2.8961}, {'ts': '2026-09-29 09:54:08', 'n': 33, 'up': 23, 'flat': 1, 'down': 9, 'mean_pct': 2.9488}, {'ts': '2026-09-29 09:55:08', 'n': 33, 'up': 23, 'flat': 0, 'down': 10, 'mean_pct': 2.8921}, {'ts': '2026-09-29 09:56:08', 'n': 33, 'up': 22, 'flat': 0, 'down': 11, 'mean_pct': 2.8079}, {'ts': '2026-09-29 09:57:08', 'n': 33, 'up': 21, 'flat': 1, 'down': 11, 'mean_pct': 2.7961}, {'ts': '2026-09-29 09:58:08', 'n': 33, 'up': 22, 'flat': 1, 'down': 10, 'mean_pct': 2.6979}, {'ts': '2026-09-29 09:59:09', 'n': 33, 'up': 22, 'flat': 0, 'down': 11, 'mean_pct': 2.8167}, {'ts': '2026-09-29 10:00:09', 'n': 33, 'up': 22, 'flat': 0, 'down': 11, 'mean_pct': 2.9833}, {'ts': '2026-09-29 10:01:09', 'n': 33, 'up': 21, 'flat': 1, 'down': 11, 'mean_pct': 2.8397}, {'ts': '2026-09-29 10:02:09', 'n': 33, 'up': 21, 'flat': 1, 'down': 11, 'mean_pct': 2.7979}, {'ts': '2026-09-29 10:03:09', 'n': 33, 'up': 21, 'flat': 0, 'down': 12, 'mean_pct': 2.8536}, {'ts': '2026-09-29 10:04:10', 'n': 33, 'up': 22, 'flat': 0, 'down': 11, 'mean_pct': 2.9236}, {'ts': '2026-09-29 10:05:10', 'n': 33, 'up': 22, 'flat': 0, 'down': 11, 'mean_pct': 2.8964}, {'ts': '2026-09-29 10:06:10', 'n': 33, 'up': 21, 'flat': 0, 'down': 12, 'mean_pct': 2.8385}, {'ts': '2026-09-29 10:07:10', 'n': 33, 'up': 21, 'flat': 0, 'down': 12, 'mean_pct': 2.8952}, {'ts': '2026-09-29 10:08:10', 'n': 33, 'up': 21, 'flat': 0, 'down': 12, 'mean_pct': 2.887}, {'ts': '2026-09-29 10:09:11', 'n': 33, 'up': 21, 'flat': 1, 'down': 11, 'mean_pct': 2.977}, {'ts': '2026-09-29 10:10:11', 'n': 33, 'up': 21, 'flat': 1, 'down': 11, 'mean_pct': 2.9109}, {'ts': '2026-09-29 10:11:11', 'n': 33, 'up': 21, 'flat': 1, 'down': 11, 'mean_pct': 3.0509}, {'ts': '2026-09-29 10:12:11', 'n': 33, 'up': 22, 'flat': 0, 'down': 11, 'mean_pct': 3.1712}, {'ts': '2026-09-29 10:13:11', 'n': 33, 'up': 22, 'flat': 0, 'down': 11, 'mean_pct': 3.3079}, {'ts': '2026-09-29 10:14:11', 'n': 33, 'up': 22, 'flat': 0, 'down': 11, 'mean_pct': 3.1897}, {'ts': '2026-09-29 10:15:12', 'n': 33, 'up': 22, 'flat': 0, 'down': 11, 'mean_pct': 3.2958}, {'ts': '2026-09-29 10:16:12', 'n': 33, 'up': 22, 'flat': 0, 'down': 11, 'mean_pct': 3.2361}, {'ts': '2026-09-29 10:17:12', 'n': 33, 'up': 22, 'flat': 0, 'down': 11, 'mean_pct': 3.2294}, {'ts': '2026-09-29 10:18:12', 'n': 33, 'up': 22, 'flat': 0, 'down': 11, 'mean_pct': 3.1564}, {'ts': '2026-09-29 10:19:12', 'n': 33, 'up': 22, 'flat': 0, 'down': 11, 'mean_pct': 3.1209}, {'ts': '2026-09-29 10:20:13', 'n': 33, 'up': 22, 'flat': 0, 'down': 11, 'mean_pct': 3.1821}, {'ts': '2026-09-29 10:21:13', 'n': 33, 'up': 22, 'flat': 0, 'down': 11, 'mean_pct': 3.1779}, {'ts': '2026-09-29 10:22:13', 'n': 33, 'up': 22, 'flat': 0, 'down': 11, 'mean_pct': 3.1139}, {'ts': '2026-09-29 10:23:13', 'n': 33, 'up': 22, 'flat': 0, 'down': 11, 'mean_pct': 3.1794}, {'ts': '2026-09-29 10:24:13', 'n': 33, 'up': 22, 'flat': 0, 'down': 11, 'mean_pct': 3.1967}, {'ts': '2026-09-29 10:25:13', 'n': 33, 'up': 22, 'flat': 0, 'down': 11, 'mean_pct': 3.1936}, {'ts': '2026-09-29 10:26:14', 'n': 33, 'up': 22, 'flat': 0, 'down': 11, 'mean_pct': 3.1564}, {'ts': '2026-09-29 10:27:14', 'n': 33, 'up': 22, 'flat': 0, 'down': 11, 'mean_pct': 3.1}, {'ts': '2026-09-29 10:28:14', 'n': 33, 'up': 22, 'flat': 0, 'down': 11, 'mean_pct': 3.2194}, {'ts': '2026-09-29 10:29:14', 'n': 33, 'up': 22, 'flat': 0, 'down': 11, 'mean_pct': 3.1576}, {'ts': '2026-09-29 10:30:14', 'n': 33, 'up': 22, 'flat': 0, 'down': 11, 'mean_pct': 3.2027}, {'ts': '2026-09-29 10:31:14', 'n': 33, 'up': 22, 'flat': 0, 'down': 11, 'mean_pct': 3.1842}, {'ts': '2026-09-29 10:32:15', 'n': 33, 'up': 22, 'flat': 0, 'down': 11, 'mean_pct': 3.2891}, {'ts': '2026-09-29 10:33:15', 'n': 33, 'up': 22, 'flat': 0, 'down': 11, 'mean_pct': 3.2124}, {'ts': '2026-09-29 10:34:15', 'n': 33, 'up': 22, 'flat': 0, 'down': 11, 'mean_pct': 3.1279}, {'ts': '2026-09-29 10:35:15', 'n': 33, 'up': 22, 'flat': 0, 'down': 11, 'mean_pct': 3.1415}, {'ts': '2026-09-29 10:36:15', 'n': 33, 'up': 22, 'flat': 0, 'down': 11, 'mean_pct': 3.1233}, {'ts': '2026-09-29 10:37:16', 'n': 33, 'up': 22, 'flat': 0, 'down': 11, 'mean_pct': 3.163}, {'ts': '2026-09-29 10:38:16', 'n': 33, 'up': 22, 'flat': 0, 'down': 11, 'mean_pct': 3.2058}, {'ts': '2026-09-29 10:39:16', 'n': 33, 'up': 22, 'flat': 0, 'down': 11, 'mean_pct': 3.1167}, {'ts': '2026-09-29 10:40:16', 'n': 33, 'up': 22, 'flat': 0, 'down': 11, 'mean_pct': 3.0936}, {'ts': '2026-09-29 10:41:16', 'n': 33, 'up': 22, 'flat': 0, 'down': 11, 'mean_pct': 3.0967}, {'ts': '2026-09-29 10:42:17', 'n': 33, 'up': 22, 'flat': 0, 'down': 11, 'mean_pct': 3.0645}, {'ts': '2026-09-29 10:43:17', 'n': 33, 'up': 22, 'flat': 0, 'down': 11, 'mean_pct': 3.0967}, {'ts': '2026-09-29 10:44:17', 'n': 33, 'up': 22, 'flat': 0, 'down': 11, 'mean_pct': 3.1385}, {'ts': '2026-09-29 10:45:17', 'n': 33, 'up': 22, 'flat': 0, 'down': 11, 'mean_pct': 3.147}, {'ts': '2026-09-29 10:46:17', 'n': 33, 'up': 22, 'flat': 0, 'down': 11, 'mean_pct': 3.0658}, {'ts': '2026-09-29 10:47:17', 'n': 33, 'up': 22, 'flat': 0, 'down': 11, 'mean_pct': 3.0536}, {'ts': '2026-09-29 10:48:18', 'n': 33, 'up': 22, 'flat': 0, 'down': 11, 'mean_pct': 2.9982}, {'ts': '2026-09-29 10:49:18', 'n': 33, 'up': 22, 'flat': 0, 'down': 11, 'mean_pct': 3.0139}, {'ts': '2026-09-29 10:50:18', 'n': 33, 'up': 22, 'flat': 0, 'down': 11, 'mean_pct': 2.9967}, {'ts': '2026-09-29 10:51:18', 'n': 33, 'up': 22, 'flat': 0, 'down': 11, 'mean_pct': 3.0055}, {'ts': '2026-09-29 10:52:18', 'n': 33, 'up': 22, 'flat': 0, 'down': 11, 'mean_pct': 2.9982}, {'ts': '2026-09-29 10:53:19', 'n': 33, 'up': 22, 'flat': 0, 'down': 11, 'mean_pct': 3.0052}, {'ts': '2026-09-29 10:54:19', 'n': 33, 'up': 22, 'flat': 0, 'down': 11, 'mean_pct': 3.02}, {'ts': '2026-09-29 10:55:19', 'n': 33, 'up': 22, 'flat': 0, 'down': 11, 'mean_pct': 3.013}, {'ts': '2026-09-29 10:56:19', 'n': 33, 'up': 22, 'flat': 0, 'down': 11, 'mean_pct': 3.0097}, {'ts': '2026-09-29 10:57:19', 'n': 33, 'up': 22, 'flat': 0, 'down': 11, 'mean_pct': 2.9418}, {'ts': '2026-09-29 10:58:19', 'n': 33, 'up': 22, 'flat': 0, 'down': 11, 'mean_pct': 2.9867}, {'ts': '2026-09-29 10:59:20', 'n': 33, 'up': 22, 'flat': 0, 'down': 11, 'mean_pct': 3.0803}, {'ts': '2026-09-29 11:00:20', 'n': 33, 'up': 21, 'flat': 1, 'down': 11, 'mean_pct': 3.0424}, {'ts': '2026-09-29 11:01:20', 'n': 33, 'up': 22, 'flat': 0, 'down': 11, 'mean_pct': 3.0209}, {'ts': '2026-09-29 11:02:20', 'n': 33, 'up': 22, 'flat': 0, 'down': 11, 'mean_pct': 3.02}, {'ts': '2026-09-29 11:03:20', 'n': 33, 'up': 21, 'flat': 1, 'down': 11, 'mean_pct': 3.0567}, {'ts': '2026-09-29 11:04:20', 'n': 33, 'up': 21, 'flat': 1, 'down': 11, 'mean_pct': 3.0018}, {'ts': '2026-09-29 11:05:21', 'n': 33, 'up': 21, 'flat': 1, 'down': 11, 'mean_pct': 2.9412}, {'ts': '2026-09-29 11:06:21', 'n': 33, 'up': 22, 'flat': 0, 'down': 11, 'mean_pct': 2.9579}, {'ts': '2026-09-29 11:07:21', 'n': 33, 'up': 22, 'flat': 0, 'down': 11, 'mean_pct': 2.9955}, {'ts': '2026-09-29 11:08:21', 'n': 33, 'up': 22, 'flat': 0, 'down': 11, 'mean_pct': 3.0264}, {'ts': '2026-09-29 11:09:21', 'n': 33, 'up': 22, 'flat': 0, 'down': 11, 'mean_pct': 2.9967}, {'ts': '2026-09-29 11:10:21', 'n': 33, 'up': 22, 'flat': 0, 'down': 11, 'mean_pct': 3.0073}, {'ts': '2026-09-29 11:11:22', 'n': 33, 'up': 22, 'flat': 0, 'down': 11, 'mean_pct': 3.0048}, {'ts': '2026-09-29 11:12:22', 'n': 33, 'up': 22, 'flat': 0, 'down': 11, 'mean_pct': 3.0245}, {'ts': '2026-09-29 11:13:22', 'n': 33, 'up': 22, 'flat': 0, 'down': 11, 'mean_pct': 3.037}, {'ts': '2026-09-29 11:14:22', 'n': 33, 'up': 22, 'flat': 0, 'down': 11, 'mean_pct': 3.0567}, {'ts': '2026-09-29 11:15:22', 'n': 33, 'up': 22, 'flat': 0, 'down': 11, 'mean_pct': 3.03}, {'ts': '2026-09-29 11:16:22', 'n': 33, 'up': 22, 'flat': 0, 'down': 11, 'mean_pct': 3.0148}, {'ts': '2026-09-29 11:17:23', 'n': 33, 'up': 22, 'flat': 0, 'down': 11, 'mean_pct': 3.0952}, {'ts': '2026-09-29 11:18:23', 'n': 33, 'up': 22, 'flat': 0, 'down': 11, 'mean_pct': 3.1067}, {'ts': '2026-09-29 11:19:23', 'n': 33, 'up': 22, 'flat': 0, 'down': 11, 'mean_pct': 3.1885}, {'ts': '2026-09-29 11:20:23', 'n': 33, 'up': 22, 'flat': 0, 'down': 11, 'mean_pct': 3.163}, {'ts': '2026-09-29 11:21:23', 'n': 33, 'up': 22, 'flat': 0, 'down': 11, 'mean_pct': 3.1973}, {'ts': '2026-09-29 11:22:24', 'n': 33, 'up': 22, 'flat': 0, 'down': 11, 'mean_pct': 3.1485}, {'ts': '2026-09-29 11:23:24', 'n': 33, 'up': 22, 'flat': 0, 'down': 11, 'mean_pct': 3.163}, {'ts': '2026-09-29 11:24:24', 'n': 33, 'up': 20, 'flat': 2, 'down': 11, 'mean_pct': 3.1021}, {'ts': '2026-09-29 11:25:24', 'n': 33, 'up': 22, 'flat': 0, 'down': 11, 'mean_pct': 3.2279}, {'ts': '2026-09-29 11:26:24', 'n': 33, 'up': 21, 'flat': 1, 'down': 11, 'mean_pct': 3.3021}, {'ts': '2026-09-29 11:27:24', 'n': 33, 'up': 21, 'flat': 0, 'down': 12, 'mean_pct': 3.2452}, {'ts': '2026-09-29 11:28:25', 'n': 33, 'up': 21, 'flat': 0, 'down': 12, 'mean_pct': 3.3018}, {'ts': '2026-09-29 11:29:25', 'n': 33, 'up': 21, 'flat': 0, 'down': 12, 'mean_pct': 3.2897}, {'ts': '2026-09-29 11:30:25', 'n': 33, 'up': 21, 'flat': 1, 'down': 11, 'mean_pct': 3.37}, {'ts': '2026-09-29 11:31:25', 'n': 33, 'up': 21, 'flat': 1, 'down': 11, 'mean_pct': 3.37}, {'ts': '2026-09-29 11:32:25', 'n': 33, 'up': 21, 'flat': 1, 'down': 11, 'mean_pct': 3.37}, {'ts': '2026-09-29 11:33:26', 'n': 33, 'up': 21, 'flat': 1, 'down': 11, 'mean_pct': 3.37}, {'ts': '2026-09-29 11:34:26', 'n': 33, 'up': 21, 'flat': 1, 'down': 11, 'mean_pct': 3.37}, {'ts': '2026-09-29 11:35:26', 'n': 33, 'up': 21, 'flat': 1, 'down': 11, 'mean_pct': 3.37}, {'ts': '2026-09-29 11:36:26', 'n': 33, 'up': 21, 'flat': 1, 'down': 11, 'mean_pct': 3.37}, {'ts': '2026-09-29 11:37:26', 'n': 33, 'up': 21, 'flat': 1, 'down': 11, 'mean_pct': 3.37}, {'ts': '2026-09-29 11:38:26', 'n': 33, 'up': 21, 'flat': 1, 'down': 11, 'mean_pct': 3.37}, {'ts': '2026-09-29 11:39:27', 'n': 33, 'up': 21, 'flat': 1, 'down': 11, 'mean_pct': 3.37}, {'ts': '2026-09-29 11:40:27', 'n': 33, 'up': 21, 'flat': 1, 'down': 11, 'mean_pct': 3.37}, {'ts': '2026-09-29 11:41:27', 'n': 33, 'up': 21, 'flat': 1, 'down': 11, 'mean_pct': 3.37}, {'ts': '2026-09-29 11:42:27', 'n': 33, 'up': 21, 'flat': 1, 'down': 11, 'mean_pct': 3.37}, {'ts': '2026-09-29 11:43:27', 'n': 33, 'up': 21, 'flat': 1, 'down': 11, 'mean_pct': 3.37}, {'ts': '2026-09-29 11:44:28', 'n': 33, 'up': 21, 'flat': 1, 'down': 11, 'mean_pct': 3.37}, {'ts': '2026-09-29 11:45:28', 'n': 33, 'up': 21, 'flat': 1, 'down': 11, 'mean_pct': 3.37}, {'ts': '2026-09-29 11:46:28', 'n': 33, 'up': 21, 'flat': 1, 'down': 11, 'mean_pct': 3.37}, {'ts': '2026-09-29 11:47:28', 'n': 33, 'up': 21, 'flat': 1, 'down': 11, 'mean_pct': 3.37}, {'ts': '2026-09-29 11:48:28', 'n': 33, 'up': 21, 'flat': 1, 'down': 11, 'mean_pct': 3.37}, {'ts': '2026-09-29 11:49:28', 'n': 33, 'up': 21, 'flat': 1, 'down': 11, 'mean_pct': 3.37}, {'ts': '2026-09-29 11:50:29', 'n': 33, 'up': 21, 'flat': 1, 'down': 11, 'mean_pct': 3.37}, {'ts': '2026-09-29 11:51:29', 'n': 33, 'up': 21, 'flat': 1, 'down': 11, 'mean_pct': 3.37}, {'ts': '2026-09-29 11:52:29', 'n': 33, 'up': 21, 'flat': 1, 'down': 11, 'mean_pct': 3.37}, {'ts': '2026-09-29 11:53:29', 'n': 33, 'up': 21, 'flat': 1, 'down': 11, 'mean_pct': 3.37}, {'ts': '2026-09-29 11:54:29', 'n': 33, 'up': 21, 'flat': 1, 'down': 11, 'mean_pct': 3.37}, {'ts': '2026-09-29 11:55:30', 'n': 33, 'up': 21, 'flat': 1, 'down': 11, 'mean_pct': 3.37}, {'ts': '2026-09-29 11:56:30', 'n': 33, 'up': 21, 'flat': 1, 'down': 11, 'mean_pct': 3.37}, {'ts': '2026-09-29 11:57:30', 'n': 33, 'up': 21, 'flat': 1, 'down': 11, 'mean_pct': 3.37}, {'ts': '2026-09-29 11:58:30', 'n': 33, 'up': 21, 'flat': 1, 'down': 11, 'mean_pct': 3.37}, {'ts': '2026-09-29 11:59:30', 'n': 33, 'up': 21, 'flat': 1, 'down': 11, 'mean_pct': 3.37}, {'ts': '2026-09-29 12:00:31', 'n': 33, 'up': 21, 'flat': 1, 'down': 11, 'mean_pct': 3.37}, {'ts': '2026-09-29 12:01:31', 'n': 33, 'up': 21, 'flat': 1, 'down': 11, 'mean_pct': 3.37}, {'ts': '2026-09-29 12:02:31', 'n': 33, 'up': 21, 'flat': 1, 'down': 11, 'mean_pct': 3.37}, {'ts': '2026-09-29 12:03:31', 'n': 33, 'up': 21, 'flat': 1, 'down': 11, 'mean_pct': 3.37}, {'ts': '2026-09-29 12:04:31', 'n': 33, 'up': 21, 'flat': 1, 'down': 11, 'mean_pct': 3.37}, {'ts': '2026-09-29 12:05:31', 'n': 33, 'up': 21, 'flat': 1, 'down': 11, 'mean_pct': 3.37}, {'ts': '2026-09-29 12:06:32', 'n': 33, 'up': 21, 'flat': 1, 'down': 11, 'mean_pct': 3.37}, {'ts': '2026-09-29 12:07:32', 'n': 33, 'up': 21, 'flat': 1, 'down': 11, 'mean_pct': 3.37}, {'ts': '2026-09-29 12:08:32', 'n': 33, 'up': 21, 'flat': 1, 'down': 11, 'mean_pct': 3.37}, {'ts': '2026-09-29 12:09:32', 'n': 33, 'up': 21, 'flat': 1, 'down': 11, 'mean_pct': 3.37}, {'ts': '2026-09-29 12:10:32', 'n': 33, 'up': 21, 'flat': 1, 'down': 11, 'mean_pct': 3.37}, {'ts': '2026-09-29 12:11:32', 'n': 33, 'up': 21, 'flat': 1, 'down': 11, 'mean_pct': 3.37}, {'ts': '2026-09-29 12:12:33', 'n': 33, 'up': 21, 'flat': 1, 'down': 11, 'mean_pct': 3.37}, {'ts': '2026-09-29 12:13:33', 'n': 33, 'up': 21, 'flat': 1, 'down': 11, 'mean_pct': 3.37}, {'ts': '2026-09-29 12:14:33', 'n': 33, 'up': 21, 'flat': 1, 'down': 11, 'mean_pct': 3.37}, {'ts': '2026-09-29 12:15:33', 'n': 33, 'up': 21, 'flat': 1, 'down': 11, 'mean_pct': 3.37}, {'ts': '2026-09-29 12:16:33', 'n': 33, 'up': 21, 'flat': 1, 'down': 11, 'mean_pct': 3.37}, {'ts': '2026-09-29 12:17:33', 'n': 33, 'up': 21, 'flat': 1, 'down': 11, 'mean_pct': 3.37}, {'ts': '2026-09-29 12:18:34', 'n': 33, 'up': 21, 'flat': 1, 'down': 11, 'mean_pct': 3.37}, {'ts': '2026-09-29 12:19:34', 'n': 33, 'up': 21, 'flat': 1, 'down': 11, 'mean_pct': 3.37}, {'ts': '2026-09-29 12:20:34', 'n': 33, 'up': 21, 'flat': 1, 'down': 11, 'mean_pct': 3.37}, {'ts': '2026-09-29 12:21:34', 'n': 33, 'up': 21, 'flat': 1, 'down': 11, 'mean_pct': 3.37}, {'ts': '2026-09-29 12:22:34', 'n': 33, 'up': 21, 'flat': 1, 'down': 11, 'mean_pct': 3.37}, {'ts': '2026-09-29 12:23:34', 'n': 33, 'up': 21, 'flat': 1, 'down': 11, 'mean_pct': 3.37}, {'ts': '2026-09-29 12:24:35', 'n': 33, 'up': 21, 'flat': 1, 'down': 11, 'mean_pct': 3.37}, {'ts': '2026-09-29 12:25:35', 'n': 33, 'up': 21, 'flat': 1, 'down': 11, 'mean_pct': 3.37}, {'ts': '2026-09-29 12:26:35', 'n': 33, 'up': 21, 'flat': 1, 'down': 11, 'mean_pct': 3.37}, {'ts': '2026-09-29 12:27:35', 'n': 33, 'up': 21, 'flat': 1, 'down': 11, 'mean_pct': 3.37}, {'ts': '2026-09-29 12:28:35', 'n': 33, 'up': 21, 'flat': 1, 'down': 11, 'mean_pct': 3.37}, {'ts': '2026-09-29 12:29:35', 'n': 33, 'up': 21, 'flat': 1, 'down': 11, 'mean_pct': 3.37}, {'ts': '2026-09-29 12:30:36', 'n': 33, 'up': 21, 'flat': 1, 'down': 11, 'mean_pct': 3.37}, {'ts': '2026-09-29 12:31:36', 'n': 33, 'up': 21, 'flat': 1, 'down': 11, 'mean_pct': 3.37}, {'ts': '2026-09-29 12:32:36', 'n': 33, 'up': 21, 'flat': 1, 'down': 11, 'mean_pct': 3.37}, {'ts': '2026-09-29 12:33:36', 'n': 33, 'up': 21, 'flat': 1, 'down': 11, 'mean_pct': 3.37}, {'ts': '2026-09-29 12:34:36', 'n': 33, 'up': 21, 'flat': 1, 'down': 11, 'mean_pct': 3.37}, {'ts': '2026-09-29 12:35:36', 'n': 33, 'up': 21, 'flat': 1, 'down': 11, 'mean_pct': 3.37}, {'ts': '2026-09-29 12:36:37', 'n': 33, 'up': 21, 'flat': 1, 'down': 11, 'mean_pct': 3.37}, {'ts': '2026-09-29 12:37:37', 'n': 33, 'up': 21, 'flat': 1, 'down': 11, 'mean_pct': 3.37}, {'ts': '2026-09-29 12:38:37', 'n': 33, 'up': 21, 'flat': 1, 'down': 11, 'mean_pct': 3.37}, {'ts': '2026-09-29 12:39:37', 'n': 33, 'up': 21, 'flat': 1, 'down': 11, 'mean_pct': 3.37}, {'ts': '2026-09-29 12:40:37', 'n': 33, 'up': 21, 'flat': 1, 'down': 11, 'mean_pct': 3.37}, {'ts': '2026-09-29 12:41:37', 'n': 33, 'up': 21, 'flat': 1, 'down': 11, 'mean_pct': 3.37}, {'ts': '2026-09-29 12:42:38', 'n': 33, 'up': 21, 'flat': 1, 'down': 11, 'mean_pct': 3.37}, {'ts': '2026-09-29 12:43:38', 'n': 33, 'up': 21, 'flat': 1, 'down': 11, 'mean_pct': 3.37}, {'ts': '2026-09-29 12:44:38', 'n': 33, 'up': 21, 'flat': 1, 'down': 11, 'mean_pct': 3.37}, {'ts': '2026-09-29 12:45:38', 'n': 33, 'up': 21, 'flat': 1, 'down': 11, 'mean_pct': 3.37}, {'ts': '2026-09-29 12:46:38', 'n': 33, 'up': 21, 'flat': 1, 'down': 11, 'mean_pct': 3.37}, {'ts': '2026-09-29 12:47:38', 'n': 33, 'up': 21, 'flat': 1, 'down': 11, 'mean_pct': 3.37}, {'ts': '2026-09-29 12:48:39', 'n': 33, 'up': 21, 'flat': 1, 'down': 11, 'mean_pct': 3.37}, {'ts': '2026-09-29 12:49:39', 'n': 33, 'up': 21, 'flat': 1, 'down': 11, 'mean_pct': 3.37}, {'ts': '2026-09-29 12:50:39', 'n': 33, 'up': 21, 'flat': 1, 'down': 11, 'mean_pct': 3.37}, {'ts': '2026-09-29 12:51:39', 'n': 33, 'up': 21, 'flat': 1, 'down': 11, 'mean_pct': 3.37}, {'ts': '2026-09-29 12:52:39', 'n': 33, 'up': 21, 'flat': 1, 'down': 11, 'mean_pct': 3.37}, {'ts': '2026-09-29 12:53:39', 'n': 33, 'up': 21, 'flat': 1, 'down': 11, 'mean_pct': 3.37}, {'ts': '2026-09-29 12:54:40', 'n': 33, 'up': 21, 'flat': 1, 'down': 11, 'mean_pct': 3.37}, {'ts': '2026-09-29 12:55:40', 'n': 33, 'up': 21, 'flat': 1, 'down': 11, 'mean_pct': 3.37}, {'ts': '2026-09-29 12:56:40', 'n': 33, 'up': 21, 'flat': 1, 'down': 11, 'mean_pct': 3.37}, {'ts': '2026-09-29 12:57:40', 'n': 33, 'up': 21, 'flat': 1, 'down': 11, 'mean_pct': 3.37}, {'ts': '2026-09-29 12:58:40', 'n': 33, 'up': 21, 'flat': 1, 'down': 11, 'mean_pct': 3.37}, {'ts': '2026-09-29 12:59:41', 'n': 33, 'up': 21, 'flat': 1, 'down': 11, 'mean_pct': 3.37}, {'ts': '2026-09-29 13:00:41', 'n': 33, 'up': 22, 'flat': 0, 'down': 11, 'mean_pct': 3.3424}, {'ts': '2026-09-29 13:01:41', 'n': 33, 'up': 22, 'flat': 0, 'down': 11, 'mean_pct': 3.2479}, {'ts': '2026-09-29 13:02:41', 'n': 33, 'up': 22, 'flat': 0, 'down': 11, 'mean_pct': 3.2961}, {'ts': '2026-09-29 13:03:41', 'n': 33, 'up': 22, 'flat': 0, 'down': 11, 'mean_pct': 3.2882}, {'ts': '2026-09-29 13:04:41', 'n': 33, 'up': 22, 'flat': 0, 'down': 11, 'mean_pct': 3.3052}, {'ts': '2026-09-29 13:05:42', 'n': 33, 'up': 22, 'flat': 0, 'down': 11, 'mean_pct': 3.3376}, {'ts': '2026-09-29 13:06:42', 'n': 33, 'up': 21, 'flat': 1, 'down': 11, 'mean_pct': 3.3403}, {'ts': '2026-09-29 13:07:42', 'n': 33, 'up': 20, 'flat': 2, 'down': 11, 'mean_pct': 3.2858}, {'ts': '2026-09-29 13:08:42', 'n': 33, 'up': 21, 'flat': 0, 'down': 12, 'mean_pct': 3.2736}, {'ts': '2026-09-29 13:09:42', 'n': 33, 'up': 20, 'flat': 1, 'down': 12, 'mean_pct': 3.2467}, {'ts': '2026-09-29 13:10:43', 'n': 33, 'up': 21, 'flat': 0, 'down': 12, 'mean_pct': 3.1179}, {'ts': '2026-09-29 13:11:43', 'n': 33, 'up': 21, 'flat': 0, 'down': 12, 'mean_pct': 3.0773}, {'ts': '2026-09-29 13:12:43', 'n': 33, 'up': 20, 'flat': 1, 'down': 12, 'mean_pct': 3.1315}, {'ts': '2026-09-29 13:13:43', 'n': 33, 'up': 21, 'flat': 0, 'down': 12, 'mean_pct': 3.2124}, {'ts': '2026-09-29 13:14:43', 'n': 33, 'up': 21, 'flat': 0, 'down': 12, 'mean_pct': 3.1715}, {'ts': '2026-09-29 13:15:43', 'n': 33, 'up': 21, 'flat': 0, 'down': 12, 'mean_pct': 3.2124}, {'ts': '2026-09-29 13:16:44', 'n': 33, 'up': 21, 'flat': 0, 'down': 12, 'mean_pct': 3.2436}, {'ts': '2026-09-29 13:17:44', 'n': 33, 'up': 21, 'flat': 0, 'down': 12, 'mean_pct': 3.233}, {'ts': '2026-09-29 13:18:44', 'n': 33, 'up': 21, 'flat': 0, 'down': 12, 'mean_pct': 3.33}, {'ts': '2026-09-29 13:19:44', 'n': 33, 'up': 21, 'flat': 0, 'down': 12, 'mean_pct': 3.3276}, {'ts': '2026-09-29 13:20:44', 'n': 33, 'up': 21, 'flat': 0, 'down': 12, 'mean_pct': 3.3309}, {'ts': '2026-09-29 13:21:44', 'n': 33, 'up': 21, 'flat': 0, 'down': 12, 'mean_pct': 3.3088}, {'ts': '2026-09-29 13:22:45', 'n': 33, 'up': 21, 'flat': 0, 'down': 12, 'mean_pct': 3.327}, {'ts': '2026-09-29 13:23:45', 'n': 33, 'up': 21, 'flat': 0, 'down': 12, 'mean_pct': 3.2642}, {'ts': '2026-09-29 13:24:45', 'n': 33, 'up': 21, 'flat': 0, 'down': 12, 'mean_pct': 3.2891}, {'ts': '2026-09-29 13:25:45', 'n': 33, 'up': 21, 'flat': 1, 'down': 11, 'mean_pct': 3.2839}, {'ts': '2026-09-29 13:26:45', 'n': 33, 'up': 22, 'flat': 0, 'down': 11, 'mean_pct': 3.3133}, {'ts': '2026-09-29 13:27:45', 'n': 33, 'up': 22, 'flat': 0, 'down': 11, 'mean_pct': 3.3409}, {'ts': '2026-09-29 13:28:46', 'n': 33, 'up': 22, 'flat': 0, 'down': 11, 'mean_pct': 3.3221}, {'ts': '2026-09-29 13:29:46', 'n': 33, 'up': 22, 'flat': 0, 'down': 11, 'mean_pct': 3.3367}, {'ts': '2026-09-29 13:30:46', 'n': 33, 'up': 22, 'flat': 0, 'down': 11, 'mean_pct': 3.2861}, {'ts': '2026-09-29 13:31:46', 'n': 33, 'up': 22, 'flat': 0, 'down': 11, 'mean_pct': 3.1985}, {'ts': '2026-09-29 13:32:46', 'n': 33, 'up': 22, 'flat': 0, 'down': 11, 'mean_pct': 3.2942}, {'ts': '2026-09-29 13:33:47', 'n': 33, 'up': 22, 'flat': 0, 'down': 11, 'mean_pct': 3.3585}, {'ts': '2026-09-29 13:34:47', 'n': 33, 'up': 22, 'flat': 0, 'down': 11, 'mean_pct': 3.3806}, {'ts': '2026-09-29 13:35:47', 'n': 33, 'up': 22, 'flat': 0, 'down': 11, 'mean_pct': 3.2867}, {'ts': '2026-09-29 13:36:47', 'n': 33, 'up': 22, 'flat': 0, 'down': 11, 'mean_pct': 3.307}, {'ts': '2026-09-29 13:37:47', 'n': 33, 'up': 22, 'flat': 0, 'down': 11, 'mean_pct': 3.2382}, {'ts': '2026-09-29 13:38:47', 'n': 33, 'up': 22, 'flat': 0, 'down': 11, 'mean_pct': 3.1642}, {'ts': '2026-09-29 13:39:48', 'n': 33, 'up': 22, 'flat': 0, 'down': 11, 'mean_pct': 3.2006}, {'ts': '2026-09-29 13:40:48', 'n': 33, 'up': 22, 'flat': 0, 'down': 11, 'mean_pct': 3.2112}, {'ts': '2026-09-29 13:41:48', 'n': 33, 'up': 22, 'flat': 0, 'down': 11, 'mean_pct': 3.2997}, {'ts': '2026-09-29 13:42:48', 'n': 33, 'up': 21, 'flat': 1, 'down': 11, 'mean_pct': 3.2758}, {'ts': '2026-09-29 13:43:48', 'n': 33, 'up': 22, 'flat': 0, 'down': 11, 'mean_pct': 3.2921}, {'ts': '2026-09-29 13:44:48', 'n': 33, 'up': 22, 'flat': 0, 'down': 11, 'mean_pct': 3.2252}, {'ts': '2026-09-29 13:45:49', 'n': 33, 'up': 22, 'flat': 0, 'down': 11, 'mean_pct': 3.2321}, {'ts': '2026-09-29 13:46:49', 'n': 33, 'up': 22, 'flat': 0, 'down': 11, 'mean_pct': 3.24}, {'ts': '2026-09-29 13:47:49', 'n': 33, 'up': 22, 'flat': 0, 'down': 11, 'mean_pct': 3.2097}, {'ts': '2026-09-29 13:48:49', 'n': 33, 'up': 22, 'flat': 0, 'down': 11, 'mean_pct': 3.1991}, {'ts': '2026-09-29 13:49:49', 'n': 33, 'up': 22, 'flat': 0, 'down': 11, 'mean_pct': 3.197}, {'ts': '2026-09-29 13:50:49', 'n': 33, 'up': 21, 'flat': 0, 'down': 12, 'mean_pct': 3.2367}, {'ts': '2026-09-29 13:51:50', 'n': 33, 'up': 21, 'flat': 1, 'down': 11, 'mean_pct': 3.2703}, {'ts': '2026-09-29 13:52:50', 'n': 33, 'up': 22, 'flat': 0, 'down': 11, 'mean_pct': 3.2945}, {'ts': '2026-09-29 13:53:50', 'n': 33, 'up': 21, 'flat': 1, 'down': 11, 'mean_pct': 3.2088}, {'ts': '2026-09-29 13:54:50', 'n': 33, 'up': 22, 'flat': 0, 'down': 11, 'mean_pct': 3.2803}, {'ts': '2026-09-29 13:55:50', 'n': 33, 'up': 22, 'flat': 0, 'down': 11, 'mean_pct': 3.2876}, {'ts': '2026-09-29 13:56:51', 'n': 33, 'up': 22, 'flat': 0, 'down': 11, 'mean_pct': 3.2818}, {'ts': '2026-09-29 13:57:51', 'n': 33, 'up': 22, 'flat': 0, 'down': 11, 'mean_pct': 3.3236}, {'ts': '2026-09-29 13:58:51', 'n': 33, 'up': 22, 'flat': 0, 'down': 11, 'mean_pct': 3.2897}, {'ts': '2026-09-29 13:59:51', 'n': 33, 'up': 22, 'flat': 0, 'down': 11, 'mean_pct': 3.2748}, {'ts': '2026-09-29 14:00:51', 'n': 33, 'up': 22, 'flat': 0, 'down': 11, 'mean_pct': 3.2164}, {'ts': '2026-09-29 14:01:51', 'n': 33, 'up': 22, 'flat': 0, 'down': 11, 'mean_pct': 3.1639}, {'ts': '2026-09-29 14:02:52', 'n': 33, 'up': 22, 'flat': 0, 'down': 11, 'mean_pct': 3.1452}, {'ts': '2026-09-29 14:03:52', 'n': 33, 'up': 22, 'flat': 0, 'down': 11, 'mean_pct': 3.1127}, {'ts': '2026-09-29 14:04:52', 'n': 33, 'up': 22, 'flat': 0, 'down': 11, 'mean_pct': 3.1445}, {'ts': '2026-09-29 14:05:52', 'n': 33, 'up': 22, 'flat': 0, 'down': 11, 'mean_pct': 3.1591}, {'ts': '2026-09-29 14:06:52', 'n': 33, 'up': 21, 'flat': 1, 'down': 11, 'mean_pct': 3.1658}, {'ts': '2026-09-29 14:07:52', 'n': 33, 'up': 22, 'flat': 0, 'down': 11, 'mean_pct': 3.2352}, {'ts': '2026-09-29 14:08:53', 'n': 33, 'up': 22, 'flat': 0, 'down': 11, 'mean_pct': 3.3209}, {'ts': '2026-09-29 14:09:53', 'n': 33, 'up': 22, 'flat': 0, 'down': 11, 'mean_pct': 3.3}, {'ts': '2026-09-29 14:10:53', 'n': 33, 'up': 22, 'flat': 0, 'down': 11, 'mean_pct': 3.2164}, {'ts': '2026-09-29 14:11:53', 'n': 33, 'up': 22, 'flat': 0, 'down': 11, 'mean_pct': 3.2767}, {'ts': '2026-09-29 14:12:53', 'n': 33, 'up': 22, 'flat': 0, 'down': 11, 'mean_pct': 3.2212}, {'ts': '2026-09-29 14:13:53', 'n': 33, 'up': 22, 'flat': 0, 'down': 11, 'mean_pct': 3.2258}, {'ts': '2026-09-29 14:14:54', 'n': 33, 'up': 22, 'flat': 0, 'down': 11, 'mean_pct': 3.2594}, {'ts': '2026-09-29 14:15:54', 'n': 33, 'up': 22, 'flat': 0, 'down': 11, 'mean_pct': 3.1855}, {'ts': '2026-09-29 14:16:54', 'n': 33, 'up': 22, 'flat': 0, 'down': 11, 'mean_pct': 3.16}, {'ts': '2026-09-29 14:17:54', 'n': 33, 'up': 22, 'flat': 0, 'down': 11, 'mean_pct': 3.0664}, {'ts': '2026-09-29 14:18:54', 'n': 33, 'up': 22, 'flat': 0, 'down': 11, 'mean_pct': 3.0503}, {'ts': '2026-09-29 14:19:54', 'n': 33, 'up': 22, 'flat': 0, 'down': 11, 'mean_pct': 3.0273}, {'ts': '2026-09-29 14:20:55', 'n': 33, 'up': 22, 'flat': 0, 'down': 11, 'mean_pct': 2.9876}, {'ts': '2026-09-29 14:21:55', 'n': 33, 'up': 22, 'flat': 0, 'down': 11, 'mean_pct': 3.0242}, {'ts': '2026-09-29 14:22:55', 'n': 33, 'up': 22, 'flat': 0, 'down': 11, 'mean_pct': 2.9736}, {'ts': '2026-09-29 14:23:55', 'n': 33, 'up': 22, 'flat': 0, 'down': 11, 'mean_pct': 2.9391}, {'ts': '2026-09-29 14:24:55', 'n': 33, 'up': 22, 'flat': 0, 'down': 11, 'mean_pct': 2.9055}, {'ts': '2026-09-29 14:25:55', 'n': 33, 'up': 22, 'flat': 0, 'down': 11, 'mean_pct': 2.9324}, {'ts': '2026-09-29 14:26:56', 'n': 33, 'up': 22, 'flat': 0, 'down': 11, 'mean_pct': 2.9942}, {'ts': '2026-09-29 14:27:56', 'n': 33, 'up': 22, 'flat': 0, 'down': 11, 'mean_pct': 2.9748}, {'ts': '2026-09-29 14:28:56', 'n': 33, 'up': 22, 'flat': 1, 'down': 10, 'mean_pct': 2.9642}, {'ts': '2026-09-29 14:29:56', 'n': 33, 'up': 22, 'flat': 0, 'down': 11, 'mean_pct': 2.9021}, {'ts': '2026-09-29 14:30:56', 'n': 33, 'up': 22, 'flat': 0, 'down': 11, 'mean_pct': 2.9539}, {'ts': '2026-09-29 14:31:56', 'n': 33, 'up': 22, 'flat': 0, 'down': 11, 'mean_pct': 2.9348}, {'ts': '2026-09-29 14:32:57', 'n': 33, 'up': 22, 'flat': 0, 'down': 11, 'mean_pct': 2.8467}, {'ts': '2026-09-29 14:33:57', 'n': 33, 'up': 22, 'flat': 0, 'down': 11, 'mean_pct': 2.7894}, {'ts': '2026-09-29 14:34:57', 'n': 33, 'up': 21, 'flat': 0, 'down': 12, 'mean_pct': 2.7788}, {'ts': '2026-09-29 14:35:57', 'n': 33, 'up': 20, 'flat': 0, 'down': 13, 'mean_pct': 2.7079}, {'ts': '2026-09-29 14:36:57', 'n': 33, 'up': 22, 'flat': 0, 'down': 11, 'mean_pct': 2.7861}, {'ts': '2026-09-29 14:37:57', 'n': 33, 'up': 22, 'flat': 0, 'down': 11, 'mean_pct': 2.76}, {'ts': '2026-09-29 14:38:58', 'n': 33, 'up': 22, 'flat': 0, 'down': 11, 'mean_pct': 2.7321}, {'ts': '2026-09-29 14:39:58', 'n': 33, 'up': 22, 'flat': 0, 'down': 11, 'mean_pct': 2.7164}, {'ts': '2026-09-29 14:40:58', 'n': 33, 'up': 22, 'flat': 0, 'down': 11, 'mean_pct': 2.7339}, {'ts': '2026-09-29 14:41:58', 'n': 33, 'up': 22, 'flat': 0, 'down': 11, 'mean_pct': 2.687}, {'ts': '2026-09-29 14:42:58', 'n': 33, 'up': 21, 'flat': 1, 'down': 11, 'mean_pct': 2.6315}, {'ts': '2026-09-29 14:43:58', 'n': 33, 'up': 20, 'flat': 1, 'down': 12, 'mean_pct': 2.5976}, {'ts': '2026-09-29 14:44:59', 'n': 33, 'up': 20, 'flat': 0, 'down': 13, 'mean_pct': 2.6052}, {'ts': '2026-09-29 14:45:59', 'n': 33, 'up': 19, 'flat': 1, 'down': 13, 'mean_pct': 2.553}, {'ts': '2026-09-29 14:46:59', 'n': 33, 'up': 18, 'flat': 2, 'down': 13, 'mean_pct': 2.5}, {'ts': '2026-09-29 14:47:59', 'n': 33, 'up': 20, 'flat': 0, 'down': 13, 'mean_pct': 2.4094}, {'ts': '2026-09-29 14:48:59', 'n': 33, 'up': 19, 'flat': 1, 'down': 13, 'mean_pct': 2.4882}, {'ts': '2026-09-29 14:49:59', 'n': 33, 'up': 20, 'flat': 0, 'down': 13, 'mean_pct': 2.4336}, {'ts': '2026-09-29 14:51:00', 'n': 33, 'up': 19, 'flat': 1, 'down': 13, 'mean_pct': 2.4939}, {'ts': '2026-09-29 14:52:00', 'n': 33, 'up': 21, 'flat': 0, 'down': 12, 'mean_pct': 2.6236}, {'ts': '2026-09-29 14:53:00', 'n': 33, 'up': 21, 'flat': 0, 'down': 12, 'mean_pct': 2.6464}, {'ts': '2026-09-29 14:54:00', 'n': 33, 'up': 18, 'flat': 2, 'down': 13, 'mean_pct': 2.6145}, {'ts': '2026-09-29 14:55:00', 'n': 33, 'up': 19, 'flat': 1, 'down': 13, 'mean_pct': 2.643}, {'ts': '2026-09-29 14:56:00', 'n': 33, 'up': 18, 'flat': 2, 'down': 13, 'mean_pct': 2.5921}, {'ts': '2026-09-29 14:57:00', 'n': 33, 'up': 19, 'flat': 1, 'down': 13, 'mean_pct': 2.6858}, {'ts': '2026-09-29 14:58:01', 'n': 33, 'up': 19, 'flat': 1, 'down': 13, 'mean_pct': 2.6897}, {'ts': '2026-09-29 14:59:01', 'n': 33, 'up': 19, 'flat': 1, 'down': 13, 'mean_pct': 2.6897}, {'ts': '2026-09-29 15:00:01', 'n': 33, 'up': 19, 'flat': 1, 'down': 13, 'mean_pct': 2.6897}, {'ts': '2026-09-29 15:01:01', 'n': 33, 'up': 19, 'flat': 0, 'down': 14, 'mean_pct': 2.6412}, {'ts': '2026-09-29 15:02:01', 'n': 33, 'up': 19, 'flat': 0, 'down': 14, 'mean_pct': 2.6412}, {'ts': '2026-09-29 15:03:02', 'n': 33, 'up': 19, 'flat': 0, 'down': 14, 'mean_pct': 2.6412}, {'ts': '2026-09-29 15:04:02', 'n': 33, 'up': 19, 'flat': 0, 'down': 14, 'mean_pct': 2.6412}]}

[RC] 0

[RETRY2 2026-09-29T19:23:05.361304] 日内轮动图谱 ['日内轮动图谱.py', '20260929']
{'schema_version': 1, 'capability': 'intraday_rotation_graph', 'date': '20260929', 'status': 'pass', 'sources': ['盘中/20260929/realtime_ticks.jsonl', '_学习/题材归位_20260929.json'], 'metrics': {'time_points': 333, 'themes': 9, 'rows': 2997}, 'errors': [], 'note': '题材名只来自题材归位唯一真源；缺映射不归因', 'graph': [{'ts': '2026-09-29 09:31:04', 'theme': '出版', 'n': 1, 'mean_pct': 10.06}, {'ts': '2026-09-29 09:31:04', 'theme': '化学制药', 'n': 1, 'mean_pct': 10.05}, {'ts': '2026-09-29 09:31:04', 'theme': '化学原料', 'n': 1, 'mean_pct': 4.13}, {'ts': '2026-09-29 09:31:04', 'theme': '小家电', 'n': 1, 'mean_pct': 9.97}, {'ts': '2026-09-29 09:31:04', 'theme': '房地产开', 'n': 1, 'mean_pct': 9.98}, {'ts': '2026-09-29 09:31:04', 'theme': '汽车零部', 'n': 2, 'mean_pct': 10.03}, {'ts': '2026-09-29 09:31:04', 'theme': '电力', 'n': 1, 'mean_pct': 9.83}, {'ts': '2026-09-29 09:31:04', 'theme': '电池', 'n': 1, 'mean_pct': 9.95}, {'ts': '2026-09-29 09:31:04', 'theme': '计算机设', 'n': 1, 'mean_pct': 2.46}, {'ts': '2026-09-29 09:32:04', 'theme': '出版', 'n': 1, 'mean_pct': 10.06}, {'ts': '2026-09-29 09:32:04', 'theme': '化学制药', 'n': 1, 'mean_pct': 6.86}, {'ts': '2026-09-29 09:32:04', 'theme': '化学原料', 'n': 1, 'mean_pct': 9.58}, {'ts': '2026-09-29 09:32:04', 'theme': '小家电', 'n': 1, 'mean_pct': 9.97}, {'ts': '2026-09-29 09:32:04', 'theme': '房地产开', 'n': 1, 'mean_pct': 9.98}, {'ts': '2026-09-29 09:32:04', 'theme': '汽车零部', 'n': 2, 'mean_pct': 10.03}, {'ts': '2026-09-29 09:32:04', 'theme': '电力', 'n': 1, 'mean_pct': 9.83}, {'ts': '2026-09-29 09:32:04', 'theme': '电池', 'n': 1, 'mean_pct': 9.95}, {'ts': '2026-09-29 09:32:04', 'theme': '计算机设', 'n': 1, 'mean_pct': 1.32}, {'ts': '2026-09-29 09:33:04', 'theme': '出版', 'n': 1, 'mean_pct': 10.06}, {'ts': '2026-09-29 09:33:04', 'theme': '化学制药', 'n': 1, 'mean_pct': 5.1}, {'ts': '2026-09-29 09:33:04', 'theme': '化学原料', 'n': 1, 'mean_pct': 12.34}, {'ts': '2026-09-29 09:33:04', 'theme': '小家电', 'n': 1, 'mean_pct': 9.97}, {'ts': '2026-09-29 09:33:04', 'theme': '房地产开', 'n': 1, 'mean_pct': 9.98}, {'ts': '2026-09-29 09:33:04', 'theme': '汽车零部', 'n': 2, 'mean_pct': 10.03}, {'ts': '2026-09-29 09:33:04', 'theme': '电力', 'n': 1, 'mean_pct': 9.96}, {'ts': '2026-09-29 09:33:04', 'theme': '电池', 'n': 1, 'mean_pct': 9.95}, {'ts': '2026-09-29 09:33:04', 'theme': '计算机设', 'n': 1, 'mean_pct': 8.31}, {'ts': '2026-09-29 09:34:04', 'theme': '出版', 'n': 1, 'mean_pct': 10.06}, {'ts': '2026-09-29 09:34:04', 'theme': '化学制药', 'n': 1, 'mean_pct': 4.63}, {'ts': '2026-09-29 09:34:04', 'theme': '化学原料', 'n': 1, 'mean_pct': 9.34}, {'ts': '2026-09-29 09:34:04', 'theme': '小家电', 'n': 1, 'mean_pct': 9.97}, {'ts': '2026-09-29 09:34:04', 'theme': '房地产开', 'n': 1, 'mean_pct': 9.98}, {'ts': '2026-09-29 09:34:04', 'theme': '汽车零部', 'n': 2, 'mean_pct': 10.03}, {'ts': '2026-09-29 09:34:04', 'theme': '电力', 'n': 1, 'mean_pct': 9.96}, {'ts': '2026-09-29 09:34:04', 'theme': '电池', 'n': 1, 'mean_pct': 9.95}, {'ts': '2026-09-29 09:34:04', 'theme': '计算机设', 'n': 1, 'mean_pct': 10.01}, {'ts': '2026-09-29 09:35:04', 'theme': '出版', 'n': 1, 'mean_pct': 10.06}, {'ts': '2026-09-29 09:35:04', 'theme': '化学制药', 'n': 1, 'mean_pct': 5.26}, {'ts': '2026-09-29 09:35:04', 'theme': '化学原料', 'n': 1, 'mean_pct': 9.38}, {'ts': '2026-09-29 09:35:04', 'theme': '小家电', 'n': 1, 'mean_pct': 9.97}, {'ts': '2026-09-29 09:35:04', 'theme': '房地产开', 'n': 1, 'mean_pct': 9.98}, {'ts': '2026-09-29 09:35:04', 'theme': '汽车零部', 'n': 2, 'mean_pct': 10.03}, {'ts': '2026-09-29 09:35:04', 'theme': '电力', 'n': 1, 'mean_pct': 9.96}, {'ts': '2026-09-29 09:35:04', 'theme': '电池', 'n': 1, 'mean_pct': 9.95}, {'ts': '2026-09-29 09:35:04', 'theme': '计算机设', 'n': 1, 'mean_pct': 10.01}, {'ts': '2026-09-29 09:36:05', 'theme': '出版', 'n': 1, 'mean_pct': 10.06}, {'ts': '2026-09-29 09:36:05', 'theme': '化学制药', 'n': 1, 'mean_pct': 5.42}, {'ts': '2026-09-29 09:36:05', 'theme': '化学原料', 'n': 1, 'mean_pct': 9.82}, {'ts': '2026-09-29 09:36:05', 'theme': '小家电', 'n': 1, 'mean_pct': 9.97}, {'ts': '2026-09-29 09:36:05', 'theme': '房地产开', 'n': 1, 'mean_pct': 9.98}, {'ts': '2026-09-29 09:36:05', 'theme': '汽车零部', 'n': 2, 'mean_pct': 10.03}, {'ts': '2026-09-29 09:36:05', 'theme': '电力', 'n': 1, 'mean_pct': 9.96}, {'ts': '2026-09-29 09:36:05', 'theme': '电池', 'n': 1, 'mean_pct': 9.95}, {'ts': '2026-09-29 09:36:05', 'theme': '计算机设', 'n': 1, 'mean_pct': 10.01}, {'ts': '2026-09-29 09:37:05', 'theme': '出版', 'n': 1, 'mean_pct': 10.06}, {'ts': '2026-09-29 09:37:05', 'theme': '化学制药', 'n': 1, 'mean_pct': 5.9}, {'ts': '2026-09-29 09:37:05', 'theme': '化学原料', 'n': 1, 'mean_pct': 12.99}, {'ts': '2026-09-29 09:37:05', 'theme': '小家电', 'n': 1, 'mean_pct': 9.97}, {'ts': '2026-09-29 09:37:05', 'theme': '房地产开', 'n': 1, 'mean_pct': 9.98}, {'ts': '2026-09-29 09:37:05', 'theme': '汽车零部', 'n': 2, 'mean_pct': 10.03}, {'ts': '2026-09-29 09:37:05', 'theme': '电力', 'n': 1, 'mean_pct': 9.96}, {'ts': '2026-09-29 09:37:05', 'theme': '电池', 'n': 1, 'mean_pct': 9.95}, {'ts': '2026-09-29 09:37:05', 'theme': '计算机设', 'n': 1, 'mean_pct': 10.01}, {'ts': '2026-09-29 09:38:05', 'theme': '出版', 'n': 1, 'mean_pct': 10.06}, {'ts': '2026-09-29 09:38:05', 'theme': '化学制药', 'n': 1, 'mean_pct': 8.77}, {'ts': '2026-09-29 09:38:05', 'theme': '化学原料', 'n': 1, 'mean_pct': 14.19}, {'ts': '2026-09-29 09:38:05', 'theme': '小家电', 'n': 1, 'mean_pct': 9.97}, {'ts': '2026-09-29 09:38:05', 'theme': '房地产开', 'n': 1, 'mean_pct': 9.98}, {'ts': '2026-09-29 09:38:05', 'theme': '汽车零部', 'n': 2, 'mean_pct': 10.03}, {'ts': '2026-09-29 09:38:05', 'theme': '电力', 'n': 1, 'mean_pct': 9.96}, {'ts': '2026-09-29 09:38:05', 'theme': '电池', 'n': 1, 'mean_pct': 9.95}, {'ts': '2026-09-29 09:38:05', 'theme': '计算机设', 'n': 1, 'mean_pct': 10.01}, {'ts': '2026-09-29 09:39:05', 'theme': '出版', 'n': 1, 'mean_pct': 10.06}, {'ts': '2026-09-29 09:39:05', 'theme': '化学制药', 'n': 1, 'mean_pct': 9.57}, {'ts': '2026-09-29 09:39:05', 'theme': '化学原料', 'n': 1, 'mean_pct': 13.75}, {'ts': '2026-09-29 09:39:05', 'theme': '小家电', 'n': 1, 'mean_pct': 9.97}, {'ts': '2026-09-29 09:39:05', 'theme': '房地产开', 'n': 1, 'mean_pct': 8.3}, {'ts': '2026-09-29 09:39:05', 'theme': '汽车零部', 'n': 2, 'mean_pct': 10.03}, {'ts': '2026-09-29 09:39:05', 'theme': '电力', 'n': 1, 'mean_pct': 9.96}, {'ts': '2026-09-29 09:39:05', 'theme': '电池', 'n': 1, 'mean_pct': 9.95}, {'ts': '2026-09-29 09:39:05', 'theme': '计算机设', 'n': 1, 'mean_pct': 10.01}, {'ts': '2026-09-29 09:40:05', 'theme': '出版', 'n': 1, 'mean_pct': 10.06}, {'ts': '2026-09-29 09:40:05', 'theme': '化学制药', 'n': 1, 'mean_pct': 10.05}, {'ts': '2026-09-29 09:40:05', 'theme': '化学原料', 'n': 1, 'mean_pct': 12.38}, {'ts': '2026-09-29 09:40:05', 'theme': '小家电', 'n': 1, 'mean_pct': 9.97}, {'ts': '2026-09-29 09:40:05', 'theme': '房地产开', 'n': 1, 'mean_pct': 9.98}, {'ts': '2026-09-29 09:40:05', 'theme': '汽车零部', 'n': 2, 'mean_pct': 10.03}, {'ts': '2026-09-29 09:40:05', 'theme': '电力', 'n': 1, 'mean_pct': 9.96}, {'ts': '2026-09-29 09:40:05', 'theme': '电池', 'n': 1, 'mean_pct': 9.95}, {'ts': '2026-09-29 09:40:05', 'theme': '计算机设', 'n': 1, 'mean_pct': 10.01}, {'ts': '2026-09-29 09:41:06', 'theme': '出版', 'n': 1, 'mean_pct': 10.06}, {'ts': '2026-09-29 09:41:06', 'theme': '化学制药', 'n': 1, 'mean_pct': 10.05}, {'ts': '2026-09-29 09:41:06', 'theme': '化学原料', 'n': 1, 'mean_pct': 12.91}, {'ts': '2026-09-29 09:41:06', 'theme': '小家电', 'n': 1, 'mean_pct': 9.97}, {'ts': '2026-09-29 09:41:06', 'theme': '房地产开', 'n': 1, 'mean_pct': 9.98}, {'ts': '2026-09-29 09:41:06', 'theme': '汽车零部', 'n': 2, 'mean_pct': 10.03}, {'ts': '2026-09-29 09:41:06', 'theme': '电力', 'n': 1, 'mean_pct': 9.96}, {'ts': '2026-09-29 09:41:06', 'theme': '电池', 'n': 1, 'mean_pct': 9.95}, {'ts': '2026-09-29 09:41:06', 'theme': '计算机设', 'n': 1, 'mean_pct': 10.01}, {'ts': '2026-09-29 09:42:06', 'theme': '出版', 'n': 1, 'mean_pct': 10.06}, {'ts': '2026-09-29 09:42:06', 'theme': '化学制药', 'n': 1, 'mean_pct': 10.05}, {'ts': '2026-09-29 09:42:06', 'theme': '化学原料', 'n': 1, 'mean_pct': 13.83}, {'ts': '2026-09-29 09:42:06', 'theme': '小家电', 'n': 1, 'mean_pct': 9.97}, {'ts': '2026-09-29 09:42:06', 'theme': '房地产开', 'n': 1, 'mean_pct': 9.98}, {'ts': '2026-09-29 09:42:06', 'theme': '汽车零部', 'n': 2, 'mean_pct': 10.03}, {'ts': '2026-09-29 09:42:06', 'theme': '电力', 'n': 1, 'mean_pct': 9.96}, {'ts': '2026-09-29 09:42:06', 'theme': '电池', 'n': 1, 'mean_pct': 9.95}, {'ts': '2026-09-29 09:42:06', 'theme': '计算机设', 'n': 1, 'mean_pct': 10.01}, {'ts': '2026-09-29 09:43:06', 'theme': '出版', 'n': 1, 'mean_pct': 10.06}, {'ts': '2026-09-29 09:43:06', 'theme': '化学制药', 'n': 1, 'mean_pct': 10.05}, {'ts': '2026-09-29 09:43:06', 'theme': '化学原料', 'n': 1, 'mean_pct': 17.03}, {'ts': '2026-09-29 09:43:06', 'theme': '小家电', 'n': 1, 'mean_pct': 9.97}, {'ts': '2026-09-29 09:43:06', 'theme': '房地产开', 'n': 1, 'mean_pct': 9.98}, {'ts': '2026-09-29 09:43:06', 'theme': '汽车零部', 'n': 2, 'mean_pct': 10.03}, {'ts': '2026-09-29 09:43:06', 'theme': '电力', 'n': 1, 'mean_pct': 9.96}, {'ts': '2026-09-29 09:43:06', 'theme': '电池', 'n': 1, 'mean_pct': 9.95}, {'ts': '2026-09-29 09:43:06', 'theme': '计算机设', 'n': 1, 'mean_pct': 10.01}, {'ts': '2026-09-29 09:44:06', 'theme': '出版', 'n': 1, 'mean_pct': 10.06}, {'ts': '2026-09-29 09:44:06', 'theme': '化学制药', 'n': 1, 'mean_pct': 10.05}, {'ts': '2026-09-29 09:44:06', 'theme': '化学原料', 'n': 1, 'mean_pct': 16.23}, {'ts': '2026-09-29 09:44:06', 'theme': '小家电', 'n': 1, 'mean_pct': 9.97}, {'ts': '2026-09-29 09:44:06', 'theme': '房地产开', 'n': 1, 'mean_pct': 9.98}, {'ts': '2026-09-29 09:44:06', 'theme': '汽车零部', 'n': 2, 'mean_pct': 10.03}, {'ts': '2026-09-29 09:44:06', 'theme': '电力', 'n': 1, 'mean_pct': 9.96}, {'ts': '2026-09-29 09:44:06', 'theme': '电池', 'n': 1, 'mean_pct': 9.95}, {'ts': '2026-09-29 09:44:06', 'theme': '计算机设', 'n': 1, 'mean_pct': 10.01}, {'ts': '2026-09-29 09:45:06', 'theme': '出版', 'n': 1, 'mean_pct': 10.06}, {'ts': '2026-09-29 09:45:06', 'theme': '化学制药', 'n': 1, 'mean_pct': 10.05}, {'ts': '2026-09-29 09:45:06', 'theme': '化学原料', 'n': 1, 'mean_pct': 16.51}, {'ts': '2026-09-29 09:45:06', 'theme': '小家电', 'n': 1, 'mean_pct': 9.97}, {'ts': '2026-09-29 09:45:06', 'theme': '房地产开', 'n': 1, 'mean_pct': 9.98}, {'ts': '2026-09-29 09:45:06', 'theme': '汽车零部', 'n': 2, 'mean_pct': 10.03}, {'ts': '2026-09-29 09:45:06', 'theme': '电力', 'n': 1, 'mean_pct': 9.96}, {'ts': '2026-09-29 09:45:06', 'theme': '电池', 'n': 1, 'mean_pct': 9.95}, {'ts': '2026-09-29 09:45:06', 'theme': '计算机设', 'n': 1, 'mean_pct': 10.01}, {'ts': '2026-09-29 09:46:06', 'theme': '出版', 'n': 1, 'mean_pct': 10.06}, {'ts': '2026-09-29 09:46:06', 'theme': '化学制药', 'n': 1, 'mean_pct': 10.05}, {'ts': '2026-09-29 09:46:06', 'theme': '化学原料', 'n': 1, 'mean_pct': 16.43}, {'ts': '2026-09-29 09:46:06', 'theme': '小家电', 'n': 1, 'mean_pct': 9.97}, {'ts': '2026-09-29 09:46:06', 'theme': '房地产开', 'n': 1, 'mean_pct': 9.98}, {'ts': '2026-09-29 09:46:06', 'theme': '汽车零部', 'n': 2, 'mean_pct': 10.03}, {'ts': '2026-09-29 09:46:06', 'theme': '电力', 'n': 1, 'mean_pct': 9.96}, {'ts': '2026-09-29 09:46:06', 'theme': '电池', 'n': 1, 'mean_pct': 9.95}, {'ts': '2026-09-29 09:46:06', 'theme': '计算机设', 'n': 1, 'mean_pct': 10.01}, {'ts': '2026-09-29 09:47:07', 'theme': '出版', 'n': 1, 'mean_pct': 10.06}, {'ts': '2026-09-29 09:47:07', 'theme': '化学制药', 'n': 1, 'mean_pct': 10.05}, {'ts': '2026-09-29 09:47:07', 'theme': '化学原料', 'n': 1, 'mean_pct': 17.76}, {'ts': '2026-09-29 09:47:07', 'theme': '小家电', 'n': 1, 'mean_pct': 9.97}, {'ts': '2026-09-29 09:47:07', 'theme': '房地产开', 'n': 1, 'mean_pct': 9.98}, {'ts': '2026-09-29 09:47:07', 'theme': '汽车零部', 'n': 2, 'mean_pct': 10.03}, {'ts': '2026-09-29 09:47:07', 'theme': '电力', 'n': 1, 'mean_pct': 9.96}, {'ts': '2026-09-29 09:47:07', 'theme': '电池', 'n': 1, 'mean_pct': 9.95}, {'ts': '2026-09-29 09:47:07', 'theme': '计算机设', 'n': 1, 'mean_pct': 10.01}, {'ts': '2026-09-29 09:48:07', 'theme': '出版', 'n': 1, 'mean_pct': 10.06}, {'ts': '2026-09-29 09:48:07', 'theme': '化学制药', 'n': 1, 'mean_pct': 10.05}, {'ts': '2026-09-29 09:48:07', 'theme': '化学原料', 'n': 1, 'mean_pct': 18.04}, {'ts': '2026-09-29 09:48:07', 'theme': '小家电', 'n': 1, 'mean_pct': 9.97}, {'ts': '2026-09-29 09:48:07', 'theme': '房地产开', 'n': 1, 'mean_pct': 9.98}, {'ts': '2026-09-29 09:48:07', 'theme': '汽车零部', 'n': 2, 'mean_pct': 10.03}, {'ts': '2026-09-29 09:48:07', 'theme': '电力', 'n': 1, 'mean_pct': 9.96}, {'ts': '2026-09-29 09:48:07', 'theme': '电池', 'n': 1, 'mean_pct': 9.95}, {'ts': '2026-09-29 09:48:07', 'theme': '计算机设', 'n': 1, 'mean_pct': 10.01}, {'ts': '2026-09-29 09:49:07', 'theme': '出版', 'n': 1, 'mean_pct': 10.06}, {'ts': '2026-09-29 09:49:07', 'theme': '化学制药', 'n': 1, 'mean_pct': 10.05}, {'ts': '2026-09-29 09:49:07', 'theme': '化学原料', 'n': 1, 'mean_pct': 20.0}, {'ts': '2026-09-29 09:49:07', 'theme': '小家电', 'n': 1, 'mean_pct': 9.97}, {'ts': '2026-09-29 09:49:07', 'theme': '房地产开', 'n': 1, 'mean_pct': 9.98}, {'ts': '2026-09-29 09:49:07', 'theme': '汽车零部', 'n': 2, 'mean_pct': 10.03}, {'ts': '2026-09-29 09:49:07', 'theme': '电力', 'n': 1, 'mean_pct': 9.96}, {'ts': '2026-09-29 09:49:07', 'theme': '电池', 'n': 1, 'mean_pct': 9.95}, {'ts': '2026-09-29 09:49:07', 'theme': '计算机设', 'n': 1, 'mean_pct': 10.01}, {'ts': '2026-09-29 09:50:07', 'theme': '出版', 'n': 1, 'mean_pct': 10.06}, {'ts': '2026-09-29 09:50:07', 'theme': '化学制药', 'n': 1, 'mean_pct': 10.05}, {'ts': '2026-09-29 09:50:07', 'theme': '化学原料', 'n': 1, 'mean_pct': 20.0}, {'ts': '2026-09-29 09:50:07', 'theme': '小家电', 'n': 1, 'mean_pct': 9.97}, {'ts': '2026-09-29 09:50:07', 'theme': '房地产开', 'n': 1, 'mean_pct': 9.98}, {'ts': '2026-09-29 09:50:07', 'theme': '汽车零部', 'n': 2, 'mean_pct': 10.03}, {'ts': '2026-09-29 09:50:07', 'theme': '电力', 'n': 1, 'mean_pct': 9.96}, {'ts': '2026-09-29 09:50:07', 'theme': '电池', 'n': 1, 'mean_pct': 9.95}, {'ts': '2026-09-29 09:50:07', 'theme': '计算机设', 'n': 1, 'mean_pct': 10.01}, {'ts': '2026-09-29 09:51:07', 'theme': '出版', 'n': 1, 'mean_pct': 10.06}, {'ts': '2026-09-29 09:51:07', 'theme': '化学制药', 'n': 1, 'mean_pct': 10.05}, {'ts': '2026-09-29 09:51:07', 'theme': '化学原料', 'n': 1, 'mean_pct': 20.0}, {'ts': '2026-09-29 09:51:07', 'theme': '小家电', 'n': 1, 'mean_pct': 9.97}, {'ts': '2026-09-29 09:51:07', 'theme': '房地产开', 'n': 1, 'mean_pct': 9.98}, {'ts': '2026-09-29 09:51:07', 'theme': '汽车零部', 'n': 2, 'mean_pct': 10.03}, {'ts': '2026-09-29 09:51:07', 'theme': '电力', 'n': 1, 'mean_pct': 9.96}, {'ts': '2026-09-29 09:51:07', 'theme': '电池', 'n': 1, 'mean_pct': 9.95}, {'ts': '2026-09-29 09:51:07', 'theme': '计算机设', 'n': 1, 'mean_pct': 10.01}, {'ts': '2026-09-29 09:52:07', 'theme': '出版', 'n': 1, 'mean_pct': 10.06}, {'ts': '2026-09-29 09:52:07', 'theme': '化学制药', 'n': 1, 'mean_pct': 10.05}, {'ts': '2026-09-29 09:52:07', 'theme': '化学原料', 'n': 1, 'mean_pct': 20.0}, {'ts': '2026-09-29 09:52:07', 'theme': '小家电', 'n': 1, 'mean_pct': 9.97}, {'ts': '2026-09-29 09:52:07', 'theme': '房地产开', 'n': 1, 'mean_pct': 9.98}, {'ts': '2026-09-29 09:52:07', 'theme': '汽车零部', 'n': 2, 'mean_pct': 10.03}, {'ts': '2026-09-29 09:52:07', 'theme': '电力', 'n': 1, 'mean_pct': 9.96}, {'ts': '2026-09-29 09:52:07', 'theme': '电池', 'n': 1, 'mean_pct': 9.95}, {'ts': '2026-09-29 09:52:07', 'theme': '计算机设', 'n': 1, 'mean_pct': 8.99}, {'ts': '2026-09-29 09:53:08', 'theme': '出版', 'n': 1, 'mean_pct': 10.06}, {'ts': '2026-09-29 09:53:08', 'theme': '化学制药', 'n': 1, 'mean_pct': 10.05}, {'ts': '2026-09-29 09:53:08', 'theme': '化学原料', 'n': 1, 'mean_pct': 20.0}, {'ts': '2026-09-29 09:53:08', 'theme': '小家电', 'n': 1, 'mean_pct': 9.97}, {'ts': '2026-09-29 09:53:08', 'theme': '房地产开', 'n': 1, 'mean_pct': 9.98}, {'ts': '2026-09-29 09:53:08', 'theme': '汽车零部', 'n': 2, 'mean_pct': 10.03}, {'ts': '2026-09-29 09:53:08', 'theme': '电力', 'n': 1, 'mean_pct': 9.96}, {'ts': '2026-09-29 09:53:08', 'theme': '电池', 'n': 1, 'mean_pct': 9.95}, {'ts': '2026-09-29 09:53:08', 'theme': '计算机设', 'n': 1, 'mean_pct': 10.01}, {'ts': '2026-09-29 09:54:08', 'theme': '出版', 'n': 1, 'mean_pct': 10.06}, {'ts': '2026-09-29 09:54:08', 'theme': '化学制药', 'n': 1, 'mean_pct': 10.05}, {'ts': '2026-09-29 09:54:08', 'theme': '化学原料', 'n': 1, 'mean_pct': 20.0}, {'ts': '2026-09-29 09:54:08', 'theme': '小家电', 'n': 1, 'mean_pct': 9.97}, {'ts': '2026-09-29 09:54:08', 'theme': '房地产开', 'n': 1, 'mean_pct': 9.98}, {'ts': '2026-09-29 09:54:08', 'theme': '汽车零部', 'n': 2, 'mean_pct': 10.03}, {'ts': '2026-09-29 09:54:08', 'theme': '电力', 'n': 1, 'mean_pct': 9.96}, {'ts': '2026-09-29 09:54:08', 'theme': '电池', 'n': 1, 'mean_pct': 9.95}, {'ts': '2026-09-29 09:54:08', 'theme': '计算机设', 'n': 1, 'mean_pct': 10.01}, {'ts': '2026-09-29 09:55:08', 'theme': '出版', 'n': 1, 'mean_pct': 10.06}, {'ts': '2026-09-29 09:55:08', 'theme': '化学制药', 'n': 1, 'mean_pct': 10.05}, {'ts': '2026-09-29 09:55:08', 'theme': '化学原料', 'n': 1, 'mean_pct': 20.0}, {'ts': '2026-09-29 09:55:08', 'theme': '小家电', 'n': 1, 'mean_pct': 9.97}, {'ts': '2026-09-29 09:55:08', 'theme': '房地产开', 'n': 1, 'mean_pct': 9.98}, {'ts': '2026-09-29 09:55:08', 'theme': '汽车零部', 'n': 2, 'mean_pct': 10.03}, {'ts': '2026-09-29 09:55:08', 'theme': '电力', 'n': 1, 'mean_pct': 9.96}, {'ts': '2026-09-29 09:55:08', 'theme': '电池', 'n': 1, 'mean_pct': 9.95}, {'ts': '2026-09-29 09:55:08', 'theme': '计算机设', 'n': 1, 'mean_pct': 10.01}, {'ts': '2026-09-29 09:56:08', 'theme': '出版', 'n': 1, 'mean_pct': 10.06}, {'ts': '2026-09-29 09:56:08', 'theme': '化学制药', 'n': 1, 'mean_pct': 10.05}, {'ts': '2026-09-29 09:56:08', 'theme': '化学原料', 'n': 1, 'mean_pct': 20.0}, {'ts': '2026-09-29 09:56:08', 'theme': '小家电', 'n': 1, 'mean_pct': 9.97}, {'ts': '2026-09-29 09:56:08', 'theme': '房地产开', 'n': 1, 'mean_pct': 9.98}, {'ts': '2026-09-29 09:56:08', 'theme': '汽车零部', 'n': 2, 'mean_pct': 10.03}, {'ts': '2026-09-29 09:56:08', 'theme': '电力', 'n': 1, 'mean_pct': 9.96}, {'ts': '2026-09-29 09:56:08', 'theme': '电池', 'n': 1, 'mean_pct': 9.95}, {'ts': '2026-09-29 09:56:08', 'theme': '计算机设', 'n': 1, 'mean_pct': 10.01}, {'ts': '2026-09-29 09:57:08', 'theme': '出版', 'n': 1, 'mean_pct': 10.06}, {'ts': '2026-09-29 09:57:08', 'theme': '化学制药', 'n': 1, 'mean_pct': 10.05}, {'ts': '2026-09-29 09:57:08', 'theme': '化学原料', 'n': 1, 'mean_pct': 20.0}, {'ts': '2026-09-29 09:57:08', 'theme': '小家电', 'n': 1, 'mean_pct': 9.97}, {'ts': '2026-09-29 09:57:08', 'theme': '房地产开', 'n': 1, 'mean_pct': 9.98}, {'ts': '2026-09-29 09:57:08', 'theme': '汽车零部', 'n': 2, 'mean_pct': 10.03}, {'ts': '2026-09-29 09:57:08', 'theme': '电力', 'n': 1, 'mean_pct': 9.96}, {'ts': '2026-09-29 09:57:08', 'theme': '电池', 'n': 1, 'mean_pct': 9.95}, {'ts': '2026-09-29 09:57:08', 'theme': '计算机设', 'n': 1, 'mean_pct': 10.01}, {'ts': '2026-09-29 09:58:08', 'theme': '出版', 'n': 1, 'mean_pct': 10.06}, {'ts': '2026-09-29 09:58:08', 'theme': '化学制药', 'n': 1, 'mean_pct': 10.05}, {'ts': '2026-09-29 09:58:08', 'theme': '化学原料', 'n': 1, 'mean_pct': 20.0}, {'ts': '2026-09-29 09:58:08', 'theme': '小家电', 'n': 1, 'mean_pct': 9.97}, {'ts': '2026-09-29 09:58:08', 'theme': '房地产开', 'n': 1, 'mean_pct': 9.98}, {'ts': '2026-09-29 09:58:08', 'theme': '汽车零部', 'n': 2, 'mean_pct': 10.03}, {'ts': '2026-09-29 09:58:08', 'theme': '电力', 'n': 1, 'mean_pct': 9.96}, {'ts': '2026-09-29 09:58:08', 'theme': '电池', 'n': 1, 'mean_pct': 9.95}, {'ts': '2026-09-29 09:58:08', 'theme': '计算机设', 'n': 1, 'mean_pct': 10.01}, {'ts': '2026-09-29 09:59:09', 'theme': '出版', 'n': 1, 'mean_pct': 10.06}, {'ts': '2026-09-29 09:59:09', 'theme': '化学制药', 'n': 1, 'mean_pct': 10.05}, {'ts': '2026-09-29 09:59:09', 'theme': '化学原料', 'n': 1, 'mean_pct': 20.0}, {'ts': '2026-09-29 09:59:09', 'theme': '小家电', 'n': 1, 'mean_pct': 9.97}, {'ts': '2026-09-29 09:59:09', 'theme': '房地产开', 'n': 1, 'mean_pct': 9.98}, {'ts': '2026-09-29 09:59:09', 'theme': '汽车零部', 'n': 2, 'mean_pct': 10.03}, {'ts': '2026-09-29 09:59:09', 'theme': '电力', 'n': 1, 'mean_pct': 9.96}, {'ts': '2026-09-29 09:59:09', 'theme': '电池', 'n': 1, 'mean_pct': 9.95}, {'ts': '2026-09-29 09:59:09', 'theme': '计算机设', 'n': 1, 'mean_pct': 10.01}, {'ts': '2026-09-29 10:00:09', 'theme': '出版', 'n': 1, 'mean_pct': 10.06}, {'ts': '2026-09-29 10:00:09', 'theme': '化学制药', 'n': 1, 'mean_pct': 10.05}, {'ts': '2026-09-29 10:00:09', 'theme': '化学原料', 'n': 1, 'mean_pct': 20.0}, {'ts': '2026-09-29 10:00:09', 'theme': '小家电', 'n': 1, 'mean_pct': 9.97}, {'ts': '2026-09-29 10:00:09', 'theme': '房地产开', 'n': 1, 'mean_pct': 9.98}, {'ts': '2026-09-29 10:00:09', 'theme': '汽车零部', 'n': 2, 'mean_pct': 10.03}, {'ts': '2026-09-29 10:00:09', 'theme': '电力', 'n': 1, 'mean_pct': 9.96}, {'ts': '2026-09-29 10:00:09', 'theme': '电池', 'n': 1, 'mean_pct': 9.95}, {'ts': '2026-09-29 10:00:09', 'theme': '计算机设', 'n': 1, 'mean_pct': 10.01}, {'ts': '2026-09-29 10:01:09', 'theme': '出版', 'n': 1, 'mean_pct': 10.06}, {'ts': '2026-09-29 10:01:09', 'theme': '化学制药', 'n': 1, 'mean_pct': 10.05}, {'ts': '2026-09-29 10:01:09', 'theme': '化学原料', 'n': 1, 'mean_pct': 20.0}, {'ts': '2026-09-29 10:01:09', 'theme': '小家电', 'n': 1, 'mean_pct': 9.97}, {'ts': '2026-09-29 10:01:09', 'theme': '房地产开', 'n': 1, 'mean_pct': 9.98}, {'ts': '2026-09-29 10:01:09', 'theme': '汽车零部', 'n': 2, 'mean_pct': 10.03}, {'ts': '2026-09-29 10:01:09', 'theme': '电力', 'n': 1, 'mean_pct': 9.96}, {'ts': '2026-09-29 10:01:09', 'theme': '电池', 'n': 1, 'mean_pct': 9.95}, {'ts': '2026-09-29 10:01:09', 'theme': '计算机设', 'n': 1, 'mean_pct': 7.33}, {'ts': '2026-09-29 10:02:09', 'theme': '出版', 'n': 1, 'mean_pct': 10.06}, {'ts': '2026-09-29 10:02:09', 'theme': '化学制药', 'n': 1, 'mean_pct': 10.05}, {'ts': '2026-09-29 10:02:09', 'theme': '化学原料', 'n': 1, 'mean_pct': 20.0}, {'ts': '2026-09-29 10:02:09', 'theme': '小家电', 'n': 1, 'mean_pct': 9.97}, {'ts': '2026-09-29 10:02:09', 'theme': '房地产开', 'n': 1, 'mean_pct': 9.98}, {'ts': '2026-09-29 10:02:09', 'theme': '汽车零部', 'n': 2, 'mean_pct': 10.03}, {'ts': '2026-09-29 10:02:09', 'theme': '电力', 'n': 1, 'mean_pct': 9.96}, {'ts': '2026-09-29 10:02:09', 'theme': '电池', 'n': 1, 'mean_pct': 9.95}, {'ts': '2026-09-29 10:02:09', 'theme': '计算机设', 'n': 1, 'mean_pct': 7.71}, {'ts': '2026-09-29 10:03:09', 'theme': '出版', 'n': 1, 'mean_pct': 10.06}, {'ts': '2026-09-29 10:03:09', 'theme': '化学制药', 'n': 1, 'mean_pct': 10.05}, {'ts': '2026-09-29 10:03:09', 'theme': '化学原料', 'n': 1, 'mean_pct': 20.0}, {'ts': '2026-09-29 10:03:09', 'theme': '小家电', 'n': 1, 'mean_pct': 9.97}, {'ts': '2026-09-29 10:03:09', 'theme': '房地产开', 'n': 1, 'mean_pct': 9.98}, {'ts': '2026-09-29 10:03:09', 'theme': '汽车零部', 'n': 2, 'mean_pct': 10.03}, {'ts': '2026-09-29 10:03:09', 'theme': '电力', 'n': 1, 'mean_pct': 9.96}, {'ts': '2026-09-29 10:03:09', 'theme': '电池', 'n': 1, 'mean_pct': 9.95}, {'ts': '2026-09-29 10:03:09', 'theme': '计算机设', 'n': 1, 'mean_pct': 8.88}, {'ts': '2026-09-29 10:04:10', 'theme': '出版', 'n': 1, 'mean_pct': 10.06}, {'ts': '2026-09-29 10:04:10', 'theme': '化学制药', 'n': 1, 'mean_pct': 10.05}, {'ts': '2026-09-29 10:04:10', 'theme': '化学原料', 'n': 1, 'mean_pct': 20.0}, {'ts': '2026-09-29 10:04:10', 'theme': '小家电', 'n': 1, 'mean_pct': 9.97}, {'ts': '2026-09-29 10:04:10', 'theme': '房地产开', 'n': 1, 'mean_pct': 9.98}, {'ts': '2026-09-29 10:04:10', 'theme': '汽车零部', 'n': 2, 'mean_pct': 10.03}, {'ts': '2026-09-29 10:04:10', 'theme': '电力', 'n': 1, 'mean_pct': 9.96}, {'ts': '2026-09-29 10:04:10', 'theme': '电池', 'n': 1, 'mean_pct': 9.95}, {'ts': '2026-09-29 10:04:10', 'theme': '计算机设', 'n': 1, 'mean_pct': 8.35}, {'ts': '2026-09-29 10:05:10', 'theme': '出版', 'n': 1, 'mean_pct': 10.06}, {'ts': '2026-09-29 10:05:10', 'theme': '化学制药', 'n': 1, 'mean_pct': 10.05}, {'ts': '2026-09-29 10:05:10', 'theme': '化学原料', 'n': 1, 'mean_pct': 20.0}, {'ts': '2026-09-29 10:05:10', 'theme': '小家电', 'n': 1, 'mean_pct': 9.97}, {'ts': '2026-09-29 10:05:10', 'theme': '房地产开', 'n': 1, 'mean_pct': 9.98}, {'ts': '2026-09-29 10:05:10', 'theme': '汽车零部', 'n': 2, 'mean_pct': 10.03}, {'ts': '2026-09-29 10:05:10', 'theme': '电力', 'n': 1, 'mean_pct': 9.96}, {'ts': '2026-09-29 10:05:10', 'theme': '电池', 'n': 1, 'mean_pct': 9.95}, {'ts': '2026-09-29 10:05:10', 'theme': '计算机设', 'n': 1, 'mean_pct': 8.24}, {'ts': '2026-09-29 10:06:10', 'theme': '出版', 'n': 1, 'mean_pct': 10.06}, {'ts': '2026-09-29 10:06:10', 'theme': '化学制药', 'n': 1, 'mean_pct': 10.05}, {'ts': '2026-09-29 10:06:10', 'theme': '化学原料', 'n': 1, 'mean_pct': 20.0}, {'ts': '2026-09-29 10:06:10', 'theme': '小家电', 'n': 1, 'mean_pct': 9.97}, {'ts': '2026-09-29 10:06:10', 'theme': '房地产开', 'n': 1, 'mean_pct': 9.98}, {'ts': '2026-09-29 10:06:10', 'theme': '汽车零部', 'n': 2, 'mean_pct': 10.03}, {'ts': '2026-09-29 10:06:10', 'theme': '电力', 'n': 1, 'mean_pct': 9.96}, {'ts': '2026-09-29 10:06:10', 'theme': '电池', 'n': 1, 'mean_pct': 9.95}, {'ts': '2026-09-29 10:06:10', 'theme': '计算机设', 'n': 1, 'mean_pct': 8.08}, {'ts': '2026-09-29 10:07:10', 'theme': '出版', 'n': 1, 'mean_pct': 10.06}, {'ts': '2026-09-29 10:07:10', 'theme': '化学制药', 'n': 1, 'mean_pct': 10.05}, {'ts': '2026-09-29 10:07:10', 'theme': '化学原料', 'n': 1, 'mean_pct': 20.0}, {'ts': '2026-09-29 10:07:10', 'theme': '小家电', 'n': 1, 'mean_pct': 9.97}, {'ts': '2026-09-29 10:07:10', 'theme': '房地产开', 'n': 1, 'mean_pct': 9.98}, {'ts': '2026-09-29 10:07:10', 'theme': '汽车零部', 'n': 2, 'mean_pct': 10.03}, {'ts': '2026-09-29 10:07:10', 'theme': '电力', 'n': 1, 'mean_pct': 9.96}, {'ts': '2026-09-29 10:07:10', 'theme': '电池', 'n': 1, 'mean_pct': 9.95}, {'ts': '2026-09-29 10:07:10', 'theme': '计算机设', 'n': 1, 'mean_pct': 8.42}, {'ts': '2026-09-29 10:08:10', 'theme': '出版', 'n': 1, 'mean_pct': 10.06}, {'ts': '2026-09-29 10:08:10', 'theme': '化学制药', 'n': 1, 'mean_pct': 10.05}, {'ts': '2026-09-29 10:08:10', 'theme': '化学原料', 'n': 1, 'mean_pct': 20.0}, {'ts': '2026-09-29 10:08:10', 'theme': '小家电', 'n': 1, 'mean_pct': 9.97}, {'ts': '2026-09-29 10:08:10', 'theme': '房地产开', 'n': 1, 'mean_pct': 9.98}, {'ts': '2026-09-29 10:08:10', 'theme': '汽车零部', 'n': 2, 'mean_pct': 10.03}, {'ts': '2026-09-29 10:08:10', 'theme': '电力', 'n': 1, 'mean_pct': 9.96}, {'ts': '2026-09-29 10:08:10', 'theme': '电池', 'n': 1, 'mean_pct': 9.95}, {'ts': '2026-09-29 10:08:10', 'theme': '计算机设', 'n': 1, 'mean_pct': 8.54}, {'ts': '2026-09-29 10:09:11', 'theme': '出版', 'n': 1, 'mean_pct': 10.06}, {'ts': '2026-09-29 10:09:11', 'theme': '化学制药', 'n': 1, 'mean_pct': 10.05}, {'ts': '2026-09-29 10:09:11', 'theme': '化学原料', 'n': 1, 'mean_pct': 20.0}, {'ts': '2026-09-29 10:09:11', 'theme': '小家电', 'n': 1, 'mean_pct': 9.97}, {'ts': '2026-09-29 10:09:11', 'theme': '房地产开', 'n': 1, 'mean_pct': 9.98}, {'ts': '2026-09-29 10:09:11', 'theme': '汽车零部', 'n': 2, 'mean_pct': 10.03}, {'ts': '2026-09-29 10:09:11', 'theme': '电力', 'n': 1, 'mean_pct': 9.96}, {'ts': '2026-09-29 10:09:11', 'theme': '电池', 'n': 1, 'mean_pct': 9.95}, {'ts': '2026-09-29 10:09:11', 'theme': '计算机设', 'n': 1, 'mean_pct': 10.01}, {'ts': '2026-09-29 10:10:11', 'theme': '出版', 'n': 1, 'mean_pct': 10.06}, {'ts': '2026-09-29 10:10:11', 'theme': '化学制药', 'n': 1, 'mean_pct': 10.05}, {'ts': '2026-09-29 10:10:11', 'theme': '化学原料', 'n': 1, 'mean_pct': 20.0}, {'ts': '2026-09-29 10:10:11', 'theme': '小家电', 'n': 1, 'mean_pct': 9.97}, {'ts': '2026-09-29 10:10:11', 'theme': '房地产开', 'n': 1, 'mean_pct': 9.98}, {'ts': '2026-09-29 10:10:11', 'theme': '汽车零部', 'n': 2, 'mean_pct': 10.03}, {'ts': '2026-09-29 10:10:11', 'theme': '电力', 'n': 1, 'mean_pct': 9.96}, {'ts': '2026-09-29 10:10:11', 'theme': '电池', 'n': 1, 'mean_pct': 9.95}, {'ts': '2026-09-29 10:10:11', 'theme': '计算机设', 'n': 1, 'mean_pct': 10.01}, {'ts': '2026-09-29 10:11:11', 'theme': '出版', 'n': 1, 'mean_pct': 10.06}, {'ts': '2026-09-29 10:11:11', 'theme': '化学制药', 'n': 1, 'mean_pct': 10.05}, {'ts': '2026-09-29 10:11:11', 'theme': '化学原料', 'n': 1, 'mean_pct': 20.0}, {'ts': '2026-09-29 10:11:11', 'theme': '小家电', 'n': 1, 'mean_pct': 9.97}, {'ts': '2026-09-29 10:11:11', 'theme': '房地产开', 'n': 1, 'mean_pct': 9.98}, {'ts': '2026-09-29 10:11:11', 'theme': '汽车零部', 'n': 2, 'mean_pct': 10.03}, {'ts': '2026-09-29 10:11:11', 'theme': '电力', 'n': 1, 'mean_pct': 9.96}, {'ts': '2026-09-29 10:11:11', 'theme': '电池', 'n': 1, 'mean_pct': 9.95}, {'ts': '2026-09-29 10:11:11', 'theme': '计算机设', 'n': 1, 'mean_pct': 10.01}, {'ts': '2026-09-29 10:12:11', 'theme': '出版', 'n': 1, 'mean_pct': 10.06}, {'ts': '2026-09-29 10:12:11', 'theme': '化学制药', 'n': 1, 'mean_pct': 10.05}, {'ts': '2026-09-29 10:12:11', 'theme': '化学原料', 'n': 1, 'mean_pct': 20.0}, {'ts': '2026-09-29 10:12:11', 'theme': '小家电', 'n': 1, 'mean_pct': 9.97}, {'ts': '2026-09-29 10:12:11', 'theme': '房地产开', 'n': 1, 'mean_pct': 9.98}, {'ts': '2026-09-29 10:12:11', 'theme': '汽车零部', 'n': 2, 'mean_pct': 10.03}, {'ts': '2026-09-29 10:12:11', 'theme': '电力', 'n': 1, 'mean_pct': 9.96}, {'ts': '2026-09-29 10:12:11', 'theme': '电池', 'n': 1, 'mean_pct': 9.95}, {'ts': '2026-09-29 10:12:11', 'theme': '计算机设', 'n': 1, 'mean_pct': 10.01}, {'ts': '2026-09-29 10:13:11', 'theme': '出版', 'n': 1, 'mean_pct': 10.06}, {'ts': '2026-09-29 10:13:11', 'theme': '化学制药', 'n': 1, 'mean_pct': 10.05}, {'ts': '2026-09-29 10:13:11', 'theme': '化学原料', 'n': 1, 'mean_pct': 20.0}, {'ts': '2026-09-29 10:13:11', 'theme': '小家电', 'n': 1, 'mean_pct': 9.97}, {'ts': '2026-09-29 10:13:11', 'theme': '房地产开', 'n': 1, 'mean_pct': 9.98}, {'ts': '2026-09-29 10:13:11', 'theme': '汽车零部', 'n': 2, 'mean_pct': 10.03}, {'ts': '2026-09-29 10:13:11', 'theme': '电力', 'n': 1, 'mean_pct': 9.96}, {'ts': '2026-09-29 10:13:11', 'theme': '电池', 'n': 1, 'mean_pct': 9.95}, {'ts': '2026-09-29 10:13:11', 'theme': '计算机设', 'n': 1, 'mean_pct': 10.01}, {'ts': '2026-09-29 10:14:11', 'theme': '出版', 'n': 1, 'mean_pct': 10.06}, {'ts': '2026-09-29 10:14:11', 'theme': '化学制药', 'n': 1, 'mean_pct': 10.05}, {'ts': '2026-09-29 10:14:11', 'theme': '化学原料', 'n': 1, 'mean_pct': 20.0}, {'ts': '2026-09-29 10:14:11', 'theme': '小家电', 'n': 1, 'mean_pct': 9.97}, {'ts': '2026-09-29 10:14:11', 'theme': '房地产开', 'n': 1, 'mean_pct': 9.98}, {'ts': '2026-09-29 10:14:11', 'theme': '汽车零部', 'n': 2, 'mean_pct': 10.03}, {'ts': '2026-09-29 10:14:11', 'theme': '电力', 'n': 1, 'mean_pct': 9.96}, {'ts': '2026-09-29 10:14:11', 'theme': '电池', 'n': 1, 'mean_pct': 9.95}, {'ts': '2026-09-29 10:14:11', 'theme': '计算机设', 'n': 1, 'mean_pct': 10.01}, {'ts': '2026-09-29 10:15:12', 'theme': '出版', 'n': 1, 'mean_pct': 10.06}, {'ts': '2026-09-29 10:15:12', 'theme': '化学制药', 'n': 1, 'mean_pct': 10.05}, {'ts': '2026-09-29 10:15:12', 'theme': '化学原料', 'n': 1, 'mean_pct': 20.0}, {'ts': '2026-09-29 10:15:12', 'theme': '小家电', 'n': 1, 'mean_pct': 9.97}, {'ts': '2026-09-29 10:15:12', 'theme': '房地产开', 'n': 1, 'mean_pct': 9.98}, {'ts': '2026-09-29 10:15:12', 'theme': '汽车零部', 'n': 2, 'mean_pct': 10.03}, {'ts': '2026-09-29 10:15:12', 'theme': '电力', 'n': 1, 'mean_pct': 9.96}, {'ts': '2026-09-29 10:15:12', 'theme': '电池', 'n': 1, 'mean_pct': 9.95}, {'ts': '2026-09-29 10:15:12', 'theme': '计算机设', 'n': 1, 'mean_pct': 10.01}, {'ts': '2026-09-29 10:16:12', 'theme': '出版', 'n': 1, 'mean_pct': 10.06}, {'ts': '2026-09-29 10:16:12', 'theme': '化学制药', 'n': 1, 'mean_pct': 10.05}, {'ts': '2026-09-29 10:16:12', 'theme': '化学原料', 'n': 1, 'mean_pct': 20.0}, {'ts': '2026-09-29 10:16:12', 'theme': '小家电', 'n': 1, 'mean_pct': 9.97}, {'ts': '2026-09-29 10:16:12', 'theme': '房地产开', 'n': 1, 'mean_pct': 9.98}, {'ts': '2026-09-29 10:16:12', 'theme': '汽车零部', 'n': 2, 'mean_pct': 10.03}, {'ts': '2026-09-29 10:16:12', 'theme': '电力', 'n': 1, 'mean_pct': 9.96}, {'ts': '2026-09-29 10:16:12', 'theme': '电池', 'n': 1, 'mean_pct': 9.95}, {'ts': '2026-09-29 10:16:12', 'theme': '计算机设', 'n': 1, 'mean_pct': 10.01}, {'ts': '2026-09-29 10:17:12', 'theme': '出版', 'n': 1, 'mean_pct': 10.06}, {'ts': '2026-09-29 10:17:12', 'theme': '化学制药', 'n': 1, 'mean_pct': 10.05}, {'ts': '2026-09-29 10:17:12', 'theme': '化学原料', 'n': 1, 'mean_pct': 20.0}, {'ts': '2026-09-29 10:17:12', 'theme': '小家电', 'n': 1, 'mean_pct': 9.97}, {'ts': '2026-09-29 10:17:12', 'theme': '房地产开', 'n': 1, 'mean_pct': 9.98}, {'ts': '2026-09-29 10:17:12', 'theme': '汽车零部', 'n': 2, 'mean_pct': 10.03}, {'ts': '2026-09-29 10:17:12', 'theme': '电力', 'n': 1, 'mean_pct': 9.96}, {'ts': '2026-09-29 10:17:12', 'theme': '电池', 'n': 1, 'mean_pct': 9.95}, {'ts': '2026-09-29 10:17:12', 'theme': '计算机设', 'n': 1, 'mean_pct': 10.01}, {'ts': '2026-09-29 10:18:12', 'theme': '出版', 'n': 1, 'mean_pct': 10.06}, {'ts': '2026-09-29 10:18:12', 'theme': '化学制药', 'n': 1, 'mean_pct': 10.05}, {'ts': '2026-09-29 10:18:12', 'theme': '化学原料', 'n': 1, 'mean_pct': 20.0}, {'ts': '2026-09-29 10:18:12', 'theme': '小家电', 'n': 1, 'mean_pct': 9.97}, {'ts': '2026-09-29 10:18:12', 'theme': '房地产开', 'n': 1, 'mean_pct': 9.98}, {'ts': '2026-09-29 10:18:12', 'theme': '汽车零部', 'n': 2, 'mean_pct': 10.03}, {'ts': '2026-09-29 10:18:12', 'theme': '电力', 'n': 1, 'mean_pct': 9.96}, {'ts': '2026-09-29 10:18:12', 'theme': '电池', 'n': 1, 'mean_pct': 9.95}, {'ts': '2026-09-29 10:18:12', 'theme': '计算机设', 'n': 1, 'mean_pct': 10.01}, {'ts': '2026-09-29 10:19:12', 'theme': '出版', 'n': 1, 'mean_pct': 10.06}, {'ts': '2026-09-29 10:19:12', 'theme': '化学制药', 'n': 1, 'mean_pct': 10.05}, {'ts': '2026-09-29 10:19:12', 'theme': '化学原料', 'n': 1, 'mean_pct': 20.0}, {'ts': '2026-09-29 10:19:12', 'theme': '小家电', 'n': 1, 'mean_pct': 9.97}, {'ts': '2026-09-29 10:19:12', 'theme': '房地产开', 'n': 1, 'mean_pct': 9.98}, {'ts': '2026-09-29 10:19:12', 'theme': '汽车零部', 'n': 2, 'mean_pct': 10.03}, {'ts': '2026-09-29 10:19:12', 'theme': '电力', 'n': 1, 'mean_pct': 9.96}, {'ts': '2026-09-29 10:19:12', 'theme': '电池', 'n': 1, 'mean_pct': 9.95}, {'ts': '2026-09-29 10:19:12', 'theme': '计算机设', 'n': 1, 'mean_pct': 10.01}, {'ts': '2026-09-29 10:20:13', 'theme': '出版', 'n': 1, 'mean_pct': 10.06}, {'ts': '2026-09-29 10:20:13', 'theme': '化学制药', 'n': 1, 'mean_pct': 10.05}, {'ts': '2026-09-29 10:20:13', 'theme': '化学原料', 'n': 1, 'mean_pct': 20.0}, {'ts': '2026-09-29 10:20:13', 'theme': '小家电', 'n': 1, 'mean_pct': 9.97}, {'ts': '2026-09-29 10:20:13', 'theme': '房地产开', 'n': 1, 'mean_pct': 9.98}, {'ts': '2026-09-29 10:20:13', 'theme': '汽车零部', 'n': 2, 'mean_pct': 10.03}, {'ts': '2026-09-29 10:20:13', 'theme': '电力', 'n': 1, 'mean_pct': 9.96}, {'ts': '2026-09-29 10:20:13', 'theme': '电池', 'n': 1, 'mean_pct': 9.95}, {'ts': '2026-09-29 10:20:13', 'theme': '计算机设', 'n': 1, 'mean_pct': 10.01}, {'ts': '2026-09-29 10:21:13', 'theme': '出版', 'n': 1, 'mean_pct': 10.06}, {'ts': '2026-09-29 10:21:13', 'theme': '化学制药', 'n': 1, 'mean_pct': 10.05}, {'ts': '2026-09-29 10:21:13', 'theme': '化学原料', 'n': 1, 'mean_pct': 20.0}, {'ts': '2026-09-29 10:21:13', 'theme': '小家电', 'n': 1, 'mean_pct': 9.97}, {'ts': '2026-09-29 10:21:13', 'theme': '房地产开', 'n': 1, 'mean_pct': 9.98}, {'ts': '2026-09-29 10:21:13', 'theme': '汽车零部', 'n': 2, 'mean_pct': 10.03}, {'ts': '2026-09-29 10:21:13', 'theme': '电力', 'n': 1, 'mean_pct': 9.96}, {'ts': '2026-09-29 10:21:13', 'theme': '电池', 'n': 1, 'mean_pct': 9.95}, {'ts': '2026-09-29 10:21:13', 'theme': '计算机设', 'n': 1, 'mean_pct': 10.01}, {'ts': '2026-09-29 10:22:13', 'theme': '出版', 'n': 1, 'mean_pct': 10.06}, {'ts': '2026-09-29 10:22:13', 'theme': '化学制药', 'n': 1, 'mean_pct': 10.05}, {'ts': '2026-09-29 10:22:13', 'theme': '化学原料', 'n': 1, 'mean_pct': 20.0}, {'ts': '2026-09-29 10:22:13', 'theme': '小家电', 'n': 1, 'mean_pct': 9.97}, {'ts': '2026-09-29 10:22:13', 'theme': '房地产开', 'n': 1, 'mean_pct': 9.98}, {'ts': '2026-09-29 10:22:13', 'theme': '汽车零部', 'n': 2, 'mean_pct': 10.03}, {'ts': '2026-09-29 10:22:13', 'theme': '电力', 'n': 1, 'mean_pct': 9.96}, {'ts': '2026-09-29 10:22:13', 'theme': '电池', 'n': 1, 'mean_pct': 9.95}, {'ts': '2026-09-29 10:22:13', 'theme': '计算机设', 'n': 1, 'mean_pct': 10.01}, {'ts': '2026-09-29 10:23:13', 'theme': '出版', 'n': 1, 'mean_pct': 10.06}, {'ts': '2026-09-29 10:23:13', 'theme': '化学制药', 'n': 1, 'mean_pct': 10.05}, {'ts': '2026-09-29 10:23:13', 'theme': '化学原料', 'n': 1, 'mean_pct': 20.0}, {'ts': '2026-09-29 10:23:13', 'theme': '小家电', 'n': 1, 'mean_pct': 9.97}, {'ts': '2026-09-29 10:23:13', 'theme': '房地产开', 'n': 1, 'mean_pct': 9.98}, {'ts': '2026-09-29 10:23:13', 'theme': '汽车零部', 'n': 2, 'mean_pct': 10.03}, {'ts': '2026-09-29 10:23:13', 'theme': '电力', 'n': 1, 'mean_pct': 9.96}, {'ts': '2026-09-29 10:23:13', 'theme': '电池', 'n': 1, 'mean_pct': 9.95}, {'ts': '2026-09-29 10:23:13', 'theme': '计算机设', 'n': 1, 'mean_pct': 10.01}, {'ts': '2026-09-29 10:24:13', 'theme': '出版', 'n': 1, 'mean_pct': 10.06}, {'ts': '2026-09-29 10:24:13', 'theme': '化学制药', 'n': 1, 'mean_pct': 10.05}, {'ts': '2026-09-29 10:24:13', 'theme': '化学原料', 'n': 1, 'mean_pct': 20.0}, {'ts': '2026-09-29 10:24:13', 'theme': '小家电', 'n': 1, 'mean_pct': 9.97}, {'ts': '2026-09-29 10:24:13', 'theme': '房地产开', 'n': 1, 'mean_pct': 9.98}, {'ts': '2026-09-29 10:24:13', 'theme': '汽车零部', 'n': 2, 'mean_pct': 10.03}, {'ts': '2026-09-29 10:24:13', 'theme': '电力', 'n': 1, 'mean_pct': 9.96}, {'ts': '2026-09-29 10:24:13', 'theme': '电池', 'n': 1, 'mean_pct': 9.95}, {'ts': '2026-09-29 10:24:13', 'theme': '计算机设', 'n': 1, 'mean_pct': 10.01}, {'ts': '2026-09-29 10:25:13', 'theme': '出版', 'n': 1, 'mean_pct': 10.06}, {'ts': '2026-09-29 10:25:13', 'theme': '化学制药', 'n': 1, 'mean_pct': 10.05}, {'ts': '2026-09-29 10:25:13', 'theme': '化学原料', 'n': 1, 'mean_pct': 20.0}, {'ts': '2026-09-29 10:25:13', 'theme': '小家电', 'n': 1, 'mean_pct': 9.97}, {'ts': '2026-09-29 10:25:13', 'theme': '房地产开', 'n': 1, 'mean_pct': 9.98}, {'ts': '2026-09-29 10:25:13', 'theme': '汽车零部', 'n': 2, 'mean_pct': 10.03}, {'ts': '2026-09-29 10:25:13', 'theme': '电力', 'n': 1, 'mean_pct': 9.96}, {'ts': '2026-09-29 10:25:13', 'theme': '电池', 'n': 1, 'mean_pct': 9.95}, {'ts': '2026-09-29 10:25:13', 'theme': '计算机设', 'n': 1, 'mean_pct': 10.01}, {'ts': '2026-09-29 10:26:14', 'theme': '出版', 'n': 1, 'mean_pct': 10.06}, {'ts': '2026-09-29 10:26:14', 'theme': '化学制药', 'n': 1, 'mean_pct': 10.05}, {'ts': '2026-09-29 10:26:14', 'theme': '化学原料', 'n': 1, 'mean_pct': 20.0}, {'ts': '2026-09-29 10:26:14', 'theme': '小家电', 'n': 1, 'mean_pct': 9.97}, {'ts': '2026-09-29 10:26:14', 'theme': '房地产开', 'n': 1, 'mean_pct': 9.98}, {'ts': '2026-09-29 10:26:14', 'theme': '汽车零部', 'n': 2, 'mean_pct': 10.03}, {'ts': '2026-09-29 10:26:14', 'theme': '电力', 'n': 1, 'mean_pct': 9.96}, {'ts': '2026-09-29 10:26:14', 'theme': '电池', 'n': 1, 'mean_pct': 9.95}, {'ts': '2026-09-29 10:26:14', 'theme': '计算机设', 'n': 1, 'mean_pct': 10.01}, {'ts': '2026-09-29 10:27:14', 'theme': '出版', 'n': 1, 'mean_pct': 10.06}, {'ts': '2026-09-29 10:27:14', 'theme': '化学制药', 'n': 1, 'mean_pct': 10.05}, {'ts': '2026-09-29 10:27:14', 'theme': '化学原料', 'n': 1, 'mean_pct': 20.0}, {'ts': '2026-09-29 10:27:14', 'theme': '小家电', 'n': 1, 'mean_pct': 9.97}, {'ts': '2026-09-29 10:27:14', 'theme': '房地产开', 'n': 1, 'mean_pct': 9.98}, {'ts': '2026-09-29 10:27:14', 'theme': '汽车零部', 'n': 2, 'mean_pct': 10.03}, {'ts': '2026-09-29 10:27:14', 'theme': '电力', 'n': 1, 'mean_pct': 9.96}, {'ts': '2026-09-29 10:27:14', 'theme': '电池', 'n': 1, 'mean_pct': 9.95}, {'ts': '2026-09-29 10:27:14', 'theme': '计算机设', 'n': 1, 'mean_pct': 10.01}, {'ts': '2026-09-29 10:28:14', 'theme': '出版', 'n': 1, 'mean_pct': 10.06}, {'ts': '2026-09-29 10:28:14', 'theme': '化学制药', 'n': 1, 'mean_pct': 10.05}, {'ts': '2026-09-29 10:28:14', 'theme': '化学原料', 'n': 1, 'mean_pct': 20.0}, {'ts': '2026-09-29 10:28:14', 'theme': '小家电', 'n': 1, 'mean_pct': 9.97}, {'ts': '2026-09-29 10:28:14', 'theme': '房地产开', 'n': 1, 'mean_pct': 9.98}, {'ts': '2026-09-29 10:28:14', 'theme': '汽车零部', 'n': 2, 'mean_pct': 10.03}, {'ts': '2026-09-29 10:28:14', 'theme': '电力', 'n': 1, 'mean_pct': 9.96}, {'ts': '2026-09-29 10:28:14', 'theme': '电池', 'n': 1, 'mean_pct': 9.95}, {'ts': '2026-09-29 10:28:14', 'theme': '计算机设', 'n': 1, 'mean_pct': 10.01}, {'ts': '2026-09-29 10:29:14', 'theme': '出版', 'n': 1, 'mean_pct': 10.06}, {'ts': '2026-09-29 10:29:14', 'theme': '化学制药', 'n': 1, 'mean_pct': 10.05}, {'ts': '2026-09-29 10:29:14', 'theme': '化学原料', 'n': 1, 'mean_pct': 20.0}, {'ts': '2026-09-29 10:29:14', 'theme': '小家电', 'n': 1, 'mean_pct': 9.97}, {'ts': '2026-09-29 10:29:14', 'theme': '房地产开', 'n': 1, 'mean_pct': 9.98}, {'ts': '2026-09-29 10:29:14', 'theme': '汽车零部', 'n': 2, 'mean_pct': 10.03}, {'ts': '2026-09-29 10:29:14', 'theme': '电力', 'n': 1, 'mean_pct': 9.96}, {'ts': '2026-09-29 10:29:14', 'theme': '电池', 'n': 1, 'mean_pct': 9.95}, {'ts': '2026-09-29 10:29:14', 'theme': '计算机设', 'n': 1, 'mean_pct': 10.01}, {'ts': '2026-09-29 10:30:14', 'theme': '出版', 'n': 1, 'mean_pct': 10.06}, {'ts': '2026-09-29 10:30:14', 'theme': '化学制药', 'n': 1, 'mean_pct': 10.05}, {'ts': '2026-09-29 10:30:14', 'theme': '化学原料', 'n': 1, 'mean_pct': 20.0}, {'ts': '2026-09-29 10:30:14', 'theme': '小家电', 'n': 1, 'mean_pct': 9.97}, {'ts': '2026-09-29 10:30:14', 'theme': '房地产开', 'n': 1, 'mean_pct': 9.98}, {'ts': '2026-09-29 10:30:14', 'theme': '汽车零部', 'n': 2, 'mean_pct': 10.03}, {'ts': '2026-09-29 10:30:14', 'theme': '电力', 'n': 1, 'mean_pct': 9.96}, {'ts': '2026-09-29 10:30:14', 'theme': '电池', 'n': 1, 'mean_pct': 9.95}, {'ts': '2026-09-29 10:30:14', 'theme': '计算机设', 'n': 1, 'mean_pct': 10.01}, {'ts': '2026-09-29 10:31:14', 'theme': '出版', 'n': 1, 'mean_pct': 10.06}, {'ts': '2026-09-29 10:31:14', 'theme': '化学制药', 'n': 1, 'mean_pct': 10.05}, {'ts': '2026-09-29 10:31:14', 'theme': '化学原料', 'n': 1, 'mean_pct': 20.0}, {'ts': '2026-09-29 10:31:14', 'theme': '小家电', 'n': 1, 'mean_pct': 9.97}, {'ts': '2026-09-29 10:31:14', 'theme': '房地产开', 'n': 1, 'mean_pct': 9.98}, {'ts': '2026-09-29 10:31:14', 'theme': '汽车零部', 'n': 2, 'mean_pct': 10.03}, {'ts': '2026-09-29 10:31:14', 'theme': '电力', 'n': 1, 'mean_pct': 9.96}, {'ts': '2026-09-29 10:31:14', 'theme': '电池', 'n': 1, 'mean_pct': 9.95}, {'ts': '2026-09-29 10:31:14', 'theme': '计算机设', 'n': 1, 'mean_pct': 10.01}, {'ts': '2026-09-29 10:32:15', 'theme': '出版', 'n': 1, 'mean_pct': 10.06}, {'ts': '2026-09-29 10:32:15', 'theme': '化学制药', 'n': 1, 'mean_pct': 10.05}, {'ts': '2026-09-29 10:32:15', 'theme': '化学原料', 'n': 1, 'mean_pct': 20.0}, {'ts': '2026-09-29 10:32:15', 'theme': '小家电', 'n': 1, 'mean_pct': 9.97}, {'ts': '2026-09-29 10:32:15', 'theme': '房地产开', 'n': 1, 'mean_pct': 9.98}, {'ts': '2026-09-29 10:32:15', 'theme': '汽车零部', 'n': 2, 'mean_pct': 10.03}, {'ts': '2026-09-29 10:32:15', 'theme': '电力', 'n': 1, 'mean_pct': 9.96}, {'ts': '2026-09-29 10:32:15', 'theme': '电池', 'n': 1, 'mean_pct': 9.95}, {'ts': '2026-09-29 10:32:15', 'theme': '计算机设', 'n': 1, 'mean_pct': 10.01}, {'ts': '2026-09-29 10:33:15', 'theme': '出版', 'n': 1, 'mean_pct': 10.06}, {'ts': '2026-09-29 10:33:15', 'theme': '化学制药', 'n': 1, 'mean_pct': 10.05}, {'ts': '2026-09-29 10:33:15', 'theme': '化学原料', 'n': 1, 'mean_pct': 20.0}, {'ts': '2026-09-29 10:33:15', 'theme': '小家电', 'n': 1, 'mean_pct': 9.97}, {'ts': '2026-09-29 10:33:15', 'theme': '房地产开', 'n': 1, 'mean_pct': 9.98}, {'ts': '2026-09-29 10:33:15', 'theme': '汽车零部', 'n': 2, 'mean_pct': 10.03}, {'ts': '2026-09-29 10:33:15', 'theme': '电力', 'n': 1, 'mean_pct': 9.96}, {'ts': '2026-09-29 10:33:15', 'theme': '电池', 'n': 1, 'mean_pct': 9.95}, {'ts': '2026-09-29 10:33:15', 'theme': '计算机设', 'n': 1, 'mean_pct': 10.01}, {'ts': '2026-09-29 10:34:15', 'theme': '出版', 'n': 1, 'mean_pct': 10.06}, {'ts': '2026-09-29 10:34:15', 'theme': '化学制药', 'n': 1, 'mean_pct': 10.05}, {'ts': '2026-09-29 10:34:15', 'theme': '化学原料', 'n': 1, 'mean_pct': 20.0}, {'ts': '2026-09-29 10:34:15', 'theme': '小家电', 'n': 1, 'mean_pct': 9.97}, {'ts': '2026-09-29 10:34:15', 'theme': '房地产开', 'n': 1, 'mean_pct': 9.98}, {'ts': '2026-09-29 10:34:15', 'theme': '汽车零部', 'n': 2, 'mean_pct': 10.03}, {'ts': '2026-09-29 10:34:15', 'theme': '电力', 'n': 1, 'mean_pct': 9.96}, {'ts': '2026-09-29 10:34:15', 'theme': '电池', 'n': 1, 'mean_pct': 9.95}, {'ts': '2026-09-29 10:34:15', 'theme': '计算机设', 'n': 1, 'mean_pct': 10.01}, {'ts': '2026-09-29 10:35:15', 'theme': '出版', 'n': 1, 'mean_pct': 10.06}, {'ts': '2026-09-29 10:35:15', 'theme': '化学制药', 'n': 1, 'mean_pct': 10.05}, {'ts': '2026-09-29 10:35:15', 'theme': '化学原料', 'n': 1, 'mean_pct': 20.0}, {'ts': '2026-09-29 10:35:15', 'theme': '小家电', 'n': 1, 'mean_pct': 9.97}, {'ts': '2026-09-29 10:35:15', 'theme': '房地产开', 'n': 1, 'mean_pct': 9.98}, {'ts': '2026-09-29 10:35:15', 'theme': '汽车零部', 'n': 2, 'mean_pct': 10.03}, {'ts': '2026-09-29 10:35:15', 'theme': '电力', 'n': 1, 'mean_pct': 9.96}, {'ts': '2026-09-29 10:35:15', 'theme': '电池', 'n': 1, 'mean_pct': 9.95}, {'ts': '2026-09-29 10:35:15', 'theme': '计算机设', 'n': 1, 'mean_pct': 10.01}, {'ts': '2026-09-29 10:36:15', 'theme': '出版', 'n': 1, 'mean_pct': 10.06}, {'ts': '2026-09-29 10:36:15', 'theme': '化学制药', 'n': 1, 'mean_pct': 10.05}, {'ts': '2026-09-29 10:36:15', 'theme': '化学原料', 'n': 1, 'mean_pct': 20.0}, {'ts': '2026-09-29 10:36:15', 'theme': '小家电', 'n': 1, 'mean_pct': 9.97}, {'ts': '2026-09-29 10:36:15', 'theme': '房地产开', 'n': 1, 'mean_pct': 9.98}, {'ts': '2026-09-29 10:36:15', 'theme': '汽车零部', 'n': 2, 'mean_pct': 10.03}, {'ts': '2026-09-29 10:36:15', 'theme': '电力', 'n': 1, 'mean_pct': 9.96}, {'ts': '2026-09-29 10:36:15', 'theme': '电池', 'n': 1, 'mean_pct': 9.95}, {'ts': '2026-09-29 10:36:15', 'theme': '计算机设', 'n': 1, 'mean_pct': 10.01}, {'ts': '2026-09-29 10:37:16', 'theme': '出版', 'n': 1, 'mean_pct': 10.06}, {'ts': '2026-09-29 10:37:16', 'theme': '化学制药', 'n': 1, 'mean_pct': 10.05}, {'ts': '2026-09-29 10:37:16', 'theme': '化学原料', 'n': 1, 'mean_pct': 20.0}, {'ts': '2026-09-29 10:37:16', 'theme': '小家电', 'n': 1, 'mean_pct': 9.97}, {'ts': '2026-09-29 10:37:16', 'theme': '房地产开', 'n': 1, 'mean_pct': 9.98}, {'ts': '2026-09-29 10:37:16', 'theme': '汽车零部', 'n': 2, 'mean_pct': 10.03}, {'ts': '2026-09-29 10:37:16', 'theme': '电力', 'n': 1, 'mean_pct': 9.96}, {'ts': '2026-09-29 10:37:16', 'theme': '电池', 'n': 1, 'mean_pct': 9.95}, {'ts': '2026-09-29 10:37:16', 'theme': '计算机设', 'n': 1, 'mean_pct': 10.01}, {'ts': '2026-09-29 10:38:16', 'theme': '出版', 'n': 1, 'mean_pct': 10.06}, {'ts': '2026-09-29 10:38:16', 'theme': '化学制药', 'n': 1, 'mean_pct': 10.05}, {'ts': '2026-09-29 10:38:16', 'theme': '化学原料', 'n': 1, 'mean_pct': 20.0}, {'ts': '2026-09-29 10:38:16', 'theme': '小家电', 'n': 1, 'mean_pct': 9.97}, {'ts': '2026-09-29 10:38:16', 'theme': '房地产开', 'n': 1, 'mean_pct': 9.98}, {'ts': '2026-09-29 10:38:16', 'theme': '汽车零部', 'n': 2, 'mean_pct': 10.03}, {'ts': '2026-09-29 10:38:16', 'theme': '电力', 'n': 1, 'mean_pct': 9.96}, {'ts': '2026-09-29 10:38:16', 'theme': '电池', 'n': 1, 'mean_pct': 9.95}, {'ts': '2026-09-29 10:38:16', 'theme': '计算机设', 'n': 1, 'mean_pct': 10.01}, {'ts': '2026-09-29 10:39:16', 'theme': '出版', 'n': 1, 'mean_pct': 10.06}, {'ts': '2026-09-29 10:39:16', 'theme': '化学制药', 'n': 1, 'mean_pct': 10.05}, {'ts': '2026-09-29 10:39:16', 'theme': '化学原料', 'n': 1, 'mean_pct': 20.0}, {'ts': '2026-09-29 10:39:16', 'theme': '小家电', 'n': 1, 'mean_pct': 9.97}, {'ts': '2026-09-29 10:39:16', 'theme': '房地产开', 'n': 1, 'mean_pct': 9.98}, {'ts': '2026-09-29 10:39:16', 'theme': '汽车零部', 'n': 2, 'mean_pct': 10.03}, {'ts': '2026-09-29 10:39:16', 'theme': '电力', 'n': 1, 'mean_pct': 9.96}, {'ts': '2026-09-29 10:39:16', 'theme': '电池', 'n': 1, 'mean_pct': 9.95}, {'ts': '2026-09-29 10:39:16', 'theme': '计算机设', 'n': 1, 'mean_pct': 10.01}, {'ts': '2026-09-29 10:40:16', 'theme': '出版', 'n': 1, 'mean_pct': 10.06}, {'ts': '2026-09-29 10:40:16', 'theme': '化学制药', 'n': 1, 'mean_pct': 10.05}, {'ts': '2026-09-29 10:40:16', 'theme': '化学原料', 'n': 1, 'mean_pct': 20.0}, {'ts': '2026-09-29 10:40:16', 'theme': '小家电', 'n': 1, 'mean_pct': 9.97}, {'ts': '2026-09-29 10:40:16', 'theme': '房地产开', 'n': 1, 'mean_pct': 9.98}, {'ts': '2026-09-29 10:40:16', 'theme': '汽车零部', 'n': 2, 'mean_pct': 10.03}, {'ts': '2026-09-29 10:40:16', 'theme': '电力', 'n': 1, 'mean_pct': 9.96}, {'ts': '2026-09-29 10:40:16', 'theme': '电池', 'n': 1, 'mean_pct': 9.95}, {'ts': '2026-09-29 10:40:16', 'theme': '计算机设', 'n': 1, 'mean_pct': 10.01}, {'ts': '2026-09-29 10:41:16', 'theme': '出版', 'n': 1, 'mean_pct': 10.06}, {'ts': '2026-09-29 10:41:16', 'theme': '化学制药', 'n': 1, 'mean_pct': 10.05}, {'ts': '2026-09-29 10:41:16', 'theme': '化学原料', 'n': 1, 'mean_pct': 20.0}, {'ts': '2026-09-29 10:41:16', 'theme': '小家电', 'n': 1, 'mean_pct': 9.97}, {'ts': '2026-09-29 10:41:16', 'theme': '房地产开', 'n': 1, 'mean_pct': 9.98}, {'ts': '2026-09-29 10:41:16', 'theme': '汽车零部', 'n': 2, 'mean_pct': 10.03}, {'ts': '2026-09-29 10:41:16', 'theme': '电力', 'n': 1, 'mean_pct': 9.96}, {'ts': '2026-09-29 10:41:16', 'theme': '电池', 'n': 1, 'mean_pct': 9.95}, {'ts': '2026-09-29 10:41:16', 'theme': '计算机设', 'n': 1, 'mean_pct': 10.01}, {'ts': '2026-09-29 10:42:17', 'theme': '出版', 'n': 1, 'mean_pct': 10.06}, {'ts': '2026-09-29 10:42:17', 'theme': '化学制药', 'n': 1, 'mean_pct': 10.05}, {'ts': '2026-09-29 10:42:17', 'theme': '化学原料', 'n': 1, 'mean_pct': 20.0}, {'ts': '2026-09-29 10:42:17', 'theme': '小家电', 'n': 1, 'mean_pct': 9.97}, {'ts': '2026-09-29 10:42:17', 'theme': '房地产开', 'n': 1, 'mean_pct': 9.98}, {'ts': '2026-09-29 10:42:17', 'theme': '汽车零部', 'n': 2, 'mean_pct': 10.03}, {'ts': '2026-09-29 10:42:17', 'theme': '电力', 'n': 1, 'mean_pct': 9.96}, {'ts': '2026-09-29 10:42:17', 'theme': '电池', 'n': 1, 'mean_pct': 9.95}, {'ts': '2026-09-29 10:42:17', 'theme': '计算机设', 'n': 1, 'mean_pct': 10.01}, {'ts': '2026-09-29 10:43:17', 'theme': '出版', 'n': 1, 'mean_pct': 10.06}, {'ts': '2026-09-29 10:43:17', 'theme': '化学制药', 'n': 1, 'mean_pct': 10.05}, {'ts': '2026-09-29 10:43:17', 'theme': '化学原料', 'n': 1, 'mean_pct': 20.0}, {'ts': '2026-09-29 10:43:17', 'theme': '小家电', 'n': 1, 'mean_pct': 9.97}, {'ts': '2026-09-29 10:43:17', 'theme': '房地产开', 'n': 1, 'mean_pct': 9.98}, {'ts': '2026-09-29 10:43:17', 'theme': '汽车零部', 'n': 2, 'mean_pct': 10.03}, {'ts': '2026-09-29 10:43:17', 'theme': '电力', 'n': 1, 'mean_pct': 9.96}, {'ts': '2026-09-29 10:43:17', 'theme': '电池', 'n': 1, 'mean_pct': 9.95}, {'ts': '2026-09-29 10:43:17', 'theme': '计算机设', 'n': 1, 'mean_pct': 10.01}, {'ts': '2026-09-29 10:44:17', 'theme': '出版', 'n': 1, 'mean_pct': 10.06}, {'ts': '2026-09-29 10:44:17', 'theme': '化学制药', 'n': 1, 'mean_pct': 10.05}, {'ts': '2026-09-29 10:44:17', 'theme': '化学原料', 'n': 1, 'mean_pct': 20.0}, {'ts': '2026-09-29 10:44:17', 'theme': '小家电', 'n': 1, 'mean_pct': 9.97}, {'ts': '2026-09-29 10:44:17', 'theme': '房地产开', 'n': 1, 'mean_pct': 9.98}, {'ts': '2026-09-29 10:44:17', 'theme': '汽车零部', 'n': 2, 'mean_pct': 10.03}, {'ts': '2026-09-29 10:44:17', 'theme': '电力', 'n': 1, 'mean_pct': 9.96}, {'ts': '2026-09-29 10:44:17', 'theme': '电池', 'n': 1, 'mean_pct': 9.95}, {'ts': '2026-09-29 10:44:17', 'theme': '计算机设', 'n': 1, 'mean_pct': 10.01}, {'ts': '2026-09-29 10:45:17', 'theme': '出版', 'n': 1, 'mean_pct': 10.06}, {'ts': '2026-09-29 10:45:17', 'theme': '化学制药', 'n': 1, 'mean_pct': 10.05}, {'ts': '2026-09-29 10:45:17', 'theme': '化学原料', 'n': 1, 'mean_pct': 20.0}, {'ts': '2026-09-29 10:45:17', 'theme': '小家电', 'n': 1, 'mean_pct': 9.97}, {'ts': '2026-09-29 10:45:17', 'theme': '房地产开', 'n': 1, 'mean_pct': 9.98}, {'ts': '2026-09-29 10:45:17', 'theme': '汽车零部', 'n': 2, 'mean_pct': 10.03}, {'ts': '2026-09-29 10:45:17', 'theme': '电力', 'n': 1, 'mean_pct': 9.96}, {'ts': '2026-09-29 10:45:17', 'theme': '电池', 'n': 1, 'mean_pct': 9.95}, {'ts': '2026-09-29 10:45:17', 'theme': '计算机设', 'n': 1, 'mean_pct': 10.01}, {'ts': '2026-09-29 10:46:17', 'theme': '出版', 'n': 1, 'mean_pct': 10.06}, {'ts': '2026-09-29 10:46:17', 'theme': '化学制药', 'n': 1, 'mean_pct': 10.05}, {'ts': '2026-09-29 10:46:17', 'theme': '化学原料', 'n': 1, 'mean_pct': 20.0}, {'ts': '2026-09-29 10:46:17', 'theme': '小家电', 'n': 1, 'mean_pct': 9.97}, {'ts': '2026-09-29 10:46:17', 'theme': '房地产开', 'n': 1, 'mean_pct': 9.98}, {'ts': '2026-09-29 10:46:17', 'theme': '汽车零部', 'n': 2, 'mean_pct': 10.03}, {'ts': '2026-09-29 10:46:17', 'theme': '电力', 'n': 1, 'mean_pct': 9.96}, {'ts': '2026-09-29 10:46:17', 'theme': '电池', 'n': 1, 'mean_pct': 9.95}, {'ts': '2026-09-29 10:46:17', 'theme': '计算机设', 'n': 1, 'mean_pct': 10.01}, {'ts': '2026-09-29 10:47:17', 'theme': '出版', 'n': 1, 'mean_pct': 10.06}, {'ts': '2026-09-29 10:47:17', 'theme': '化学制药', 'n': 1, 'mean_pct': 10.05}, {'ts': '2026-09-29 10:47:17', 'theme': '化学原料', 'n': 1, 'mean_pct': 20.0}, {'ts': '2026-09-29 10:47:17', 'theme': '小家电', 'n': 1, 'mean_pct': 9.97}, {'ts': '2026-09-29 10:47:17', 'theme': '房地产开', 'n': 1, 'mean_pct': 9.98}, {'ts': '2026-09-29 10:47:17', 'theme': '汽车零部', 'n': 2, 'mean_pct': 10.03}, {'ts': '2026-09-29 10:47:17', 'theme': '电力', 'n': 1, 'mean_pct': 9.96}, {'ts': '2026-09-29 10:47:17', 'theme': '电池', 'n': 1, 'mean_pct': 9.95}, {'ts': '2026-09-29 10:47:17', 'theme': '计算机设', 'n': 1, 'mean_pct': 10.01}, {'ts': '2026-09-29 10:48:18', 'theme': '出版', 'n': 1, 'mean_pct': 10.06}, {'ts': '2026-09-29 10:48:18', 'theme': '化学制药', 'n': 1, 'mean_pct': 10.05}, {'ts': '2026-09-29 10:48:18', 'theme': '化学原料', 'n': 1, 'mean_pct': 20.0}, {'ts': '2026-09-29 10:48:18', 'theme': '小家电', 'n': 1, 'mean_pct': 9.97}, {'ts': '2026-09-29 10:48:18', 'theme': '房地产开', 'n': 1, 'mean_pct': 9.98}, {'ts': '2026-09-29 10:48:18', 'theme': '汽车零部', 'n': 2, 'mean_pct': 10.03}, {'ts': '2026-09-29 10:48:18', 'theme': '电力', 'n': 1, 'mean_pct': 9.96}, {'ts': '2026-09-29 10:48:18', 'theme': '电池', 'n': 1, 'mean_pct': 9.95}, {'ts': '2026-09-29 10:48:18', 'theme': '计算机设', 'n': 1, 'mean_pct': 10.01}, {'ts': '2026-09-29 10:49:18', 'theme': '出版', 'n': 1, 'mean_pct': 10.06}, {'ts': '2026-09-29 10:49:18', 'theme': '化学制药', 'n': 1, 'mean_pct': 10.05}, {'ts': '2026-09-29 10:49:18', 'theme': '化学原料', 'n': 1, 'mean_pct': 20.0}, {'ts': '2026-09-29 10:49:18', 'theme': '小家电', 'n': 1, 'mean_pct': 9.97}, {'ts': '2026-09-29 10:49:18', 'theme': '房地产开', 'n': 1, 'mean_pct': 9.98}, {'ts': '2026-09-29 10:49:18', 'theme': '汽车零部', 'n': 2, 'mean_pct': 10.03}, {'ts': '2026-09-29 10:49:18', 'theme': '电力', 'n': 1, 'mean_pct': 9.96}, {'ts': '2026-09-29 10:49:18', 'theme': '电池', 'n': 1, 'mean_pct': 9.95}, {'ts': '2026-09-29 10:49:18', 'theme': '计算机设', 'n': 1, 'mean_pct': 10.01}, {'ts': '2026-09-29 10:50:18', 'theme': '出版', 'n': 1, 'mean_pct': 10.06}, {'ts': '2026-09-29 10:50:18', 'theme': '化学制药', 'n': 1, 'mean_pct': 10.05}, {'ts': '2026-09-29 10:50:18', 'theme': '化学原料', 'n': 1, 'mean_pct': 20.0}, {'ts': '2026-09-29 10:50:18', 'theme': '小家电', 'n': 1, 'mean_pct': 9.97}, {'ts': '2026-09-29 10:50:18', 'theme': '房地产开', 'n': 1, 'mean_pct': 9.98}, {'ts': '2026-09-29 10:50:18', 'theme': '汽车零部', 'n': 2, 'mean_pct': 10.03}, {'ts': '2026-09-29 10:50:18', 'theme': '电力', 'n': 1, 'mean_pct': 9.96}, {'ts': '2026-09-29 10:50:18', 'theme': '电池', 'n': 1, 'mean_pct': 9.95}, {'ts': '2026-09-29 10:50:18', 'theme': '计算机设', 'n': 1, 'mean_pct': 10.01}, {'ts': '2026-09-29 10:51:18', 'theme': '出版', 'n': 1, 'mean_pct': 10.06}, {'ts': '2026-09-29 10:51:18', 'theme': '化学制药', 'n': 1, 'mean_pct': 10.05}, {'ts': '2026-09-29 10:51:18', 'theme': '化学原料', 'n': 1, 'mean_pct': 20.0}, {'ts': '2026-09-29 10:51:18', 'theme': '小家电', 'n': 1, 'mean_pct': 9.97}, {'ts': '2026-09-29 10:51:18', 'theme': '房地产开', 'n': 1, 'mean_pct': 9.98}, {'ts': '2026-09-29 10:51:18', 'theme': '汽车零部', 'n': 2, 'mean_pct': 10.03}, {'ts': '2026-09-29 10:51:18', 'theme': '电力', 'n': 1, 'mean_pct': 9.96}, {'ts': '2026-09-29 10:51:18', 'theme': '电池', 'n': 1, 'mean_pct': 9.95}, {'ts': '2026-09-29 10:51:18', 'theme': '计算机设', 'n': 1, 'mean_pct': 10.01}, {'ts': '2026-09-29 10:52:18', 'theme': '出版', 'n': 1, 'mean_pct': 10.06}, {'ts': '2026-09-29 10:52:18', 'theme': '化学制药', 'n': 1, 'mean_pct': 10.05}, {'ts': '2026-09-29 10:52:18', 'theme': '化学原料', 'n': 1, 'mean_pct': 20.0}, {'ts': '2026-09-29 10:52:18', 'theme': '小家电', 'n': 1, 'mean_pct': 9.97}, {'ts': '2026-09-29 10:52:18', 'theme': '房地产开', 'n': 1, 'mean_pct': 9.98}, {'ts': '2026-09-29 10:52:18', 'theme': '汽车零部', 'n': 2, 'mean_pct': 10.03}, {'ts': '2026-09-29 10:52:18', 'theme': '电力', 'n': 1, 'mean_pct': 9.96}, {'ts': '2026-09-29 10:52:18', 'theme': '电池', 'n': 1, 'mean_pct': 9.95}, {'ts': '2026-09-29 10:52:18', 'theme': '计算机设', 'n': 1, 'mean_pct': 10.01}, {'ts': '2026-09-29 10:53:19', 'theme': '出版', 'n': 1, 'mean_pct': 10.06}, {'ts': '2026-09-29 10:53:19', 'theme': '化学制药', 'n': 1, 'mean_pct': 10.05}, {'ts': '2026-09-29 10:53:19', 'theme': '化学原料', 'n': 1, 'mean_pct': 20.0}, {'ts': '2026-09-29 10:53:19', 'theme': '小家电', 'n': 1, 'mean_pct': 9.97}, {'ts': '2026-09-29 10:53:19', 'theme': '房地产开', 'n': 1, 'mean_pct': 9.98}, {'ts': '2026-09-29 10:53:19', 'theme': '汽车零部', 'n': 2, 'mean_pct': 10.03}, {'ts': '2026-09-29 10:53:19', 'theme': '电力', 'n': 1, 'mean_pct': 9.96}, {'ts': '2026-09-29 10:53:19', 'theme': '电池', 'n': 1, 'mean_pct': 9.95}, {'ts': '2026-09-29 10:53:19', 'theme': '计算机设', 'n': 1, 'mean_pct': 10.01}, {'ts': '2026-09-29 10:54:19', 'theme': '出版', 'n': 1, 'mean_pct': 10.06}, {'ts': '2026-09-29 10:54:19', 'theme': '化学制药', 'n': 1, 'mean_pct': 10.05}, {'ts': '2026-09-29 10:54:19', 'theme': '化学原料', 'n': 1, 'mean_pct': 20.0}, {'ts': '2026-09-29 10:54:19', 'theme': '小家电', 'n': 1, 'mean_pct': 9.97}, {'ts': '2026-09-29 10:54:19', 'theme': '房地产开', 'n': 1, 'mean_pct': 9.98}, {'ts': '2026-09-29 10:54:19', 'theme': '汽车零部', 'n': 2, 'mean_pct': 10.03}, {'ts': '2026-09-29 10:54:19', 'theme': '电力', 'n': 1, 'mean_pct': 9.96}, {'ts': '2026-09-29 10:54:19', 'theme': '电池', 'n': 1, 'mean_pct': 9.95}, {'ts': '2026-09-29 10:54:19', 'theme': '计算机设', 'n': 1, 'mean_pct': 10.01}, {'ts': '2026-09-29 10:55:19', 'theme': '出版', 'n': 1, 'mean_pct': 10.06}, {'ts': '2026-09-29 10:55:19', 'theme': '化学制药', 'n': 1, 'mean_pct': 10.05}, {'ts': '2026-09-29 10:55:19', 'theme': '化学原料', 'n': 1, 'mean_pct': 20.0}, {'ts': '2026-09-29 10:55:19', 'theme': '小家电', 'n': 1, 'mean_pct': 9.97}, {'ts': '2026-09-29 10:55:19', 'theme': '房地产开', 'n': 1, 'mean_pct': 9.98}, {'ts': '2026-09-29 10:55:19', 'theme': '汽车零部', 'n': 2, 'mean_pct': 10.03}, {'ts': '2026-09-29 10:55:19', 'theme': '电力', 'n': 1, 'mean_pct': 9.96}, {'ts': '2026-09-29 10:55:19', 'theme': '电池', 'n': 1, 'mean_pct': 9.95}, {'ts': '2026-09-29 10:55:19', 'theme': '计算机设', 'n': 1, 'mean_pct': 10.01}, {'ts': '2026-09-29 10:56:19', 'theme': '出版', 'n': 1, 'mean_pct': 10.06}, {'ts': '2026-09-29 10:56:19', 'theme': '化学制药', 'n': 1, 'mean_pct': 10.05}, {'ts': '2026-09-29 10:56:19', 'theme': '化学原料', 'n': 1, 'mean_pct': 20.0}, {'ts': '2026-09-29 10:56:19', 'theme': '小家电', 'n': 1, 'mean_pct': 9.97}, {'ts': '2026-09-29 10:56:19', 'theme': '房地产开', 'n': 1, 'mean_pct': 9.98}, {'ts': '2026-09-29 10:56:19', 'theme': '汽车零部', 'n': 2, 'mean_pct': 10.03}, {'ts': '2026-09-29 10:56:19', 'theme': '电力', 'n': 1, 'mean_pct': 9.96}, {'ts': '2026-09-29 10:56:19', 'theme': '电池', 'n': 1, 'mean_pct': 9.95}, {'ts': '2026-09-29 10:56:19', 'theme': '计算机设', 'n': 1, 'mean_pct': 10.01}, {'ts': '2026-09-29 10:57:19', 'theme': '出版', 'n': 1, 'mean_pct': 10.06}, {'ts': '2026-09-29 10:57:19', 'theme': '化学制药', 'n': 1, 'mean_pct': 10.05}, {'ts': '2026-09-29 10:57:19', 'theme': '化学原料', 'n': 1, 'mean_pct': 20.0}, {'ts': '2026-09-29 10:57:19', 'theme': '小家电', 'n': 1, 'mean_pct': 9.97}, {'ts': '2026-09-29 10:57:19', 'theme': '房地产开', 'n': 1, 'mean_pct': 9.98}, {'ts': '2026-09-29 10:57:19', 'theme': '汽车零部', 'n': 2, 'mean_pct': 10.03}, {'ts': '2026-09-29 10:57:19', 'theme': '电力', 'n': 1, 'mean_pct': 9.96}, {'ts': '2026-09-29 10:57:19', 'theme': '电池', 'n': 1, 'mean_pct': 9.95}, {'ts': '2026-09-29 10:57:19', 'theme': '计算机设', 'n': 1, 'mean_pct': 10.01}, {'ts': '2026-09-29 10:58:19', 'theme': '出版', 'n': 1, 'mean_pct': 10.06}, {'ts': '2026-09-29 10:58:19', 'theme': '化学制药', 'n': 1, 'mean_pct': 10.05}, {'ts': '2026-09-29 10:58:19', 'theme': '化学原料', 'n': 1, 'mean_pct': 20.0}, {'ts': '2026-09-29 10:58:19', 'theme': '小家电', 'n': 1, 'mean_pct': 9.97}, {'ts': '2026-09-29 10:58:19', 'theme': '房地产开', 'n': 1, 'mean_pct': 9.98}, {'ts': '2026-09-29 10:58:19', 'theme': '汽车零部', 'n': 2, 'mean_pct': 10.03}, {'ts': '2026-09-29 10:58:19', 'theme': '电力', 'n': 1, 'mean_pct': 9.96}, {'ts': '2026-09-29 10:58:19', 'theme': '电池', 'n': 1, 'mean_pct': 9.95}, {'ts': '2026-09-29 10:58:19', 'theme': '计算机设', 'n': 1, 'mean_pct': 10.01}, {'ts': '2026-09-29 10:59:20', 'theme': '出版', 'n': 1, 'mean_pct': 10.06}, {'ts': '2026-09-29 10:59:20', 'theme': '化学制药', 'n': 1, 'mean_pct': 10.05}, {'ts': '2026-09-29 10:59:20', 'theme': '化学原料', 'n': 1, 'mean_pct': 20.0}, {'ts': '2026-09-29 10:59:20', 'theme': '小家电', 'n': 1, 'mean_pct': 9.97}, {'ts': '2026-09-29 10:59:20', 'theme': '房地产开', 'n': 1, 'mean_pct': 9.98}, {'ts': '2026-09-29 10:59:20', 'theme': '汽车零部', 'n': 2, 'mean_pct': 10.03}, {'ts': '2026-09-29 10:59:20', 'theme': '电力', 'n': 1, 'mean_pct': 9.96}, {'ts': '2026-09-29 10:59:20', 'theme': '电池', 'n': 1, 'mean_pct': 9.95}, {'ts': '2026-09-29 10:59:20', 'theme': '计算机设', 'n': 1, 'mean_pct': 10.01}, {'ts': '2026-09-29 11:00:20', 'theme': '出版', 'n': 1, 'mean_pct': 10.06}, {'ts': '2026-09-29 11:00:20', 'theme': '化学制药', 'n': 1, 'mean_pct': 10.05}, {'ts': '2026-09-29 11:00:20', 'theme': '化学原料', 'n': 1, 'mean_pct': 20.0}, {'ts': '2026-09-29 11:00:20', 'theme': '小家电', 'n': 1, 'mean_pct': 9.97}, {'ts': '2026-09-29 11:00:20', 'theme': '房地产开', 'n': 1, 'mean_pct': 9.98}, {'ts': '2026-09-29 11:00:20', 'theme': '汽车零部', 'n': 2, 'mean_pct': 10.03}, {'ts': '2026-09-29 11:00:20', 'theme': '电力', 'n': 1, 'mean_pct': 9.96}, {'ts': '2026-09-29 11:00:20', 'theme': '电池', 'n': 1, 'mean_pct': 9.95}, {'ts': '2026-09-29 11:00:20', 'theme': '计算机设', 'n': 1, 'mean_pct': 10.01}, {'ts': '2026-09-29 11:01:20', 'theme': '出版', 'n': 1, 'mean_pct': 10.06}, {'ts': '2026-09-29 11:01:20', 'theme': '化学制药', 'n': 1, 'mean_pct': 10.05}, {'ts': '2026-09-29 11:01:20', 'theme': '化学原料', 'n': 1, 'mean_pct': 20.0}, {'ts': '2026-09-29 11:01:20', 'theme': '小家电', 'n': 1, 'mean_pct': 9.97}, {'ts': '2026-09-29 11:01:20', 'theme': '房地产开', 'n': 1, 'mean_pct': 9.98}, {'ts': '2026-09-29 11:01:20', 'theme': '汽车零部', 'n': 2, 'mean_pct': 10.03}, {'ts': '2026-09-29 11:01:20', 'theme': '电力', 'n': 1, 'mean_pct': 9.96}, {'ts': '2026-09-29 11:01:20', 'theme': '电池', 'n': 1, 'mean_pct': 9.95}, {'ts': '2026-09-29 11:01:20', 'theme': '计算机设', 'n': 1, 'mean_pct': 10.01}, {'ts': '2026-09-29 11:02:20', 'theme': '出版', 'n': 1, 'mean_pct': 10.06}, {'ts': '2026-09-29 11:02:20', 'theme': '化学制药', 'n': 1, 'mean_pct': 10.05}, {'ts': '2026-09-29 11:02:20', 'theme': '化学原料', 'n': 1, 'mean_pct': 20.0}, {'ts': '2026-09-29 11:02:20', 'theme': '小家电', 'n': 1, 'mean_pct': 9.97}, {'ts': '2026-09-29 11:02:20', 'theme': '房地产开', 'n': 1, 'mean_pct': 9.98}, {'ts': '2026-09-29 11:02:20', 'theme': '汽车零部', 'n': 2, 'mean_pct': 10.03}, {'ts': '2026-09-29 11:02:20', 'theme': '电力', 'n': 1, 'mean_pct': 9.96}, {'ts': '2026-09-29 11:02:20', 'theme': '电池', 'n': 1, 'mean_pct': 9.95}, {'ts': '2026-09-29 11:02:20', 'theme': '计算机设', 'n': 1, 'mean_pct': 10.01}, {'ts': '2026-09-29 11:03:20', 'theme': '出版', 'n': 1, 'mean_pct': 10.06}, {'ts': '2026-09-29 11:03:20', 'theme': '化学制药', 'n': 1, 'mean_pct': 10.05}, {'ts': '2026-09-29 11:03:20', 'theme': '化学原料', 'n': 1, 'mean_pct': 20.0}, {'ts': '2026-09-29 11:03:20', 'theme': '小家电', 'n': 1, 'mean_pct': 9.97}, {'ts': '2026-09-29 11:03:20', 'theme': '房地产开', 'n': 1, 'mean_pct': 9.98}, {'ts': '2026-09-29 11:03:20', 'theme': '汽车零部', 'n': 2, 'mean_pct': 10.03}, {'ts': '2026-09-29 11:03:20', 'theme': '电力', 'n': 1, 'mean_pct': 9.96}, {'ts': '2026-09-29 11:03:20', 'theme': '电池', 'n': 1, 'mean_pct': 9.95}, {'ts': '2026-09-29 11:03:20', 'theme': '计算机设', 'n': 1, 'mean_pct': 10.01}, {'ts': '2026-09-29 11:04:20', 'theme': '出版', 'n': 1, 'mean_pct': 10.06}, {'ts': '2026-09-29 11:04:20', 'theme': '化学制药', 'n': 1, 'mean_pct': 10.05}, {'ts': '2026-09-29 11:04:20', 'theme': '化学原料', 'n': 1, 'mean_pct': 20.0}, {'ts': '2026-09-29 11:04:20', 'theme': '小家电', 'n': 1, 'mean_pct': 9.97}, {'ts': '2026-09-29 11:04:20', 'theme': '房地产开', 'n': 1, 'mean_pct': 9.98}, {'ts': '2026-09-29 11:04:20', 'theme': '汽车零部', 'n': 2, 'mean_pct': 10.03}, {'ts': '2026-09-29 11:04:20', 'theme': '电力', 'n': 1, 'mean_pct': 9.96}, {'ts': '2026-09-29 11:04:20', 'theme': '电池', 'n': 1, 'mean_pct': 9.95}, {'ts': '2026-09-29 11:04:20', 'theme': '计算机设', 'n': 1, 'mean_pct': 10.01}, {'ts': '2026-09-29 11:05:21', 'theme': '出版', 'n': 1, 'mean_pct': 10.06}, {'ts': '2026-09-29 11:05:21', 'theme': '化学制药', 'n': 1, 'mean_pct': 10.05}, {'ts': '2026-09-29 11:05:21', 'theme': '化学原料', 'n': 1, 'mean_pct': 20.0}, {'ts': '2026-09-29 11:05:21', 'theme': '小家电', 'n': 1, 'mean_pct': 9.97}, {'ts': '2026-09-29 11:05:21', 'theme': '房地产开', 'n': 1, 'mean_pct': 9.98}, {'ts': '2026-09-29 11:05:21', 'theme': '汽车零部', 'n': 2, 'mean_pct': 10.03}, {'ts': '2026-09-29 11:05:21', 'theme': '电力', 'n': 1, 'mean_pct': 9.96}, {'ts': '2026-09-29 11:05:21', 'theme': '电池', 'n': 1, 'mean_pct': 9.95}, {'ts': '2026-09-29 11:05:21', 'theme': '计算机设', 'n': 1, 'mean_pct': 10.01}, {'ts': '2026-09-29 11:06:21', 'theme': '出版', 'n': 1, 'mean_pct': 10.06}, {'ts': '2026-09-29 11:06:21', 'theme': '化学制药', 'n': 1, 'mean_pct': 10.05}, {'ts': '2026-09-29 11:06:21', 'theme': '化学原料', 'n': 1, 'mean_pct': 20.0}, {'ts': '2026-09-29 11:06:21', 'theme': '小家电', 'n': 1, 'mean_pct': 9.97}, {'ts': '2026-09-29 11:06:21', 'theme': '房地产开', 'n': 1, 'mean_pct': 9.98}, {'ts': '2026-09-29 11:06:21', 'theme': '汽车零部', 'n': 2, 'mean_pct': 10.03}, {'ts': '2026-09-29 11:06:21', 'theme': '电力', 'n': 1, 'mean_pct': 9.96}, {'ts': '2026-09-29 11:06:21', 'theme': '电池', 'n': 1, 'mean_pct': 9.95}, {'ts': '2026-09-29 11:06:21', 'theme': '计算机设', 'n': 1, 'mean_pct': 10.01}, {'ts': '2026-09-29 11:07:21', 'theme': '出版', 'n': 1, 'mean_pct': 10.06}, {'ts': '2026-09-29 11:07:21', 'theme': '化学制药', 'n': 1, 'mean_pct': 10.05}, {'ts': '2026-09-29 11:07:21', 'theme': '化学原料', 'n': 1, 'mean_pct': 20.0}, {'ts': '2026-09-29 11:07:21', 'theme': '小家电', 'n': 1, 'mean_pct': 9.97}, {'ts': '2026-09-29 11:07:21', 'theme': '房地产开', 'n': 1, 'mean_pct': 9.98}, {'ts': '2026-09-29 11:07:21', 'theme': '汽车零部', 'n': 2, 'mean_pct': 10.03}, {'ts': '2026-09-29 11:07:21', 'theme': '电力', 'n': 1, 'mean_pct': 9.96}, {'ts': '2026-09-29 11:07:21', 'theme': '电池', 'n': 1, 'mean_pct': 9.95}, {'ts': '2026-09-29 11:07:21', 'theme': '计算机设', 'n': 1, 'mean_pct': 10.01}, {'ts': '2026-09-29 11:08:21', 'theme': '出版', 'n': 1, 'mean_pct': 10.06}, {'ts': '2026-09-29 11:08:21', 'theme': '化学制药', 'n': 1, 'mean_pct': 10.05}, {'ts': '2026-09-29 11:08:21', 'theme': '化学原料', 'n': 1, 'mean_pct': 20.0}, {'ts': '2026-09-29 11:08:21', 'theme': '小家电', 'n': 1, 'mean_pct': 9.97}, {'ts': '2026-09-29 11:08:21', 'theme': '房地产开', 'n': 1, 'mean_pct': 9.98}, {'ts': '2026-09-29 11:08:21', 'theme': '汽车零部', 'n': 2, 'mean_pct': 10.03}, {'ts': '2026-09-29 11:08:21', 'theme': '电力', 'n': 1, 'mean_pct': 9.96}, {'ts': '2026-09-29 11:08:21', 'theme': '电池', 'n': 1, 'mean_pct': 9.95}, {'ts': '2026-09-29 11:08:21', 'theme': '计算机设', 'n': 1, 'mean_pct': 10.01}, {'ts': '2026-09-29 11:09:21', 'theme': '出版', 'n': 1, 'mean_pct': 10.06}, {'ts': '2026-09-29 11:09:21', 'theme': '化学制药', 'n': 1, 'mean_pct': 10.05}, {'ts': '2026-09-29 11:09:21', 'theme': '化学原料', 'n': 1, 'mean_pct': 20.0}, {'ts': '2026-09-29 11:09:21', 'theme': '小家电', 'n': 1, 'mean_pct': 9.97}, {'ts': '2026-09-29 11:09:21', 'theme': '房地产开', 'n': 1, 'mean_pct': 9.98}, {'ts': '2026-09-29 11:09:21', 'theme': '汽车零部', 'n': 2, 'mean_pct': 10.03}, {'ts': '2026-09-29 11:09:21', 'theme': '电力', 'n': 1, 'mean_pct': 9.96}, {'ts': '2026-09-29 11:09:21', 'theme': '电池', 'n': 1, 'mean_pct': 9.95}, {'ts': '2026-09-29 11:09:21', 'theme': '计算机设', 'n': 1, 'mean_pct': 10.01}, {'ts': '2026-09-29 11:10:21', 'theme': '出版', 'n': 1, 'mean_pct': 10.06}, {'ts': '2026-09-29 11:10:21', 'theme': '化学制药', 'n': 1, 'mean_pct': 10.05}, {'ts': '2026-09-29 11:10:21', 'theme': '化学原料', 'n': 1, 'mean_pct': 20.0}, {'ts': '2026-09-29 11:10:21', 'theme': '小家电', 'n': 1, 'mean_pct': 9.97}, {'ts': '2026-09-29 11:10:21', 'theme': '房地产开', 'n': 1, 'mean_pct': 9.98}, {'ts': '2026-09-29 11:10:21', 'theme': '汽车零部', 'n': 2, 'mean_pct': 10.03}, {'ts': '2026-09-29 11:10:21', 'theme': '电力', 'n': 1, 'mean_pct': 9.96}, {'ts': '2026-09-29 11:10:21', 'theme': '电池', 'n': 1, 'mean_pct': 9.95}, {'ts': '2026-09-29 11:10:21', 'theme': '计算机设', 'n': 1, 'mean_pct': 10.01}, {'ts': '2026-09-29 11:11:22', 'theme': '出版', 'n': 1, 'mean_pct': 10.06}, {'ts': '2026-09-29 11:11:22', 'theme': '化学制药', 'n': 1, 'mean_pct': 10.05}, {'ts': '2026-09-29 11:11:22', 'theme': '化学原料', 'n': 1, 'mean_pct': 20.0}, {'ts': '2026-09-29 11:11:22', 'theme': '小家电', 'n': 1, 'mean_pct': 9.97}, {'ts': '2026-09-29 11:11:22', 'theme': '房地产开', 'n': 1, 'mean_pct': 9.98}, {'ts': '2026-09-29 11:11:22', 'theme': '汽车零部', 'n': 2, 'mean_pct': 10.03}, {'ts': '2026-09-29 11:11:22', 'theme': '电力', 'n': 1, 'mean_pct': 9.96}, {'ts': '2026-09-29 11:11:22', 'theme': '电池', 'n': 1, 'mean_pct': 9.95}, {'ts': '2026-09-29 11:11:22', 'theme': '计算机设', 'n': 1, 'mean_pct': 10.01}, {'ts': '2026-09-29 11:12:22', 'theme': '出版', 'n': 1, 'mean_pct': 10.06}, {'ts': '2026-09-29 11:12:22', 'theme': '化学制药', 'n': 1, 'mean_pct': 10.05}, {'ts': '2026-09-29 11:12:22', 'theme': '化学原料', 'n': 1, 'mean_pct': 20.0}, {'ts': '2026-09-29 11:12:22', 'theme': '小家电', 'n': 1, 'mean_pct': 9.97}, {'ts': '2026-09-29 11:12:22', 'theme': '房地产开', 'n': 1, 'mean_pct': 9.98}, {'ts': '2026-09-29 11:12:22', 'theme': '汽车零部', 'n': 2, 'mean_pct': 10.03}, {'ts': '2026-09-29 11:12:22', 'theme': '电力', 'n': 1, 'mean_pct': 9.96}, {'ts': '2026-09-29 11:12:22', 'theme': '电池', 'n': 1, 'mean_pct': 9.95}, {'ts': '2026-09-29 11:12:22', 'theme': '计算机设', 'n': 1, 'mean_pct': 10.01}, {'ts': '2026-09-29 11:13:22', 'theme': '出版', 'n': 1, 'mean_pct': 10.06}, {'ts': '2026-09-29 11:13:22', 'theme': '化学制药', 'n': 1, 'mean_pct': 10.05}, {'ts': '2026-09-29 11:13:22', 'theme': '化学原料', 'n': 1, 'mean_pct': 20.0}, {'ts': '2026-09-29 11:13:22', 'theme': '小家电', 'n': 1, 'mean_pct': 9.97}, {'ts': '2026-09-29 11:13:22', 'theme': '房地产开', 'n': 1, 'mean_pct': 9.98}, {'ts': '2026-09-29 11:13:22', 'theme': '汽车零部', 'n': 2, 'mean_pct': 10.03}, {'ts': '2026-09-29 11:13:22', 'theme': '电力', 'n': 1, 'mean_pct': 9.96}, {'ts': '2026-09-29 11:13:22', 'theme': '电池', 'n': 1, 'mean_pct': 9.95}, {'ts': '2026-09-29 11:13:22', 'theme': '计算机设', 'n': 1, 'mean_pct': 10.01}, {'ts': '2026-09-29 11:14:22', 'theme': '出版', 'n': 1, 'mean_pct': 10.06}, {'ts': '2026-09-29 11:14:22', 'theme': '化学制药', 'n': 1, 'mean_pct': 10.05}, {'ts': '2026-09-29 11:14:22', 'theme': '化学原料', 'n': 1, 'mean_pct': 20.0}, {'ts': '2026-09-29 11:14:22', 'theme': '小家电', 'n': 1, 'mean_pct': 9.97}, {'ts': '2026-09-29 11:14:22', 'theme': '房地产开', 'n': 1, 'mean_pct': 9.98}, {'ts': '2026-09-29 11:14:22', 'theme': '汽车零部', 'n': 2, 'mean_pct': 10.03}, {'ts': '2026-09-29 11:14:22', 'theme': '电力', 'n': 1, 'mean_pct': 9.96}, {'ts': '2026-09-29 11:14:22', 'theme': '电池', 'n': 1, 'mean_pct': 9.95}, {'ts': '2026-09-29 11:14:22', 'theme': '计算机设', 'n': 1, 'mean_pct': 10.01}, {'ts': '2026-09-29 11:15:22', 'theme': '出版', 'n': 1, 'mean_pct': 10.06}, {'ts': '2026-09-29 11:15:22', 'theme': '化学制药', 'n': 1, 'mean_pct': 10.05}, {'ts': '2026-09-29 11:15:22', 'theme': '化学原料', 'n': 1, 'mean_pct': 20.0}, {'ts': '2026-09-29 11:15:22', 'theme': '小家电', 'n': 1, 'mean_pct': 9.97}, {'ts': '2026-09-29 11:15:22', 'theme': '房地产开', 'n': 1, 'mean_pct': 9.98}, {'ts': '2026-09-29 11:15:22', 'theme': '汽车零部', 'n': 2, 'mean_pct': 10.03}, {'ts': '2026-09-29 11:15:22', 'theme': '电力', 'n': 1, 'mean_pct': 9.96}, {'ts': '2026-09-29 11:15:22', 'theme': '电池', 'n': 1, 'mean_pct': 9.95}, {'ts': '2026-09-29 11:15:22', 'theme': '计算机设', 'n': 1, 'mean_pct': 10.01}, {'ts': '2026-09-29 11:16:22', 'theme': '出版', 'n': 1, 'mean_pct': 10.06}, {'ts': '2026-09-29 11:16:22', 'theme': '化学制药', 'n': 1, 'mean_pct': 10.05}, {'ts': '2026-09-29 11:16:22', 'theme': '化学原料', 'n': 1, 'mean_pct': 20.0}, {'ts': '2026-09-29 11:16:22', 'theme': '小家电', 'n': 1, 'mean_pct': 9.97}, {'ts': '2026-09-29 11:16:22', 'theme': '房地产开', 'n': 1, 'mean_pct': 9.98}, {'ts': '2026-09-29 11:16:22', 'theme': '汽车零部', 'n': 2, 'mean_pct': 10.03}, {'ts': '2026-09-29 11:16:22', 'theme': '电力', 'n': 1, 'mean_pct': 9.96}, {'ts': '2026-09-29 11:16:22', 'theme': '电池', 'n': 1, 'mean_pct': 9.95}, {'ts': '2026-09-29 11:16:22', 'theme': '计算机设', 'n': 1, 'mean_pct': 10.01}, {'ts': '2026-09-29 11:17:23', 'theme': '出版', 'n': 1, 'mean_pct': 10.06}, {'ts': '2026-09-29 11:17:23', 'theme': '化学制药', 'n': 1, 'mean_pct': 10.05}, {'ts': '2026-09-29 11:17:23', 'theme': '化学原料', 'n': 1, 'mean_pct': 20.0}, {'ts': '2026-09-29 11:17:23', 'theme': '小家电', 'n': 1, 'mean_pct': 9.97}, {'ts': '2026-09-29 11:17:23', 'theme': '房地产开', 'n': 1, 'mean_pct': 9.98}, {'ts': '2026-09-29 11:17:23', 'theme': '汽车零部', 'n': 2, 'mean_pct': 10.03}, {'ts': '2026-09-29 11:17:23', 'theme': '电力', 'n': 1, 'mean_pct': 9.96}, {'ts': '2026-09-29 11:17:23', 'theme': '电池', 'n': 1, 'mean_pct': 9.95}, {'ts': '2026-09-29 11:17:23', 'theme': '计算机设', 'n': 1, 'mean_pct': 10.01}, {'ts': '2026-09-29 11:18:23', 'theme': '出版', 'n': 1, 'mean_pct': 10.06}, {'ts': '2026-09-29 11:18:23', 'theme': '化学制药', 'n': 1, 'mean_pct': 10.05}, {'ts': '2026-09-29 11:18:23', 'theme': '化学原料', 'n': 1, 'mean_pct': 20.0}, {'ts': '2026-09-29 11:18:23', 'theme': '小家电', 'n': 1, 'mean_pct': 9.97}, {'ts': '2026-09-29 11:18:23', 'theme': '房地产开', 'n': 1, 'mean_pct': 9.98}, {'ts': '2026-09-29 11:18:23', 'theme': '汽车零部', 'n': 2, 'mean_pct': 10.03}, {'ts': '2026-09-29 11:18:23', 'theme': '电力', 'n': 1, 'mean_pct': 9.96}, {'ts': '2026-09-29 11:18:23', 'theme': '电池', 'n': 1, 'mean_pct': 9.95}, {'ts': '2026-09-29 11:18:23', 'theme': '计算机设', 'n': 1, 'mean_pct': 10.01}, {'ts': '2026-09-29 11:19:23', 'theme': '出版', 'n': 1, 'mean_pct': 10.06}, {'ts': '2026-09-29 11:19:23', 'theme': '化学制药', 'n': 1, 'mean_pct': 10.05}, {'ts': '2026-09-29 11:19:23', 'theme': '化学原料', 'n': 1, 'mean_pct': 20.0}, {'ts': '2026-09-29 11:19:23', 'theme': '小家电', 'n': 1, 'mean_pct': 9.97}, {'ts': '2026-09-29 11:19:23', 'theme': '房地产开', 'n': 1, 'mean_pct': 9.98}, {'ts': '2026-09-29 11:19:23', 'theme': '汽车零部', 'n': 2, 'mean_pct': 10.03}, {'ts': '2026-09-29 11:19:23', 'theme': '电力', 'n': 1, 'mean_pct': 9.96}, {'ts': '2026-09-29 11:19:23', 'theme': '电池', 'n': 1, 'mean_pct': 9.95}, {'ts': '2026-09-29 11:19:23', 'theme': '计算机设', 'n': 1, 'mean_pct': 10.01}, {'ts': '2026-09-29 11:20:23', 'theme': '出版', 'n': 1, 'mean_pct': 10.06}, {'ts': '2026-09-29 11:20:23', 'theme': '化学制药', 'n': 1, 'mean_pct': 10.05}, {'ts': '2026-09-29 11:20:23', 'theme': '化学原料', 'n': 1, 'mean_pct': 20.0}, {'ts': '2026-09-29 11:20:23', 'theme': '小家电', 'n': 1, 'mean_pct': 9.97}, {'ts': '2026-09-29 11:20:23', 'theme': '房地产开', 'n': 1, 'mean_pct': 9.98}, {'ts': '2026-09-29 11:20:23', 'theme': '汽车零部', 'n': 2, 'mean_pct': 10.03}, {'ts': '2026-09-29 11:20:23', 'theme': '电力', 'n': 1, 'mean_pct': 9.96}, {'ts': '2026-09-29 11:20:23', 'theme': '电池', 'n': 1, 'mean_pct': 9.95}, {'ts': '2026-09-29 11:20:23', 'theme': '计算机设', 'n': 1, 'mean_pct': 10.01}, {'ts': '2026-09-29 11:21:23', 'theme': '出版', 'n': 1, 'mean_pct': 10.06}, {'ts': '2026-09-29 11:21:23', 'theme': '化学制药', 'n': 1, 'mean_pct': 10.05}, {'ts': '2026-09-29 11:21:23', 'theme': '化学原料', 'n': 1, 'mean_pct': 20.0}, {'ts': '2026-09-29 11:21:23', 'theme': '小家电', 'n': 1, 'mean_pct': 9.97}, {'ts': '2026-09-29 11:21:23', 'theme': '房地产开', 'n': 1, 'mean_pct': 9.98}, {'ts': '2026-09-29 11:21:23', 'theme': '汽车零部', 'n': 2, 'mean_pct': 10.03}, {'ts': '2026-09-29 11:21:23', 'theme': '电力', 'n': 1, 'mean_pct': 9.96}, {'ts': '2026-09-29 11:21:23', 'theme': '电池', 'n': 1, 'mean_pct': 9.95}, {'ts': '2026-09-29 11:21:23', 'theme': '计算机设', 'n': 1, 'mean_pct': 10.01}, {'ts': '2026-09-29 11:22:24', 'theme': '出版', 'n': 1, 'mean_pct': 10.06}, {'ts': '2026-09-29 11:22:24', 'theme': '化学制药', 'n': 1, 'mean_pct': 10.05}, {'ts': '2026-09-29 11:22:24', 'theme': '化学原料', 'n': 1, 'mean_pct': 20.0}, {'ts': '2026-09-29 11:22:24', 'theme': '小家电', 'n': 1, 'mean_pct': 9.97}, {'ts': '2026-09-29 11:22:24', 'theme': '房地产开', 'n': 1, 'mean_pct': 9.98}, {'ts': '2026-09-29 11:22:24', 'theme': '汽车零部', 'n': 2, 'mean_pct': 10.03}, {'ts': '2026-09-29 11:22:24', 'theme': '电力', 'n': 1, 'mean_pct': 9.96}, {'ts': '2026-09-29 11:22:24', 'theme': '电池', 'n': 1, 'mean_pct': 9.95}, {'ts': '2026-09-29 11:22:24', 'theme': '计算机设', 'n': 1, 'mean_pct': 10.01}, {'ts': '2026-09-29 11:23:24', 'theme': '出版', 'n': 1, 'mean_pct': 10.06}, {'ts': '2026-09-29 11:23:24', 'theme': '化学制药', 'n': 1, 'mean_pct': 10.05}, {'ts': '2026-09-29 11:23:24', 'theme': '化学原料', 'n': 1, 'mean_pct': 20.0}, {'ts': '2026-09-29 11:23:24', 'theme': '小家电', 'n': 1, 'mean_pct': 9.97}, {'ts': '2026-09-29 11:23:24', 'theme': '房地产开', 'n': 1, 'mean_pct': 9.98}, {'ts': '2026-09-29 11:23:24', 'theme': '汽车零部', 'n': 2, 'mean_pct': 10.03}, {'ts': '2026-09-29 11:23:24', 'theme': '电力', 'n': 1, 'mean_pct': 9.96}, {'ts': '2026-09-29 11:23:24', 'theme': '电池', 'n': 1, 'mean_pct': 9.95}, {'ts': '2026-09-29 11:23:24', 'theme': '计算机设', 'n': 1, 'mean_pct': 10.01}, {'ts': '2026-09-29 11:24:24', 'theme': '出版', 'n': 1, 'mean_pct': 10.06}, {'ts': '2026-09-29 11:24:24', 'theme': '化学制药', 'n': 1, 'mean_pct': 10.05}, {'ts': '2026-09-29 11:24:24', 'theme': '化学原料', 'n': 1, 'mean_pct': 20.0}, {'ts': '2026-09-29 11:24:24', 'theme': '小家电', 'n': 1, 'mean_pct': 9.97}, {'ts': '2026-09-29 11:24:24', 'theme': '房地产开', 'n': 1, 'mean_pct': 9.98}, {'ts': '2026-09-29 11:24:24', 'theme': '汽车零部', 'n': 2, 'mean_pct': 10.03}, {'ts': '2026-09-29 11:24:24', 'theme': '电力', 'n': 1, 'mean_pct': 9.96}, {'ts': '2026-09-29 11:24:24', 'theme': '电池', 'n': 1, 'mean_pct': 9.95}, {'ts': '2026-09-29 11:24:24', 'theme': '计算机设', 'n': 1, 'mean_pct': 10.01}, {'ts': '2026-09-29 11:25:24', 'theme': '出版', 'n': 1, 'mean_pct': 10.06}, {'ts': '2026-09-29 11:25:24', 'theme': '化学制药', 'n': 1, 'mean_pct': 10.05}, {'ts': '2026-09-29 11:25:24', 'theme': '化学原料', 'n': 1, 'mean_pct': 20.0}, {'ts': '2026-09-29 11:25:24', 'theme': '小家电', 'n': 1, 'mean_pct': 9.97}, {'ts': '2026-09-29 11:25:24', 'theme': '房地产开', 'n': 1, 'mean_pct': 9.98}, {'ts': '2026-09-29 11:25:24', 'theme': '汽车零部', 'n': 2, 'mean_pct': 10.03}, {'ts': '2026-09-29 11:25:24', 'theme': '电力', 'n': 1, 'mean_pct': 9.96}, {'ts': '2026-09-29 11:25:24', 'theme': '电池', 'n': 1, 'mean_pct': 9.95}, {'ts': '2026-09-29 11:25:24', 'theme': '计算机设', 'n': 1, 'mean_pct': 10.01}, {'ts': '2026-09-29 11:26:24', 'theme': '出版', 'n': 1, 'mean_pct': 10.06}, {'ts': '2026-09-29 11:26:24', 'theme': '化学制药', 'n': 1, 'mean_pct': 10.05}, {'ts': '2026-09-29 11:26:24', 'theme': '化学原料', 'n': 1, 'mean_pct': 20.0}, {'ts': '2026-09-29 11:26:24', 'theme': '小家电', 'n': 1, 'mean_pct': 9.97}, {'ts': '2026-09-29 11:26:24', 'theme': '房地产开', 'n': 1, 'mean_pct': 9.98}, {'ts': '2026-09-29 11:26:24', 'theme': '汽车零部', 'n': 2, 'mean_pct': 10.03}, {'ts': '2026-09-29 11:26:24', 'theme': '电力', 'n': 1, 'mean_pct': 9.96}, {'ts': '2026-09-29 11:26:24', 'theme': '电池', 'n': 1, 'mean_pct': 9.95}, {'ts': '2026-09-29 11:26:24', 'theme': '计算机设', 'n': 1, 'mean_pct': 10.01}, {'ts': '2026-09-29 11:27:24', 'theme': '出版', 'n': 1, 'mean_pct': 10.06}, {'ts': '2026-09-29 11:27:24', 'theme': '化学制药', 'n': 1, 'mean_pct': 10.05}, {'ts': '2026-09-29 11:27:24', 'theme': '化学原料', 'n': 1, 'mean_pct': 20.0}, {'ts': '2026-09-29 11:27:24', 'theme': '小家电', 'n': 1, 'mean_pct': 9.97}, {'ts': '2026-09-29 11:27:24', 'theme': '房地产开', 'n': 1, 'mean_pct': 9.98}, {'ts': '2026-09-29 11:27:24', 'theme': '汽车零部', 'n': 2, 'mean_pct': 10.03}, {'ts': '2026-09-29 11:27:24', 'theme': '电力', 'n': 1, 'mean_pct': 9.96}, {'ts': '2026-09-29 11:27:24', 'theme': '电池', 'n': 1, 'mean_pct': 9.95}, {'ts': '2026-09-29 11:27:24', 'theme': '计算机设', 'n': 1, 'mean_pct': 10.01}, {'ts': '2026-09-29 11:28:25', 'theme': '出版', 'n': 1, 'mean_pct': 10.06}, {'ts': '2026-09-29 11:28:25', 'theme': '化学制药', 'n': 1, 'mean_pct': 10.05}, {'ts': '2026-09-29 11:28:25', 'theme': '化学原料', 'n': 1, 'mean_pct': 20.0}, {'ts': '2026-09-29 11:28:25', 'theme': '小家电', 'n': 1, 'mean_pct': 9.97}, {'ts': '2026-09-29 11:28:25', 'theme': '房地产开', 'n': 1, 'mean_pct': 9.98}, {'ts': '2026-09-29 11:28:25', 'theme': '汽车零部', 'n': 2, 'mean_pct': 10.03}, {'ts': '2026-09-29 11:28:25', 'theme': '电力', 'n': 1, 'mean_pct': 9.96}, {'ts': '2026-09-29 11:28:25', 'theme': '电池', 'n': 1, 'mean_pct': 9.95}, {'ts': '2026-09-29 11:28:25', 'theme': '计算机设', 'n': 1, 'mean_pct': 10.01}, {'ts': '2026-09-29 11:29:25', 'theme': '出版', 'n': 1, 'mean_pct': 10.06}, {'ts': '2026-09-29 11:29:25', 'theme': '化学制药', 'n': 1, 'mean_pct': 10.05}, {'ts': '2026-09-29 11:29:25', 'theme': '化学原料', 'n': 1, 'mean_pct': 20.0}, {'ts': '2026-09-29 11:29:25', 'theme': '小家电', 'n': 1, 'mean_pct': 9.97}, {'ts': '2026-09-29 11:29:25', 'theme': '房地产开', 'n': 1, 'mean_pct': 9.98}, {'ts': '2026-09-29 11:29:25', 'theme': '汽车零部', 'n': 2, 'mean_pct': 10.03}, {'ts': '2026-09-29 11:29:25', 'theme': '电力', 'n': 1, 'mean_pct': 9.96}, {'ts': '2026-09-29 11:29:25', 'theme': '电池', 'n': 1, 'mean_pct': 9.95}, {'ts': '2026-09-29 11:29:25', 'theme': '计算机设', 'n': 1, 'mean_pct': 10.01}, {'ts': '2026-09-29 11:30:25', 'theme': '出版', 'n': 1, 'mean_pct': 10.06}, {'ts': '2026-09-29 11:30:25', 'theme': '化学制药', 'n': 1, 'mean_pct': 10.05}, {'ts': '2026-09-29 11:30:25', 'theme': '化学原料', 'n': 1, 'mean_pct': 20.0}, {'ts': '2026-09-29 11:30:25', 'theme': '小家电', 'n': 1, 'mean_pct': 9.97}, {'ts': '2026-09-29 11:30:25', 'theme': '房地产开', 'n': 1, 'mean_pct': 9.98}, {'ts': '2026-09-29 11:30:25', 'theme': '汽车零部', 'n': 2, 'mean_pct': 10.03}, {'ts': '2026-09-29 11:30:25', 'theme': '电力', 'n': 1, 'mean_pct': 9.96}, {'ts': '2026-09-29 11:30:25', 'theme': '电池', 'n': 1, 'mean_pct': 9.95}, {'ts': '2026-09-29 11:30:25', 'theme': '计算机设', 'n': 1, 'mean_pct': 10.01}, {'ts': '2026-09-29 11:31:25', 'theme': '出版', 'n': 1, 'mean_pct': 10.06}, {'ts': '2026-09-29 11:31:25', 'theme': '化学制药', 'n': 1, 'mean_pct': 10.05}, {'ts': '2026-09-29 11:31:25', 'theme': '化学原料', 'n': 1, 'mean_pct': 20.0}, {'ts': '2026-09-29 11:31:25', 'theme': '小家电', 'n': 1, 'mean_pct': 9.97}, {'ts': '2026-09-29 11:31:25', 'theme': '房地产开', 'n': 1, 'mean_pct': 9.98}, {'ts': '2026-09-29 11:31:25', 'theme': '汽车零部', 'n': 2, 'mean_pct': 10.03}, {'ts': '2026-09-29 11:31:25', 'theme': '电力', 'n': 1, 'mean_pct': 9.96}, {'ts': '2026-09-29 11:31:25', 'theme': '电池', 'n': 1, 'mean_pct': 9.95}, {'ts': '2026-09-29 11:31:25', 'theme': '计算机设', 'n': 1, 'mean_pct': 10.01}, {'ts': '2026-09-29 11:32:25', 'theme': '出版', 'n': 1, 'mean_pct': 10.06}, {'ts': '2026-09-29 11:32:25', 'theme': '化学制药', 'n': 1, 'mean_pct': 10.05}, {'ts': '2026-09-29 11:32:25', 'theme': '化学原料', 'n': 1, 'mean_pct': 20.0}, {'ts': '2026-09-29 11:32:25', 'theme': '小家电', 'n': 1, 'mean_pct': 9.97}, {'ts': '2026-09-29 11:32:25', 'theme': '房地产开', 'n': 1, 'mean_pct': 9.98}, {'ts': '2026-09-29 11:32:25', 'theme': '汽车零部', 'n': 2, 'mean_pct': 10.03}, {'ts': '2026-09-29 11:32:25', 'theme': '电力', 'n': 1, 'mean_pct': 9.96}, {'ts': '2026-09-29 11:32:25', 'theme': '电池', 'n': 1, 'mean_pct': 9.95}, {'ts': '2026-09-29 11:32:25', 'theme': '计算机设', 'n': 1, 'mean_pct': 10.01}, {'ts': '2026-09-29 11:33:26', 'theme': '出版', 'n': 1, 'mean_pct': 10.06}, {'ts': '2026-09-29 11:33:26', 'theme': '化学制药', 'n': 1, 'mean_pct': 10.05}, {'ts': '2026-09-29 11:33:26', 'theme': '化学原料', 'n': 1, 'mean_pct': 20.0}, {'ts': '2026-09-29 11:33:26', 'theme': '小家电', 'n': 1, 'mean_pct': 9.97}, {'ts': '2026-09-29 11:33:26', 'theme': '房地产开', 'n': 1, 'mean_pct': 9.98}, {'ts': '2026-09-29 11:33:26', 'theme': '汽车零部', 'n': 2, 'mean_pct': 10.03}, {'ts': '2026-09-29 11:33:26', 'theme': '电力', 'n': 1, 'mean_pct': 9.96}, {'ts': '2026-09-29 11:33:26', 'theme': '电池', 'n': 1, 'mean_pct': 9.95}, {'ts': '2026-09-29 11:33:26', 'theme': '计算机设', 'n': 1, 'mean_pct': 10.01}, {'ts': '2026-09-29 11:34:26', 'theme': '出版', 'n': 1, 'mean_pct': 10.06}, {'ts': '2026-09-29 11:34:26', 'theme': '化学制药', 'n': 1, 'mean_pct': 10.05}, {'ts': '2026-09-29 11:34:26', 'theme': '化学原料', 'n': 1, 'mean_pct': 20.0}, {'ts': '2026-09-29 11:34:26', 'theme': '小家电', 'n': 1, 'mean_pct': 9.97}, {'ts': '2026-09-29 11:34:26', 'theme': '房地产开', 'n': 1, 'mean_pct': 9.98}, {'ts': '2026-09-29 11:34:26', 'theme': '汽车零部', 'n': 2, 'mean_pct': 10.03}, {'ts': '2026-09-29 11:34:26', 'theme': '电力', 'n': 1, 'mean_pct': 9.96}, {'ts': '2026-09-29 11:34:26', 'theme': '电池', 'n': 1, 'mean_pct': 9.95}, {'ts': '2026-09-29 11:34:26', 'theme': '计算机设', 'n': 1, 'mean_pct': 10.01}, {'ts': '2026-09-29 11:35:26', 'theme': '出版', 'n': 1, 'mean_pct': 10.06}, {'ts': '2026-09-29 11:35:26', 'theme': '化学制药', 'n': 1, 'mean_pct': 10.05}, {'ts': '2026-09-29 11:35:26', 'theme': '化学原料', 'n': 1, 'mean_pct': 20.0}, {'ts': '2026-09-29 11:35:26', 'theme': '小家电', 'n': 1, 'mean_pct': 9.97}, {'ts': '2026-09-29 11:35:26', 'theme': '房地产开', 'n': 1, 'mean_pct': 9.98}, {'ts': '2026-09-29 11:35:26', 'theme': '汽车零部', 'n': 2, 'mean_pct': 10.03}, {'ts': '2026-09-29 11:35:26', 'theme': '电力', 'n': 1, 'mean_pct': 9.96}, {'ts': '2026-09-29 11:35:26', 'theme': '电池', 'n': 1, 'mean_pct': 9.95}, {'ts': '2026-09-29 11:35:26', 'theme': '计算机设', 'n': 1, 'mean_pct': 10.01}, {'ts': '2026-09-29 11:36:26', 'theme': '出版', 'n': 1, 'mean_pct': 10.06}, {'ts': '2026-09-29 11:36:26', 'theme': '化学制药', 'n': 1, 'mean_pct': 10.05}, {'ts': '2026-09-29 11:36:26', 'theme': '化学原料', 'n': 1, 'mean_pct': 20.0}, {'ts': '2026-09-29 11:36:26', 'theme': '小家电', 'n': 1, 'mean_pct': 9.97}, {'ts': '2026-09-29 11:36:26', 'theme': '房地产开', 'n': 1, 'mean_pct': 9.98}, {'ts': '2026-09-29 11:36:26', 'theme': '汽车零部', 'n': 2, 'mean_pct': 10.03}, {'ts': '2026-09-29 11:36:26', 'theme': '电力', 'n': 1, 'mean_pct': 9.96}, {'ts': '2026-09-29 11:36:26', 'theme': '电池', 'n': 1, 'mean_pct': 9.95}, {'ts': '2026-09-29 11:36:26', 'theme': '计算机设', 'n': 1, 'mean_pct': 10.01}, {'ts': '2026-09-29 11:37:26', 'theme': '出版', 'n': 1, 'mean_pct': 10.06}, {'ts': '2026-09-29 11:37:26', 'theme': '化学制药', 'n': 1, 'mean_pct': 10.05}, {'ts': '2026-09-29 11:37:26', 'theme': '化学原料', 'n': 1, 'mean_pct': 20.0}, {'ts': '2026-09-29 11:37:26', 'theme': '小家电', 'n': 1, 'mean_pct': 9.97}, {'ts': '2026-09-29 11:37:26', 'theme': '房地产开', 'n': 1, 'mean_pct': 9.98}, {'ts': '2026-09-29 11:37:26', 'theme': '汽车零部', 'n': 2, 'mean_pct': 10.03}, {'ts': '2026-09-29 11:37:26', 'theme': '电力', 'n': 1, 'mean_pct': 9.96}, {'ts': '2026-09-29 11:37:26', 'theme': '电池', 'n': 1, 'mean_pct': 9.95}, {'ts': '2026-09-29 11:37:26', 'theme': '计算机设', 'n': 1, 'mean_pct': 10.01}, {'ts': '2026-09-29 11:38:26', 'theme': '出版', 'n': 1, 'mean_pct': 10.06}, {'ts': '2026-09-29 11:38:26', 'theme': '化学制药', 'n': 1, 'mean_pct': 10.05}, {'ts': '2026-09-29 11:38:26', 'theme': '化学原料', 'n': 1, 'mean_pct': 20.0}, {'ts': '2026-09-29 11:38:26', 'theme': '小家电', 'n': 1, 'mean_pct': 9.97}, {'ts': '2026-09-29 11:38:26', 'theme': '房地产开', 'n': 1, 'mean_pct': 9.98}, {'ts': '2026-09-29 11:38:26', 'theme': '汽车零部', 'n': 2, 'mean_pct': 10.03}, {'ts': '2026-09-29 11:38:26', 'theme': '电力', 'n': 1, 'mean_pct': 9.96}, {'ts': '2026-09-29 11:38:26', 'theme': '电池', 'n': 1, 'mean_pct': 9.95}, {'ts': '2026-09-29 11:38:26', 'theme': '计算机设', 'n': 1, 'mean_pct': 10.01}, {'ts': '2026-09-29 11:39:27', 'theme': '出版', 'n': 1, 'mean_pct': 10.06}, {'ts': '2026-09-29 11:39:27', 'theme': '化学制药', 'n': 1, 'mean_pct': 10.05}, {'ts': '2026-09-29 11:39:27', 'theme': '化学原料', 'n': 1, 'mean_pct': 20.0}, {'ts': '2026-09-29 11:39:27', 'theme': '小家电', 'n': 1, 'mean_pct': 9.97}, {'ts': '2026-09-29 11:39:27', 'theme': '房地产开', 'n': 1, 'mean_pct': 9.98}, {'ts': '2026-09-29 11:39:27', 'theme': '汽车零部', 'n': 2, 'mean_pct': 10.03}, {'ts': '2026-09-29 11:39:27', 'theme': '电力', 'n': 1, 'mean_pct': 9.96}, {'ts': '2026-09-29 11:39:27', 'theme': '电池', 'n': 1, 'mean_pct': 9.95}, {'ts': '2026-09-29 11:39:27', 'theme': '计算机设', 'n': 1, 'mean_pct': 10.01}, {'ts': '2026-09-29 11:40:27', 'theme': '出版', 'n': 1, 'mean_pct': 10.06}, {'ts': '2026-09-29 11:40:27', 'theme': '化学制药', 'n': 1, 'mean_pct': 10.05}, {'ts': '2026-09-29 11:40:27', 'theme': '化学原料', 'n': 1, 'mean_pct': 20.0}, {'ts': '2026-09-29 11:40:27', 'theme': '小家电', 'n': 1, 'mean_pct': 9.97}, {'ts': '2026-09-29 11:40:27', 'theme': '房地产开', 'n': 1, 'mean_pct': 9.98}, {'ts': '2026-09-29 11:40:27', 'theme': '汽车零部', 'n': 2, 'mean_pct': 10.03}, {'ts': '2026-09-29 11:40:27', 'theme': '电力', 'n': 1, 'mean_pct': 9.96}, {'ts': '2026-09-29 11:40:27', 'theme': '电池', 'n': 1, 'mean_pct': 9.95}, {'ts': '2026-09-29 11:40:27', 'theme': '计算机设', 'n': 1, 'mean_pct': 10.01}, {'ts': '2026-09-29 11:41:27', 'theme': '出版', 'n': 1, 'mean_pct': 10.06}, {'ts': '2026-09-29 11:41:27', 'theme': '化学制药', 'n': 1, 'mean_pct': 10.05}, {'ts': '2026-09-29 11:41:27', 'theme': '化学原料', 'n': 1, 'mean_pct': 20.0}, {'ts': '2026-09-29 11:41:27', 'theme': '小家电', 'n': 1, 'mean_pct': 9.97}, {'ts': '2026-09-29 11:41:27', 'theme': '房地产开', 'n': 1, 'mean_pct': 9.98}, {'ts': '2026-09-29 11:41:27', 'theme': '汽车零部', 'n': 2, 'mean_pct': 10.03}, {'ts': '2026-09-29 11:41:27', 'theme': '电力', 'n': 1, 'mean_pct': 9.96}, {'ts': '2026-09-29 11:41:27', 'theme': '电池', 'n': 1, 'mean_pct': 9.95}, {'ts': '2026-09-29 11:41:27', 'theme': '计算机设', 'n': 1, 'mean_pct': 10.01}, {'ts': '2026-09-29 11:42:27', 'theme': '出版', 'n': 1, 'mean_pct': 10.06}, {'ts': '2026-09-29 11:42:27', 'theme': '化学制药', 'n': 1, 'mean_pct': 10.05}, {'ts': '2026-09-29 11:42:27', 'theme': '化学原料', 'n': 1, 'mean_pct': 20.0}, {'ts': '2026-09-29 11:42:27', 'theme': '小家电', 'n': 1, 'mean_pct': 9.97}, {'ts': '2026-09-29 11:42:27', 'theme': '房地产开', 'n': 1, 'mean_pct': 9.98}, {'ts': '2026-09-29 11:42:27', 'theme': '汽车零部', 'n': 2, 'mean_pct': 10.03}, {'ts': '2026-09-29 11:42:27', 'theme': '电力', 'n': 1, 'mean_pct': 9.96}, {'ts': '2026-09-29 11:42:27', 'theme': '电池', 'n': 1, 'mean_pct': 9.95}, {'ts': '2026-09-29 11:42:27', 'theme': '计算机设', 'n': 1, 'mean_pct': 10.01}, {'ts': '2026-09-29 11:43:27', 'theme': '出版', 'n': 1, 'mean_pct': 10.06}, {'ts': '2026-09-29 11:43:27', 'theme': '化学制药', 'n': 1, 'mean_pct': 10.05}, {'ts': '2026-09-29 11:43:27', 'theme': '化学原料', 'n': 1, 'mean_pct': 20.0}, {'ts': '2026-09-29 11:43:27', 'theme': '小家电', 'n': 1, 'mean_pct': 9.97}, {'ts': '2026-09-29 11:43:27', 'theme': '房地产开', 'n': 1, 'mean_pct': 9.98}, {'ts': '2026-09-29 11:43:27', 'theme': '汽车零部', 'n': 2, 'mean_pct': 10.03}, {'ts': '2026-09-29 11:43:27', 'theme': '电力', 'n': 1, 'mean_pct': 9.96}, {'ts': '2026-09-29 11:43:27', 'theme': '电池', 'n': 1, 'mean_pct': 9.95}, {'ts': '2026-09-29 11:43:27', 'theme': '计算机设', 'n': 1, 'mean_pct': 10.01}, {'ts': '2026-09-29 11:44:28', 'theme': '出版', 'n': 1, 'mean_pct': 10.06}, {'ts': '2026-09-29 11:44:28', 'theme': '化学制药', 'n': 1, 'mean_pct': 10.05}, {'ts': '2026-09-29 11:44:28', 'theme': '化学原料', 'n': 1, 'mean_pct': 20.0}, {'ts': '2026-09-29 11:44:28', 'theme': '小家电', 'n': 1, 'mean_pct': 9.97}, {'ts': '2026-09-29 11:44:28', 'theme': '房地产开', 'n': 1, 'mean_pct': 9.98}, {'ts': '2026-09-29 11:44:28', 'theme': '汽车零部', 'n': 2, 'mean_pct': 10.03}, {'ts': '2026-09-29 11:44:28', 'theme': '电力', 'n': 1, 'mean_pct': 9.96}, {'ts': '2026-09-29 11:44:28', 'theme': '电池', 'n': 1, 'mean_pct': 9.95}, {'ts': '2026-09-29 11:44:28', 'theme': '计算机设', 'n': 1, 'mean_pct': 10.01}, {'ts': '2026-09-29 11:45:28', 'theme': '出版', 'n': 1, 'mean_pct': 10.06}, {'ts': '2026-09-29 11:45:28', 'theme': '化学制药', 'n': 1, 'mean_pct': 10.05}, {'ts': '2026-09-29 11:45:28', 'theme': '化学原料', 'n': 1, 'mean_pct': 20.0}, {'ts': '2026-09-29 11:45:28', 'theme': '小家电', 'n': 1, 'mean_pct': 9.97}, {'ts': '2026-09-29 11:45:28', 'theme': '房地产开', 'n': 1, 'mean_pct': 9.98}, {'ts': '2026-09-29 11:45:28', 'theme': '汽车零部', 'n': 2, 'mean_pct': 10.03}, {'ts': '2026-09-29 11:45:28', 'theme': '电力', 'n': 1, 'mean_pct': 9.96}, {'ts': '2026-09-29 11:45:28', 'theme': '电池', 'n': 1, 'mean_pct': 9.95}, {'ts': '2026-09-29 11:45:28', 'theme': '计算机设', 'n': 1, 'mean_pct': 10.01}, {'ts': '2026-09-29 11:46:28', 'theme': '出版', 'n': 1, 'mean_pct': 10.06}, {'ts': '2026-09-29 11:46:28', 'theme': '化学制药', 'n': 1, 'mean_pct': 10.05}, {'ts': '2026-09-29 11:46:28', 'theme': '化学原料', 'n': 1, 'mean_pct': 20.0}, {'ts': '2026-09-29 11:46:28', 'theme': '小家电', 'n': 1, 'mean_pct': 9.97}, {'ts': '2026-09-29 11:46:28', 'theme': '房地产开', 'n': 1, 'mean_pct': 9.98}, {'ts': '2026-09-29 11:46:28', 'theme': '汽车零部', 'n': 2, 'mean_pct': 10.03}, {'ts': '2026-09-29 11:46:28', 'theme': '电力', 'n': 1, 'mean_pct': 9.96}, {'ts': '2026-09-29 11:46:28', 'theme': '电池', 'n': 1, 'mean_pct': 9.95}, {'ts': '2026-09-29 11:46:28', 'theme': '计算机设', 'n': 1, 'mean_pct': 10.01}, {'ts': '2026-09-29 11:47:28', 'theme': '出版', 'n': 1, 'mean_pct': 10.06}, {'ts': '2026-09-29 11:47:28', 'theme': '化学制药', 'n': 1, 'mean_pct': 10.05}, {'ts': '2026-09-29 11:47:28', 'theme': '化学原料', 'n': 1, 'mean_pct': 20.0}, {'ts': '2026-09-29 11:47:28', 'theme': '小家电', 'n': 1, 'mean_pct': 9.97}, {'ts': '2026-09-29 11:47:28', 'theme': '房地产开', 'n': 1, 'mean_pct': 9.98}, {'ts': '2026-09-29 11:47:28', 'theme': '汽车零部', 'n': 2, 'mean_pct': 10.03}, {'ts': '2026-09-29 11:47:28', 'theme': '电力', 'n': 1, 'mean_pct': 9.96}, {'ts': '2026-09-29 11:47:28', 'theme': '电池', 'n': 1, 'mean_pct': 9.95}, {'ts': '2026-09-29 11:47:28', 'theme': '计算机设', 'n': 1, 'mean_pct': 10.01}, {'ts': '2026-09-29 11:48:28', 'theme': '出版', 'n': 1, 'mean_pct': 10.06}, {'ts': '2026-09-29 11:48:28', 'theme': '化学制药', 'n': 1, 'mean_pct': 10.05}, {'ts': '2026-09-29 11:48:28', 'theme': '化学原料', 'n': 1, 'mean_pct': 20.0}, {'ts': '2026-09-29 11:48:28', 'theme': '小家电', 'n': 1, 'mean_pct': 9.97}, {'ts': '2026-09-29 11:48:28', 'theme': '房地产开', 'n': 1, 'mean_pct': 9.98}, {'ts': '2026-09-29 11:48:28', 'theme': '汽车零部', 'n': 2, 'mean_pct': 10.03}, {'ts': '2026-09-29 11:48:28', 'theme': '电力', 'n': 1, 'mean_pct': 9.96}, {'ts': '2026-09-29 11:48:28', 'theme': '电池', 'n': 1, 'mean_pct': 9.95}, {'ts': '2026-09-29 11:48:28', 'theme': '计算机设', 'n': 1, 'mean_pct': 10.01}, {'ts': '2026-09-29 11:49:28', 'theme': '出版', 'n': 1, 'mean_pct': 10.06}, {'ts': '2026-09-29 11:49:28', 'theme': '化学制药', 'n': 1, 'mean_pct': 10.05}, {'ts': '2026-09-29 11:49:28', 'theme': '化学原料', 'n': 1, 'mean_pct': 20.0}, {'ts': '2026-09-29 11:49:28', 'theme': '小家电', 'n': 1, 'mean_pct': 9.97}, {'ts': '2026-09-29 11:49:28', 'theme': '房地产开', 'n': 1, 'mean_pct': 9.98}, {'ts': '2026-09-29 11:49:28', 'theme': '汽车零部', 'n': 2, 'mean_pct': 10.03}, {'ts': '2026-09-29 11:49:28', 'theme': '电力', 'n': 1, 'mean_pct': 9.96}, {'ts': '2026-09-29 11:49:28', 'theme': '电池', 'n': 1, 'mean_pct': 9.95}, {'ts': '2026-09-29 11:49:28', 'theme': '计算机设', 'n': 1, 'mean_pct': 10.01}, {'ts': '2026-09-29 11:50:29', 'theme': '出版', 'n': 1, 'mean_pct': 10.06}, {'ts': '2026-09-29 11:50:29', 'theme': '化学制药', 'n': 1, 'mean_pct': 10.05}, {'ts': '2026-09-29 11:50:29', 'theme': '化学原料', 'n': 1, 'mean_pct': 20.0}, {'ts': '2026-09-29 11:50:29', 'theme': '小家电', 'n': 1, 'mean_pct': 9.97}, {'ts': '2026-09-29 11:50:29', 'theme': '房地产开', 'n': 1, 'mean_pct': 9.98}, {'ts': '2026-09-29 11:50:29', 'theme': '汽车零部', 'n': 2, 'mean_pct': 10.03}, {'ts': '2026-09-29 11:50:29', 'theme': '电力', 'n': 1, 'mean_pct': 9.96}, {'ts': '2026-09-29 11:50:29', 'theme': '电池', 'n': 1, 'mean_pct': 9.95}, {'ts': '2026-09-29 11:50:29', 'theme': '计算机设', 'n': 1, 'mean_pct': 10.01}, {'ts': '2026-09-29 11:51:29', 'theme': '出版', 'n': 1, 'mean_pct': 10.06}, {'ts': '2026-09-29 11:51:29', 'theme': '化学制药', 'n': 1, 'mean_pct': 10.05}, {'ts': '2026-09-29 11:51:29', 'theme': '化学原料', 'n': 1, 'mean_pct': 20.0}, {'ts': '2026-09-29 11:51:29', 'theme': '小家电', 'n': 1, 'mean_pct': 9.97}, {'ts': '2026-09-29 11:51:29', 'theme': '房地产开', 'n': 1, 'mean_pct': 9.98}, {'ts': '2026-09-29 11:51:29', 'theme': '汽车零部', 'n': 2, 'mean_pct': 10.03}, {'ts': '2026-09-29 11:51:29', 'theme': '电力', 'n': 1, 'mean_pct': 9.96}, {'ts': '2026-09-29 11:51:29', 'theme': '电池', 'n': 1, 'mean_pct': 9.95}, {'ts': '2026-09-29 11:51:29', 'theme': '计算机设', 'n': 1, 'mean_pct': 10.01}, {'ts': '2026-09-29 11:52:29', 'theme': '出版', 'n': 1, 'mean_pct': 10.06}, {'ts': '2026-09-29 11:52:29', 'theme': '化学制药', 'n': 1, 'mean_pct': 10.05}, {'ts': '2026-09-29 11:52:29', 'theme': '化学原料', 'n': 1, 'mean_pct': 20.0}, {'ts': '2026-09-29 11:52:29', 'theme': '小家电', 'n': 1, 'mean_pct': 9.97}, {'ts': '2026-09-29 11:52:29', 'theme': '房地产开', 'n': 1, 'mean_pct': 9.98}, {'ts': '2026-09-29 11:52:29', 'theme': '汽车零部', 'n': 2, 'mean_pct': 10.03}, {'ts': '2026-09-29 11:52:29', 'theme': '电力', 'n': 1, 'mean_pct': 9.96}, {'ts': '2026-09-29 11:52:29', 'theme': '电池', 'n': 1, 'mean_pct': 9.95}, {'ts': '2026-09-29 11:52:29', 'theme': '计算机设', 'n': 1, 'mean_pct': 10.01}, {'ts': '2026-09-29 11:53:29', 'theme': '出版', 'n': 1, 'mean_pct': 10.06}, {'ts': '2026-09-29 11:53:29', 'theme': '化学制药', 'n': 1, 'mean_pct': 10.05}, {'ts': '2026-09-29 11:53:29', 'theme': '化学原料', 'n': 1, 'mean_pct': 20.0}, {'ts': '2026-09-29 11:53:29', 'theme': '小家电', 'n': 1, 'mean_pct': 9.97}, {'ts': '2026-09-29 11:53:29', 'theme': '房地产开', 'n': 1, 'mean_pct': 9.98}, {'ts': '2026-09-29 11:53:29', 'theme': '汽车零部', 'n': 2, 'mean_pct': 10.03}, {'ts': '2026-09-29 11:53:29', 'theme': '电力', 'n': 1, 'mean_pct': 9.96}, {'ts': '2026-09-29 11:53:29', 'theme': '电池', 'n': 1, 'mean_pct': 9.95}, {'ts': '2026-09-29 11:53:29', 'theme': '计算机设', 'n': 1, 'mean_pct': 10.01}, {'ts': '2026-09-29 11:54:29', 'theme': '出版', 'n': 1, 'mean_pct': 10.06}, {'ts': '2026-09-29 11:54:29', 'theme': '化学制药', 'n': 1, 'mean_pct': 10.05}, {'ts': '2026-09-29 11:54:29', 'theme': '化学原料', 'n': 1, 'mean_pct': 20.0}, {'ts': '2026-09-29 11:54:29', 'theme': '小家电', 'n': 1, 'mean_pct': 9.97}, {'ts': '2026-09-29 11:54:29', 'theme': '房地产开', 'n': 1, 'mean_pct': 9.98}, {'ts': '2026-09-29 11:54:29', 'theme': '汽车零部', 'n': 2, 'mean_pct': 10.03}, {'ts': '2026-09-29 11:54:29', 'theme': '电力', 'n': 1, 'mean_pct': 9.96}, {'ts': '2026-09-29 11:54:29', 'theme': '电池', 'n': 1, 'mean_pct': 9.95}, {'ts': '2026-09-29 11:54:29', 'theme': '计算机设', 'n': 1, 'mean_pct': 10.01}, {'ts': '2026-09-29 11:55:30', 'theme': '出版', 'n': 1, 'mean_pct': 10.06}, {'ts': '2026-09-29 11:55:30', 'theme': '化学制药', 'n': 1, 'mean_pct': 10.05}, {'ts': '2026-09-29 11:55:30', 'theme': '化学原料', 'n': 1, 'mean_pct': 20.0}, {'ts': '2026-09-29 11:55:30', 'theme': '小家电', 'n': 1, 'mean_pct': 9.97}, {'ts': '2026-09-29 11:55:30', 'theme': '房地产开', 'n': 1, 'mean_pct': 9.98}, {'ts': '2026-09-29 11:55:30', 'theme': '汽车零部', 'n': 2, 'mean_pct': 10.03}, {'ts': '2026-09-29 11:55:30', 'theme': '电力', 'n': 1, 'mean_pct': 9.96}, {'ts': '2026-09-29 11:55:30', 'theme': '电池', 'n': 1, 'mean_pct': 9.95}, {'ts': '2026-09-29 11:55:30', 'theme': '计算机设', 'n': 1, 'mean_pct': 10.01}, {'ts': '2026-09-29 11:56:30', 'theme': '出版', 'n': 1, 'mean_pct': 10.06}, {'ts': '2026-09-29 11:56:30', 'theme': '化学制药', 'n': 1, 'mean_pct': 10.05}, {'ts': '2026-09-29 11:56:30', 'theme': '化学原料', 'n': 1, 'mean_pct': 20.0}, {'ts': '2026-09-29 11:56:30', 'theme': '小家电', 'n': 1, 'mean_pct': 9.97}, {'ts': '2026-09-29 11:56:30', 'theme': '房地产开', 'n': 1, 'mean_pct': 9.98}, {'ts': '2026-09-29 11:56:30', 'theme': '汽车零部', 'n': 2, 'mean_pct': 10.03}, {'ts': '2026-09-29 11:56:30', 'theme': '电力', 'n': 1, 'mean_pct': 9.96}, {'ts': '2026-09-29 11:56:30', 'theme': '电池', 'n': 1, 'mean_pct': 9.95}, {'ts': '2026-09-29 11:56:30', 'theme': '计算机设', 'n': 1, 'mean_pct': 10.01}, {'ts': '2026-09-29 11:57:30', 'theme': '出版', 'n': 1, 'mean_pct': 10.06}, {'ts': '2026-09-29 11:57:30', 'theme': '化学制药', 'n': 1, 'mean_pct': 10.05}, {'ts': '2026-09-29 11:57:30', 'theme': '化学原料', 'n': 1, 'mean_pct': 20.0}, {'ts': '2026-09-29 11:57:30', 'theme': '小家电', 'n': 1, 'mean_pct': 9.97}, {'ts': '2026-09-29 11:57:30', 'theme': '房地产开', 'n': 1, 'mean_pct': 9.98}, {'ts': '2026-09-29 11:57:30', 'theme': '汽车零部', 'n': 2, 'mean_pct': 10.03}, {'ts': '2026-09-29 11:57:30', 'theme': '电力', 'n': 1, 'mean_pct': 9.96}, {'ts': '2026-09-29 11:57:30', 'theme': '电池', 'n': 1, 'mean_pct': 9.95}, {'ts': '2026-09-29 11:57:30', 'theme': '计算机设', 'n': 1, 'mean_pct': 10.01}, {'ts': '2026-09-29 11:58:30', 'theme': '出版', 'n': 1, 'mean_pct': 10.06}, {'ts': '2026-09-29 11:58:30', 'theme': '化学制药', 'n': 1, 'mean_pct': 10.05}, {'ts': '2026-09-29 11:58:30', 'theme': '化学原料', 'n': 1, 'mean_pct': 20.0}, {'ts': '2026-09-29 11:58:30', 'theme': '小家电', 'n': 1, 'mean_pct': 9.97}, {'ts': '2026-09-29 11:58:30', 'theme': '房地产开', 'n': 1, 'mean_pct': 9.98}, {'ts': '2026-09-29 11:58:30', 'theme': '汽车零部', 'n': 2, 'mean_pct': 10.03}, {'ts': '2026-09-29 11:58:30', 'theme': '电力', 'n': 1, 'mean_pct': 9.96}, {'ts': '2026-09-29 11:58:30', 'theme': '电池', 'n': 1, 'mean_pct': 9.95}, {'ts': '2026-09-29 11:58:30', 'theme': '计算机设', 'n': 1, 'mean_pct': 10.01}, {'ts': '2026-09-29 11:59:30', 'theme': '出版', 'n': 1, 'mean_pct': 10.06}, {'ts': '2026-09-29 11:59:30', 'theme': '化学制药', 'n': 1, 'mean_pct': 10.05}, {'ts': '2026-09-29 11:59:30', 'theme': '化学原料', 'n': 1, 'mean_pct': 20.0}, {'ts': '2026-09-29 11:59:30', 'theme': '小家电', 'n': 1, 'mean_pct': 9.97}, {'ts': '2026-09-29 11:59:30', 'theme': '房地产开', 'n': 1, 'mean_pct': 9.98}, {'ts': '2026-09-29 11:59:30', 'theme': '汽车零部', 'n': 2, 'mean_pct': 10.03}, {'ts': '2026-09-29 11:59:30', 'theme': '电力', 'n': 1, 'mean_pct': 9.96}, {'ts': '2026-09-29 11:59:30', 'theme': '电池', 'n': 1, 'mean_pct': 9.95}, {'ts': '2026-09-29 11:59:30', 'theme': '计算机设', 'n': 1, 'mean_pct': 10.01}, {'ts': '2026-09-29 12:00:31', 'theme': '出版', 'n': 1, 'mean_pct': 10.06}, {'ts': '2026-09-29 12:00:31', 'theme': '化学制药', 'n': 1, 'mean_pct': 10.05}, {'ts': '2026-09-29 12:00:31', 'theme': '化学原料', 'n': 1, 'mean_pct': 20.0}, {'ts': '2026-09-29 12:00:31', 'theme': '小家电', 'n': 1, 'mean_pct': 9.97}, {'ts': '2026-09-29 12:00:31', 'theme': '房地产开', 'n': 1, 'mean_pct': 9.98}, {'ts': '2026-09-29 12:00:31', 'theme': '汽车零部', 'n': 2, 'mean_pct': 10.03}, {'ts': '2026-09-29 12:00:31', 'theme': '电力', 'n': 1, 'mean_pct': 9.96}, {'ts': '2026-09-29 12:00:31', 'theme': '电池', 'n': 1, 'mean_pct': 9.95}, {'ts': '2026-09-29 12:00:31', 'theme': '计算机设', 'n': 1, 'mean_pct': 10.01}, {'ts': '2026-09-29 12:01:31', 'theme': '出版', 'n': 1, 'mean_pct': 10.06}, {'ts': '2026-09-29 12:01:31', 'theme': '化学制药', 'n': 1, 'mean_pct': 10.05}, {'ts': '2026-09-29 12:01:31', 'theme': '化学原料', 'n': 1, 'mean_pct': 20.0}, {'ts': '2026-09-29 12:01:31', 'theme': '小家电', 'n': 1, 'mean_pct': 9.97}, {'ts': '2026-09-29 12:01:31', 'theme': '房地产开', 'n': 1, 'mean_pct': 9.98}, {'ts': '2026-09-29 12:01:31', 'theme': '汽车零部', 'n': 2, 'mean_pct': 10.03}, {'ts': '2026-09-29 12:01:31', 'theme': '电力', 'n': 1, 'mean_pct': 9.96}, {'ts': '2026-09-29 12:01:31', 'theme': '电池', 'n': 1, 'mean_pct': 9.95}, {'ts': '2026-09-29 12:01:31', 'theme': '计算机设', 'n': 1, 'mean_pct': 10.01}, {'ts': '2026-09-29 12:02:31', 'theme': '出版', 'n': 1, 'mean_pct': 10.06}, {'ts': '2026-09-29 12:02:31', 'theme': '化学制药', 'n': 1, 'mean_pct': 10.05}, {'ts': '2026-09-29 12:02:31', 'theme': '化学原料', 'n': 1, 'mean_pct': 20.0}, {'ts': '2026-09-29 12:02:31', 'theme': '小家电', 'n': 1, 'mean_pct': 9.97}, {'ts': '2026-09-29 12:02:31', 'theme': '房地产开', 'n': 1, 'mean_pct': 9.98}, {'ts': '2026-09-29 12:02:31', 'theme': '汽车零部', 'n': 2, 'mean_pct': 10.03}, {'ts': '2026-09-29 12:02:31', 'theme': '电力', 'n': 1, 'mean_pct': 9.96}, {'ts': '2026-09-29 12:02:31', 'theme': '电池', 'n': 1, 'mean_pct': 9.95}, {'ts': '2026-09-29 12:02:31', 'theme': '计算机设', 'n': 1, 'mean_pct': 10.01}, {'ts': '2026-09-29 12:03:31', 'theme': '出版', 'n': 1, 'mean_pct': 10.06}, {'ts': '2026-09-29 12:03:31', 'theme': '化学制药', 'n': 1, 'mean_pct': 10.05}, {'ts': '2026-09-29 12:03:31', 'theme': '化学原料', 'n': 1, 'mean_pct': 20.0}, {'ts': '2026-09-29 12:03:31', 'theme': '小家电', 'n': 1, 'mean_pct': 9.97}, {'ts': '2026-09-29 12:03:31', 'theme': '房地产开', 'n': 1, 'mean_pct': 9.98}, {'ts': '2026-09-29 12:03:31', 'theme': '汽车零部', 'n': 2, 'mean_pct': 10.03}, {'ts': '2026-09-29 12:03:31', 'theme': '电力', 'n': 1, 'mean_pct': 9.96}, {'ts': '2026-09-29 12:03:31', 'theme': '电池', 'n': 1, 'mean_pct': 9.95}, {'ts': '2026-09-29 12:03:31', 'theme': '计算机设', 'n': 1, 'mean_pct': 10.01}, {'ts': '2026-09-29 12:04:31', 'theme': '出版', 'n': 1, 'mean_pct': 10.06}, {'ts': '2026-09-29 12:04:31', 'theme': '化学制药', 'n': 1, 'mean_pct': 10.05}, {'ts': '2026-09-29 12:04:31', 'theme': '化学原料', 'n': 1, 'mean_pct': 20.0}, {'ts': '2026-09-29 12:04:31', 'theme': '小家电', 'n': 1, 'mean_pct': 9.97}, {'ts': '2026-09-29 12:04:31', 'theme': '房地产开', 'n': 1, 'mean_pct': 9.98}, {'ts': '2026-09-29 12:04:31', 'theme': '汽车零部', 'n': 2, 'mean_pct': 10.03}, {'ts': '2026-09-29 12:04:31', 'theme': '电力', 'n': 1, 'mean_pct': 9.96}, {'ts': '2026-09-29 12:04:31', 'theme': '电池', 'n': 1, 'mean_pct': 9.95}, {'ts': '2026-09-29 12:04:31', 'theme': '计算机设', 'n': 1, 'mean_pct': 10.01}, {'ts': '2026-09-29 12:05:31', 'theme': '出版', 'n': 1, 'mean_pct': 10.06}, {'ts': '2026-09-29 12:05:31', 'theme': '化学制药', 'n': 1, 'mean_pct': 10.05}, {'ts': '2026-09-29 12:05:31', 'theme': '化学原料', 'n': 1, 'mean_pct': 20.0}, {'ts': '2026-09-29 12:05:31', 'theme': '小家电', 'n': 1, 'mean_pct': 9.97}, {'ts': '2026-09-29 12:05:31', 'theme': '房地产开', 'n': 1, 'mean_pct': 9.98}, {'ts': '2026-09-29 12:05:31', 'theme': '汽车零部', 'n': 2, 'mean_pct': 10.03}, {'ts': '2026-09-29 12:05:31', 'theme': '电力', 'n': 1, 'mean_pct': 9.96}, {'ts': '2026-09-29 12:05:31', 'theme': '电池', 'n': 1, 'mean_pct': 9.95}, {'ts': '2026-09-29 12:05:31', 'theme': '计算机设', 'n': 1, 'mean_pct': 10.01}, {'ts': '2026-09-29 12:06:32', 'theme': '出版', 'n': 1, 'mean_pct': 10.06}, {'ts': '2026-09-29 12:06:32', 'theme': '化学制药', 'n': 1, 'mean_pct': 10.05}, {'ts': '2026-09-29 12:06:32', 'theme': '化学原料', 'n': 1, 'mean_pct': 20.0}, {'ts': '2026-09-29 12:06:32', 'theme': '小家电', 'n': 1, 'mean_pct': 9.97}, {'ts': '2026-09-29 12:06:32', 'theme': '房地产开', 'n': 1, 'mean_pct': 9.98}, {'ts': '2026-09-29 12:06:32', 'theme': '汽车零部', 'n': 2, 'mean_pct': 10.03}, {'ts': '2026-09-29 12:06:32', 'theme': '电力', 'n': 1, 'mean_pct': 9.96}, {'ts': '2026-09-29 12:06:32', 'theme': '电池', 'n': 1, 'mean_pct': 9.95}, {'ts': '2026-09-29 12:06:32', 'theme': '计算机设', 'n': 1, 'mean_pct': 10.01}, {'ts': '2026-09-29 12:07:32', 'theme': '出版', 'n': 1, 'mean_pct': 10.06}, {'ts': '2026-09-29 12:07:32', 'theme': '化学制药', 'n': 1, 'mean_pct': 10.05}, {'ts': '2026-09-29 12:07:32', 'theme': '化学原料', 'n': 1, 'mean_pct': 20.0}, {'ts': '2026-09-29 12:07:32', 'theme': '小家电', 'n': 1, 'mean_pct': 9.97}, {'ts': '2026-09-29 12:07:32', 'theme': '房地产开', 'n': 1, 'mean_pct': 9.98}, {'ts': '2026-09-29 12:07:32', 'theme': '汽车零部', 'n': 2, 'mean_pct': 10.03}, {'ts': '2026-09-29 12:07:32', 'theme': '电力', 'n': 1, 'mean_pct': 9.96}, {'ts': '2026-09-29 12:07:32', 'theme': '电池', 'n': 1, 'mean_pct': 9.95}, {'ts': '2026-09-29 12:07:32', 'theme': '计算机设', 'n': 1, 'mean_pct': 10.01}, {'ts': '2026-09-29 12:08:32', 'theme': '出版', 'n': 1, 'mean_pct': 10.06}, {'ts': '2026-09-29 12:08:32', 'theme': '化学制药', 'n': 1, 'mean_pct': 10.05}, {'ts': '2026-09-29 12:08:32', 'theme': '化学原料', 'n': 1, 'mean_pct': 20.0}, {'ts': '2026-09-29 12:08:32', 'theme': '小家电', 'n': 1, 'mean_pct': 9.97}, {'ts': '2026-09-29 12:08:32', 'theme': '房地产开', 'n': 1, 'mean_pct': 9.98}, {'ts': '2026-09-29 12:08:32', 'theme': '汽车零部', 'n': 2, 'mean_pct': 10.03}, {'ts': '2026-09-29 12:08:32', 'theme': '电力', 'n': 1, 'mean_pct': 9.96}, {'ts': '2026-09-29 12:08:32', 'theme': '电池', 'n': 1, 'mean_pct': 9.95}, {'ts': '2026-09-29 12:08:32', 'theme': '计算机设', 'n': 1, 'mean_pct': 10.01}, {'ts': '2026-09-29 12:09:32', 'theme': '出版', 'n': 1, 'mean_pct': 10.06}, {'ts': '2026-09-29 12:09:32', 'theme': '化学制药', 'n': 1, 'mean_pct': 10.05}, {'ts': '2026-09-29 12:09:32', 'theme': '化学原料', 'n': 1, 'mean_pct': 20.0}, {'ts': '2026-09-29 12:09:32', 'theme': '小家电', 'n': 1, 'mean_pct': 9.97}, {'ts': '2026-09-29 12:09:32', 'theme': '房地产开', 'n': 1, 'mean_pct': 9.98}, {'ts': '2026-09-29 12:09:32', 'theme': '汽车零部', 'n': 2, 'mean_pct': 10.03}, {'ts': '2026-09-29 12:09:32', 'theme': '电力', 'n': 1, 'mean_pct': 9.96}, {'ts': '2026-09-29 12:09:32', 'theme': '电池', 'n': 1, 'mean_pct': 9.95}, {'ts': '2026-09-29 12:09:32', 'theme': '计算机设', 'n': 1, 'mean_pct': 10.01}, {'ts': '2026-09-29 12:10:32', 'theme': '出版', 'n': 1, 'mean_pct': 10.06}, {'ts': '2026-09-29 12:10:32', 'theme': '化学制药', 'n': 1, 'mean_pct': 10.05}, {'ts': '2026-09-29 12:10:32', 'theme': '化学原料', 'n': 1, 'mean_pct': 20.0}, {'ts': '2026-09-29 12:10:32', 'theme': '小家电', 'n': 1, 'mean_pct': 9.97}, {'ts': '2026-09-29 12:10:32', 'theme': '房地产开', 'n': 1, 'mean_pct': 9.98}, {'ts': '2026-09-29 12:10:32', 'theme': '汽车零部', 'n': 2, 'mean_pct': 10.03}, {'ts': '2026-09-29 12:10:32', 'theme': '电力', 'n': 1, 'mean_pct': 9.96}, {'ts': '2026-09-29 12:10:32', 'theme': '电池', 'n': 1, 'mean_pct': 9.95}, {'ts': '2026-09-29 12:10:32', 'theme': '计算机设', 'n': 1, 'mean_pct': 10.01}, {'ts': '2026-09-29 12:11:32', 'theme': '出版', 'n': 1, 'mean_pct': 10.06}, {'ts': '2026-09-29 12:11:32', 'theme': '化学制药', 'n': 1, 'mean_pct': 10.05}, {'ts': '2026-09-29 12:11:32', 'theme': '化学原料', 'n': 1, 'mean_pct': 20.0}, {'ts': '2026-09-29 12:11:32', 'theme': '小家电', 'n': 1, 'mean_pct': 9.97}, {'ts': '2026-09-29 12:11:32', 'theme': '房地产开', 'n': 1, 'mean_pct': 9.98}, {'ts': '2026-09-29 12:11:32', 'theme': '汽车零部', 'n': 2, 'mean_pct': 10.03}, {'ts': '2026-09-29 12:11:32', 'theme': '电力', 'n': 1, 'mean_pct': 9.96}, {'ts': '2026-09-29 12:11:32', 'theme': '电池', 'n': 1, 'mean_pct': 9.95}, {'ts': '2026-09-29 12:11:32', 'theme': '计算机设', 'n': 1, 'mean_pct': 10.01}, {'ts': '2026-09-29 12:12:33', 'theme': '出版', 'n': 1, 'mean_pct': 10.06}, {'ts': '2026-09-29 12:12:33', 'theme': '化学制药', 'n': 1, 'mean_pct': 10.05}, {'ts': '2026-09-29 12:12:33', 'theme': '化学原料', 'n': 1, 'mean_pct': 20.0}, {'ts': '2026-09-29 12:12:33', 'theme': '小家电', 'n': 1, 'mean_pct': 9.97}, {'ts': '2026-09-29 12:12:33', 'theme': '房地产开', 'n': 1, 'mean_pct': 9.98}, {'ts': '2026-09-29 12:12:33', 'theme': '汽车零部', 'n': 2, 'mean_pct': 10.03}, {'ts': '2026-09-29 12:12:33', 'theme': '电力', 'n': 1, 'mean_pct': 9.96}, {'ts': '2026-09-29 12:12:33', 'theme': '电池', 'n': 1, 'mean_pct': 9.95}, {'ts': '2026-09-29 12:12:33', 'theme': '计算机设', 'n': 1, 'mean_pct': 10.01}, {'ts': '2026-09-29 12:13:33', 'theme': '出版', 'n': 1, 'mean_pct': 10.06}, {'ts': '2026-09-29 12:13:33', 'theme': '化学制药', 'n': 1, 'mean_pct': 10.05}, {'ts': '2026-09-29 12:13:33', 'theme': '化学原料', 'n': 1, 'mean_pct': 20.0}, {'ts': '2026-09-29 12:13:33', 'theme': '小家电', 'n': 1, 'mean_pct': 9.97}, {'ts': '2026-09-29 12:13:33', 'theme': '房地产开', 'n': 1, 'mean_pct': 9.98}, {'ts': '2026-09-29 12:13:33', 'theme': '汽车零部', 'n': 2, 'mean_pct': 10.03}, {'ts': '2026-09-29 12:13:33', 'theme': '电力', 'n': 1, 'mean_pct': 9.96}, {'ts': '2026-09-29 12:13:33', 'theme': '电池', 'n': 1, 'mean_pct': 9.95}, {'ts': '2026-09-29 12:13:33', 'theme': '计算机设', 'n': 1, 'mean_pct': 10.01}, {'ts': '2026-09-29 12:14:33', 'theme': '出版', 'n': 1, 'mean_pct': 10.06}, {'ts': '2026-09-29 12:14:33', 'theme': '化学制药', 'n': 1, 'mean_pct': 10.05}, {'ts': '2026-09-29 12:14:33', 'theme': '化学原料', 'n': 1, 'mean_pct': 20.0}, {'ts': '2026-09-29 12:14:33', 'theme': '小家电', 'n': 1, 'mean_pct': 9.97}, {'ts': '2026-09-29 12:14:33', 'theme': '房地产开', 'n': 1, 'mean_pct': 9.98}, {'ts': '2026-09-29 12:14:33', 'theme': '汽车零部', 'n': 2, 'mean_pct': 10.03}, {'ts': '2026-09-29 12:14:33', 'theme': '电力', 'n': 1, 'mean_pct': 9.96}, {'ts': '2026-09-29 12:14:33', 'theme': '电池', 'n': 1, 'mean_pct': 9.95}, {'ts': '2026-09-29 12:14:33', 'theme': '计算机设', 'n': 1, 'mean_pct': 10.01}, {'ts': '2026-09-29 12:15:33', 'theme': '出版', 'n': 1, 'mean_pct': 10.06}, {'ts': '2026-09-29 12:15:33', 'theme': '化学制药', 'n': 1, 'mean_pct': 10.05}, {'ts': '2026-09-29 12:15:33', 'theme': '化学原料', 'n': 1, 'mean_pct': 20.0}, {'ts': '2026-09-29 12:15:33', 'theme': '小家电', 'n': 1, 'mean_pct': 9.97}, {'ts': '2026-09-29 12:15:33', 'theme': '房地产开', 'n': 1, 'mean_pct': 9.98}, {'ts': '2026-09-29 12:15:33', 'theme': '汽车零部', 'n': 2, 'mean_pct': 10.03}, {'ts': '2026-09-29 12:15:33', 'theme': '电力', 'n': 1, 'mean_pct': 9.96}, {'ts': '2026-09-29 12:15:33', 'theme': '电池', 'n': 1, 'mean_pct': 9.95}, {'ts': '2026-09-29 12:15:33', 'theme': '计算机设', 'n': 1, 'mean_pct': 10.01}, {'ts': '2026-09-29 12:16:33', 'theme': '出版', 'n': 1, 'mean_pct': 10.06}, {'ts': '2026-09-29 12:16:33', 'theme': '化学制药', 'n': 1, 'mean_pct': 10.05}, {'ts': '2026-09-29 12:16:33', 'theme': '化学原料', 'n': 1, 'mean_pct': 20.0}, {'ts': '2026-09-29 12:16:33', 'theme': '小家电', 'n': 1, 'mean_pct': 9.97}, {'ts': '2026-09-29 12:16:33', 'theme': '房地产开', 'n': 1, 'mean_pct': 9.98}, {'ts': '2026-09-29 12:16:33', 'theme': '汽车零部', 'n': 2, 'mean_pct': 10.03}, {'ts': '2026-09-29 12:16:33', 'theme': '电力', 'n': 1, 'mean_pct': 9.96}, {'ts': '2026-09-29 12:16:33', 'theme': '电池', 'n': 1, 'mean_pct': 9.95}, {'ts': '2026-09-29 12:16:33', 'theme': '计算机设', 'n': 1, 'mean_pct': 10.01}, {'ts': '2026-09-29 12:17:33', 'theme': '出版', 'n': 1, 'mean_pct': 10.06}, {'ts': '2026-09-29 12:17:33', 'theme': '化学制药', 'n': 1, 'mean_pct': 10.05}, {'ts': '2026-09-29 12:17:33', 'theme': '化学原料', 'n': 1, 'mean_pct': 20.0}, {'ts': '2026-09-29 12:17:33', 'theme': '小家电', 'n': 1, 'mean_pct': 9.97}, {'ts': '2026-09-29 12:17:33', 'theme': '房地产开', 'n': 1, 'mean_pct': 9.98}, {'ts': '2026-09-29 12:17:33', 'theme': '汽车零部', 'n': 2, 'mean_pct': 10.03}, {'ts': '2026-09-29 12:17:33', 'theme': '电力', 'n': 1, 'mean_pct': 9.96}, {'ts': '2026-09-29 12:17:33', 'theme': '电池', 'n': 1, 'mean_pct': 9.95}, {'ts': '2026-09-29 12:17:33', 'theme': '计算机设', 'n': 1, 'mean_pct': 10.01}, {'ts': '2026-09-29 12:18:34', 'theme': '出版', 'n': 1, 'mean_pct': 10.06}, {'ts': '2026-09-29 12:18:34', 'theme': '化学制药', 'n': 1, 'mean_pct': 10.05}, {'ts': '2026-09-29 12:18:34', 'theme': '化学原料', 'n': 1, 'mean_pct': 20.0}, {'ts': '2026-09-29 12:18:34', 'theme': '小家电', 'n': 1, 'mean_pct': 9.97}, {'ts': '2026-09-29 12:18:34', 'theme': '房地产开', 'n': 1, 'mean_pct': 9.98}, {'ts': '2026-09-29 12:18:34', 'theme': '汽车零部', 'n': 2, 'mean_pct': 10.03}, {'ts': '2026-09-29 12:18:34', 'theme': '电力', 'n': 1, 'mean_pct': 9.96}, {'ts': '2026-09-29 12:18:34', 'theme': '电池', 'n': 1, 'mean_pct': 9.95}, {'ts': '2026-09-29 12:18:34', 'theme': '计算机设', 'n': 1, 'mean_pct': 10.01}, {'ts': '2026-09-29 12:19:34', 'theme': '出版', 'n': 1, 'mean_pct': 10.06}, {'ts': '2026-09-29 12:19:34', 'theme': '化学制药', 'n': 1, 'mean_pct': 10.05}, {'ts': '2026-09-29 12:19:34', 'theme': '化学原料', 'n': 1, 'mean_pct': 20.0}, {'ts': '2026-09-29 12:19:34', 'theme': '小家电', 'n': 1, 'mean_pct': 9.97}, {'ts': '2026-09-29 12:19:34', 'theme': '房地产开', 'n': 1, 'mean_pct': 9.98}, {'ts': '2026-09-29 12:19:34', 'theme': '汽车零部', 'n': 2, 'mean_pct': 10.03}, {'ts': '2026-09-29 12:19:34', 'theme': '电力', 'n': 1, 'mean_pct': 9.96}, {'ts': '2026-09-29 12:19:34', 'theme': '电池', 'n': 1, 'mean_pct': 9.95}, {'ts': '2026-09-29 12:19:34', 'theme': '计算机设', 'n': 1, 'mean_pct': 10.01}, {'ts': '2026-09-29 12:20:34', 'theme': '出版', 'n': 1, 'mean_pct': 10.06}, {'ts': '2026-09-29 12:20:34', 'theme': '化学制药', 'n': 1, 'mean_pct': 10.05}, {'ts': '2026-09-29 12:20:34', 'theme': '化学原料', 'n': 1, 'mean_pct': 20.0}, {'ts': '2026-09-29 12:20:34', 'theme': '小家电', 'n': 1, 'mean_pct': 9.97}, {'ts': '2026-09-29 12:20:34', 'theme': '房地产开', 'n': 1, 'mean_pct': 9.98}, {'ts': '2026-09-29 12:20:34', 'theme': '汽车零部', 'n': 2, 'mean_pct': 10.03}, {'ts': '2026-09-29 12:20:34', 'theme': '电力', 'n': 1, 'mean_pct': 9.96}, {'ts': '2026-09-29 12:20:34', 'theme': '电池', 'n': 1, 'mean_pct': 9.95}, {'ts': '2026-09-29 12:20:34', 'theme': '计算机设', 'n': 1, 'mean_pct': 10.01}, {'ts': '2026-09-29 12:21:34', 'theme': '出版', 'n': 1, 'mean_pct': 10.06}, {'ts': '2026-09-29 12:21:34', 'theme': '化学制药', 'n': 1, 'mean_pct': 10.05}, {'ts': '2026-09-29 12:21:34', 'theme': '化学原料', 'n': 1, 'mean_pct': 20.0}, {'ts': '2026-09-29 12:21:34', 'theme': '小家电', 'n': 1, 'mean_pct': 9.97}, {'ts': '2026-09-29 12:21:34', 'theme': '房地产开', 'n': 1, 'mean_pct': 9.98}, {'ts': '2026-09-29 12:21:34', 'theme': '汽车零部', 'n': 2, 'mean_pct': 10.03}, {'ts': '2026-09-29 12:21:34', 'theme': '电力', 'n': 1, 'mean_pct': 9.96}, {'ts': '2026-09-29 12:21:34', 'theme': '电池', 'n': 1, 'mean_pct': 9.95}, {'ts': '2026-09-29 12:21:34', 'theme': '计算机设', 'n': 1, 'mean_pct': 10.01}, {'ts': '2026-09-29 12:22:34', 'theme': '出版', 'n': 1, 'mean_pct': 10.06}, {'ts': '2026-09-29 12:22:34', 'theme': '化学制药', 'n': 1, 'mean_pct': 10.05}, {'ts': '2026-09-29 12:22:34', 'theme': '化学原料', 'n': 1, 'mean_pct': 20.0}, {'ts': '2026-09-29 12:22:34', 'theme': '小家电', 'n': 1, 'mean_pct': 9.97}, {'ts': '2026-09-29 12:22:34', 'theme': '房地产开', 'n': 1, 'mean_pct': 9.98}, {'ts': '2026-09-29 12:22:34', 'theme': '汽车零部', 'n': 2, 'mean_pct': 10.03}, {'ts': '2026-09-29 12:22:34', 'theme': '电力', 'n': 1, 'mean_pct': 9.96}, {'ts': '2026-09-29 12:22:34', 'theme': '电池', 'n': 1, 'mean_pct': 9.95}, {'ts': '2026-09-29 12:22:34', 'theme': '计算机设', 'n': 1, 'mean_pct': 10.01}, {'ts': '2026-09-29 12:23:34', 'theme': '出版', 'n': 1, 'mean_pct': 10.06}, {'ts': '2026-09-29 12:23:34', 'theme': '化学制药', 'n': 1, 'mean_pct': 10.05}, {'ts': '2026-09-29 12:23:34', 'theme': '化学原料', 'n': 1, 'mean_pct': 20.0}, {'ts': '2026-09-29 12:23:34', 'theme': '小家电', 'n': 1, 'mean_pct': 9.97}, {'ts': '2026-09-29 12:23:34', 'theme': '房地产开', 'n': 1, 'mean_pct': 9.98}, {'ts': '2026-09-29 12:23:34', 'theme': '汽车零部', 'n': 2, 'mean_pct': 10.03}, {'ts': '2026-09-29 12:23:34', 'theme': '电力', 'n': 1, 'mean_pct': 9.96}, {'ts': '2026-09-29 12:23:34', 'theme': '电池', 'n': 1, 'mean_pct': 9.95}, {'ts': '2026-09-29 12:23:34', 'theme': '计算机设', 'n': 1, 'mean_pct': 10.01}, {'ts': '2026-09-29 12:24:35', 'theme': '出版', 'n': 1, 'mean_pct': 10.06}, {'ts': '2026-09-29 12:24:35', 'theme': '化学制药', 'n': 1, 'mean_pct': 10.05}, {'ts': '2026-09-29 12:24:35', 'theme': '化学原料', 'n': 1, 'mean_pct': 20.0}, {'ts': '2026-09-29 12:24:35', 'theme': '小家电', 'n': 1, 'mean_pct': 9.97}, {'ts': '2026-09-29 12:24:35', 'theme': '房地产开', 'n': 1, 'mean_pct': 9.98}, {'ts': '2026-09-29 12:24:35', 'theme': '汽车零部', 'n': 2, 'mean_pct': 10.03}, {'ts': '2026-09-29 12:24:35', 'theme': '电力', 'n': 1, 'mean_pct': 9.96}, {'ts': '2026-09-29 12:24:35', 'theme': '电池', 'n': 1, 'mean_pct': 9.95}, {'ts': '2026-09-29 12:24:35', 'theme': '计算机设', 'n': 1, 'mean_pct': 10.01}, {'ts': '2026-09-29 12:25:35', 'theme': '出版', 'n': 1, 'mean_pct': 10.06}, {'ts': '2026-09-29 12:25:35', 'theme': '化学制药', 'n': 1, 'mean_pct': 10.05}, {'ts': '2026-09-29 12:25:35', 'theme': '化学原料', 'n': 1, 'mean_pct': 20.0}, {'ts': '2026-09-29 12:25:35', 'theme': '小家电', 'n': 1, 'mean_pct': 9.97}, {'ts': '2026-09-29 12:25:35', 'theme': '房地产开', 'n': 1, 'mean_pct': 9.98}, {'ts': '2026-09-29 12:25:35', 'theme': '汽车零部', 'n': 2, 'mean_pct': 10.03}, {'ts': '2026-09-29 12:25:35', 'theme': '电力', 'n': 1, 'mean_pct': 9.96}, {'ts': '2026-09-29 12:25:35', 'theme': '电池', 'n': 1, 'mean_pct': 9.95}, {'ts': '2026-09-29 12:25:35', 'theme': '计算机设', 'n': 1, 'mean_pct': 10.01}, {'ts': '2026-09-29 12:26:35', 'theme': '出版', 'n': 1, 'mean_pct': 10.06}, {'ts': '2026-09-29 12:26:35', 'theme': '化学制药', 'n': 1, 'mean_pct': 10.05}, {'ts': '2026-09-29 12:26:35', 'theme': '化学原料', 'n': 1, 'mean_pct': 20.0}, {'ts': '2026-09-29 12:26:35', 'theme': '小家电', 'n': 1, 'mean_pct': 9.97}, {'ts': '2026-09-29 12:26:35', 'theme': '房地产开', 'n': 1, 'mean_pct': 9.98}, {'ts': '2026-09-29 12:26:35', 'theme': '汽车零部', 'n': 2, 'mean_pct': 10.03}, {'ts': '2026-09-29 12:26:35', 'theme': '电力', 'n': 1, 'mean_pct': 9.96}, {'ts': '2026-09-29 12:26:35', 'theme': '电池', 'n': 1, 'mean_pct': 9.95}, {'ts': '2026-09-29 12:26:35', 'theme': '计算机设', 'n': 1, 'mean_pct': 10.01}, {'ts': '2026-09-29 12:27:35', 'theme': '出版', 'n': 1, 'mean_pct': 10.06}, {'ts': '2026-09-29 12:27:35', 'theme': '化学制药', 'n': 1, 'mean_pct': 10.05}, {'ts': '2026-09-29 12:27:35', 'theme': '化学原料', 'n': 1, 'mean_pct': 20.0}, {'ts': '2026-09-29 12:27:35', 'theme': '小家电', 'n': 1, 'mean_pct': 9.97}, {'ts': '2026-09-29 12:27:35', 'theme': '房地产开', 'n': 1, 'mean_pct': 9.98}, {'ts': '2026-09-29 12:27:35', 'theme': '汽车零部', 'n': 2, 'mean_pct': 10.03}, {'ts': '2026-09-29 12:27:35', 'theme': '电力', 'n': 1, 'mean_pct': 9.96}, {'ts': '2026-09-29 12:27:35', 'theme': '电池', 'n': 1, 'mean_pct': 9.95}, {'ts': '2026-09-29 12:27:35', 'theme': '计算机设', 'n': 1, 'mean_pct': 10.01}, {'ts': '2026-09-29 12:28:35', 'theme': '出版', 'n': 1, 'mean_pct': 10.06}, {'ts': '2026-09-29 12:28:35', 'theme': '化学制药', 'n': 1, 'mean_pct': 10.05}, {'ts': '2026-09-29 12:28:35', 'theme': '化学原料', 'n': 1, 'mean_pct': 20.0}, {'ts': '2026-09-29 12:28:35', 'theme': '小家电', 'n': 1, 'mean_pct': 9.97}, {'ts': '2026-09-29 12:28:35', 'theme': '房地产开', 'n': 1, 'mean_pct': 9.98}, {'ts': '2026-09-29 12:28:35', 'theme': '汽车零部', 'n': 2, 'mean_pct': 10.03}, {'ts': '2026-09-29 12:28:35', 'theme': '电力', 'n': 1, 'mean_pct': 9.96}, {'ts': '2026-09-29 12:28:35', 'theme': '电池', 'n': 1, 'mean_pct': 9.95}, {'ts': '2026-09-29 12:28:35', 'theme': '计算机设', 'n': 1, 'mean_pct': 10.01}, {'ts': '2026-09-29 12:29:35', 'theme': '出版', 'n': 1, 'mean_pct': 10.06}, {'ts': '2026-09-29 12:29:35', 'theme': '化学制药', 'n': 1, 'mean_pct': 10.05}, {'ts': '2026-09-29 12:29:35', 'theme': '化学原料', 'n': 1, 'mean_pct': 20.0}, {'ts': '2026-09-29 12:29:35', 'theme': '小家电', 'n': 1, 'mean_pct': 9.97}, {'ts': '2026-09-29 12:29:35', 'theme': '房地产开', 'n': 1, 'mean_pct': 9.98}, {'ts': '2026-09-29 12:29:35', 'theme': '汽车零部', 'n': 2, 'mean_pct': 10.03}, {'ts': '2026-09-29 12:29:35', 'theme': '电力', 'n': 1, 'mean_pct': 9.96}, {'ts': '2026-09-29 12:29:35', 'theme': '电池', 'n': 1, 'mean_pct': 9.95}, {'ts': '2026-09-29 12:29:35', 'theme': '计算机设', 'n': 1, 'mean_pct': 10.01}, {'ts': '2026-09-29 12:30:36', 'theme': '出版', 'n': 1, 'mean_pct': 10.06}, {'ts': '2026-09-29 12:30:36', 'theme': '化学制药', 'n': 1, 'mean_pct': 10.05}, {'ts': '2026-09-29 12:30:36', 'theme': '化学原料', 'n': 1, 'mean_pct': 20.0}, {'ts': '2026-09-29 12:30:36', 'theme': '小家电', 'n': 1, 'mean_pct': 9.97}, {'ts': '2026-09-29 12:30:36', 'theme': '房地产开', 'n': 1, 'mean_pct': 9.98}, {'ts': '2026-09-29 12:30:36', 'theme': '汽车零部', 'n': 2, 'mean_pct': 10.03}, {'ts': '2026-09-29 12:30:36', 'theme': '电力', 'n': 1, 'mean_pct': 9.96}, {'ts': '2026-09-29 12:30:36', 'theme': '电池', 'n': 1, 'mean_pct': 9.95}, {'ts': '2026-09-29 12:30:36', 'theme': '计算机设', 'n': 1, 'mean_pct': 10.01}, {'ts': '2026-09-29 12:31:36', 'theme': '出版', 'n': 1, 'mean_pct': 10.06}, {'ts': '2026-09-29 12:31:36', 'theme': '化学制药', 'n': 1, 'mean_pct': 10.05}, {'ts': '2026-09-29 12:31:36', 'theme': '化学原料', 'n': 1, 'mean_pct': 20.0}, {'ts': '2026-09-29 12:31:36', 'theme': '小家电', 'n': 1, 'mean_pct': 9.97}, {'ts': '2026-09-29 12:31:36', 'theme': '房地产开', 'n': 1, 'mean_pct': 9.98}, {'ts': '2026-09-29 12:31:36', 'theme': '汽车零部', 'n': 2, 'mean_pct': 10.03}, {'ts': '2026-09-29 12:31:36', 'theme': '电力', 'n': 1, 'mean_pct': 9.96}, {'ts': '2026-09-29 12:31:36', 'theme': '电池', 'n': 1, 'mean_pct': 9.95}, {'ts': '2026-09-29 12:31:36', 'theme': '计算机设', 'n': 1, 'mean_pct': 10.01}, {'ts': '2026-09-29 12:32:36', 'theme': '出版', 'n': 1, 'mean_pct': 10.06}, {'ts': '2026-09-29 12:32:36', 'theme': '化学制药', 'n': 1, 'mean_pct': 10.05}, {'ts': '2026-09-29 12:32:36', 'theme': '化学原料', 'n': 1, 'mean_pct': 20.0}, {'ts': '2026-09-29 12:32:36', 'theme': '小家电', 'n': 1, 'mean_pct': 9.97}, {'ts': '2026-09-29 12:32:36', 'theme': '房地产开', 'n': 1, 'mean_pct': 9.98}, {'ts': '2026-09-29 12:32:36', 'theme': '汽车零部', 'n': 2, 'mean_pct': 10.03}, {'ts': '2026-09-29 12:32:36', 'theme': '电力', 'n': 1, 'mean_pct': 9.96}, {'ts': '2026-09-29 12:32:36', 'theme': '电池', 'n': 1, 'mean_pct': 9.95}, {'ts': '2026-09-29 12:32:36', 'theme': '计算机设', 'n': 1, 'mean_pct': 10.01}, {'ts': '2026-09-29 12:33:36', 'theme': '出版', 'n': 1, 'mean_pct': 10.06}, {'ts': '2026-09-29 12:33:36', 'theme': '化学制药', 'n': 1, 'mean_pct': 10.05}, {'ts': '2026-09-29 12:33:36', 'theme': '化学原料', 'n': 1, 'mean_pct': 20.0}, {'ts': '2026-09-29 12:33:36', 'theme': '小家电', 'n': 1, 'mean_pct': 9.97}, {'ts': '2026-09-29 12:33:36', 'theme': '房地产开', 'n': 1, 'mean_pct': 9.98}, {'ts': '2026-09-29 12:33:36', 'theme': '汽车零部', 'n': 2, 'mean_pct': 10.03}, {'ts': '2026-09-29 12:33:36', 'theme': '电力', 'n': 1, 'mean_pct': 9.96}, {'ts': '2026-09-29 12:33:36', 'theme': '电池', 'n': 1, 'mean_pct': 9.95}, {'ts': '2026-09-29 12:33:36', 'theme': '计算机设', 'n': 1, 'mean_pct': 10.01}, {'ts': '2026-09-29 12:34:36', 'theme': '出版', 'n': 1, 'mean_pct': 10.06}, {'ts': '2026-09-29 12:34:36', 'theme': '化学制药', 'n': 1, 'mean_pct': 10.05}, {'ts': '2026-09-29 12:34:36', 'theme': '化学原料', 'n': 1, 'mean_pct': 20.0}, {'ts': '2026-09-29 12:34:36', 'theme': '小家电', 'n': 1, 'mean_pct': 9.97}, {'ts': '2026-09-29 12:34:36', 'theme': '房地产开', 'n': 1, 'mean_pct': 9.98}, {'ts': '2026-09-29 12:34:36', 'theme': '汽车零部', 'n': 2, 'mean_pct': 10.03}, {'ts': '2026-09-29 12:34:36', 'theme': '电力', 'n': 1, 'mean_pct': 9.96}, {'ts': '2026-09-29 12:34:36', 'theme': '电池', 'n': 1, 'mean_pct': 9.95}, {'ts': '2026-09-29 12:34:36', 'theme': '计算机设', 'n': 1, 'mean_pct': 10.01}, {'ts': '2026-09-29 12:35:36', 'theme': '出版', 'n': 1, 'mean_pct': 10.06}, {'ts': '2026-09-29 12:35:36', 'theme': '化学制药', 'n': 1, 'mean_pct': 10.05}, {'ts': '2026-09-29 12:35:36', 'theme': '化学原料', 'n': 1, 'mean_pct': 20.0}, {'ts': '2026-09-29 12:35:36', 'theme': '小家电', 'n': 1, 'mean_pct': 9.97}, {'ts': '2026-09-29 12:35:36', 'theme': '房地产开', 'n': 1, 'mean_pct': 9.98}, {'ts': '2026-09-29 12:35:36', 'theme': '汽车零部', 'n': 2, 'mean_pct': 10.03}, {'ts': '2026-09-29 12:35:36', 'theme': '电力', 'n': 1, 'mean_pct': 9.96}, {'ts': '2026-09-29 12:35:36', 'theme': '电池', 'n': 1, 'mean_pct': 9.95}, {'ts': '2026-09-29 12:35:36', 'theme': '计算机设', 'n': 1, 'mean_pct': 10.01}, {'ts': '2026-09-29 12:36:37', 'theme': '出版', 'n': 1, 'mean_pct': 10.06}, {'ts': '2026-09-29 12:36:37', 'theme': '化学制药', 'n': 1, 'mean_pct': 10.05}, {'ts': '2026-09-29 12:36:37', 'theme': '化学原料', 'n': 1, 'mean_pct': 20.0}, {'ts': '2026-09-29 12:36:37', 'theme': '小家电', 'n': 1, 'mean_pct': 9.97}, {'ts': '2026-09-29 12:36:37', 'theme': '房地产开', 'n': 1, 'mean_pct': 9.98}, {'ts': '2026-09-29 12:36:37', 'theme': '汽车零部', 'n': 2, 'mean_pct': 10.03}, {'ts': '2026-09-29 12:36:37', 'theme': '电力', 'n': 1, 'mean_pct': 9.96}, {'ts': '2026-09-29 12:36:37', 'theme': '电池', 'n': 1, 'mean_pct': 9.95}, {'ts': '2026-09-29 12:36:37', 'theme': '计算机设', 'n': 1, 'mean_pct': 10.01}, {'ts': '2026-09-29 12:37:37', 'theme': '出版', 'n': 1, 'mean_pct': 10.06}, {'ts': '2026-09-29 12:37:37', 'theme': '化学制药', 'n': 1, 'mean_pct': 10.05}, {'ts': '2026-09-29 12:37:37', 'theme': '化学原料', 'n': 1, 'mean_pct': 20.0}, {'ts': '2026-09-29 12:37:37', 'theme': '小家电', 'n': 1, 'mean_pct': 9.97}, {'ts': '2026-09-29 12:37:37', 'theme': '房地产开', 'n': 1, 'mean_pct': 9.98}, {'ts': '2026-09-29 12:37:37', 'theme': '汽车零部', 'n': 2, 'mean_pct': 10.03}, {'ts': '2026-09-29 12:37:37', 'theme': '电力', 'n': 1, 'mean_pct': 9.96}, {'ts': '2026-09-29 12:37:37', 'theme': '电池', 'n': 1, 'mean_pct': 9.95}, {'ts': '2026-09-29 12:37:37', 'theme': '计算机设', 'n': 1, 'mean_pct': 10.01}, {'ts': '2026-09-29 12:38:37', 'theme': '出版', 'n': 1, 'mean_pct': 10.06}, {'ts': '2026-09-29 12:38:37', 'theme': '化学制药', 'n': 1, 'mean_pct': 10.05}, {'ts': '2026-09-29 12:38:37', 'theme': '化学原料', 'n': 1, 'mean_pct': 20.0}, {'ts': '2026-09-29 12:38:37', 'theme': '小家电', 'n': 1, 'mean_pct': 9.97}, {'ts': '2026-09-29 12:38:37', 'theme': '房地产开', 'n': 1, 'mean_pct': 9.98}, {'ts': '2026-09-29 12:38:37', 'theme': '汽车零部', 'n': 2, 'mean_pct': 10.03}, {'ts': '2026-09-29 12:38:37', 'theme': '电力', 'n': 1, 'mean_pct': 9.96}, {'ts': '2026-09-29 12:38:37', 'theme': '电池', 'n': 1, 'mean_pct': 9.95}, {'ts': '2026-09-29 12:38:37', 'theme': '计算机设', 'n': 1, 'mean_pct': 10.01}, {'ts': '2026-09-29 12:39:37', 'theme': '出版', 'n': 1, 'mean_pct': 10.06}, {'ts': '2026-09-29 12:39:37', 'theme': '化学制药', 'n': 1, 'mean_pct': 10.05}, {'ts': '2026-09-29 12:39:37', 'theme': '化学原料', 'n': 1, 'mean_pct': 20.0}, {'ts': '2026-09-29 12:39:37', 'theme': '小家电', 'n': 1, 'mean_pct': 9.97}, {'ts': '2026-09-29 12:39:37', 'theme': '房地产开', 'n': 1, 'mean_pct': 9.98}, {'ts': '2026-09-29 12:39:37', 'theme': '汽车零部', 'n': 2, 'mean_pct': 10.03}, {'ts': '2026-09-29 12:39:37', 'theme': '电力', 'n': 1, 'mean_pct': 9.96}, {'ts': '2026-09-29 12:39:37', 'theme': '电池', 'n': 1, 'mean_pct': 9.95}, {'ts': '2026-09-29 12:39:37', 'theme': '计算机设', 'n': 1, 'mean_pct': 10.01}, {'ts': '2026-09-29 12:40:37', 'theme': '出版', 'n': 1, 'mean_pct': 10.06}, {'ts': '2026-09-29 12:40:37', 'theme': '化学制药', 'n': 1, 'mean_pct': 10.05}, {'ts': '2026-09-29 12:40:37', 'theme': '化学原料', 'n': 1, 'mean_pct': 20.0}, {'ts': '2026-09-29 12:40:37', 'theme': '小家电', 'n': 1, 'mean_pct': 9.97}, {'ts': '2026-09-29 12:40:37', 'theme': '房地产开', 'n': 1, 'mean_pct': 9.98}, {'ts': '2026-09-29 12:40:37', 'theme': '汽车零部', 'n': 2, 'mean_pct': 10.03}, {'ts': '2026-09-29 12:40:37', 'theme': '电力', 'n': 1, 'mean_pct': 9.96}, {'ts': '2026-09-29 12:40:37', 'theme': '电池', 'n': 1, 'mean_pct': 9.95}, {'ts': '2026-09-29 12:40:37', 'theme': '计算机设', 'n': 1, 'mean_pct': 10.01}, {'ts': '2026-09-29 12:41:37', 'theme': '出版', 'n': 1, 'mean_pct': 10.06}, {'ts': '2026-09-29 12:41:37', 'theme': '化学制药', 'n': 1, 'mean_pct': 10.05}, {'ts': '2026-09-29 12:41:37', 'theme': '化学原料', 'n': 1, 'mean_pct': 20.0}, {'ts': '2026-09-29 12:41:37', 'theme': '小家电', 'n': 1, 'mean_pct': 9.97}, {'ts': '2026-09-29 12:41:37', 'theme': '房地产开', 'n': 1, 'mean_pct': 9.98}, {'ts': '2026-09-29 12:41:37', 'theme': '汽车零部', 'n': 2, 'mean_pct': 10.03}, {'ts': '2026-09-29 12:41:37', 'theme': '电力', 'n': 1, 'mean_pct': 9.96}, {'ts': '2026-09-29 12:41:37', 'theme': '电池', 'n': 1, 'mean_pct': 9.95}, {'ts': '2026-09-29 12:41:37', 'theme': '计算机设', 'n': 1, 'mean_pct': 10.01}, {'ts': '2026-09-29 12:42:38', 'theme': '出版', 'n': 1, 'mean_pct': 10.06}, {'ts': '2026-09-29 12:42:38', 'theme': '化学制药', 'n': 1, 'mean_pct': 10.05}, {'ts': '2026-09-29 12:42:38', 'theme': '化学原料', 'n': 1, 'mean_pct': 20.0}, {'ts': '2026-09-29 12:42:38', 'theme': '小家电', 'n': 1, 'mean_pct': 9.97}, {'ts': '2026-09-29 12:42:38', 'theme': '房地产开', 'n': 1, 'mean_pct': 9.98}, {'ts': '2026-09-29 12:42:38', 'theme': '汽车零部', 'n': 2, 'mean_pct': 10.03}, {'ts': '2026-09-29 12:42:38', 'theme': '电力', 'n': 1, 'mean_pct': 9.96}, {'ts': '2026-09-29 12:42:38', 'theme': '电池', 'n': 1, 'mean_pct': 9.95}, {'ts': '2026-09-29 12:42:38', 'theme': '计算机设', 'n': 1, 'mean_pct': 10.01}, {'ts': '2026-09-29 12:43:38', 'theme': '出版', 'n': 1, 'mean_pct': 10.06}, {'ts': '2026-09-29 12:43:38', 'theme': '化学制药', 'n': 1, 'mean_pct': 10.05}, {'ts': '2026-09-29 12:43:38', 'theme': '化学原料', 'n': 1, 'mean_pct': 20.0}, {'ts': '2026-09-29 12:43:38', 'theme': '小家电', 'n': 1, 'mean_pct': 9.97}, {'ts': '2026-09-29 12:43:38', 'theme': '房地产开', 'n': 1, 'mean_pct': 9.98}, {'ts': '2026-09-29 12:43:38', 'theme': '汽车零部', 'n': 2, 'mean_pct': 10.03}, {'ts': '2026-09-29 12:43:38', 'theme': '电力', 'n': 1, 'mean_pct': 9.96}, {'ts': '2026-09-29 12:43:38', 'theme': '电池', 'n': 1, 'mean_pct': 9.95}, {'ts': '2026-09-29 12:43:38', 'theme': '计算机设', 'n': 1, 'mean_pct': 10.01}, {'ts': '2026-09-29 12:44:38', 'theme': '出版', 'n': 1, 'mean_pct': 10.06}, {'ts': '2026-09-29 12:44:38', 'theme': '化学制药', 'n': 1, 'mean_pct': 10.05}, {'ts': '2026-09-29 12:44:38', 'theme': '化学原料', 'n': 1, 'mean_pct': 20.0}, {'ts': '2026-09-29 12:44:38', 'theme': '小家电', 'n': 1, 'mean_pct': 9.97}, {'ts': '2026-09-29 12:44:38', 'theme': '房地产开', 'n': 1, 'mean_pct': 9.98}, {'ts': '2026-09-29 12:44:38', 'theme': '汽车零部', 'n': 2, 'mean_pct': 10.03}, {'ts': '2026-09-29 12:44:38', 'theme': '电力', 'n': 1, 'mean_pct': 9.96}, {'ts': '2026-09-29 12:44:38', 'theme': '电池', 'n': 1, 'mean_pct': 9.95}, {'ts': '2026-09-29 12:44:38', 'theme': '计算机设', 'n': 1, 'mean_pct': 10.01}, {'ts': '2026-09-29 12:45:38', 'theme': '出版', 'n': 1, 'mean_pct': 10.06}, {'ts': '2026-09-29 12:45:38', 'theme': '化学制药', 'n': 1, 'mean_pct': 10.05}, {'ts': '2026-09-29 12:45:38', 'theme': '化学原料', 'n': 1, 'mean_pct': 20.0}, {'ts': '2026-09-29 12:45:38', 'theme': '小家电', 'n': 1, 'mean_pct': 9.97}, {'ts': '2026-09-29 12:45:38', 'theme': '房地产开', 'n': 1, 'mean_pct': 9.98}, {'ts': '2026-09-29 12:45:38', 'theme': '汽车零部', 'n': 2, 'mean_pct': 10.03}, {'ts': '2026-09-29 12:45:38', 'theme': '电力', 'n': 1, 'mean_pct': 9.96}, {'ts': '2026-09-29 12:45:38', 'theme': '电池', 'n': 1, 'mean_pct': 9.95}, {'ts': '2026-09-29 12:45:38', 'theme': '计算机设', 'n': 1, 'mean_pct': 10.01}, {'ts': '2026-09-29 12:46:38', 'theme': '出版', 'n': 1, 'mean_pct': 10.06}, {'ts': '2026-09-29 12:46:38', 'theme': '化学制药', 'n': 1, 'mean_pct': 10.05}, {'ts': '2026-09-29 12:46:38', 'theme': '化学原料', 'n': 1, 'mean_pct': 20.0}, {'ts': '2026-09-29 12:46:38', 'theme': '小家电', 'n': 1, 'mean_pct': 9.97}, {'ts': '2026-09-29 12:46:38', 'theme': '房地产开', 'n': 1, 'mean_pct': 9.98}, {'ts': '2026-09-29 12:46:38', 'theme': '汽车零部', 'n': 2, 'mean_pct': 10.03}, {'ts': '2026-09-29 12:46:38', 'theme': '电力', 'n': 1, 'mean_pct': 9.96}, {'ts': '2026-09-29 12:46:38', 'theme': '电池', 'n': 1, 'mean_pct': 9.95}, {'ts': '2026-09-29 12:46:38', 'theme': '计算机设', 'n': 1, 'mean_pct': 10.01}, {'ts': '2026-09-29 12:47:38', 'theme': '出版', 'n': 1, 'mean_pct': 10.06}, {'ts': '2026-09-29 12:47:38', 'theme': '化学制药', 'n': 1, 'mean_pct': 10.05}, {'ts': '2026-09-29 12:47:38', 'theme': '化学原料', 'n': 1, 'mean_pct': 20.0}, {'ts': '2026-09-29 12:47:38', 'theme': '小家电', 'n': 1, 'mean_pct': 9.97}, {'ts': '2026-09-29 12:47:38', 'theme': '房地产开', 'n': 1, 'mean_pct': 9.98}, {'ts': '2026-09-29 12:47:38', 'theme': '汽车零部', 'n': 2, 'mean_pct': 10.03}, {'ts': '2026-09-29 12:47:38', 'theme': '电力', 'n': 1, 'mean_pct': 9.96}, {'ts': '2026-09-29 12:47:38', 'theme': '电池', 'n': 1, 'mean_pct': 9.95}, {'ts': '2026-09-29 12:47:38', 'theme': '计算机设', 'n': 1, 'mean_pct': 10.01}, {'ts': '2026-09-29 12:48:39', 'theme': '出版', 'n': 1, 'mean_pct': 10.06}, {'ts': '2026-09-29 12:48:39', 'theme': '化学制药', 'n': 1, 'mean_pct': 10.05}, {'ts': '2026-09-29 12:48:39', 'theme': '化学原料', 'n': 1, 'mean_pct': 20.0}, {'ts': '2026-09-29 12:48:39', 'theme': '小家电', 'n': 1, 'mean_pct': 9.97}, {'ts': '2026-09-29 12:48:39', 'theme': '房地产开', 'n': 1, 'mean_pct': 9.98}, {'ts': '2026-09-29 12:48:39', 'theme': '汽车零部', 'n': 2, 'mean_pct': 10.03}, {'ts': '2026-09-29 12:48:39', 'theme': '电力', 'n': 1, 'mean_pct': 9.96}, {'ts': '2026-09-29 12:48:39', 'theme': '电池', 'n': 1, 'mean_pct': 9.95}, {'ts': '2026-09-29 12:48:39', 'theme': '计算机设', 'n': 1, 'mean_pct': 10.01}, {'ts': '2026-09-29 12:49:39', 'theme': '出版', 'n': 1, 'mean_pct': 10.06}, {'ts': '2026-09-29 12:49:39', 'theme': '化学制药', 'n': 1, 'mean_pct': 10.05}, {'ts': '2026-09-29 12:49:39', 'theme': '化学原料', 'n': 1, 'mean_pct': 20.0}, {'ts': '2026-09-29 12:49:39', 'theme': '小家电', 'n': 1, 'mean_pct': 9.97}, {'ts': '2026-09-29 12:49:39', 'theme': '房地产开', 'n': 1, 'mean_pct': 9.98}, {'ts': '2026-09-29 12:49:39', 'theme': '汽车零部', 'n': 2, 'mean_pct': 10.03}, {'ts': '2026-09-29 12:49:39', 'theme': '电力', 'n': 1, 'mean_pct': 9.96}, {'ts': '2026-09-29 12:49:39', 'theme': '电池', 'n': 1, 'mean_pct': 9.95}, {'ts': '2026-09-29 12:49:39', 'theme': '计算机设', 'n': 1, 'mean_pct': 10.01}, {'ts': '2026-09-29 12:50:39', 'theme': '出版', 'n': 1, 'mean_pct': 10.06}, {'ts': '2026-09-29 12:50:39', 'theme': '化学制药', 'n': 1, 'mean_pct': 10.05}, {'ts': '2026-09-29 12:50:39', 'theme': '化学原料', 'n': 1, 'mean_pct': 20.0}, {'ts': '2026-09-29 12:50:39', 'theme': '小家电', 'n': 1, 'mean_pct': 9.97}, {'ts': '2026-09-29 12:50:39', 'theme': '房地产开', 'n': 1, 'mean_pct': 9.98}, {'ts': '2026-09-29 12:50:39', 'theme': '汽车零部', 'n': 2, 'mean_pct': 10.03}, {'ts': '2026-09-29 12:50:39', 'theme': '电力', 'n': 1, 'mean_pct': 9.96}, {'ts': '2026-09-29 12:50:39', 'theme': '电池', 'n': 1, 'mean_pct': 9.95}, {'ts': '2026-09-29 12:50:39', 'theme': '计算机设', 'n': 1, 'mean_pct': 10.01}, {'ts': '2026-09-29 12:51:39', 'theme': '出版', 'n': 1, 'mean_pct': 10.06}, {'ts': '2026-09-29 12:51:39', 'theme': '化学制药', 'n': 1, 'mean_pct': 10.05}, {'ts': '2026-09-29 12:51:39', 'theme': '化学原料', 'n': 1, 'mean_pct': 20.0}, {'ts': '2026-09-29 12:51:39', 'theme': '小家电', 'n': 1, 'mean_pct': 9.97}, {'ts': '2026-09-29 12:51:39', 'theme': '房地产开', 'n': 1, 'mean_pct': 9.98}, {'ts': '2026-09-29 12:51:39', 'theme': '汽车零部', 'n': 2, 'mean_pct': 10.03}, {'ts': '2026-09-29 12:51:39', 'theme': '电力', 'n': 1, 'mean_pct': 9.96}, {'ts': '2026-09-29 12:51:39', 'theme': '电池', 'n': 1, 'mean_pct': 9.95}, {'ts': '2026-09-29 12:51:39', 'theme': '计算机设', 'n': 1, 'mean_pct': 10.01}, {'ts': '2026-09-29 12:52:39', 'theme': '出版', 'n': 1, 'mean_pct': 10.06}, {'ts': '2026-09-29 12:52:39', 'theme': '化学制药', 'n': 1, 'mean_pct': 10.05}, {'ts': '2026-09-29 12:52:39', 'theme': '化学原料', 'n': 1, 'mean_pct': 20.0}, {'ts': '2026-09-29 12:52:39', 'theme': '小家电', 'n': 1, 'mean_pct': 9.97}, {'ts': '2026-09-29 12:52:39', 'theme': '房地产开', 'n': 1, 'mean_pct': 9.98}, {'ts': '2026-09-29 12:52:39', 'theme': '汽车零部', 'n': 2, 'mean_pct': 10.03}, {'ts': '2026-09-29 12:52:39', 'theme': '电力', 'n': 1, 'mean_pct': 9.96}, {'ts': '2026-09-29 12:52:39', 'theme': '电池', 'n': 1, 'mean_pct': 9.95}, {'ts': '2026-09-29 12:52:39', 'theme': '计算机设', 'n': 1, 'mean_pct': 10.01}, {'ts': '2026-09-29 12:53:39', 'theme': '出版', 'n': 1, 'mean_pct': 10.06}, {'ts': '2026-09-29 12:53:39', 'theme': '化学制药', 'n': 1, 'mean_pct': 10.05}, {'ts': '2026-09-29 12:53:39', 'theme': '化学原料', 'n': 1, 'mean_pct': 20.0}, {'ts': '2026-09-29 12:53:39', 'theme': '小家电', 'n': 1, 'mean_pct': 9.97}, {'ts': '2026-09-29 12:53:39', 'theme': '房地产开', 'n': 1, 'mean_pct': 9.98}, {'ts': '2026-09-29 12:53:39', 'theme': '汽车零部', 'n': 2, 'mean_pct': 10.03}, {'ts': '2026-09-29 12:53:39', 'theme': '电力', 'n': 1, 'mean_pct': 9.96}, {'ts': '2026-09-29 12:53:39', 'theme': '电池', 'n': 1, 'mean_pct': 9.95}, {'ts': '2026-09-29 12:53:39', 'theme': '计算机设', 'n': 1, 'mean_pct': 10.01}, {'ts': '2026-09-29 12:54:40', 'theme': '出版', 'n': 1, 'mean_pct': 10.06}, {'ts': '2026-09-29 12:54:40', 'theme': '化学制药', 'n': 1, 'mean_pct': 10.05}, {'ts': '2026-09-29 12:54:40', 'theme': '化学原料', 'n': 1, 'mean_pct': 20.0}, {'ts': '2026-09-29 12:54:40', 'theme': '小家电', 'n': 1, 'mean_pct': 9.97}, {'ts': '2026-09-29 12:54:40', 'theme': '房地产开', 'n': 1, 'mean_pct': 9.98}, {'ts': '2026-09-29 12:54:40', 'theme': '汽车零部', 'n': 2, 'mean_pct': 10.03}, {'ts': '2026-09-29 12:54:40', 'theme': '电力', 'n': 1, 'mean_pct': 9.96}, {'ts': '2026-09-29 12:54:40', 'theme': '电池', 'n': 1, 'mean_pct': 9.95}, {'ts': '2026-09-29 12:54:40', 'theme': '计算机设', 'n': 1, 'mean_pct': 10.01}, {'ts': '2026-09-29 12:55:40', 'theme': '出版', 'n': 1, 'mean_pct': 10.06}, {'ts': '2026-09-29 12:55:40', 'theme': '化学制药', 'n': 1, 'mean_pct': 10.05}, {'ts': '2026-09-29 12:55:40', 'theme': '化学原料', 'n': 1, 'mean_pct': 20.0}, {'ts': '2026-09-29 12:55:40', 'theme': '小家电', 'n': 1, 'mean_pct': 9.97}, {'ts': '2026-09-29 12:55:40', 'theme': '房地产开', 'n': 1, 'mean_pct': 9.98}, {'ts': '2026-09-29 12:55:40', 'theme': '汽车零部', 'n': 2, 'mean_pct': 10.03}, {'ts': '2026-09-29 12:55:40', 'theme': '电力', 'n': 1, 'mean_pct': 9.96}, {'ts': '2026-09-29 12:55:40', 'theme': '电池', 'n': 1, 'mean_pct': 9.95}, {'ts': '2026-09-29 12:55:40', 'theme': '计算机设', 'n': 1, 'mean_pct': 10.01}, {'ts': '2026-09-29 12:56:40', 'theme': '出版', 'n': 1, 'mean_pct': 10.06}, {'ts': '2026-09-29 12:56:40', 'theme': '化学制药', 'n': 1, 'mean_pct': 10.05}, {'ts': '2026-09-29 12:56:40', 'theme': '化学原料', 'n': 1, 'mean_pct': 20.0}, {'ts': '2026-09-29 12:56:40', 'theme': '小家电', 'n': 1, 'mean_pct': 9.97}, {'ts': '2026-09-29 12:56:40', 'theme': '房地产开', 'n': 1, 'mean_pct': 9.98}, {'ts': '2026-09-29 12:56:40', 'theme': '汽车零部', 'n': 2, 'mean_pct': 10.03}, {'ts': '2026-09-29 12:56:40', 'theme': '电力', 'n': 1, 'mean_pct': 9.96}, {'ts': '2026-09-29 12:56:40', 'theme': '电池', 'n': 1, 'mean_pct': 9.95}, {'ts': '2026-09-29 12:56:40', 'theme': '计算机设', 'n': 1, 'mean_pct': 10.01}, {'ts': '2026-09-29 12:57:40', 'theme': '出版', 'n': 1, 'mean_pct': 10.06}, {'ts': '2026-09-29 12:57:40', 'theme': '化学制药', 'n': 1, 'mean_pct': 10.05}, {'ts': '2026-09-29 12:57:40', 'theme': '化学原料', 'n': 1, 'mean_pct': 20.0}, {'ts': '2026-09-29 12:57:40', 'theme': '小家电', 'n': 1, 'mean_pct': 9.97}, {'ts': '2026-09-29 12:57:40', 'theme': '房地产开', 'n': 1, 'mean_pct': 9.98}, {'ts': '2026-09-29 12:57:40', 'theme': '汽车零部', 'n': 2, 'mean_pct': 10.03}, {'ts': '2026-09-29 12:57:40', 'theme': '电力', 'n': 1, 'mean_pct': 9.96}, {'ts': '2026-09-29 12:57:40', 'theme': '电池', 'n': 1, 'mean_pct': 9.95}, {'ts': '2026-09-29 12:57:40', 'theme': '计算机设', 'n': 1, 'mean_pct': 10.01}, {'ts': '2026-09-29 12:58:40', 'theme': '出版', 'n': 1, 'mean_pct': 10.06}, {'ts': '2026-09-29 12:58:40', 'theme': '化学制药', 'n': 1, 'mean_pct': 10.05}, {'ts': '2026-09-29 12:58:40', 'theme': '化学原料', 'n': 1, 'mean_pct': 20.0}, {'ts': '2026-09-29 12:58:40', 'theme': '小家电', 'n': 1, 'mean_pct': 9.97}, {'ts': '2026-09-29 12:58:40', 'theme': '房地产开', 'n': 1, 'mean_pct': 9.98}, {'ts': '2026-09-29 12:58:40', 'theme': '汽车零部', 'n': 2, 'mean_pct': 10.03}, {'ts': '2026-09-29 12:58:40', 'theme': '电力', 'n': 1, 'mean_pct': 9.96}, {'ts': '2026-09-29 12:58:40', 'theme': '电池', 'n': 1, 'mean_pct': 9.95}, {'ts': '2026-09-29 12:58:40', 'theme': '计算机设', 'n': 1, 'mean_pct': 10.01}, {'ts': '2026-09-29 12:59:41', 'theme': '出版', 'n': 1, 'mean_pct': 10.06}, {'ts': '2026-09-29 12:59:41', 'theme': '化学制药', 'n': 1, 'mean_pct': 10.05}, {'ts': '2026-09-29 12:59:41', 'theme': '化学原料', 'n': 1, 'mean_pct': 20.0}, {'ts': '2026-09-29 12:59:41', 'theme': '小家电', 'n': 1, 'mean_pct': 9.97}, {'ts': '2026-09-29 12:59:41', 'theme': '房地产开', 'n': 1, 'mean_pct': 9.98}, {'ts': '2026-09-29 12:59:41', 'theme': '汽车零部', 'n': 2, 'mean_pct': 10.03}, {'ts': '2026-09-29 12:59:41', 'theme': '电力', 'n': 1, 'mean_pct': 9.96}, {'ts': '2026-09-29 12:59:41', 'theme': '电池', 'n': 1, 'mean_pct': 9.95}, {'ts': '2026-09-29 12:59:41', 'theme': '计算机设', 'n': 1, 'mean_pct': 10.01}, {'ts': '2026-09-29 13:00:41', 'theme': '出版', 'n': 1, 'mean_pct': 10.06}, {'ts': '2026-09-29 13:00:41', 'theme': '化学制药', 'n': 1, 'mean_pct': 10.05}, {'ts': '2026-09-29 13:00:41', 'theme': '化学原料', 'n': 1, 'mean_pct': 20.0}, {'ts': '2026-09-29 13:00:41', 'theme': '小家电', 'n': 1, 'mean_pct': 9.97}, {'ts': '2026-09-29 13:00:41', 'theme': '房地产开', 'n': 1, 'mean_pct': 9.98}, {'ts': '2026-09-29 13:00:41', 'theme': '汽车零部', 'n': 2, 'mean_pct': 10.03}, {'ts': '2026-09-29 13:00:41', 'theme': '电力', 'n': 1, 'mean_pct': 9.96}, {'ts': '2026-09-29 13:00:41', 'theme': '电池', 'n': 1, 'mean_pct': 9.95}, {'ts': '2026-09-29 13:00:41', 'theme': '计算机设', 'n': 1, 'mean_pct': 10.01}, {'ts': '2026-09-29 13:01:41', 'theme': '出版', 'n': 1, 'mean_pct': 10.06}, {'ts': '2026-09-29 13:01:41', 'theme': '化学制药', 'n': 1, 'mean_pct': 10.05}, {'ts': '2026-09-29 13:01:41', 'theme': '化学原料', 'n': 1, 'mean_pct': 20.0}, {'ts': '2026-09-29 13:01:41', 'theme': '小家电', 'n': 1, 'mean_pct': 9.97}, {'ts': '2026-09-29 13:01:41', 'theme': '房地产开', 'n': 1, 'mean_pct': 9.98}, {'ts': '2026-09-29 13:01:41', 'theme': '汽车零部', 'n': 2, 'mean_pct': 10.03}, {'ts': '2026-09-29 13:01:41', 'theme': '电力', 'n': 1, 'mean_pct': 9.96}, {'ts': '2026-09-29 13:01:41', 'theme': '电池', 'n': 1, 'mean_pct': 9.95}, {'ts': '2026-09-29 13:01:41', 'theme': '计算机设', 'n': 1, 'mean_pct': 10.01}, {'ts': '2026-09-29 13:02:41', 'theme': '出版', 'n': 1, 'mean_pct': 10.06}, {'ts': '2026-09-29 13:02:41', 'theme': '化学制药', 'n': 1, 'mean_pct': 10.05}, {'ts': '2026-09-29 13:02:41', 'theme': '化学原料', 'n': 1, 'mean_pct': 20.0}, {'ts': '2026-09-29 13:02:41', 'theme': '小家电', 'n': 1, 'mean_pct': 9.97}, {'ts': '2026-09-29 13:02:41', 'theme': '房地产开', 'n': 1, 'mean_pct': 9.98}, {'ts': '2026-09-29 13:02:41', 'theme': '汽车零部', 'n': 2, 'mean_pct': 10.03}, {'ts': '2026-09-29 13:02:41', 'theme': '电力', 'n': 1, 'mean_pct': 9.96}, {'ts': '2026-09-29 13:02:41', 'theme': '电池', 'n': 1, 'mean_pct': 9.95}, {'ts': '2026-09-29 13:02:41', 'theme': '计算机设', 'n': 1, 'mean_pct': 10.01}, {'ts': '2026-09-29 13:03:41', 'theme': '出版', 'n': 1, 'mean_pct': 10.06}, {'ts': '2026-09-29 13:03:41', 'theme': '化学制药', 'n': 1, 'mean_pct': 10.05}, {'ts': '2026-09-29 13:03:41', 'theme': '化学原料', 'n': 1, 'mean_pct': 20.0}, {'ts': '2026-09-29 13:03:41', 'theme': '小家电', 'n': 1, 'mean_pct': 9.97}, {'ts': '2026-09-29 13:03:41', 'theme': '房地产开', 'n': 1, 'mean_pct': 9.98}, {'ts': '2026-09-29 13:03:41', 'theme': '汽车零部', 'n': 2, 'mean_pct': 10.03}, {'ts': '2026-09-29 13:03:41', 'theme': '电力', 'n': 1, 'mean_pct': 9.96}, {'ts': '2026-09-29 13:03:41', 'theme': '电池', 'n': 1, 'mean_pct': 9.95}, {'ts': '2026-09-29 13:03:41', 'theme': '计算机设', 'n': 1, 'mean_pct': 10.01}, {'ts': '2026-09-29 13:04:41', 'theme': '出版', 'n': 1, 'mean_pct': 10.06}, {'ts': '2026-09-29 13:04:41', 'theme': '化学制药', 'n': 1, 'mean_pct': 10.05}, {'ts': '2026-09-29 13:04:41', 'theme': '化学原料', 'n': 1, 'mean_pct': 20.0}, {'ts': '2026-09-29 13:04:41', 'theme': '小家电', 'n': 1, 'mean_pct': 9.97}, {'ts': '2026-09-29 13:04:41', 'theme': '房地产开', 'n': 1, 'mean_pct': 9.98}, {'ts': '2026-09-29 13:04:41', 'theme': '汽车零部', 'n': 2, 'mean_pct': 10.03}, {'ts': '2026-09-29 13:04:41', 'theme': '电力', 'n': 1, 'mean_pct': 9.96}, {'ts': '2026-09-29 13:04:41', 'theme': '电池', 'n': 1, 'mean_pct': 9.95}, {'ts': '2026-09-29 13:04:41', 'theme': '计算机设', 'n': 1, 'mean_pct': 10.01}, {'ts': '2026-09-29 13:05:42', 'theme': '出版', 'n': 1, 'mean_pct': 10.06}, {'ts': '2026-09-29 13:05:42', 'theme': '化学制药', 'n': 1, 'mean_pct': 10.05}, {'ts': '2026-09-29 13:05:42', 'theme': '化学原料', 'n': 1, 'mean_pct': 20.0}, {'ts': '2026-09-29 13:05:42', 'theme': '小家电', 'n': 1, 'mean_pct': 9.97}, {'ts': '2026-09-29 13:05:42', 'theme': '房地产开', 'n': 1, 'mean_pct': 9.98}, {'ts': '2026-09-29 13:05:42', 'theme': '汽车零部', 'n': 2, 'mean_pct': 10.03}, {'ts': '2026-09-29 13:05:42', 'theme': '电力', 'n': 1, 'mean_pct': 9.96}, {'ts': '2026-09-29 13:05:42', 'theme': '电池', 'n': 1, 'mean_pct': 9.95}, {'ts': '2026-09-29 13:05:42', 'theme': '计算机设', 'n': 1, 'mean_pct': 10.01}, {'ts': '2026-09-29 13:06:42', 'theme': '出版', 'n': 1, 'mean_pct': 10.06}, {'ts': '2026-09-29 13:06:42', 'theme': '化学制药', 'n': 1, 'mean_pct': 10.05}, {'ts': '2026-09-29 13:06:42', 'theme': '化学原料', 'n': 1, 'mean_pct': 20.0}, {'ts': '2026-09-29 13:06:42', 'theme': '小家电', 'n': 1, 'mean_pct': 9.97}, {'ts': '2026-09-29 13:06:42', 'theme': '房地产开', 'n': 1, 'mean_pct': 9.98}, {'ts': '2026-09-29 13:06:42', 'theme': '汽车零部', 'n': 2, 'mean_pct': 10.03}, {'ts': '2026-09-29 13:06:42', 'theme': '电力', 'n': 1, 'mean_pct': 9.96}, {'ts': '2026-09-29 13:06:42', 'theme': '电池', 'n': 1, 'mean_pct': 9.95}, {'ts': '2026-09-29 13:06:42', 'theme': '计算机设', 'n': 1, 'mean_pct': 10.01}, {'ts': '2026-09-29 13:07:42', 'theme': '出版', 'n': 1, 'mean_pct': 10.06}, {'ts': '2026-09-29 13:07:42', 'theme': '化学制药', 'n': 1, 'mean_pct': 10.05}, {'ts': '2026-09-29 13:07:42', 'theme': '化学原料', 'n': 1, 'mean_pct': 20.0}, {'ts': '2026-09-29 13:07:42', 'theme': '小家电', 'n': 1, 'mean_pct': 9.97}, {'ts': '2026-09-29 13:07:42', 'theme': '房地产开', 'n': 1, 'mean_pct': 9.98}, {'ts': '2026-09-29 13:07:42', 'theme': '汽车零部', 'n': 2, 'mean_pct': 10.03}, {'ts': '2026-09-29 13:07:42', 'theme': '电力', 'n': 1, 'mean_pct': 9.96}, {'ts': '2026-09-29 13:07:42', 'theme': '电池', 'n': 1, 'mean_pct': 9.95}, {'ts': '2026-09-29 13:07:42', 'theme': '计算机设', 'n': 1, 'mean_pct': 10.01}, {'ts': '2026-09-29 13:08:42', 'theme': '出版', 'n': 1, 'mean_pct': 10.06}, {'ts': '2026-09-29 13:08:42', 'theme': '化学制药', 'n': 1, 'mean_pct': 10.05}, {'ts': '2026-09-29 13:08:42', 'theme': '化学原料', 'n': 1, 'mean_pct': 20.0}, {'ts': '2026-09-29 13:08:42', 'theme': '小家电', 'n': 1, 'mean_pct': 9.97}, {'ts': '2026-09-29 13:08:42', 'theme': '房地产开', 'n': 1, 'mean_pct': 9.98}, {'ts': '2026-09-29 13:08:42', 'theme': '汽车零部', 'n': 2, 'mean_pct': 10.03}, {'ts': '2026-09-29 13:08:42', 'theme': '电力', 'n': 1, 'mean_pct': 9.96}, {'ts': '2026-09-29 13:08:42', 'theme': '电池', 'n': 1, 'mean_pct': 9.95}, {'ts': '2026-09-29 13:08:42', 'theme': '计算机设', 'n': 1, 'mean_pct': 10.01}, {'ts': '2026-09-29 13:09:42', 'theme': '出版', 'n': 1, 'mean_pct': 10.06}, {'ts': '2026-09-29 13:09:42', 'theme': '化学制药', 'n': 1, 'mean_pct': 10.05}, {'ts': '2026-09-29 13:09:42', 'theme': '化学原料', 'n': 1, 'mean_pct': 20.0}, {'ts': '2026-09-29 13:09:42', 'theme': '小家电', 'n': 1, 'mean_pct': 9.97}, {'ts': '2026-09-29 13:09:42', 'theme': '房地产开', 'n': 1, 'mean_pct': 9.98}, {'ts': '2026-09-29 13:09:42', 'theme': '汽车零部', 'n': 2, 'mean_pct': 10.03}, {'ts': '2026-09-29 13:09:42', 'theme': '电力', 'n': 1, 'mean_pct': 9.96}, {'ts': '2026-09-29 13:09:42', 'theme': '电池', 'n': 1, 'mean_pct': 9.95}, {'ts': '2026-09-29 13:09:42', 'theme': '计算机设', 'n': 1, 'mean_pct': 10.01}, {'ts': '2026-09-29 13:10:43', 'theme': '出版', 'n': 1, 'mean_pct': 10.06}, {'ts': '2026-09-29 13:10:43', 'theme': '化学制药', 'n': 1, 'mean_pct': 10.05}, {'ts': '2026-09-29 13:10:43', 'theme': '化学原料', 'n': 1, 'mean_pct': 20.0}, {'ts': '2026-09-29 13:10:43', 'theme': '小家电', 'n': 1, 'mean_pct': 9.97}, {'ts': '2026-09-29 13:10:43', 'theme': '房地产开', 'n': 1, 'mean_pct': 9.98}, {'ts': '2026-09-29 13:10:43', 'theme': '汽车零部', 'n': 2, 'mean_pct': 10.03}, {'ts': '2026-09-29 13:10:43', 'theme': '电力', 'n': 1, 'mean_pct': 9.96}, {'ts': '2026-09-29 13:10:43', 'theme': '电池', 'n': 1, 'mean_pct': 9.95}, {'ts': '2026-09-29 13:10:43', 'theme': '计算机设', 'n': 1, 'mean_pct': 10.01}, {'ts': '2026-09-29 13:11:43', 'theme': '出版', 'n': 1, 'mean_pct': 10.06}, {'ts': '2026-09-29 13:11:43', 'theme': '化学制药', 'n': 1, 'mean_pct': 10.05}, {'ts': '2026-09-29 13:11:43', 'theme': '化学原料', 'n': 1, 'mean_pct': 20.0}, {'ts': '2026-09-29 13:11:43', 'theme': '小家电', 'n': 1, 'mean_pct': 9.97}, {'ts': '2026-09-29 13:11:43', 'theme': '房地产开', 'n': 1, 'mean_pct': 9.98}, {'ts': '2026-09-29 13:11:43', 'theme': '汽车零部', 'n': 2, 'mean_pct': 10.03}, {'ts': '2026-09-29 13:11:43', 'theme': '电力', 'n': 1, 'mean_pct': 9.96}, {'ts': '2026-09-29 13:11:43', 'theme': '电池', 'n': 1, 'mean_pct': 9.95}, {'ts': '2026-09-29 13:11:43', 'theme': '计算机设', 'n': 1, 'mean_pct': 10.01}, {'ts': '2026-09-29 13:12:43', 'theme': '出版', 'n': 1, 'mean_pct': 10.06}, {'ts': '2026-09-29 13:12:43', 'theme': '化学制药', 'n': 1, 'mean_pct': 10.05}, {'ts': '2026-09-29 13:12:43', 'theme': '化学原料', 'n': 1, 'mean_pct': 20.0}, {'ts': '2026-09-29 13:12:43', 'theme': '小家电', 'n': 1, 'mean_pct': 9.97}, {'ts': '2026-09-29 13:12:43', 'theme': '房地产开', 'n': 1, 'mean_pct': 9.98}, {'ts': '2026-09-29 13:12:43', 'theme': '汽车零部', 'n': 2, 'mean_pct': 10.03}, {'ts': '2026-09-29 13:12:43', 'theme': '电力', 'n': 1, 'mean_pct': 9.96}, {'ts': '2026-09-29 13:12:43', 'theme': '电池', 'n': 1, 'mean_pct': 9.95}, {'ts': '2026-09-29 13:12:43', 'theme': '计算机设', 'n': 1, 'mean_pct': 10.01}, {'ts': '2026-09-29 13:13:43', 'theme': '出版', 'n': 1, 'mean_pct': 10.06}, {'ts': '2026-09-29 13:13:43', 'theme': '化学制药', 'n': 1, 'mean_pct': 10.05}, {'ts': '2026-09-29 13:13:43', 'theme': '化学原料', 'n': 1, 'mean_pct': 20.0}, {'ts': '2026-09-29 13:13:43', 'theme': '小家电', 'n': 1, 'mean_pct': 9.97}, {'ts': '2026-09-29 13:13:43', 'theme': '房地产开', 'n': 1, 'mean_pct': 9.98}, {'ts': '2026-09-29 13:13:43', 'theme': '汽车零部', 'n': 2, 'mean_pct': 10.03}, {'ts': '2026-09-29 13:13:43', 'theme': '电力', 'n': 1, 'mean_pct': 9.96}, {'ts': '2026-09-29 13:13:43', 'theme': '电池', 'n': 1, 'mean_pct': 9.95}, {'ts': '2026-09-29 13:13:43', 'theme': '计算机设', 'n': 1, 'mean_pct': 10.01}, {'ts': '2026-09-29 13:14:43', 'theme': '出版', 'n': 1, 'mean_pct': 10.06}, {'ts': '2026-09-29 13:14:43', 'theme': '化学制药', 'n': 1, 'mean_pct': 10.05}, {'ts': '2026-09-29 13:14:43', 'theme': '化学原料', 'n': 1, 'mean_pct': 20.0}, {'ts': '2026-09-29 13:14:43', 'theme': '小家电', 'n': 1, 'mean_pct': 9.97}, {'ts': '2026-09-29 13:14:43', 'theme': '房地产开', 'n': 1, 'mean_pct': 9.98}, {'ts': '2026-09-29 13:14:43', 'theme': '汽车零部', 'n': 2, 'mean_pct': 10.03}, {'ts': '2026-09-29 13:14:43', 'theme': '电力', 'n': 1, 'mean_pct': 9.96}, {'ts': '2026-09-29 13:14:43', 'theme': '电池', 'n': 1, 'mean_pct': 9.95}, {'ts': '2026-09-29 13:14:43', 'theme': '计算机设', 'n': 1, 'mean_pct': 10.01}, {'ts': '2026-09-29 13:15:43', 'theme': '出版', 'n': 1, 'mean_pct': 10.06}, {'ts': '2026-09-29 13:15:43', 'theme': '化学制药', 'n': 1, 'mean_pct': 10.05}, {'ts': '2026-09-29 13:15:43', 'theme': '化学原料', 'n': 1, 'mean_pct': 20.0}, {'ts': '2026-09-29 13:15:43', 'theme': '小家电', 'n': 1, 'mean_pct': 9.97}, {'ts': '2026-09-29 13:15:43', 'theme': '房地产开', 'n': 1, 'mean_pct': 9.98}, {'ts': '2026-09-29 13:15:43', 'theme': '汽车零部', 'n': 2, 'mean_pct': 10.03}, {'ts': '2026-09-29 13:15:43', 'theme': '电力', 'n': 1, 'mean_pct': 9.96}, {'ts': '2026-09-29 13:15:43', 'theme': '电池', 'n': 1, 'mean_pct': 9.95}, {'ts': '2026-09-29 13:15:43', 'theme': '计算机设', 'n': 1, 'mean_pct': 10.01}, {'ts': '2026-09-29 13:16:44', 'theme': '出版', 'n': 1, 'mean_pct': 10.06}, {'ts': '2026-09-29 13:16:44', 'theme': '化学制药', 'n': 1, 'mean_pct': 10.05}, {'ts': '2026-09-29 13:16:44', 'theme': '化学原料', 'n': 1, 'mean_pct': 20.0}, {'ts': '2026-09-29 13:16:44', 'theme': '小家电', 'n': 1, 'mean_pct': 9.97}, {'ts': '2026-09-29 13:16:44', 'theme': '房地产开', 'n': 1, 'mean_pct': 9.98}, {'ts': '2026-09-29 13:16:44', 'theme': '汽车零部', 'n': 2, 'mean_pct': 10.03}, {'ts': '2026-09-29 13:16:44', 'theme': '电力', 'n': 1, 'mean_pct': 9.96}, {'ts': '2026-09-29 13:16:44', 'theme': '电池', 'n': 1, 'mean_pct': 9.95}, {'ts': '2026-09-29 13:16:44', 'theme': '计算机设', 'n': 1, 'mean_pct': 10.01}, {'ts': '2026-09-29 13:17:44', 'theme': '出版', 'n': 1, 'mean_pct': 10.06}, {'ts': '2026-09-29 13:17:44', 'theme': '化学制药', 'n': 1, 'mean_pct': 10.05}, {'ts': '2026-09-29 13:17:44', 'theme': '化学原料', 'n': 1, 'mean_pct': 20.0}, {'ts': '2026-09-29 13:17:44', 'theme': '小家电', 'n': 1, 'mean_pct': 9.97}, {'ts': '2026-09-29 13:17:44', 'theme': '房地产开', 'n': 1, 'mean_pct': 9.98}, {'ts': '2026-09-29 13:17:44', 'theme': '汽车零部', 'n': 2, 'mean_pct': 10.03}, {'ts': '2026-09-29 13:17:44', 'theme': '电力', 'n': 1, 'mean_pct': 9.96}, {'ts': '2026-09-29 13:17:44', 'theme': '电池', 'n': 1, 'mean_pct': 9.95}, {'ts': '2026-09-29 13:17:44', 'theme': '计算机设', 'n': 1, 'mean_pct': 10.01}, {'ts': '2026-09-29 13:18:44', 'theme': '出版', 'n': 1, 'mean_pct': 10.06}, {'ts': '2026-09-29 13:18:44', 'theme': '化学制药', 'n': 1, 'mean_pct': 10.05}, {'ts': '2026-09-29 13:18:44', 'theme': '化学原料', 'n': 1, 'mean_pct': 20.0}, {'ts': '2026-09-29 13:18:44', 'theme': '小家电', 'n': 1, 'mean_pct': 9.97}, {'ts': '2026-09-29 13:18:44', 'theme': '房地产开', 'n': 1, 'mean_pct': 9.98}, {'ts': '2026-09-29 13:18:44', 'theme': '汽车零部', 'n': 2, 'mean_pct': 10.03}, {'ts': '2026-09-29 13:18:44', 'theme': '电力', 'n': 1, 'mean_pct': 9.96}, {'ts': '2026-09-29 13:18:44', 'theme': '电池', 'n': 1, 'mean_pct': 9.95}, {'ts': '2026-09-29 13:18:44', 'theme': '计算机设', 'n': 1, 'mean_pct': 10.01}, {'ts': '2026-09-29 13:19:44', 'theme': '出版', 'n': 1, 'mean_pct': 10.06}, {'ts': '2026-09-29 13:19:44', 'theme': '化学制药', 'n': 1, 'mean_pct': 10.05}, {'ts': '2026-09-29 13:19:44', 'theme': '化学原料', 'n': 1, 'mean_pct': 20.0}, {'ts': '2026-09-29 13:19:44', 'theme': '小家电', 'n': 1, 'mean_pct': 9.97}, {'ts': '2026-09-29 13:19:44', 'theme': '房地产开', 'n': 1, 'mean_pct': 9.98}, {'ts': '2026-09-29 13:19:44', 'theme': '汽车零部', 'n': 2, 'mean_pct': 10.03}, {'ts': '2026-09-29 13:19:44', 'theme': '电力', 'n': 1, 'mean_pct': 9.96}, {'ts': '2026-09-29 13:19:44', 'theme': '电池', 'n': 1, 'mean_pct': 9.95}, {'ts': '2026-09-29 13:19:44', 'theme': '计算机设', 'n': 1, 'mean_pct': 10.01}, {'ts': '2026-09-29 13:20:44', 'theme': '出版', 'n': 1, 'mean_pct': 10.06}, {'ts': '2026-09-29 13:20:44', 'theme': '化学制药', 'n': 1, 'mean_pct': 10.05}, {'ts': '2026-09-29 13:20:44', 'theme': '化学原料', 'n': 1, 'mean_pct': 20.0}, {'ts': '2026-09-29 13:20:44', 'theme': '小家电', 'n': 1, 'mean_pct': 9.97}, {'ts': '2026-09-29 13:20:44', 'theme': '房地产开', 'n': 1, 'mean_pct': 9.98}, {'ts': '2026-09-29 13:20:44', 'theme': '汽车零部', 'n': 2, 'mean_pct': 10.03}, {'ts': '2026-09-29 13:20:44', 'theme': '电力', 'n': 1, 'mean_pct': 9.96}, {'ts': '2026-09-29 13:20:44', 'theme': '电池', 'n': 1, 'mean_pct': 9.95}, {'ts': '2026-09-29 13:20:44', 'theme': '计算机设', 'n': 1, 'mean_pct': 10.01}, {'ts': '2026-09-29 13:21:44', 'theme': '出版', 'n': 1, 'mean_pct': 10.06}, {'ts': '2026-09-29 13:21:44', 'theme': '化学制药', 'n': 1, 'mean_pct': 10.05}, {'ts': '2026-09-29 13:21:44', 'theme': '化学原料', 'n': 1, 'mean_pct': 20.0}, {'ts': '2026-09-29 13:21:44', 'theme': '小家电', 'n': 1, 'mean_pct': 9.97}, {'ts': '2026-09-29 13:21:44', 'theme': '房地产开', 'n': 1, 'mean_pct': 9.98}, {'ts': '2026-09-29 13:21:44', 'theme': '汽车零部', 'n': 2, 'mean_pct': 10.03}, {'ts': '2026-09-29 13:21:44', 'theme': '电力', 'n': 1, 'mean_pct': 9.96}, {'ts': '2026-09-29 13:21:44', 'theme': '电池', 'n': 1, 'mean_pct': 9.95}, {'ts': '2026-09-29 13:21:44', 'theme': '计算机设', 'n': 1, 'mean_pct': 10.01}, {'ts': '2026-09-29 13:22:45', 'theme': '出版', 'n': 1, 'mean_pct': 10.06}, {'ts': '2026-09-29 13:22:45', 'theme': '化学制药', 'n': 1, 'mean_pct': 10.05}, {'ts': '2026-09-29 13:22:45', 'theme': '化学原料', 'n': 1, 'mean_pct': 20.0}, {'ts': '2026-09-29 13:22:45', 'theme': '小家电', 'n': 1, 'mean_pct': 9.97}, {'ts': '2026-09-29 13:22:45', 'theme': '房地产开', 'n': 1, 'mean_pct': 9.98}, {'ts': '2026-09-29 13:22:45', 'theme': '汽车零部', 'n': 2, 'mean_pct': 10.03}, {'ts': '2026-09-29 13:22:45', 'theme': '电力', 'n': 1, 'mean_pct': 9.96}, {'ts': '2026-09-29 13:22:45', 'theme': '电池', 'n': 1, 'mean_pct': 9.95}, {'ts': '2026-09-29 13:22:45', 'theme': '计算机设', 'n': 1, 'mean_pct': 10.01}, {'ts': '2026-09-29 13:23:45', 'theme': '出版', 'n': 1, 'mean_pct': 10.06}, {'ts': '2026-09-29 13:23:45', 'theme': '化学制药', 'n': 1, 'mean_pct': 10.05}, {'ts': '2026-09-29 13:23:45', 'theme': '化学原料', 'n': 1, 'mean_pct': 20.0}, {'ts': '2026-09-29 13:23:45', 'theme': '小家电', 'n': 1, 'mean_pct': 9.97}, {'ts': '2026-09-29 13:23:45', 'theme': '房地产开', 'n': 1, 'mean_pct': 9.98}, {'ts': '2026-09-29 13:23:45', 'theme': '汽车零部', 'n': 2, 'mean_pct': 10.03}, {'ts': '2026-09-29 13:23:45', 'theme': '电力', 'n': 1, 'mean_pct': 9.96}, {'ts': '2026-09-29 13:23:45', 'theme': '电池', 'n': 1, 'mean_pct': 9.95}, {'ts': '2026-09-29 13:23:45', 'theme': '计算机设', 'n': 1, 'mean_pct': 10.01}, {'ts': '2026-09-29 13:24:45', 'theme': '出版', 'n': 1, 'mean_pct': 10.06}, {'ts': '2026-09-29 13:24:45', 'theme': '化学制药', 'n': 1, 'mean_pct': 10.05}, {'ts': '2026-09-29 13:24:45', 'theme': '化学原料', 'n': 1, 'mean_pct': 20.0}, {'ts': '2026-09-29 13:24:45', 'theme': '小家电', 'n': 1, 'mean_pct': 9.97}, {'ts': '2026-09-29 13:24:45', 'theme': '房地产开', 'n': 1, 'mean_pct': 9.98}, {'ts': '2026-09-29 13:24:45', 'theme': '汽车零部', 'n': 2, 'mean_pct': 10.03}, {'ts': '2026-09-29 13:24:45', 'theme': '电力', 'n': 1, 'mean_pct': 9.96}, {'ts': '2026-09-29 13:24:45', 'theme': '电池', 'n': 1, 'mean_pct': 9.95}, {'ts': '2026-09-29 13:24:45', 'theme': '计算机设', 'n': 1, 'mean_pct': 10.01}, {'ts': '2026-09-29 13:25:45', 'theme': '出版', 'n': 1, 'mean_pct': 10.06}, {'ts': '2026-09-29 13:25:45', 'theme': '化学制药', 'n': 1, 'mean_pct': 10.05}, {'ts': '2026-09-29 13:25:45', 'theme': '化学原料', 'n': 1, 'mean_pct': 20.0}, {'ts': '2026-09-29 13:25:45', 'theme': '小家电', 'n': 1, 'mean_pct': 9.97}, {'ts': '2026-09-29 13:25:45', 'theme': '房地产开', 'n': 1, 'mean_pct': 9.98}, {'ts': '2026-09-29 13:25:45', 'theme': '汽车零部', 'n': 2, 'mean_pct': 10.03}, {'ts': '2026-09-29 13:25:45', 'theme': '电力', 'n': 1, 'mean_pct': 9.96}, {'ts': '2026-09-29 13:25:45', 'theme': '电池', 'n': 1, 'mean_pct': 9.95}, {'ts': '2026-09-29 13:25:45', 'theme': '计算机设', 'n': 1, 'mean_pct': 10.01}, {'ts': '2026-09-29 13:26:45', 'theme': '出版', 'n': 1, 'mean_pct': 10.06}, {'ts': '2026-09-29 13:26:45', 'theme': '化学制药', 'n': 1, 'mean_pct': 10.05}, {'ts': '2026-09-29 13:26:45', 'theme': '化学原料', 'n': 1, 'mean_pct': 20.0}, {'ts': '2026-09-29 13:26:45', 'theme': '小家电', 'n': 1, 'mean_pct': 9.97}, {'ts': '2026-09-29 13:26:45', 'theme': '房地产开', 'n': 1, 'mean_pct': 9.98}, {'ts': '2026-09-29 13:26:45', 'theme': '汽车零部', 'n': 2, 'mean_pct': 10.03}, {'ts': '2026-09-29 13:26:45', 'theme': '电力', 'n': 1, 'mean_pct': 9.96}, {'ts': '2026-09-29 13:26:45', 'theme': '电池', 'n': 1, 'mean_pct': 9.95}, {'ts': '2026-09-29 13:26:45', 'theme': '计算机设', 'n': 1, 'mean_pct': 10.01}, {'ts': '2026-09-29 13:27:45', 'theme': '出版', 'n': 1, 'mean_pct': 10.06}, {'ts': '2026-09-29 13:27:45', 'theme': '化学制药', 'n': 1, 'mean_pct': 10.05}, {'ts': '2026-09-29 13:27:45', 'theme': '化学原料', 'n': 1, 'mean_pct': 20.0}, {'ts': '2026-09-29 13:27:45', 'theme': '小家电', 'n': 1, 'mean_pct': 9.97}, {'ts': '2026-09-29 13:27:45', 'theme': '房地产开', 'n': 1, 'mean_pct': 9.98}, {'ts': '2026-09-29 13:27:45', 'theme': '汽车零部', 'n': 2, 'mean_pct': 10.03}, {'ts': '2026-09-29 13:27:45', 'theme': '电力', 'n': 1, 'mean_pct': 9.96}, {'ts': '2026-09-29 13:27:45', 'theme': '电池', 'n': 1, 'mean_pct': 9.95}, {'ts': '2026-09-29 13:27:45', 'theme': '计算机设', 'n': 1, 'mean_pct': 10.01}, {'ts': '2026-09-29 13:28:46', 'theme': '出版', 'n': 1, 'mean_pct': 10.06}, {'ts': '2026-09-29 13:28:46', 'theme': '化学制药', 'n': 1, 'mean_pct': 10.05}, {'ts': '2026-09-29 13:28:46', 'theme': '化学原料', 'n': 1, 'mean_pct': 20.0}, {'ts': '2026-09-29 13:28:46', 'theme': '小家电', 'n': 1, 'mean_pct': 9.97}, {'ts': '2026-09-29 13:28:46', 'theme': '房地产开', 'n': 1, 'mean_pct': 9.98}, {'ts': '2026-09-29 13:28:46', 'theme': '汽车零部', 'n': 2, 'mean_pct': 10.03}, {'ts': '2026-09-29 13:28:46', 'theme': '电力', 'n': 1, 'mean_pct': 9.96}, {'ts': '2026-09-29 13:28:46', 'theme': '电池', 'n': 1, 'mean_pct': 9.95}, {'ts': '2026-09-29 13:28:46', 'theme': '计算机设', 'n': 1, 'mean_pct': 10.01}, {'ts': '2026-09-29 13:29:46', 'theme': '出版', 'n': 1, 'mean_pct': 10.06}, {'ts': '2026-09-29 13:29:46', 'theme': '化学制药', 'n': 1, 'mean_pct': 10.05}, {'ts': '2026-09-29 13:29:46', 'theme': '化学原料', 'n': 1, 'mean_pct': 20.0}, {'ts': '2026-09-29 13:29:46', 'theme': '小家电', 'n': 1, 'mean_pct': 9.97}, {'ts': '2026-09-29 13:29:46', 'theme': '房地产开', 'n': 1, 'mean_pct': 9.98}, {'ts': '2026-09-29 13:29:46', 'theme': '汽车零部', 'n': 2, 'mean_pct': 10.03}, {'ts': '2026-09-29 13:29:46', 'theme': '电力', 'n': 1, 'mean_pct': 9.96}, {'ts': '2026-09-29 13:29:46', 'theme': '电池', 'n': 1, 'mean_pct': 9.95}, {'ts': '2026-09-29 13:29:46', 'theme': '计算机设', 'n': 1, 'mean_pct': 10.01}, {'ts': '2026-09-29 13:30:46', 'theme': '出版', 'n': 1, 'mean_pct': 10.06}, {'ts': '2026-09-29 13:30:46', 'theme': '化学制药', 'n': 1, 'mean_pct': 10.05}, {'ts': '2026-09-29 13:30:46', 'theme': '化学原料', 'n': 1, 'mean_pct': 20.0}, {'ts': '2026-09-29 13:30:46', 'theme': '小家电', 'n': 1, 'mean_pct': 9.97}, {'ts': '2026-09-29 13:30:46', 'theme': '房地产开', 'n': 1, 'mean_pct': 9.98}, {'ts': '2026-09-29 13:30:46', 'theme': '汽车零部', 'n': 2, 'mean_pct': 10.03}, {'ts': '2026-09-29 13:30:46', 'theme': '电力', 'n': 1, 'mean_pct': 9.96}, {'ts': '2026-09-29 13:30:46', 'theme': '电池', 'n': 1, 'mean_pct': 9.95}, {'ts': '2026-09-29 13:30:46', 'theme': '计算机设', 'n': 1, 'mean_pct': 10.01}, {'ts': '2026-09-29 13:31:46', 'theme': '出版', 'n': 1, 'mean_pct': 10.06}, {'ts': '2026-09-29 13:31:46', 'theme': '化学制药', 'n': 1, 'mean_pct': 10.05}, {'ts': '2026-09-29 13:31:46', 'theme': '化学原料', 'n': 1, 'mean_pct': 20.0}, {'ts': '2026-09-29 13:31:46', 'theme': '小家电', 'n': 1, 'mean_pct': 9.97}, {'ts': '2026-09-29 13:31:46', 'theme': '房地产开', 'n': 1, 'mean_pct': 9.98}, {'ts': '2026-09-29 13:31:46', 'theme': '汽车零部', 'n': 2, 'mean_pct': 10.03}, {'ts': '2026-09-29 13:31:46', 'theme': '电力', 'n': 1, 'mean_pct': 9.96}, {'ts': '2026-09-29 13:31:46', 'theme': '电池', 'n': 1, 'mean_pct': 9.95}, {'ts': '2026-09-29 13:31:46', 'theme': '计算机设', 'n': 1, 'mean_pct': 10.01}, {'ts': '2026-09-29 13:32:46', 'theme': '出版', 'n': 1, 'mean_pct': 10.06}, {'ts': '2026-09-29 13:32:46', 'theme': '化学制药', 'n': 1, 'mean_pct': 10.05}, {'ts': '2026-09-29 13:32:46', 'theme': '化学原料', 'n': 1, 'mean_pct': 20.0}, {'ts': '2026-09-29 13:32:46', 'theme': '小家电', 'n': 1, 'mean_pct': 9.97}, {'ts': '2026-09-29 13:32:46', 'theme': '房地产开', 'n': 1, 'mean_pct': 9.98}, {'ts': '2026-09-29 13:32:46', 'theme': '汽车零部', 'n': 2, 'mean_pct': 10.03}, {'ts': '2026-09-29 13:32:46', 'theme': '电力', 'n': 1, 'mean_pct': 9.96}, {'ts': '2026-09-29 13:32:46', 'theme': '电池', 'n': 1, 'mean_pct': 9.95}, {'ts': '2026-09-29 13:32:46', 'theme': '计算机设', 'n': 1, 'mean_pct': 10.01}, {'ts': '2026-09-29 13:33:47', 'theme': '出版', 'n': 1, 'mean_pct': 10.06}, {'ts': '2026-09-29 13:33:47', 'theme': '化学制药', 'n': 1, 'mean_pct': 10.05}, {'ts': '2026-09-29 13:33:47', 'theme': '化学原料', 'n': 1, 'mean_pct': 20.0}, {'ts': '2026-09-29 13:33:47', 'theme': '小家电', 'n': 1, 'mean_pct': 9.97}, {'ts': '2026-09-29 13:33:47', 'theme': '房地产开', 'n': 1, 'mean_pct': 9.98}, {'ts': '2026-09-29 13:33:47', 'theme': '汽车零部', 'n': 2, 'mean_pct': 10.03}, {'ts': '2026-09-29 13:33:47', 'theme': '电力', 'n': 1, 'mean_pct': 9.96}, {'ts': '2026-09-29 13:33:47', 'theme': '电池', 'n': 1, 'mean_pct': 9.95}, {'ts': '2026-09-29 13:33:47', 'theme': '计算机设', 'n': 1, 'mean_pct': 10.01}, {'ts': '2026-09-29 13:34:47', 'theme': '出版', 'n': 1, 'mean_pct': 10.06}, {'ts': '2026-09-29 13:34:47', 'theme': '化学制药', 'n': 1, 'mean_pct': 10.05}, {'ts': '2026-09-29 13:34:47', 'theme': '化学原料', 'n': 1, 'mean_pct': 20.0}, {'ts': '2026-09-29 13:34:47', 'theme': '小家电', 'n': 1, 'mean_pct': 9.97}, {'ts': '2026-09-29 13:34:47', 'theme': '房地产开', 'n': 1, 'mean_pct': 9.98}, {'ts': '2026-09-29 13:34:47', 'theme': '汽车零部', 'n': 2, 'mean_pct': 10.03}, {'ts': '2026-09-29 13:34:47', 'theme': '电力', 'n': 1, 'mean_pct': 9.96}, {'ts': '2026-09-29 13:34:47', 'theme': '电池', 'n': 1, 'mean_pct': 9.95}, {'ts': '2026-09-29 13:34:47', 'theme': '计算机设', 'n': 1, 'mean_pct': 10.01}, {'ts': '2026-09-29 13:35:47', 'theme': '出版', 'n': 1, 'mean_pct': 10.06}, {'ts': '2026-09-29 13:35:47', 'theme': '化学制药', 'n': 1, 'mean_pct': 10.05}, {'ts': '2026-09-29 13:35:47', 'theme': '化学原料', 'n': 1, 'mean_pct': 20.0}, {'ts': '2026-09-29 13:35:47', 'theme': '小家电', 'n': 1, 'mean_pct': 9.97}, {'ts': '2026-09-29 13:35:47', 'theme': '房地产开', 'n': 1, 'mean_pct': 9.98}, {'ts': '2026-09-29 13:35:47', 'theme': '汽车零部', 'n': 2, 'mean_pct': 10.03}, {'ts': '2026-09-29 13:35:47', 'theme': '电力', 'n': 1, 'mean_pct': 9.96}, {'ts': '2026-09-29 13:35:47', 'theme': '电池', 'n': 1, 'mean_pct': 9.95}, {'ts': '2026-09-29 13:35:47', 'theme': '计算机设', 'n': 1, 'mean_pct': 10.01}, {'ts': '2026-09-29 13:36:47', 'theme': '出版', 'n': 1, 'mean_pct': 10.06}, {'ts': '2026-09-29 13:36:47', 'theme': '化学制药', 'n': 1, 'mean_pct': 10.05}, {'ts': '2026-09-29 13:36:47', 'theme': '化学原料', 'n': 1, 'mean_pct': 20.0}, {'ts': '2026-09-29 13:36:47', 'theme': '小家电', 'n': 1, 'mean_pct': 9.97}, {'ts': '2026-09-29 13:36:47', 'theme': '房地产开', 'n': 1, 'mean_pct': 9.98}, {'ts': '2026-09-29 13:36:47', 'theme': '汽车零部', 'n': 2, 'mean_pct': 10.03}, {'ts': '2026-09-29 13:36:47', 'theme': '电力', 'n': 1, 'mean_pct': 9.96}, {'ts': '2026-09-29 13:36:47', 'theme': '电池', 'n': 1, 'mean_pct': 9.95}, {'ts': '2026-09-29 13:36:47', 'theme': '计算机设', 'n': 1, 'mean_pct': 10.01}, {'ts': '2026-09-29 13:37:47', 'theme': '出版', 'n': 1, 'mean_pct': 10.06}, {'ts': '2026-09-29 13:37:47', 'theme': '化学制药', 'n': 1, 'mean_pct': 10.05}, {'ts': '2026-09-29 13:37:47', 'theme': '化学原料', 'n': 1, 'mean_pct': 20.0}, {'ts': '2026-09-29 13:37:47', 'theme': '小家电', 'n': 1, 'mean_pct': 9.97}, {'ts': '2026-09-29 13:37:47', 'theme': '房地产开', 'n': 1, 'mean_pct': 9.98}, {'ts': '2026-09-29 13:37:47', 'theme': '汽车零部', 'n': 2, 'mean_pct': 10.03}, {'ts': '2026-09-29 13:37:47', 'theme': '电力', 'n': 1, 'mean_pct': 9.96}, {'ts': '2026-09-29 13:37:47', 'theme': '电池', 'n': 1, 'mean_pct': 9.95}, {'ts': '2026-09-29 13:37:47', 'theme': '计算机设', 'n': 1, 'mean_pct': 10.01}, {'ts': '2026-09-29 13:38:47', 'theme': '出版', 'n': 1, 'mean_pct': 10.06}, {'ts': '2026-09-29 13:38:47', 'theme': '化学制药', 'n': 1, 'mean_pct': 10.05}, {'ts': '2026-09-29 13:38:47', 'theme': '化学原料', 'n': 1, 'mean_pct': 20.0}, {'ts': '2026-09-29 13:38:47', 'theme': '小家电', 'n': 1, 'mean_pct': 9.97}, {'ts': '2026-09-29 13:38:47', 'theme': '房地产开', 'n': 1, 'mean_pct': 9.98}, {'ts': '2026-09-29 13:38:47', 'theme': '汽车零部', 'n': 2, 'mean_pct': 10.03}, {'ts': '2026-09-29 13:38:47', 'theme': '电力', 'n': 1, 'mean_pct': 9.96}, {'ts': '2026-09-29 13:38:47', 'theme': '电池', 'n': 1, 'mean_pct': 9.95}, {'ts': '2026-09-29 13:38:47', 'theme': '计算机设', 'n': 1, 'mean_pct': 10.01}, {'ts': '2026-09-29 13:39:48', 'theme': '出版', 'n': 1, 'mean_pct': 10.06}, {'ts': '2026-09-29 13:39:48', 'theme': '化学制药', 'n': 1, 'mean_pct': 10.05}, {'ts': '2026-09-29 13:39:48', 'theme': '化学原料', 'n': 1, 'mean_pct': 20.0}, {'ts': '2026-09-29 13:39:48', 'theme': '小家电', 'n': 1, 'mean_pct': 9.97}, {'ts': '2026-09-29 13:39:48', 'theme': '房地产开', 'n': 1, 'mean_pct': 9.98}, {'ts': '2026-09-29 13:39:48', 'theme': '汽车零部', 'n': 2, 'mean_pct': 10.03}, {'ts': '2026-09-29 13:39:48', 'theme': '电力', 'n': 1, 'mean_pct': 9.96}, {'ts': '2026-09-29 13:39:48', 'theme': '电池', 'n': 1, 'mean_pct': 9.95}, {'ts': '2026-09-29 13:39:48', 'theme': '计算机设', 'n': 1, 'mean_pct': 10.01}, {'ts': '2026-09-29 13:40:48', 'theme': '出版', 'n': 1, 'mean_pct': 10.06}, {'ts': '2026-09-29 13:40:48', 'theme': '化学制药', 'n': 1, 'mean_pct': 10.05}, {'ts': '2026-09-29 13:40:48', 'theme': '化学原料', 'n': 1, 'mean_pct': 20.0}, {'ts': '2026-09-29 13:40:48', 'theme': '小家电', 'n': 1, 'mean_pct': 9.97}, {'ts': '2026-09-29 13:40:48', 'theme': '房地产开', 'n': 1, 'mean_pct': 9.98}, {'ts': '2026-09-29 13:40:48', 'theme': '汽车零部', 'n': 2, 'mean_pct': 10.03}, {'ts': '2026-09-29 13:40:48', 'theme': '电力', 'n': 1, 'mean_pct': 9.96}, {'ts': '2026-09-29 13:40:48', 'theme': '电池', 'n': 1, 'mean_pct': 9.95}, {'ts': '2026-09-29 13:40:48', 'theme': '计算机设', 'n': 1, 'mean_pct': 10.01}, {'ts': '2026-09-29 13:41:48', 'theme': '出版', 'n': 1, 'mean_pct': 10.06}, {'ts': '2026-09-29 13:41:48', 'theme': '化学制药', 'n': 1, 'mean_pct': 10.05}, {'ts': '2026-09-29 13:41:48', 'theme': '化学原料', 'n': 1, 'mean_pct': 20.0}, {'ts': '2026-09-29 13:41:48', 'theme': '小家电', 'n': 1, 'mean_pct': 9.97}, {'ts': '2026-09-29 13:41:48', 'theme': '房地产开', 'n': 1, 'mean_pct': 9.98}, {'ts': '2026-09-29 13:41:48', 'theme': '汽车零部', 'n': 2, 'mean_pct': 10.03}, {'ts': '2026-09-29 13:41:48', 'theme': '电力', 'n': 1, 'mean_pct': 9.96}, {'ts': '2026-09-29 13:41:48', 'theme': '电池', 'n': 1, 'mean_pct': 9.95}, {'ts': '2026-09-29 13:41:48', 'theme': '计算机设', 'n': 1, 'mean_pct': 10.01}, {'ts': '2026-09-29 13:42:48', 'theme': '出版', 'n': 1, 'mean_pct': 10.06}, {'ts': '2026-09-29 13:42:48', 'theme': '化学制药', 'n': 1, 'mean_pct': 10.05}, {'ts': '2026-09-29 13:42:48', 'theme': '化学原料', 'n': 1, 'mean_pct': 20.0}, {'ts': '2026-09-29 13:42:48', 'theme': '小家电', 'n': 1, 'mean_pct': 9.97}, {'ts': '2026-09-29 13:42:48', 'theme': '房地产开', 'n': 1, 'mean_pct': 9.98}, {'ts': '2026-09-29 13:42:48', 'theme': '汽车零部', 'n': 2, 'mean_pct': 10.03}, {'ts': '2026-09-29 13:42:48', 'theme': '电力', 'n': 1, 'mean_pct': 9.96}, {'ts': '2026-09-29 13:42:48', 'theme': '电池', 'n': 1, 'mean_pct': 9.95}, {'ts': '2026-09-29 13:42:48', 'theme': '计算机设', 'n': 1, 'mean_pct': 10.01}, {'ts': '2026-09-29 13:43:48', 'theme': '出版', 'n': 1, 'mean_pct': 10.06}, {'ts': '2026-09-29 13:43:48', 'theme': '化学制药', 'n': 1, 'mean_pct': 10.05}, {'ts': '2026-09-29 13:43:48', 'theme': '化学原料', 'n': 1, 'mean_pct': 20.0}, {'ts': '2026-09-29 13:43:48', 'theme': '小家电', 'n': 1, 'mean_pct': 9.97}, {'ts': '2026-09-29 13:43:48', 'theme': '房地产开', 'n': 1, 'mean_pct': 9.98}, {'ts': '2026-09-29 13:43:48', 'theme': '汽车零部', 'n': 2, 'mean_pct': 10.03}, {'ts': '2026-09-29 13:43:48', 'theme': '电力', 'n': 1, 'mean_pct': 9.96}, {'ts': '2026-09-29 13:43:48', 'theme': '电池', 'n': 1, 'mean_pct': 9.95}, {'ts': '2026-09-29 13:43:48', 'theme': '计算机设', 'n': 1, 'mean_pct': 10.01}, {'ts': '2026-09-29 13:44:48', 'theme': '出版', 'n': 1, 'mean_pct': 10.06}, {'ts': '2026-09-29 13:44:48', 'theme': '化学制药', 'n': 1, 'mean_pct': 10.05}, {'ts': '2026-09-29 13:44:48', 'theme': '化学原料', 'n': 1, 'mean_pct': 20.0}, {'ts': '2026-09-29 13:44:48', 'theme': '小家电', 'n': 1, 'mean_pct': 9.97}, {'ts': '2026-09-29 13:44:48', 'theme': '房地产开', 'n': 1, 'mean_pct': 9.98}, {'ts': '2026-09-29 13:44:48', 'theme': '汽车零部', 'n': 2, 'mean_pct': 10.03}, {'ts': '2026-09-29 13:44:48', 'theme': '电力', 'n': 1, 'mean_pct': 9.96}, {'ts': '2026-09-29 13:44:48', 'theme': '电池', 'n': 1, 'mean_pct': 9.95}, {'ts': '2026-09-29 13:44:48', 'theme': '计算机设', 'n': 1, 'mean_pct': 10.01}, {'ts': '2026-09-29 13:45:49', 'theme': '出版', 'n': 1, 'mean_pct': 10.06}, {'ts': '2026-09-29 13:45:49', 'theme': '化学制药', 'n': 1, 'mean_pct': 10.05}, {'ts': '2026-09-29 13:45:49', 'theme': '化学原料', 'n': 1, 'mean_pct': 20.0}, {'ts': '2026-09-29 13:45:49', 'theme': '小家电', 'n': 1, 'mean_pct': 9.97}, {'ts': '2026-09-29 13:45:49', 'theme': '房地产开', 'n': 1, 'mean_pct': 9.98}, {'ts': '2026-09-29 13:45:49', 'theme': '汽车零部', 'n': 2, 'mean_pct': 10.03}, {'ts': '2026-09-29 13:45:49', 'theme': '电力', 'n': 1, 'mean_pct': 9.96}, {'ts': '2026-09-29 13:45:49', 'theme': '电池', 'n': 1, 'mean_pct': 9.95}, {'ts': '2026-09-29 13:45:49', 'theme': '计算机设', 'n': 1, 'mean_pct': 10.01}, {'ts': '2026-09-29 13:46:49', 'theme': '出版', 'n': 1, 'mean_pct': 10.06}, {'ts': '2026-09-29 13:46:49', 'theme': '化学制药', 'n': 1, 'mean_pct': 10.05}, {'ts': '2026-09-29 13:46:49', 'theme': '化学原料', 'n': 1, 'mean_pct': 20.0}, {'ts': '2026-09-29 13:46:49', 'theme': '小家电', 'n': 1, 'mean_pct': 9.97}, {'ts': '2026-09-29 13:46:49', 'theme': '房地产开', 'n': 1, 'mean_pct': 9.98}, {'ts': '2026-09-29 13:46:49', 'theme': '汽车零部', 'n': 2, 'mean_pct': 10.03}, {'ts': '2026-09-29 13:46:49', 'theme': '电力', 'n': 1, 'mean_pct': 9.96}, {'ts': '2026-09-29 13:46:49', 'theme': '电池', 'n': 1, 'mean_pct': 9.95}, {'ts': '2026-09-29 13:46:49', 'theme': '计算机设', 'n': 1, 'mean_pct': 10.01}, {'ts': '2026-09-29 13:47:49', 'theme': '出版', 'n': 1, 'mean_pct': 10.06}, {'ts': '2026-09-29 13:47:49', 'theme': '化学制药', 'n': 1, 'mean_pct': 10.05}, {'ts': '2026-09-29 13:47:49', 'theme': '化学原料', 'n': 1, 'mean_pct': 20.0}, {'ts': '2026-09-29 13:47:49', 'theme': '小家电', 'n': 1, 'mean_pct': 9.97}, {'ts': '2026-09-29 13:47:49', 'theme': '房地产开', 'n': 1, 'mean_pct': 9.98}, {'ts': '2026-09-29 13:47:49', 'theme': '汽车零部', 'n': 2, 'mean_pct': 10.03}, {'ts': '2026-09-29 13:47:49', 'theme': '电力', 'n': 1, 'mean_pct': 9.96}, {'ts': '2026-09-29 13:47:49', 'theme': '电池', 'n': 1, 'mean_pct': 9.95}, {'ts': '2026-09-29 13:47:49', 'theme': '计算机设', 'n': 1, 'mean_pct': 10.01}, {'ts': '2026-09-29 13:48:49', 'theme': '出版', 'n': 1, 'mean_pct': 10.06}, {'ts': '2026-09-29 13:48:49', 'theme': '化学制药', 'n': 1, 'mean_pct': 10.05}, {'ts': '2026-09-29 13:48:49', 'theme': '化学原料', 'n': 1, 'mean_pct': 20.0}, {'ts': '2026-09-29 13:48:49', 'theme': '小家电', 'n': 1, 'mean_pct': 9.97}, {'ts': '2026-09-29 13:48:49', 'theme': '房地产开', 'n': 1, 'mean_pct': 9.98}, {'ts': '2026-09-29 13:48:49', 'theme': '汽车零部', 'n': 2, 'mean_pct': 10.03}, {'ts': '2026-09-29 13:48:49', 'theme': '电力', 'n': 1, 'mean_pct': 9.96}, {'ts': '2026-09-29 13:48:49', 'theme': '电池', 'n': 1, 'mean_pct': 9.95}, {'ts': '2026-09-29 13:48:49', 'theme': '计算机设', 'n': 1, 'mean_pct': 10.01}, {'ts': '2026-09-29 13:49:49', 'theme': '出版', 'n': 1, 'mean_pct': 10.06}, {'ts': '2026-09-29 13:49:49', 'theme': '化学制药', 'n': 1, 'mean_pct': 10.05}, {'ts': '2026-09-29 13:49:49', 'theme': '化学原料', 'n': 1, 'mean_pct': 20.0}, {'ts': '2026-09-29 13:49:49', 'theme': '小家电', 'n': 1, 'mean_pct': 9.97}, {'ts': '2026-09-29 13:49:49', 'theme': '房地产开', 'n': 1, 'mean_pct': 9.98}, {'ts': '2026-09-29 13:49:49', 'theme': '汽车零部', 'n': 2, 'mean_pct': 10.03}, {'ts': '2026-09-29 13:49:49', 'theme': '电力', 'n': 1, 'mean_pct': 9.96}, {'ts': '2026-09-29 13:49:49', 'theme': '电池', 'n': 1, 'mean_pct': 9.95}, {'ts': '2026-09-29 13:49:49', 'theme': '计算机设', 'n': 1, 'mean_pct': 10.01}, {'ts': '2026-09-29 13:50:49', 'theme': '出版', 'n': 1, 'mean_pct': 10.06}, {'ts': '2026-09-29 13:50:49', 'theme': '化学制药', 'n': 1, 'mean_pct': 10.05}, {'ts': '2026-09-29 13:50:49', 'theme': '化学原料', 'n': 1, 'mean_pct': 20.0}, {'ts': '2026-09-29 13:50:49', 'theme': '小家电', 'n': 1, 'mean_pct': 9.97}, {'ts': '2026-09-29 13:50:49', 'theme': '房地产开', 'n': 1, 'mean_pct': 9.98}, {'ts': '2026-09-29 13:50:49', 'theme': '汽车零部', 'n': 2, 'mean_pct': 10.03}, {'ts': '2026-09-29 13:50:49', 'theme': '电力', 'n': 1, 'mean_pct': 9.96}, {'ts': '2026-09-29 13:50:49', 'theme': '电池', 'n': 1, 'mean_pct': 9.95}, {'ts': '2026-09-29 13:50:49', 'theme': '计算机设', 'n': 1, 'mean_pct': 10.01}, {'ts': '2026-09-29 13:51:50', 'theme': '出版', 'n': 1, 'mean_pct': 10.06}, {'ts': '2026-09-29 13:51:50', 'theme': '化学制药', 'n': 1, 'mean_pct': 10.05}, {'ts': '2026-09-29 13:51:50', 'theme': '化学原料', 'n': 1, 'mean_pct': 20.0}, {'ts': '2026-09-29 13:51:50', 'theme': '小家电', 'n': 1, 'mean_pct': 9.97}, {'ts': '2026-09-29 13:51:50', 'theme': '房地产开', 'n': 1, 'mean_pct': 9.98}, {'ts': '2026-09-29 13:51:50', 'theme': '汽车零部', 'n': 2, 'mean_pct': 10.03}, {'ts': '2026-09-29 13:51:50', 'theme': '电力', 'n': 1, 'mean_pct': 9.96}, {'ts': '2026-09-29 13:51:50', 'theme': '电池', 'n': 1, 'mean_pct': 9.95}, {'ts': '2026-09-29 13:51:50', 'theme': '计算机设', 'n': 1, 'mean_pct': 10.01}, {'ts': '2026-09-29 13:52:50', 'theme': '出版', 'n': 1, 'mean_pct': 10.06}, {'ts': '2026-09-29 13:52:50', 'theme': '化学制药', 'n': 1, 'mean_pct': 10.05}, {'ts': '2026-09-29 13:52:50', 'theme': '化学原料', 'n': 1, 'mean_pct': 20.0}, {'ts': '2026-09-29 13:52:50', 'theme': '小家电', 'n': 1, 'mean_pct': 9.97}, {'ts': '2026-09-29 13:52:50', 'theme': '房地产开', 'n': 1, 'mean_pct': 9.98}, {'ts': '2026-09-29 13:52:50', 'theme': '汽车零部', 'n': 2, 'mean_pct': 10.03}, {'ts': '2026-09-29 13:52:50', 'theme': '电力', 'n': 1, 'mean_pct': 9.96}, {'ts': '2026-09-29 13:52:50', 'theme': '电池', 'n': 1, 'mean_pct': 9.95}, {'ts': '2026-09-29 13:52:50', 'theme': '计算机设', 'n': 1, 'mean_pct': 10.01}, {'ts': '2026-09-29 13:53:50', 'theme': '出版', 'n': 1, 'mean_pct': 10.06}, {'ts': '2026-09-29 13:53:50', 'theme': '化学制药', 'n': 1, 'mean_pct': 10.05}, {'ts': '2026-09-29 13:53:50', 'theme': '化学原料', 'n': 1, 'mean_pct': 20.0}, {'ts': '2026-09-29 13:53:50', 'theme': '小家电', 'n': 1, 'mean_pct': 9.97}, {'ts': '2026-09-29 13:53:50', 'theme': '房地产开', 'n': 1, 'mean_pct': 9.98}, {'ts': '2026-09-29 13:53:50', 'theme': '汽车零部', 'n': 2, 'mean_pct': 10.03}, {'ts': '2026-09-29 13:53:50', 'theme': '电力', 'n': 1, 'mean_pct': 9.96}, {'ts': '2026-09-29 13:53:50', 'theme': '电池', 'n': 1, 'mean_pct': 9.95}, {'ts': '2026-09-29 13:53:50', 'theme': '计算机设', 'n': 1, 'mean_pct': 10.01}, {'ts': '2026-09-29 13:54:50', 'theme': '出版', 'n': 1, 'mean_pct': 10.06}, {'ts': '2026-09-29 13:54:50', 'theme': '化学制药', 'n': 1, 'mean_pct': 10.05}, {'ts': '2026-09-29 13:54:50', 'theme': '化学原料', 'n': 1, 'mean_pct': 20.0}, {'ts': '2026-09-29 13:54:50', 'theme': '小家电', 'n': 1, 'mean_pct': 9.97}, {'ts': '2026-09-29 13:54:50', 'theme': '房地产开', 'n': 1, 'mean_pct': 9.98}, {'ts': '2026-09-29 13:54:50', 'theme': '汽车零部', 'n': 2, 'mean_pct': 10.03}, {'ts': '2026-09-29 13:54:50', 'theme': '电力', 'n': 1, 'mean_pct': 9.96}, {'ts': '2026-09-29 13:54:50', 'theme': '电池', 'n': 1, 'mean_pct': 9.95}, {'ts': '2026-09-29 13:54:50', 'theme': '计算机设', 'n': 1, 'mean_pct': 10.01}, {'ts': '2026-09-29 13:55:50', 'theme': '出版', 'n': 1, 'mean_pct': 10.06}, {'ts': '2026-09-29 13:55:50', 'theme': '化学制药', 'n': 1, 'mean_pct': 10.05}, {'ts': '2026-09-29 13:55:50', 'theme': '化学原料', 'n': 1, 'mean_pct': 20.0}, {'ts': '2026-09-29 13:55:50', 'theme': '小家电', 'n': 1, 'mean_pct': 9.97}, {'ts': '2026-09-29 13:55:50', 'theme': '房地产开', 'n': 1, 'mean_pct': 9.98}, {'ts': '2026-09-29 13:55:50', 'theme': '汽车零部', 'n': 2, 'mean_pct': 10.03}, {'ts': '2026-09-29 13:55:50', 'theme': '电力', 'n': 1, 'mean_pct': 9.96}, {'ts': '2026-09-29 13:55:50', 'theme': '电池', 'n': 1, 'mean_pct': 9.95}, {'ts': '2026-09-29 13:55:50', 'theme': '计算机设', 'n': 1, 'mean_pct': 10.01}, {'ts': '2026-09-29 13:56:51', 'theme': '出版', 'n': 1, 'mean_pct': 10.06}, {'ts': '2026-09-29 13:56:51', 'theme': '化学制药', 'n': 1, 'mean_pct': 10.05}, {'ts': '2026-09-29 13:56:51', 'theme': '化学原料', 'n': 1, 'mean_pct': 20.0}, {'ts': '2026-09-29 13:56:51', 'theme': '小家电', 'n': 1, 'mean_pct': 9.97}, {'ts': '2026-09-29 13:56:51', 'theme': '房地产开', 'n': 1, 'mean_pct': 9.98}, {'ts': '2026-09-29 13:56:51', 'theme': '汽车零部', 'n': 2, 'mean_pct': 10.03}, {'ts': '2026-09-29 13:56:51', 'theme': '电力', 'n': 1, 'mean_pct': 9.96}, {'ts': '2026-09-29 13:56:51', 'theme': '电池', 'n': 1, 'mean_pct': 9.95}, {'ts': '2026-09-29 13:56:51', 'theme': '计算机设', 'n': 1, 'mean_pct': 10.01}, {'ts': '2026-09-29 13:57:51', 'theme': '出版', 'n': 1, 'mean_pct': 10.06}, {'ts': '2026-09-29 13:57:51', 'theme': '化学制药', 'n': 1, 'mean_pct': 10.05}, {'ts': '2026-09-29 13:57:51', 'theme': '化学原料', 'n': 1, 'mean_pct': 20.0}, {'ts': '2026-09-29 13:57:51', 'theme': '小家电', 'n': 1, 'mean_pct': 9.97}, {'ts': '2026-09-29 13:57:51', 'theme': '房地产开', 'n': 1, 'mean_pct': 9.98}, {'ts': '2026-09-29 13:57:51', 'theme': '汽车零部', 'n': 2, 'mean_pct': 10.03}, {'ts': '2026-09-29 13:57:51', 'theme': '电力', 'n': 1, 'mean_pct': 9.96}, {'ts': '2026-09-29 13:57:51', 'theme': '电池', 'n': 1, 'mean_pct': 9.95}, {'ts': '2026-09-29 13:57:51', 'theme': '计算机设', 'n': 1, 'mean_pct': 10.01}, {'ts': '2026-09-29 13:58:51', 'theme': '出版', 'n': 1, 'mean_pct': 10.06}, {'ts': '2026-09-29 13:58:51', 'theme': '化学制药', 'n': 1, 'mean_pct': 10.05}, {'ts': '2026-09-29 13:58:51', 'theme': '化学原料', 'n': 1, 'mean_pct': 20.0}, {'ts': '2026-09-29 13:58:51', 'theme': '小家电', 'n': 1, 'mean_pct': 9.97}, {'ts': '2026-09-29 13:58:51', 'theme': '房地产开', 'n': 1, 'mean_pct': 9.98}, {'ts': '2026-09-29 13:58:51', 'theme': '汽车零部', 'n': 2, 'mean_pct': 10.03}, {'ts': '2026-09-29 13:58:51', 'theme': '电力', 'n': 1, 'mean_pct': 9.96}, {'ts': '2026-09-29 13:58:51', 'theme': '电池', 'n': 1, 'mean_pct': 9.95}, {'ts': '2026-09-29 13:58:51', 'theme': '计算机设', 'n': 1, 'mean_pct': 10.01}, {'ts': '2026-09-29 13:59:51', 'theme': '出版', 'n': 1, 'mean_pct': 10.06}, {'ts': '2026-09-29 13:59:51', 'theme': '化学制药', 'n': 1, 'mean_pct': 10.05}, {'ts': '2026-09-29 13:59:51', 'theme': '化学原料', 'n': 1, 'mean_pct': 20.0}, {'ts': '2026-09-29 13:59:51', 'theme': '小家电', 'n': 1, 'mean_pct': 9.97}, {'ts': '2026-09-29 13:59:51', 'theme': '房地产开', 'n': 1, 'mean_pct': 9.98}, {'ts': '2026-09-29 13:59:51', 'theme': '汽车零部', 'n': 2, 'mean_pct': 10.03}, {'ts': '2026-09-29 13:59:51', 'theme': '电力', 'n': 1, 'mean_pct': 9.96}, {'ts': '2026-09-29 13:59:51', 'theme': '电池', 'n': 1, 'mean_pct': 9.95}, {'ts': '2026-09-29 13:59:51', 'theme': '计算机设', 'n': 1, 'mean_pct': 10.01}, {'ts': '2026-09-29 14:00:51', 'theme': '出版', 'n': 1, 'mean_pct': 10.06}, {'ts': '2026-09-29 14:00:51', 'theme': '化学制药', 'n': 1, 'mean_pct': 10.05}, {'ts': '2026-09-29 14:00:51', 'theme': '化学原料', 'n': 1, 'mean_pct': 20.0}, {'ts': '2026-09-29 14:00:51', 'theme': '小家电', 'n': 1, 'mean_pct': 9.97}, {'ts': '2026-09-29 14:00:51', 'theme': '房地产开', 'n': 1, 'mean_pct': 9.98}, {'ts': '2026-09-29 14:00:51', 'theme': '汽车零部', 'n': 2, 'mean_pct': 10.03}, {'ts': '2026-09-29 14:00:51', 'theme': '电力', 'n': 1, 'mean_pct': 9.96}, {'ts': '2026-09-29 14:00:51', 'theme': '电池', 'n': 1, 'mean_pct': 9.95}, {'ts': '2026-09-29 14:00:51', 'theme': '计算机设', 'n': 1, 'mean_pct': 10.01}, {'ts': '2026-09-29 14:01:51', 'theme': '出版', 'n': 1, 'mean_pct': 10.06}, {'ts': '2026-09-29 14:01:51', 'theme': '化学制药', 'n': 1, 'mean_pct': 10.05}, {'ts': '2026-09-29 14:01:51', 'theme': '化学原料', 'n': 1, 'mean_pct': 20.0}, {'ts': '2026-09-29 14:01:51', 'theme': '小家电', 'n': 1, 'mean_pct': 9.97}, {'ts': '2026-09-29 14:01:51', 'theme': '房地产开', 'n': 1, 'mean_pct': 9.98}, {'ts': '2026-09-29 14:01:51', 'theme': '汽车零部', 'n': 2, 'mean_pct': 10.03}, {'ts': '2026-09-29 14:01:51', 'theme': '电力', 'n': 1, 'mean_pct': 9.96}, {'ts': '2026-09-29 14:01:51', 'theme': '电池', 'n': 1, 'mean_pct': 9.95}, {'ts': '2026-09-29 14:01:51', 'theme': '计算机设', 'n': 1, 'mean_pct': 10.01}, {'ts': '2026-09-29 14:02:52', 'theme': '出版', 'n': 1, 'mean_pct': 10.06}, {'ts': '2026-09-29 14:02:52', 'theme': '化学制药', 'n': 1, 'mean_pct': 10.05}, {'ts': '2026-09-29 14:02:52', 'theme': '化学原料', 'n': 1, 'mean_pct': 20.0}, {'ts': '2026-09-29 14:02:52', 'theme': '小家电', 'n': 1, 'mean_pct': 9.97}, {'ts': '2026-09-29 14:02:52', 'theme': '房地产开', 'n': 1, 'mean_pct': 9.98}, {'ts': '2026-09-29 14:02:52', 'theme': '汽车零部', 'n': 2, 'mean_pct': 10.03}, {'ts': '2026-09-29 14:02:52', 'theme': '电力', 'n': 1, 'mean_pct': 9.96}, {'ts': '2026-09-29 14:02:52', 'theme': '电池', 'n': 1, 'mean_pct': 9.95}, {'ts': '2026-09-29 14:02:52', 'theme': '计算机设', 'n': 1, 'mean_pct': 10.01}, {'ts': '2026-09-29 14:03:52', 'theme': '出版', 'n': 1, 'mean_pct': 10.06}, {'ts': '2026-09-29 14:03:52', 'theme': '化学制药', 'n': 1, 'mean_pct': 10.05}, {'ts': '2026-09-29 14:03:52', 'theme': '化学原料', 'n': 1, 'mean_pct': 20.0}, {'ts': '2026-09-29 14:03:52', 'theme': '小家电', 'n': 1, 'mean_pct': 9.97}, {'ts': '2026-09-29 14:03:52', 'theme': '房地产开', 'n': 1, 'mean_pct': 9.98}, {'ts': '2026-09-29 14:03:52', 'theme': '汽车零部', 'n': 2, 'mean_pct': 10.03}, {'ts': '2026-09-29 14:03:52', 'theme': '电力', 'n': 1, 'mean_pct': 9.96}, {'ts': '2026-09-29 14:03:52', 'theme': '电池', 'n': 1, 'mean_pct': 9.95}, {'ts': '2026-09-29 14:03:52', 'theme': '计算机设', 'n': 1, 'mean_pct': 10.01}, {'ts': '2026-09-29 14:04:52', 'theme': '出版', 'n': 1, 'mean_pct': 10.06}, {'ts': '2026-09-29 14:04:52', 'theme': '化学制药', 'n': 1, 'mean_pct': 10.05}, {'ts': '2026-09-29 14:04:52', 'theme': '化学原料', 'n': 1, 'mean_pct': 20.0}, {'ts': '2026-09-29 14:04:52', 'theme': '小家电', 'n': 1, 'mean_pct': 9.97}, {'ts': '2026-09-29 14:04:52', 'theme': '房地产开', 'n': 1, 'mean_pct': 9.98}, {'ts': '2026-09-29 14:04:52', 'theme': '汽车零部', 'n': 2, 'mean_pct': 10.03}, {'ts': '2026-09-29 14:04:52', 'theme': '电力', 'n': 1, 'mean_pct': 9.96}, {'ts': '2026-09-29 14:04:52', 'theme': '电池', 'n': 1, 'mean_pct': 9.95}, {'ts': '2026-09-29 14:04:52', 'theme': '计算机设', 'n': 1, 'mean_pct': 10.01}, {'ts': '2026-09-29 14:05:52', 'theme': '出版', 'n': 1, 'mean_pct': 10.06}, {'ts': '2026-09-29 14:05:52', 'theme': '化学制药', 'n': 1, 'mean_pct': 10.05}, {'ts': '2026-09-29 14:05:52', 'theme': '化学原料', 'n': 1, 'mean_pct': 20.0}, {'ts': '2026-09-29 14:05:52', 'theme': '小家电', 'n': 1, 'mean_pct': 9.97}, {'ts': '2026-09-29 14:05:52', 'theme': '房地产开', 'n': 1, 'mean_pct': 9.98}, {'ts': '2026-09-29 14:05:52', 'theme': '汽车零部', 'n': 2, 'mean_pct': 10.03}, {'ts': '2026-09-29 14:05:52', 'theme': '电力', 'n': 1, 'mean_pct': 9.96}, {'ts': '2026-09-29 14:05:52', 'theme': '电池', 'n': 1, 'mean_pct': 9.95}, {'ts': '2026-09-29 14:05:52', 'theme': '计算机设', 'n': 1, 'mean_pct': 10.01}, {'ts': '2026-09-29 14:06:52', 'theme': '出版', 'n': 1, 'mean_pct': 10.06}, {'ts': '2026-09-29 14:06:52', 'theme': '化学制药', 'n': 1, 'mean_pct': 10.05}, {'ts': '2026-09-29 14:06:52', 'theme': '化学原料', 'n': 1, 'mean_pct': 20.0}, {'ts': '2026-09-29 14:06:52', 'theme': '小家电', 'n': 1, 'mean_pct': 9.97}, {'ts': '2026-09-29 14:06:52', 'theme': '房地产开', 'n': 1, 'mean_pct': 9.98}, {'ts': '2026-09-29 14:06:52', 'theme': '汽车零部', 'n': 2, 'mean_pct': 10.03}, {'ts': '2026-09-29 14:06:52', 'theme': '电力', 'n': 1, 'mean_pct': 9.96}, {'ts': '2026-09-29 14:06:52', 'theme': '电池', 'n': 1, 'mean_pct': 9.95}, {'ts': '2026-09-29 14:06:52', 'theme': '计算机设', 'n': 1, 'mean_pct': 10.01}, {'ts': '2026-09-29 14:07:52', 'theme': '出版', 'n': 1, 'mean_pct': 10.06}, {'ts': '2026-09-29 14:07:52', 'theme': '化学制药', 'n': 1, 'mean_pct': 10.05}, {'ts': '2026-09-29 14:07:52', 'theme': '化学原料', 'n': 1, 'mean_pct': 20.0}, {'ts': '2026-09-29 14:07:52', 'theme': '小家电', 'n': 1, 'mean_pct': 9.97}, {'ts': '2026-09-29 14:07:52', 'theme': '房地产开', 'n': 1, 'mean_pct': 9.98}, {'ts': '2026-09-29 14:07:52', 'theme': '汽车零部', 'n': 2, 'mean_pct': 10.03}, {'ts': '2026-09-29 14:07:52', 'theme': '电力', 'n': 1, 'mean_pct': 9.96}, {'ts': '2026-09-29 14:07:52', 'theme': '电池', 'n': 1, 'mean_pct': 9.95}, {'ts': '2026-09-29 14:07:52', 'theme': '计算机设', 'n': 1, 'mean_pct': 10.01}, {'ts': '2026-09-29 14:08:53', 'theme': '出版', 'n': 1, 'mean_pct': 10.06}, {'ts': '2026-09-29 14:08:53', 'theme': '化学制药', 'n': 1, 'mean_pct': 10.05}, {'ts': '2026-09-29 14:08:53', 'theme': '化学原料', 'n': 1, 'mean_pct': 20.0}, {'ts': '2026-09-29 14:08:53', 'theme': '小家电', 'n': 1, 'mean_pct': 9.97}, {'ts': '2026-09-29 14:08:53', 'theme': '房地产开', 'n': 1, 'mean_pct': 9.98}, {'ts': '2026-09-29 14:08:53', 'theme': '汽车零部', 'n': 2, 'mean_pct': 10.03}, {'ts': '2026-09-29 14:08:53', 'theme': '电力', 'n': 1, 'mean_pct': 9.96}, {'ts': '2026-09-29 14:08:53', 'theme': '电池', 'n': 1, 'mean_pct': 9.95}, {'ts': '2026-09-29 14:08:53', 'theme': '计算机设', 'n': 1, 'mean_pct': 10.01}, {'ts': '2026-09-29 14:09:53', 'theme': '出版', 'n': 1, 'mean_pct': 10.06}, {'ts': '2026-09-29 14:09:53', 'theme': '化学制药', 'n': 1, 'mean_pct': 10.05}, {'ts': '2026-09-29 14:09:53', 'theme': '化学原料', 'n': 1, 'mean_pct': 20.0}, {'ts': '2026-09-29 14:09:53', 'theme': '小家电', 'n': 1, 'mean_pct': 9.97}, {'ts': '2026-09-29 14:09:53', 'theme': '房地产开', 'n': 1, 'mean_pct': 9.98}, {'ts': '2026-09-29 14:09:53', 'theme': '汽车零部', 'n': 2, 'mean_pct': 10.03}, {'ts': '2026-09-29 14:09:53', 'theme': '电力', 'n': 1, 'mean_pct': 9.96}, {'ts': '2026-09-29 14:09:53', 'theme': '电池', 'n': 1, 'mean_pct': 9.95}, {'ts': '2026-09-29 14:09:53', 'theme': '计算机设', 'n': 1, 'mean_pct': 10.01}, {'ts': '2026-09-29 14:10:53', 'theme': '出版', 'n': 1, 'mean_pct': 10.06}, {'ts': '2026-09-29 14:10:53', 'theme': '化学制药', 'n': 1, 'mean_pct': 10.05}, {'ts': '2026-09-29 14:10:53', 'theme': '化学原料', 'n': 1, 'mean_pct': 20.0}, {'ts': '2026-09-29 14:10:53', 'theme': '小家电', 'n': 1, 'mean_pct': 9.97}, {'ts': '2026-09-29 14:10:53', 'theme': '房地产开', 'n': 1, 'mean_pct': 9.98}, {'ts': '2026-09-29 14:10:53', 'theme': '汽车零部', 'n': 2, 'mean_pct': 10.03}, {'ts': '2026-09-29 14:10:53', 'theme': '电力', 'n': 1, 'mean_pct': 9.96}, {'ts': '2026-09-29 14:10:53', 'theme': '电池', 'n': 1, 'mean_pct': 9.95}, {'ts': '2026-09-29 14:10:53', 'theme': '计算机设', 'n': 1, 'mean_pct': 10.01}, {'ts': '2026-09-29 14:11:53', 'theme': '出版', 'n': 1, 'mean_pct': 10.06}, {'ts': '2026-09-29 14:11:53', 'theme': '化学制药', 'n': 1, 'mean_pct': 10.05}, {'ts': '2026-09-29 14:11:53', 'theme': '化学原料', 'n': 1, 'mean_pct': 20.0}, {'ts': '2026-09-29 14:11:53', 'theme': '小家电', 'n': 1, 'mean_pct': 9.97}, {'ts': '2026-09-29 14:11:53', 'theme': '房地产开', 'n': 1, 'mean_pct': 9.98}, {'ts': '2026-09-29 14:11:53', 'theme': '汽车零部', 'n': 2, 'mean_pct': 10.03}, {'ts': '2026-09-29 14:11:53', 'theme': '电力', 'n': 1, 'mean_pct': 9.96}, {'ts': '2026-09-29 14:11:53', 'theme': '电池', 'n': 1, 'mean_pct': 9.95}, {'ts': '2026-09-29 14:11:53', 'theme': '计算机设', 'n': 1, 'mean_pct': 10.01}, {'ts': '2026-09-29 14:12:53', 'theme': '出版', 'n': 1, 'mean_pct': 10.06}, {'ts': '2026-09-29 14:12:53', 'theme': '化学制药', 'n': 1, 'mean_pct': 10.05}, {'ts': '2026-09-29 14:12:53', 'theme': '化学原料', 'n': 1, 'mean_pct': 20.0}, {'ts': '2026-09-29 14:12:53', 'theme': '小家电', 'n': 1, 'mean_pct': 9.97}, {'ts': '2026-09-29 14:12:53', 'theme': '房地产开', 'n': 1, 'mean_pct': 9.98}, {'ts': '2026-09-29 14:12:53', 'theme': '汽车零部', 'n': 2, 'mean_pct': 10.03}, {'ts': '2026-09-29 14:12:53', 'theme': '电力', 'n': 1, 'mean_pct': 9.96}, {'ts': '2026-09-29 14:12:53', 'theme': '电池', 'n': 1, 'mean_pct': 9.95}, {'ts': '2026-09-29 14:12:53', 'theme': '计算机设', 'n': 1, 'mean_pct': 10.01}, {'ts': '2026-09-29 14:13:53', 'theme': '出版', 'n': 1, 'mean_pct': 10.06}, {'ts': '2026-09-29 14:13:53', 'theme': '化学制药', 'n': 1, 'mean_pct': 10.05}, {'ts': '2026-09-29 14:13:53', 'theme': '化学原料', 'n': 1, 'mean_pct': 20.0}, {'ts': '2026-09-29 14:13:53', 'theme': '小家电', 'n': 1, 'mean_pct': 9.97}, {'ts': '2026-09-29 14:13:53', 'theme': '房地产开', 'n': 1, 'mean_pct': 9.98}, {'ts': '2026-09-29 14:13:53', 'theme': '汽车零部', 'n': 2, 'mean_pct': 10.03}, {'ts': '2026-09-29 14:13:53', 'theme': '电力', 'n': 1, 'mean_pct': 9.96}, {'ts': '2026-09-29 14:13:53', 'theme': '电池', 'n': 1, 'mean_pct': 9.95}, {'ts': '2026-09-29 14:13:53', 'theme': '计算机设', 'n': 1, 'mean_pct': 10.01}, {'ts': '2026-09-29 14:14:54', 'theme': '出版', 'n': 1, 'mean_pct': 10.06}, {'ts': '2026-09-29 14:14:54', 'theme': '化学制药', 'n': 1, 'mean_pct': 10.05}, {'ts': '2026-09-29 14:14:54', 'theme': '化学原料', 'n': 1, 'mean_pct': 20.0}, {'ts': '2026-09-29 14:14:54', 'theme': '小家电', 'n': 1, 'mean_pct': 9.97}, {'ts': '2026-09-29 14:14:54', 'theme': '房地产开', 'n': 1, 'mean_pct': 9.98}, {'ts': '2026-09-29 14:14:54', 'theme': '汽车零部', 'n': 2, 'mean_pct': 10.03}, {'ts': '2026-09-29 14:14:54', 'theme': '电力', 'n': 1, 'mean_pct': 9.96}, {'ts': '2026-09-29 14:14:54', 'theme': '电池', 'n': 1, 'mean_pct': 9.95}, {'ts': '2026-09-29 14:14:54', 'theme': '计算机设', 'n': 1, 'mean_pct': 10.01}, {'ts': '2026-09-29 14:15:54', 'theme': '出版', 'n': 1, 'mean_pct': 10.06}, {'ts': '2026-09-29 14:15:54', 'theme': '化学制药', 'n': 1, 'mean_pct': 10.05}, {'ts': '2026-09-29 14:15:54', 'theme': '化学原料', 'n': 1, 'mean_pct': 20.0}, {'ts': '2026-09-29 14:15:54', 'theme': '小家电', 'n': 1, 'mean_pct': 9.97}, {'ts': '2026-09-29 14:15:54', 'theme': '房地产开', 'n': 1, 'mean_pct': 9.98}, {'ts': '2026-09-29 14:15:54', 'theme': '汽车零部', 'n': 2, 'mean_pct': 10.03}, {'ts': '2026-09-29 14:15:54', 'theme': '电力', 'n': 1, 'mean_pct': 9.96}, {'ts': '2026-09-29 14:15:54', 'theme': '电池', 'n': 1, 'mean_pct': 9.95}, {'ts': '2026-09-29 14:15:54', 'theme': '计算机设', 'n': 1, 'mean_pct': 10.01}, {'ts': '2026-09-29 14:16:54', 'theme': '出版', 'n': 1, 'mean_pct': 10.06}, {'ts': '2026-09-29 14:16:54', 'theme': '化学制药', 'n': 1, 'mean_pct': 10.05}, {'ts': '2026-09-29 14:16:54', 'theme': '化学原料', 'n': 1, 'mean_pct': 20.0}, {'ts': '2026-09-29 14:16:54', 'theme': '小家电', 'n': 1, 'mean_pct': 9.97}, {'ts': '2026-09-29 14:16:54', 'theme': '房地产开', 'n': 1, 'mean_pct': 9.98}, {'ts': '2026-09-29 14:16:54', 'theme': '汽车零部', 'n': 2, 'mean_pct': 10.03}, {'ts': '2026-09-29 14:16:54', 'theme': '电力', 'n': 1, 'mean_pct': 9.96}, {'ts': '2026-09-29 14:16:54', 'theme': '电池', 'n': 1, 'mean_pct': 9.95}, {'ts': '2026-09-29 14:16:54', 'theme': '计算机设', 'n': 1, 'mean_pct': 10.01}, {'ts': '2026-09-29 14:17:54', 'theme': '出版', 'n': 1, 'mean_pct': 10.06}, {'ts': '2026-09-29 14:17:54', 'theme': '化学制药', 'n': 1, 'mean_pct': 10.05}, {'ts': '2026-09-29 14:17:54', 'theme': '化学原料', 'n': 1, 'mean_pct': 20.0}, {'ts': '2026-09-29 14:17:54', 'theme': '小家电', 'n': 1, 'mean_pct': 9.97}, {'ts': '2026-09-29 14:17:54', 'theme': '房地产开', 'n': 1, 'mean_pct': 9.98}, {'ts': '2026-09-29 14:17:54', 'theme': '汽车零部', 'n': 2, 'mean_pct': 10.03}, {'ts': '2026-09-29 14:17:54', 'theme': '电力', 'n': 1, 'mean_pct': 9.96}, {'ts': '2026-09-29 14:17:54', 'theme': '电池', 'n': 1, 'mean_pct': 9.95}, {'ts': '2026-09-29 14:17:54', 'theme': '计算机设', 'n': 1, 'mean_pct': 10.01}, {'ts': '2026-09-29 14:18:54', 'theme': '出版', 'n': 1, 'mean_pct': 10.06}, {'ts': '2026-09-29 14:18:54', 'theme': '化学制药', 'n': 1, 'mean_pct': 10.05}, {'ts': '2026-09-29 14:18:54', 'theme': '化学原料', 'n': 1, 'mean_pct': 20.0}, {'ts': '2026-09-29 14:18:54', 'theme': '小家电', 'n': 1, 'mean_pct': 9.97}, {'ts': '2026-09-29 14:18:54', 'theme': '房地产开', 'n': 1, 'mean_pct': 9.98}, {'ts': '2026-09-29 14:18:54', 'theme': '汽车零部', 'n': 2, 'mean_pct': 10.03}, {'ts': '2026-09-29 14:18:54', 'theme': '电力', 'n': 1, 'mean_pct': 9.96}, {'ts': '2026-09-29 14:18:54', 'theme': '电池', 'n': 1, 'mean_pct': 9.95}, {'ts': '2026-09-29 14:18:54', 'theme': '计算机设', 'n': 1, 'mean_pct': 10.01}, {'ts': '2026-09-29 14:19:54', 'theme': '出版', 'n': 1, 'mean_pct': 10.06}, {'ts': '2026-09-29 14:19:54', 'theme': '化学制药', 'n': 1, 'mean_pct': 10.05}, {'ts': '2026-09-29 14:19:54', 'theme': '化学原料', 'n': 1, 'mean_pct': 20.0}, {'ts': '2026-09-29 14:19:54', 'theme': '小家电', 'n': 1, 'mean_pct': 9.97}, {'ts': '2026-09-29 14:19:54', 'theme': '房地产开', 'n': 1, 'mean_pct': 9.98}, {'ts': '2026-09-29 14:19:54', 'theme': '汽车零部', 'n': 2, 'mean_pct': 10.03}, {'ts': '2026-09-29 14:19:54', 'theme': '电力', 'n': 1, 'mean_pct': 9.96}, {'ts': '2026-09-29 14:19:54', 'theme': '电池', 'n': 1, 'mean_pct': 9.95}, {'ts': '2026-09-29 14:19:54', 'theme': '计算机设', 'n': 1, 'mean_pct': 10.01}, {'ts': '2026-09-29 14:20:55', 'theme': '出版', 'n': 1, 'mean_pct': 10.06}, {'ts': '2026-09-29 14:20:55', 'theme': '化学制药', 'n': 1, 'mean_pct': 10.05}, {'ts': '2026-09-29 14:20:55', 'theme': '化学原料', 'n': 1, 'mean_pct': 20.0}, {'ts': '2026-09-29 14:20:55', 'theme': '小家电', 'n': 1, 'mean_pct': 9.97}, {'ts': '2026-09-29 14:20:55', 'theme': '房地产开', 'n': 1, 'mean_pct': 9.98}, {'ts': '2026-09-29 14:20:55', 'theme': '汽车零部', 'n': 2, 'mean_pct': 10.03}, {'ts': '2026-09-29 14:20:55', 'theme': '电力', 'n': 1, 'mean_pct': 9.96}, {'ts': '2026-09-29 14:20:55', 'theme': '电池', 'n': 1, 'mean_pct': 9.95}, {'ts': '2026-09-29 14:20:55', 'theme': '计算机设', 'n': 1, 'mean_pct': 10.01}, {'ts': '2026-09-29 14:21:55', 'theme': '出版', 'n': 1, 'mean_pct': 10.06}, {'ts': '2026-09-29 14:21:55', 'theme': '化学制药', 'n': 1, 'mean_pct': 10.05}, {'ts': '2026-09-29 14:21:55', 'theme': '化学原料', 'n': 1, 'mean_pct': 20.0}, {'ts': '2026-09-29 14:21:55', 'theme': '小家电', 'n': 1, 'mean_pct': 9.97}, {'ts': '2026-09-29 14:21:55', 'theme': '房地产开', 'n': 1, 'mean_pct': 9.98}, {'ts': '2026-09-29 14:21:55', 'theme': '汽车零部', 'n': 2, 'mean_pct': 10.03}, {'ts': '2026-09-29 14:21:55', 'theme': '电力', 'n': 1, 'mean_pct': 9.96}, {'ts': '2026-09-29 14:21:55', 'theme': '电池', 'n': 1, 'mean_pct': 9.95}, {'ts': '2026-09-29 14:21:55', 'theme': '计算机设', 'n': 1, 'mean_pct': 10.01}, {'ts': '2026-09-29 14:22:55', 'theme': '出版', 'n': 1, 'mean_pct': 10.06}, {'ts': '2026-09-29 14:22:55', 'theme': '化学制药', 'n': 1, 'mean_pct': 10.05}, {'ts': '2026-09-29 14:22:55', 'theme': '化学原料', 'n': 1, 'mean_pct': 20.0}, {'ts': '2026-09-29 14:22:55', 'theme': '小家电', 'n': 1, 'mean_pct': 9.97}, {'ts': '2026-09-29 14:22:55', 'theme': '房地产开', 'n': 1, 'mean_pct': 9.98}, {'ts': '2026-09-29 14:22:55', 'theme': '汽车零部', 'n': 2, 'mean_pct': 10.03}, {'ts': '2026-09-29 14:22:55', 'theme': '电力', 'n': 1, 'mean_pct': 9.96}, {'ts': '2026-09-29 14:22:55', 'theme': '电池', 'n': 1, 'mean_pct': 9.95}, {'ts': '2026-09-29 14:22:55', 'theme': '计算机设', 'n': 1, 'mean_pct': 10.01}, {'ts': '2026-09-29 14:23:55', 'theme': '出版', 'n': 1, 'mean_pct': 10.06}, {'ts': '2026-09-29 14:23:55', 'theme': '化学制药', 'n': 1, 'mean_pct': 10.05}, {'ts': '2026-09-29 14:23:55', 'theme': '化学原料', 'n': 1, 'mean_pct': 20.0}, {'ts': '2026-09-29 14:23:55', 'theme': '小家电', 'n': 1, 'mean_pct': 9.97}, {'ts': '2026-09-29 14:23:55', 'theme': '房地产开', 'n': 1, 'mean_pct': 9.98}, {'ts': '2026-09-29 14:23:55', 'theme': '汽车零部', 'n': 2, 'mean_pct': 10.03}, {'ts': '2026-09-29 14:23:55', 'theme': '电力', 'n': 1, 'mean_pct': 9.96}, {'ts': '2026-09-29 14:23:55', 'theme': '电池', 'n': 1, 'mean_pct': 9.95}, {'ts': '2026-09-29 14:23:55', 'theme': '计算机设', 'n': 1, 'mean_pct': 10.01}, {'ts': '2026-09-29 14:24:55', 'theme': '出版', 'n': 1, 'mean_pct': 10.06}, {'ts': '2026-09-29 14:24:55', 'theme': '化学制药', 'n': 1, 'mean_pct': 10.05}, {'ts': '2026-09-29 14:24:55', 'theme': '化学原料', 'n': 1, 'mean_pct': 20.0}, {'ts': '2026-09-29 14:24:55', 'theme': '小家电', 'n': 1, 'mean_pct': 9.97}, {'ts': '2026-09-29 14:24:55', 'theme': '房地产开', 'n': 1, 'mean_pct': 9.98}, {'ts': '2026-09-29 14:24:55', 'theme': '汽车零部', 'n': 2, 'mean_pct': 10.03}, {'ts': '2026-09-29 14:24:55', 'theme': '电力', 'n': 1, 'mean_pct': 9.96}, {'ts': '2026-09-29 14:24:55', 'theme': '电池', 'n': 1, 'mean_pct': 9.95}, {'ts': '2026-09-29 14:24:55', 'theme': '计算机设', 'n': 1, 'mean_pct': 10.01}, {'ts': '2026-09-29 14:25:55', 'theme': '出版', 'n': 1, 'mean_pct': 10.06}, {'ts': '2026-09-29 14:25:55', 'theme': '化学制药', 'n': 1, 'mean_pct': 10.05}, {'ts': '2026-09-29 14:25:55', 'theme': '化学原料', 'n': 1, 'mean_pct': 20.0}, {'ts': '2026-09-29 14:25:55', 'theme': '小家电', 'n': 1, 'mean_pct': 9.97}, {'ts': '2026-09-29 14:25:55', 'theme': '房地产开', 'n': 1, 'mean_pct': 9.98}, {'ts': '2026-09-29 14:25:55', 'theme': '汽车零部', 'n': 2, 'mean_pct': 10.03}, {'ts': '2026-09-29 14:25:55', 'theme': '电力', 'n': 1, 'mean_pct': 9.96}, {'ts': '2026-09-29 14:25:55', 'theme': '电池', 'n': 1, 'mean_pct': 9.95}, {'ts': '2026-09-29 14:25:55', 'theme': '计算机设', 'n': 1, 'mean_pct': 10.01}, {'ts': '2026-09-29 14:26:56', 'theme': '出版', 'n': 1, 'mean_pct': 10.06}, {'ts': '2026-09-29 14:26:56', 'theme': '化学制药', 'n': 1, 'mean_pct': 10.05}, {'ts': '2026-09-29 14:26:56', 'theme': '化学原料', 'n': 1, 'mean_pct': 20.0}, {'ts': '2026-09-29 14:26:56', 'theme': '小家电', 'n': 1, 'mean_pct': 9.97}, {'ts': '2026-09-29 14:26:56', 'theme': '房地产开', 'n': 1, 'mean_pct': 9.98}, {'ts': '2026-09-29 14:26:56', 'theme': '汽车零部', 'n': 2, 'mean_pct': 10.03}, {'ts': '2026-09-29 14:26:56', 'theme': '电力', 'n': 1, 'mean_pct': 9.96}, {'ts': '2026-09-29 14:26:56', 'theme': '电池', 'n': 1, 'mean_pct': 9.95}, {'ts': '2026-09-29 14:26:56', 'theme': '计算机设', 'n': 1, 'mean_pct': 10.01}, {'ts': '2026-09-29 14:27:56', 'theme': '出版', 'n': 1, 'mean_pct': 10.06}, {'ts': '2026-09-29 14:27:56', 'theme': '化学制药', 'n': 1, 'mean_pct': 10.05}, {'ts': '2026-09-29 14:27:56', 'theme': '化学原料', 'n': 1, 'mean_pct': 20.0}, {'ts': '2026-09-29 14:27:56', 'theme': '小家电', 'n': 1, 'mean_pct': 9.97}, {'ts': '2026-09-29 14:27:56', 'theme': '房地产开', 'n': 1, 'mean_pct': 9.98}, {'ts': '2026-09-29 14:27:56', 'theme': '汽车零部', 'n': 2, 'mean_pct': 10.03}, {'ts': '2026-09-29 14:27:56', 'theme': '电力', 'n': 1, 'mean_pct': 9.96}, {'ts': '2026-09-29 14:27:56', 'theme': '电池', 'n': 1, 'mean_pct': 9.95}, {'ts': '2026-09-29 14:27:56', 'theme': '计算机设', 'n': 1, 'mean_pct': 10.01}, {'ts': '2026-09-29 14:28:56', 'theme': '出版', 'n': 1, 'mean_pct': 10.06}, {'ts': '2026-09-29 14:28:56', 'theme': '化学制药', 'n': 1, 'mean_pct': 10.05}, {'ts': '2026-09-29 14:28:56', 'theme': '化学原料', 'n': 1, 'mean_pct': 20.0}, {'ts': '2026-09-29 14:28:56', 'theme': '小家电', 'n': 1, 'mean_pct': 9.97}, {'ts': '2026-09-29 14:28:56', 'theme': '房地产开', 'n': 1, 'mean_pct': 9.98}, {'ts': '2026-09-29 14:28:56', 'theme': '汽车零部', 'n': 2, 'mean_pct': 10.03}, {'ts': '2026-09-29 14:28:56', 'theme': '电力', 'n': 1, 'mean_pct': 9.96}, {'ts': '2026-09-29 14:28:56', 'theme': '电池', 'n': 1, 'mean_pct': 9.95}, {'ts': '2026-09-29 14:28:56', 'theme': '计算机设', 'n': 1, 'mean_pct': 10.01}, {'ts': '2026-09-29 14:29:56', 'theme': '出版', 'n': 1, 'mean_pct': 10.06}, {'ts': '2026-09-29 14:29:56', 'theme': '化学制药', 'n': 1, 'mean_pct': 10.05}, {'ts': '2026-09-29 14:29:56', 'theme': '化学原料', 'n': 1, 'mean_pct': 20.0}, {'ts': '2026-09-29 14:29:56', 'theme': '小家电', 'n': 1, 'mean_pct': 9.97}, {'ts': '2026-09-29 14:29:56', 'theme': '房地产开', 'n': 1, 'mean_pct': 9.98}, {'ts': '2026-09-29 14:29:56', 'theme': '汽车零部', 'n': 2, 'mean_pct': 10.03}, {'ts': '2026-09-29 14:29:56', 'theme': '电力', 'n': 1, 'mean_pct': 9.96}, {'ts': '2026-09-29 14:29:56', 'theme': '电池', 'n': 1, 'mean_pct': 9.95}, {'ts': '2026-09-29 14:29:56', 'theme': '计算机设', 'n': 1, 'mean_pct': 10.01}, {'ts': '2026-09-29 14:30:56', 'theme': '出版', 'n': 1, 'mean_pct': 10.06}, {'ts': '2026-09-29 14:30:56', 'theme': '化学制药', 'n': 1, 'mean_pct': 10.05}, {'ts': '2026-09-29 14:30:56', 'theme': '化学原料', 'n': 1, 'mean_pct': 20.0}, {'ts': '2026-09-29 14:30:56', 'theme': '小家电', 'n': 1, 'mean_pct': 9.97}, {'ts': '2026-09-29 14:30:56', 'theme': '房地产开', 'n': 1, 'mean_pct': 9.98}, {'ts': '2026-09-29 14:30:56', 'theme': '汽车零部', 'n': 2, 'mean_pct': 10.03}, {'ts': '2026-09-29 14:30:56', 'theme': '电力', 'n': 1, 'mean_pct': 9.96}, {'ts': '2026-09-29 14:30:56', 'theme': '电池', 'n': 1, 'mean_pct': 9.95}, {'ts': '2026-09-29 14:30:56', 'theme': '计算机设', 'n': 1, 'mean_pct': 10.01}, {'ts': '2026-09-29 14:31:56', 'theme': '出版', 'n': 1, 'mean_pct': 10.06}, {'ts': '2026-09-29 14:31:56', 'theme': '化学制药', 'n': 1, 'mean_pct': 10.05}, {'ts': '2026-09-29 14:31:56', 'theme': '化学原料', 'n': 1, 'mean_pct': 20.0}, {'ts': '2026-09-29 14:31:56', 'theme': '小家电', 'n': 1, 'mean_pct': 9.97}, {'ts': '2026-09-29 14:31:56', 'theme': '房地产开', 'n': 1, 'mean_pct': 9.98}, {'ts': '2026-09-29 14:31:56', 'theme': '汽车零部', 'n': 2, 'mean_pct': 10.03}, {'ts': '2026-09-29 14:31:56', 'theme': '电力', 'n': 1, 'mean_pct': 9.96}, {'ts': '2026-09-29 14:31:56', 'theme': '电池', 'n': 1, 'mean_pct': 9.95}, {'ts': '2026-09-29 14:31:56', 'theme': '计算机设', 'n': 1, 'mean_pct': 10.01}, {'ts': '2026-09-29 14:32:57', 'theme': '出版', 'n': 1, 'mean_pct': 10.06}, {'ts': '2026-09-29 14:32:57', 'theme': '化学制药', 'n': 1, 'mean_pct': 10.05}, {'ts': '2026-09-29 14:32:57', 'theme': '化学原料', 'n': 1, 'mean_pct': 20.0}, {'ts': '2026-09-29 14:32:57', 'theme': '小家电', 'n': 1, 'mean_pct': 9.97}, {'ts': '2026-09-29 14:32:57', 'theme': '房地产开', 'n': 1, 'mean_pct': 9.98}, {'ts': '2026-09-29 14:32:57', 'theme': '汽车零部', 'n': 2, 'mean_pct': 10.03}, {'ts': '2026-09-29 14:32:57', 'theme': '电力', 'n': 1, 'mean_pct': 9.96}, {'ts': '2026-09-29 14:32:57', 'theme': '电池', 'n': 1, 'mean_pct': 9.95}, {'ts': '2026-09-29 14:32:57', 'theme': '计算机设', 'n': 1, 'mean_pct': 10.01}, {'ts': '2026-09-29 14:33:57', 'theme': '出版', 'n': 1, 'mean_pct': 10.06}, {'ts': '2026-09-29 14:33:57', 'theme': '化学制药', 'n': 1, 'mean_pct': 10.05}, {'ts': '2026-09-29 14:33:57', 'theme': '化学原料', 'n': 1, 'mean_pct': 20.0}, {'ts': '2026-09-29 14:33:57', 'theme': '小家电', 'n': 1, 'mean_pct': 9.97}, {'ts': '2026-09-29 14:33:57', 'theme': '房地产开', 'n': 1, 'mean_pct': 9.98}, {'ts': '2026-09-29 14:33:57', 'theme': '汽车零部', 'n': 2, 'mean_pct': 10.03}, {'ts': '2026-09-29 14:33:57', 'theme': '电力', 'n': 1, 'mean_pct': 9.96}, {'ts': '2026-09-29 14:33:57', 'theme': '电池', 'n': 1, 'mean_pct': 9.95}, {'ts': '2026-09-29 14:33:57', 'theme': '计算机设', 'n': 1, 'mean_pct': 10.01}, {'ts': '2026-09-29 14:34:57', 'theme': '出版', 'n': 1, 'mean_pct': 10.06}, {'ts': '2026-09-29 14:34:57', 'theme': '化学制药', 'n': 1, 'mean_pct': 10.05}, {'ts': '2026-09-29 14:34:57', 'theme': '化学原料', 'n': 1, 'mean_pct': 20.0}, {'ts': '2026-09-29 14:34:57', 'theme': '小家电', 'n': 1, 'mean_pct': 9.97}, {'ts': '2026-09-29 14:34:57', 'theme': '房地产开', 'n': 1, 'mean_pct': 9.98}, {'ts': '2026-09-29 14:34:57', 'theme': '汽车零部', 'n': 2, 'mean_pct': 10.03}, {'ts': '2026-09-29 14:34:57', 'theme': '电力', 'n': 1, 'mean_pct': 9.96}, {'ts': '2026-09-29 14:34:57', 'theme': '电池', 'n': 1, 'mean_pct': 9.95}, {'ts': '2026-09-29 14:34:57', 'theme': '计算机设', 'n': 1, 'mean_pct': 10.01}, {'ts': '2026-09-29 14:35:57', 'theme': '出版', 'n': 1, 'mean_pct': 10.06}, {'ts': '2026-09-29 14:35:57', 'theme': '化学制药', 'n': 1, 'mean_pct': 10.05}, {'ts': '2026-09-29 14:35:57', 'theme': '化学原料', 'n': 1, 'mean_pct': 20.0}, {'ts': '2026-09-29 14:35:57', 'theme': '小家电', 'n': 1, 'mean_pct': 9.97}, {'ts': '2026-09-29 14:35:57', 'theme': '房地产开', 'n': 1, 'mean_pct': 9.98}, {'ts': '2026-09-29 14:35:57', 'theme': '汽车零部', 'n': 2, 'mean_pct': 10.03}, {'ts': '2026-09-29 14:35:57', 'theme': '电力', 'n': 1, 'mean_pct': 9.96}, {'ts': '2026-09-29 14:35:57', 'theme': '电池', 'n': 1, 'mean_pct': 9.95}, {'ts': '2026-09-29 14:35:57', 'theme': '计算机设', 'n': 1, 'mean_pct': 10.01}, {'ts': '2026-09-29 14:36:57', 'theme': '出版', 'n': 1, 'mean_pct': 10.06}, {'ts': '2026-09-29 14:36:57', 'theme': '化学制药', 'n': 1, 'mean_pct': 10.05}, {'ts': '2026-09-29 14:36:57', 'theme': '化学原料', 'n': 1, 'mean_pct': 20.0}, {'ts': '2026-09-29 14:36:57', 'theme': '小家电', 'n': 1, 'mean_pct': 9.97}, {'ts': '2026-09-29 14:36:57', 'theme': '房地产开', 'n': 1, 'mean_pct': 9.98}, {'ts': '2026-09-29 14:36:57', 'theme': '汽车零部', 'n': 2, 'mean_pct': 10.03}, {'ts': '2026-09-29 14:36:57', 'theme': '电力', 'n': 1, 'mean_pct': 9.96}, {'ts': '2026-09-29 14:36:57', 'theme': '电池', 'n': 1, 'mean_pct': 9.95}, {'ts': '2026-09-29 14:36:57', 'theme': '计算机设', 'n': 1, 'mean_pct': 10.01}, {'ts': '2026-09-29 14:37:57', 'theme': '出版', 'n': 1, 'mean_pct': 10.06}, {'ts': '2026-09-29 14:37:57', 'theme': '化学制药', 'n': 1, 'mean_pct': 10.05}, {'ts': '2026-09-29 14:37:57', 'theme': '化学原料', 'n': 1, 'mean_pct': 20.0}, {'ts': '2026-09-29 14:37:57', 'theme': '小家电', 'n': 1, 'mean_pct': 9.97}, {'ts': '2026-09-29 14:37:57', 'theme': '房地产开', 'n': 1, 'mean_pct': 9.98}, {'ts': '2026-09-29 14:37:57', 'theme': '汽车零部', 'n': 2, 'mean_pct': 10.03}, {'ts': '2026-09-29 14:37:57', 'theme': '电力', 'n': 1, 'mean_pct': 9.96}, {'ts': '2026-09-29 14:37:57', 'theme': '电池', 'n': 1, 'mean_pct': 9.95}, {'ts': '2026-09-29 14:37:57', 'theme': '计算机设', 'n': 1, 'mean_pct': 10.01}, {'ts': '2026-09-29 14:38:58', 'theme': '出版', 'n': 1, 'mean_pct': 10.06}, {'ts': '2026-09-29 14:38:58', 'theme': '化学制药', 'n': 1, 'mean_pct': 10.05}, {'ts': '2026-09-29 14:38:58', 'theme': '化学原料', 'n': 1, 'mean_pct': 20.0}, {'ts': '2026-09-29 14:38:58', 'theme': '小家电', 'n': 1, 'mean_pct': 9.97}, {'ts': '2026-09-29 14:38:58', 'theme': '房地产开', 'n': 1, 'mean_pct': 9.98}, {'ts': '2026-09-29 14:38:58', 'theme': '汽车零部', 'n': 2, 'mean_pct': 10.03}, {'ts': '2026-09-29 14:38:58', 'theme': '电力', 'n': 1, 'mean_pct': 9.96}, {'ts': '2026-09-29 14:38:58', 'theme': '电池', 'n': 1, 'mean_pct': 9.95}, {'ts': '2026-09-29 14:38:58', 'theme': '计算机设', 'n': 1, 'mean_pct': 10.01}, {'ts': '2026-09-29 14:39:58', 'theme': '出版', 'n': 1, 'mean_pct': 10.06}, {'ts': '2026-09-29 14:39:58', 'theme': '化学制药', 'n': 1, 'mean_pct': 10.05}, {'ts': '2026-09-29 14:39:58', 'theme': '化学原料', 'n': 1, 'mean_pct': 20.0}, {'ts': '2026-09-29 14:39:58', 'theme': '小家电', 'n': 1, 'mean_pct': 9.97}, {'ts': '2026-09-29 14:39:58', 'theme': '房地产开', 'n': 1, 'mean_pct': 9.98}, {'ts': '2026-09-29 14:39:58', 'theme': '汽车零部', 'n': 2, 'mean_pct': 10.03}, {'ts': '2026-09-29 14:39:58', 'theme': '电力', 'n': 1, 'mean_pct': 9.96}, {'ts': '2026-09-29 14:39:58', 'theme': '电池', 'n': 1, 'mean_pct': 9.95}, {'ts': '2026-09-29 14:39:58', 'theme': '计算机设', 'n': 1, 'mean_pct': 10.01}, {'ts': '2026-09-29 14:40:58', 'theme': '出版', 'n': 1, 'mean_pct': 10.06}, {'ts': '2026-09-29 14:40:58', 'theme': '化学制药', 'n': 1, 'mean_pct': 10.05}, {'ts': '2026-09-29 14:40:58', 'theme': '化学原料', 'n': 1, 'mean_pct': 20.0}, {'ts': '2026-09-29 14:40:58', 'theme': '小家电', 'n': 1, 'mean_pct': 9.97}, {'ts': '2026-09-29 14:40:58', 'theme': '房地产开', 'n': 1, 'mean_pct': 9.98}, {'ts': '2026-09-29 14:40:58', 'theme': '汽车零部', 'n': 2, 'mean_pct': 10.03}, {'ts': '2026-09-29 14:40:58', 'theme': '电力', 'n': 1, 'mean_pct': 9.96}, {'ts': '2026-09-29 14:40:58', 'theme': '电池', 'n': 1, 'mean_pct': 9.95}, {'ts': '2026-09-29 14:40:58', 'theme': '计算机设', 'n': 1, 'mean_pct': 10.01}, {'ts': '2026-09-29 14:41:58', 'theme': '出版', 'n': 1, 'mean_pct': 10.06}, {'ts': '2026-09-29 14:41:58', 'theme': '化学制药', 'n': 1, 'mean_pct': 10.05}, {'ts': '2026-09-29 14:41:58', 'theme': '化学原料', 'n': 1, 'mean_pct': 20.0}, {'ts': '2026-09-29 14:41:58', 'theme': '小家电', 'n': 1, 'mean_pct': 9.97}, {'ts': '2026-09-29 14:41:58', 'theme': '房地产开', 'n': 1, 'mean_pct': 9.98}, {'ts': '2026-09-29 14:41:58', 'theme': '汽车零部', 'n': 2, 'mean_pct': 10.03}, {'ts': '2026-09-29 14:41:58', 'theme': '电力', 'n': 1, 'mean_pct': 9.96}, {'ts': '2026-09-29 14:41:58', 'theme': '电池', 'n': 1, 'mean_pct': 9.95}, {'ts': '2026-09-29 14:41:58', 'theme': '计算机设', 'n': 1, 'mean_pct': 10.01}, {'ts': '2026-09-29 14:42:58', 'theme': '出版', 'n': 1, 'mean_pct': 10.06}, {'ts': '2026-09-29 14:42:58', 'theme': '化学制药', 'n': 1, 'mean_pct': 10.05}, {'ts': '2026-09-29 14:42:58', 'theme': '化学原料', 'n': 1, 'mean_pct': 20.0}, {'ts': '2026-09-29 14:42:58', 'theme': '小家电', 'n': 1, 'mean_pct': 9.97}, {'ts': '2026-09-29 14:42:58', 'theme': '房地产开', 'n': 1, 'mean_pct': 9.98}, {'ts': '2026-09-29 14:42:58', 'theme': '汽车零部', 'n': 2, 'mean_pct': 10.03}, {'ts': '2026-09-29 14:42:58', 'theme': '电力', 'n': 1, 'mean_pct': 9.96}, {'ts': '2026-09-29 14:42:58', 'theme': '电池', 'n': 1, 'mean_pct': 9.95}, {'ts': '2026-09-29 14:42:58', 'theme': '计算机设', 'n': 1, 'mean_pct': 10.01}, {'ts': '2026-09-29 14:43:58', 'theme': '出版', 'n': 1, 'mean_pct': 10.06}, {'ts': '2026-09-29 14:43:58', 'theme': '化学制药', 'n': 1, 'mean_pct': 10.05}, {'ts': '2026-09-29 14:43:58', 'theme': '化学原料', 'n': 1, 'mean_pct': 20.0}, {'ts': '2026-09-29 14:43:58', 'theme': '小家电', 'n': 1, 'mean_pct': 9.97}, {'ts': '2026-09-29 14:43:58', 'theme': '房地产开', 'n': 1, 'mean_pct': 9.98}, {'ts': '2026-09-29 14:43:58', 'theme': '汽车零部', 'n': 2, 'mean_pct': 10.03}, {'ts': '2026-09-29 14:43:58', 'theme': '电力', 'n': 1, 'mean_pct': 9.96}, {'ts': '2026-09-29 14:43:58', 'theme': '电池', 'n': 1, 'mean_pct': 9.95}, {'ts': '2026-09-29 14:43:58', 'theme': '计算机设', 'n': 1, 'mean_pct': 10.01}, {'ts': '2026-09-29 14:44:59', 'theme': '出版', 'n': 1, 'mean_pct': 10.06}, {'ts': '2026-09-29 14:44:59', 'theme': '化学制药', 'n': 1, 'mean_pct': 10.05}, {'ts': '2026-09-29 14:44:59', 'theme': '化学原料', 'n': 1, 'mean_pct': 20.0}, {'ts': '2026-09-29 14:44:59', 'theme': '小家电', 'n': 1, 'mean_pct': 9.97}, {'ts': '2026-09-29 14:44:59', 'theme': '房地产开', 'n': 1, 'mean_pct': 9.98}, {'ts': '2026-09-29 14:44:59', 'theme': '汽车零部', 'n': 2, 'mean_pct': 10.03}, {'ts': '2026-09-29 14:44:59', 'theme': '电力', 'n': 1, 'mean_pct': 9.96}, {'ts': '2026-09-29 14:44:59', 'theme': '电池', 'n': 1, 'mean_pct': 9.95}, {'ts': '2026-09-29 14:44:59', 'theme': '计算机设', 'n': 1, 'mean_pct': 10.01}, {'ts': '2026-09-29 14:45:59', 'theme': '出版', 'n': 1, 'mean_pct': 10.06}, {'ts': '2026-09-29 14:45:59', 'theme': '化学制药', 'n': 1, 'mean_pct': 10.05}, {'ts': '2026-09-29 14:45:59', 'theme': '化学原料', 'n': 1, 'mean_pct': 20.0}, {'ts': '2026-09-29 14:45:59', 'theme': '小家电', 'n': 1, 'mean_pct': 9.97}, {'ts': '2026-09-29 14:45:59', 'theme': '房地产开', 'n': 1, 'mean_pct': 9.98}, {'ts': '2026-09-29 14:45:59', 'theme': '汽车零部', 'n': 2, 'mean_pct': 10.03}, {'ts': '2026-09-29 14:45:59', 'theme': '电力', 'n': 1, 'mean_pct': 9.96}, {'ts': '2026-09-29 14:45:59', 'theme': '电池', 'n': 1, 'mean_pct': 9.95}, {'ts': '2026-09-29 14:45:59', 'theme': '计算机设', 'n': 1, 'mean_pct': 10.01}, {'ts': '2026-09-29 14:46:59', 'theme': '出版', 'n': 1, 'mean_pct': 10.06}, {'ts': '2026-09-29 14:46:59', 'theme': '化学制药', 'n': 1, 'mean_pct': 10.05}, {'ts': '2026-09-29 14:46:59', 'theme': '化学原料', 'n': 1, 'mean_pct': 20.0}, {'ts': '2026-09-29 14:46:59', 'theme': '小家电', 'n': 1, 'mean_pct': 9.97}, {'ts': '2026-09-29 14:46:59', 'theme': '房地产开', 'n': 1, 'mean_pct': 9.98}, {'ts': '2026-09-29 14:46:59', 'theme': '汽车零部', 'n': 2, 'mean_pct': 10.03}, {'ts': '2026-09-29 14:46:59', 'theme': '电力', 'n': 1, 'mean_pct': 9.96}, {'ts': '2026-09-29 14:46:59', 'theme': '电池', 'n': 1, 'mean_pct': 9.95}, {'ts': '2026-09-29 14:46:59', 'theme': '计算机设', 'n': 1, 'mean_pct': 10.01}, {'ts': '2026-09-29 14:47:59', 'theme': '出版', 'n': 1, 'mean_pct': 10.06}, {'ts': '2026-09-29 14:47:59', 'theme': '化学制药', 'n': 1, 'mean_pct': 10.05}, {'ts': '2026-09-29 14:47:59', 'theme': '化学原料', 'n': 1, 'mean_pct': 20.0}, {'ts': '2026-09-29 14:47:59', 'theme': '小家电', 'n': 1, 'mean_pct': 9.97}, {'ts': '2026-09-29 14:47:59', 'theme': '房地产开', 'n': 1, 'mean_pct': 9.98}, {'ts': '2026-09-29 14:47:59', 'theme': '汽车零部', 'n': 2, 'mean_pct': 10.03}, {'ts': '2026-09-29 14:47:59', 'theme': '电力', 'n': 1, 'mean_pct': 9.96}, {'ts': '2026-09-29 14:47:59', 'theme': '电池', 'n': 1, 'mean_pct': 9.95}, {'ts': '2026-09-29 14:47:59', 'theme': '计算机设', 'n': 1, 'mean_pct': 10.01}, {'ts': '2026-09-29 14:48:59', 'theme': '出版', 'n': 1, 'mean_pct': 10.06}, {'ts': '2026-09-29 14:48:59', 'theme': '化学制药', 'n': 1, 'mean_pct': 10.05}, {'ts': '2026-09-29 14:48:59', 'theme': '化学原料', 'n': 1, 'mean_pct': 20.0}, {'ts': '2026-09-29 14:48:59', 'theme': '小家电', 'n': 1, 'mean_pct': 9.97}, {'ts': '2026-09-29 14:48:59', 'theme': '房地产开', 'n': 1, 'mean_pct': 9.98}, {'ts': '2026-09-29 14:48:59', 'theme': '汽车零部', 'n': 2, 'mean_pct': 10.03}, {'ts': '2026-09-29 14:48:59', 'theme': '电力', 'n': 1, 'mean_pct': 9.96}, {'ts': '2026-09-29 14:48:59', 'theme': '电池', 'n': 1, 'mean_pct': 9.95}, {'ts': '2026-09-29 14:48:59', 'theme': '计算机设', 'n': 1, 'mean_pct': 10.01}, {'ts': '2026-09-29 14:49:59', 'theme': '出版', 'n': 1, 'mean_pct': 10.06}, {'ts': '2026-09-29 14:49:59', 'theme': '化学制药', 'n': 1, 'mean_pct': 10.05}, {'ts': '2026-09-29 14:49:59', 'theme': '化学原料', 'n': 1, 'mean_pct': 20.0}, {'ts': '2026-09-29 14:49:59', 'theme': '小家电', 'n': 1, 'mean_pct': 9.97}, {'ts': '2026-09-29 14:49:59', 'theme': '房地产开', 'n': 1, 'mean_pct': 9.98}, {'ts': '2026-09-29 14:49:59', 'theme': '汽车零部', 'n': 2, 'mean_pct': 10.03}, {'ts': '2026-09-29 14:49:59', 'theme': '电力', 'n': 1, 'mean_pct': 9.96}, {'ts': '2026-09-29 14:49:59', 'theme': '电池', 'n': 1, 'mean_pct': 9.95}, {'ts': '2026-09-29 14:49:59', 'theme': '计算机设', 'n': 1, 'mean_pct': 10.01}, {'ts': '2026-09-29 14:51:00', 'theme': '出版', 'n': 1, 'mean_pct': 10.06}, {'ts': '2026-09-29 14:51:00', 'theme': '化学制药', 'n': 1, 'mean_pct': 10.05}, {'ts': '2026-09-29 14:51:00', 'theme': '化学原料', 'n': 1, 'mean_pct': 20.0}, {'ts': '2026-09-29 14:51:00', 'theme': '小家电', 'n': 1, 'mean_pct': 9.97}, {'ts': '2026-09-29 14:51:00', 'theme': '房地产开', 'n': 1, 'mean_pct': 9.98}, {'ts': '2026-09-29 14:51:00', 'theme': '汽车零部', 'n': 2, 'mean_pct': 10.03}, {'ts': '2026-09-29 14:51:00', 'theme': '电力', 'n': 1, 'mean_pct': 9.96}, {'ts': '2026-09-29 14:51:00', 'theme': '电池', 'n': 1, 'mean_pct': 9.95}, {'ts': '2026-09-29 14:51:00', 'theme': '计算机设', 'n': 1, 'mean_pct': 10.01}, {'ts': '2026-09-29 14:52:00', 'theme': '出版', 'n': 1, 'mean_pct': 10.06}, {'ts': '2026-09-29 14:52:00', 'theme': '化学制药', 'n': 1, 'mean_pct': 10.05}, {'ts': '2026-09-29 14:52:00', 'theme': '化学原料', 'n': 1, 'mean_pct': 20.0}, {'ts': '2026-09-29 14:52:00', 'theme': '小家电', 'n': 1, 'mean_pct': 9.97}, {'ts': '2026-09-29 14:52:00', 'theme': '房地产开', 'n': 1, 'mean_pct': 9.98}, {'ts': '2026-09-29 14:52:00', 'theme': '汽车零部', 'n': 2, 'mean_pct': 10.03}, {'ts': '2026-09-29 14:52:00', 'theme': '电力', 'n': 1, 'mean_pct': 9.96}, {'ts': '2026-09-29 14:52:00', 'theme': '电池', 'n': 1, 'mean_pct': 9.95}, {'ts': '2026-09-29 14:52:00', 'theme': '计算机设', 'n': 1, 'mean_pct': 10.01}, {'ts': '2026-09-29 14:53:00', 'theme': '出版', 'n': 1, 'mean_pct': 10.06}, {'ts': '2026-09-29 14:53:00', 'theme': '化学制药', 'n': 1, 'mean_pct': 10.05}, {'ts': '2026-09-29 14:53:00', 'theme': '化学原料', 'n': 1, 'mean_pct': 20.0}, {'ts': '2026-09-29 14:53:00', 'theme': '小家电', 'n': 1, 'mean_pct': 9.97}, {'ts': '2026-09-29 14:53:00', 'theme': '房地产开', 'n': 1, 'mean_pct': 9.98}, {'ts': '2026-09-29 14:53:00', 'theme': '汽车零部', 'n': 2, 'mean_pct': 10.03}, {'ts': '2026-09-29 14:53:00', 'theme': '电力', 'n': 1, 'mean_pct': 9.96}, {'ts': '2026-09-29 14:53:00', 'theme': '电池', 'n': 1, 'mean_pct': 9.95}, {'ts': '2026-09-29 14:53:00', 'theme': '计算机设', 'n': 1, 'mean_pct': 10.01}, {'ts': '2026-09-29 14:54:00', 'theme': '出版', 'n': 1, 'mean_pct': 10.06}, {'ts': '2026-09-29 14:54:00', 'theme': '化学制药', 'n': 1, 'mean_pct': 10.05}, {'ts': '2026-09-29 14:54:00', 'theme': '化学原料', 'n': 1, 'mean_pct': 20.0}, {'ts': '2026-09-29 14:54:00', 'theme': '小家电', 'n': 1, 'mean_pct': 9.97}, {'ts': '2026-09-29 14:54:00', 'theme': '房地产开', 'n': 1, 'mean_pct': 9.98}, {'ts': '2026-09-29 14:54:00', 'theme': '汽车零部', 'n': 2, 'mean_pct': 10.03}, {'ts': '2026-09-29 14:54:00', 'theme': '电力', 'n': 1, 'mean_pct': 9.96}, {'ts': '2026-09-29 14:54:00', 'theme': '电池', 'n': 1, 'mean_pct': 9.95}, {'ts': '2026-09-29 14:54:00', 'theme': '计算机设', 'n': 1, 'mean_pct': 10.01}, {'ts': '2026-09-29 14:55:00', 'theme': '出版', 'n': 1, 'mean_pct': 10.06}, {'ts': '2026-09-29 14:55:00', 'theme': '化学制药', 'n': 1, 'mean_pct': 10.05}, {'ts': '2026-09-29 14:55:00', 'theme': '化学原料', 'n': 1, 'mean_pct': 20.0}, {'ts': '2026-09-29 14:55:00', 'theme': '小家电', 'n': 1, 'mean_pct': 9.97}, {'ts': '2026-09-29 14:55:00', 'theme': '房地产开', 'n': 1, 'mean_pct': 9.98}, {'ts': '2026-09-29 14:55:00', 'theme': '汽车零部', 'n': 2, 'mean_pct': 10.03}, {'ts': '2026-09-29 14:55:00', 'theme': '电力', 'n': 1, 'mean_pct': 9.96}, {'ts': '2026-09-29 14:55:00', 'theme': '电池', 'n': 1, 'mean_pct': 9.95}, {'ts': '2026-09-29 14:55:00', 'theme': '计算机设', 'n': 1, 'mean_pct': 10.01}, {'ts': '2026-09-29 14:56:00', 'theme': '出版', 'n': 1, 'mean_pct': 10.06}, {'ts': '2026-09-29 14:56:00', 'theme': '化学制药', 'n': 1, 'mean_pct': 10.05}, {'ts': '2026-09-29 14:56:00', 'theme': '化学原料', 'n': 1, 'mean_pct': 20.0}, {'ts': '2026-09-29 14:56:00', 'theme': '小家电', 'n': 1, 'mean_pct': 9.97}, {'ts': '2026-09-29 14:56:00', 'theme': '房地产开', 'n': 1, 'mean_pct': 9.98}, {'ts': '2026-09-29 14:56:00', 'theme': '汽车零部', 'n': 2, 'mean_pct': 10.03}, {'ts': '2026-09-29 14:56:00', 'theme': '电力', 'n': 1, 'mean_pct': 9.96}, {'ts': '2026-09-29 14:56:00', 'theme': '电池', 'n': 1, 'mean_pct': 9.95}, {'ts': '2026-09-29 14:56:00', 'theme': '计算机设', 'n': 1, 'mean_pct': 10.01}, {'ts': '2026-09-29 14:57:00', 'theme': '出版', 'n': 1, 'mean_pct': 10.06}, {'ts': '2026-09-29 14:57:00', 'theme': '化学制药', 'n': 1, 'mean_pct': 10.05}, {'ts': '2026-09-29 14:57:00', 'theme': '化学原料', 'n': 1, 'mean_pct': 20.0}, {'ts': '2026-09-29 14:57:00', 'theme': '小家电', 'n': 1, 'mean_pct': 9.97}, {'ts': '2026-09-29 14:57:00', 'theme': '房地产开', 'n': 1, 'mean_pct': 9.98}, {'ts': '2026-09-29 14:57:00', 'theme': '汽车零部', 'n': 2, 'mean_pct': 10.03}, {'ts': '2026-09-29 14:57:00', 'theme': '电力', 'n': 1, 'mean_pct': 9.96}, {'ts': '2026-09-29 14:57:00', 'theme': '电池', 'n': 1, 'mean_pct': 9.95}, {'ts': '2026-09-29 14:57:00', 'theme': '计算机设', 'n': 1, 'mean_pct': 10.01}, {'ts': '2026-09-29 14:58:01', 'theme': '出版', 'n': 1, 'mean_pct': 10.06}, {'ts': '2026-09-29 14:58:01', 'theme': '化学制药', 'n': 1, 'mean_pct': 10.05}, {'ts': '2026-09-29 14:58:01', 'theme': '化学原料', 'n': 1, 'mean_pct': 20.0}, {'ts': '2026-09-29 14:58:01', 'theme': '小家电', 'n': 1, 'mean_pct': 9.97}, {'ts': '2026-09-29 14:58:01', 'theme': '房地产开', 'n': 1, 'mean_pct': 9.98}, {'ts': '2026-09-29 14:58:01', 'theme': '汽车零部', 'n': 2, 'mean_pct': 10.03}, {'ts': '2026-09-29 14:58:01', 'theme': '电力', 'n': 1, 'mean_pct': 9.96}, {'ts': '2026-09-29 14:58:01', 'theme': '电池', 'n': 1, 'mean_pct': 9.95}, {'ts': '2026-09-29 14:58:01', 'theme': '计算机设', 'n': 1, 'mean_pct': 10.01}, {'ts': '2026-09-29 14:59:01', 'theme': '出版', 'n': 1, 'mean_pct': 10.06}, {'ts': '2026-09-29 14:59:01', 'theme': '化学制药', 'n': 1, 'mean_pct': 10.05}, {'ts': '2026-09-29 14:59:01', 'theme': '化学原料', 'n': 1, 'mean_pct': 20.0}, {'ts': '2026-09-29 14:59:01', 'theme': '小家电', 'n': 1, 'mean_pct': 9.97}, {'ts': '2026-09-29 14:59:01', 'theme': '房地产开', 'n': 1, 'mean_pct': 9.98}, {'ts': '2026-09-29 14:59:01', 'theme': '汽车零部', 'n': 2, 'mean_pct': 10.03}, {'ts': '2026-09-29 14:59:01', 'theme': '电力', 'n': 1, 'mean_pct': 9.96}, {'ts': '2026-09-29 14:59:01', 'theme': '电池', 'n': 1, 'mean_pct': 9.95}, {'ts': '2026-09-29 14:59:01', 'theme': '计算机设', 'n': 1, 'mean_pct': 10.01}, {'ts': '2026-09-29 15:00:01', 'theme': '出版', 'n': 1, 'mean_pct': 10.06}, {'ts': '2026-09-29 15:00:01', 'theme': '化学制药', 'n': 1, 'mean_pct': 10.05}, {'ts': '2026-09-29 15:00:01', 'theme': '化学原料', 'n': 1, 'mean_pct': 20.0}, {'ts': '2026-09-29 15:00:01', 'theme': '小家电', 'n': 1, 'mean_pct': 9.97}, {'ts': '2026-09-29 15:00:01', 'theme': '房地产开', 'n': 1, 'mean_pct': 9.98}, {'ts': '2026-09-29 15:00:01', 'theme': '汽车零部', 'n': 2, 'mean_pct': 10.03}, {'ts': '2026-09-29 15:00:01', 'theme': '电力', 'n': 1, 'mean_pct': 9.96}, {'ts': '2026-09-29 15:00:01', 'theme': '电池', 'n': 1, 'mean_pct': 9.95}, {'ts': '2026-09-29 15:00:01', 'theme': '计算机设', 'n': 1, 'mean_pct': 10.01}, {'ts': '2026-09-29 15:01:01', 'theme': '出版', 'n': 1, 'mean_pct': 10.06}, {'ts': '2026-09-29 15:01:01', 'theme': '化学制药', 'n': 1, 'mean_pct': 10.05}, {'ts': '2026-09-29 15:01:01', 'theme': '化学原料', 'n': 1, 'mean_pct': 20.0}, {'ts': '2026-09-29 15:01:01', 'theme': '小家电', 'n': 1, 'mean_pct': 9.97}, {'ts': '2026-09-29 15:01:01', 'theme': '房地产开', 'n': 1, 'mean_pct': 9.98}, {'ts': '2026-09-29 15:01:01', 'theme': '汽车零部', 'n': 2, 'mean_pct': 10.03}, {'ts': '2026-09-29 15:01:01', 'theme': '电力', 'n': 1, 'mean_pct': 9.96}, {'ts': '2026-09-29 15:01:01', 'theme': '电池', 'n': 1, 'mean_pct': 9.95}, {'ts': '2026-09-29 15:01:01', 'theme': '计算机设', 'n': 1, 'mean_pct': 10.01}, {'ts': '2026-09-29 15:02:01', 'theme': '出版', 'n': 1, 'mean_pct': 10.06}, {'ts': '2026-09-29 15:02:01', 'theme': '化学制药', 'n': 1, 'mean_pct': 10.05}, {'ts': '2026-09-29 15:02:01', 'theme': '化学原料', 'n': 1, 'mean_pct': 20.0}, {'ts': '2026-09-29 15:02:01', 'theme': '小家电', 'n': 1, 'mean_pct': 9.97}, {'ts': '2026-09-29 15:02:01', 'theme': '房地产开', 'n': 1, 'mean_pct': 9.98}, {'ts': '2026-09-29 15:02:01', 'theme': '汽车零部', 'n': 2, 'mean_pct': 10.03}, {'ts': '2026-09-29 15:02:01', 'theme': '电力', 'n': 1, 'mean_pct': 9.96}, {'ts': '2026-09-29 15:02:01', 'theme': '电池', 'n': 1, 'mean_pct': 9.95}, {'ts': '2026-09-29 15:02:01', 'theme': '计算机设', 'n': 1, 'mean_pct': 10.01}, {'ts': '2026-09-29 15:03:02', 'theme': '出版', 'n': 1, 'mean_pct': 10.06}, {'ts': '2026-09-29 15:03:02', 'theme': '化学制药', 'n': 1, 'mean_pct': 10.05}, {'ts': '2026-09-29 15:03:02', 'theme': '化学原料', 'n': 1, 'mean_pct': 20.0}, {'ts': '2026-09-29 15:03:02', 'theme': '小家电', 'n': 1, 'mean_pct': 9.97}, {'ts': '2026-09-29 15:03:02', 'theme': '房地产开', 'n': 1, 'mean_pct': 9.98}, {'ts': '2026-09-29 15:03:02', 'theme': '汽车零部', 'n': 2, 'mean_pct': 10.03}, {'ts': '2026-09-29 15:03:02', 'theme': '电力', 'n': 1, 'mean_pct': 9.96}, {'ts': '2026-09-29 15:03:02', 'theme': '电池', 'n': 1, 'mean_pct': 9.95}, {'ts': '2026-09-29 15:03:02', 'theme': '计算机设', 'n': 1, 'mean_pct': 10.01}, {'ts': '2026-09-29 15:04:02', 'theme': '出版', 'n': 1, 'mean_pct': 10.06}, {'ts': '2026-09-29 15:04:02', 'theme': '化学制药', 'n': 1, 'mean_pct': 10.05}, {'ts': '2026-09-29 15:04:02', 'theme': '化学原料', 'n': 1, 'mean_pct': 20.0}, {'ts': '2026-09-29 15:04:02', 'theme': '小家电', 'n': 1, 'mean_pct': 9.97}, {'ts': '2026-09-29 15:04:02', 'theme': '房地产开', 'n': 1, 'mean_pct': 9.98}, {'ts': '2026-09-29 15:04:02', 'theme': '汽车零部', 'n': 2, 'mean_pct': 10.03}, {'ts': '2026-09-29 15:04:02', 'theme': '电力', 'n': 1, 'mean_pct': 9.96}, {'ts': '2026-09-29 15:04:02', 'theme': '电池', 'n': 1, 'mean_pct': 9.95}, {'ts': '2026-09-29 15:04:02', 'theme': '计算机设', 'n': 1, 'mean_pct': 10.01}]}

[RC] 0

[RETRY2 2026-09-29T19:23:05.852206] 横切面扫描 ['横切面扫描.py', '20260929']
OK D:\股票数据\市场数据\_学习\待深挖清单_20260929.json
 [★新] 汽车零部 累计8 {'20260924': 4, '20260928': 0, '20260929': 4} 覆盖=None
 [★新] 元件 累计7 {'20260924': 0, '20260928': 0, '20260929': 7} 覆盖=None
 [★新] 出版 累计6 {'20260924': 3, '20260928': 0, '20260929': 3} 覆盖=None
 [★新] 通用设备 累计6 {'20260924': 6, '20260928': 0, '20260929': 0} 覆盖=None
 [★新] 房地产开 累计6 {'20260924': 0, '20260928': 0, '20260929': 6} 覆盖=None
 [★新] 电池 累计6 {'20260924': 0, '20260928': 0, '20260929': 6} 覆盖=None
 [★新] 广告营销 累计5 {'20260924': 2, '20260928': 0, '20260929': 3} 覆盖=None

[RC] 0

[RETRY2 2026-09-29T19:23:07.170760] 自主拓展scan ['自主拓展扫描.py', 'scan', '20260929']
{
  "as_of": "20260929",
  "自主拓展": {
    "total": 19,
    "inherited": 19,
    "experiences": 7,
    "tracking": 0,
    "shelved": 9,
    "validated": 0,
    "refuted": 1,
    "capabilities": 2,
    "hits": 0,
    "reused": 0,
    "tracking_events": 61,
    "review_events": 0
  },
  "认知迭代": {
    "total": 1430,
    "inherited": 1430,
    "experiences": 1430,
    "tracking": 0,
    "shelved": 0,
    "validated": 0,
    "refuted": 0,
    "capabilities": 0,
    "hits": 0,
    "reused": 0,
    "tracking_events": 0,
    "review_events": 6729
  },
  "规则": "只有存在明确验证、命中、能力化字段时才计数；null表示既有数据没有证据"
}
scan 20260929 共12项: [{"route": "auction", "signal": "按信号[一字]连续3日同向(均收['-1.4', '-0.4', '-1.2']"}, {"route": "auction", "signal": "按连板[2板+]连续3日同向(均收['-0.9', '-1.8', '-2.0'"}, {"route": "lhb", "signal": "席位共现组合[中信证券股份有限公司上海分公 × 国泰海通证券股份有限公司总部]同"}, {"route": "lhb", "signal": "席位共现组合[国新证券股份有限公司北京分公 × 开源证券股份有限公司西安西大]同"}, {"route": "lhb", "signal": "席位共现组合[国泰海通证券股份有限公司北京 × 开源证券股份有限公司西安西大]同"}, {"route": "lhb", "signal": "席位共现组合[国泰海通证券股份有限公司总部 × 高盛(中国)证券有限责任公司]同"}, {"route": "lhb", "signal": "新活跃席位[国投证券股份有限公司重庆解放碑证券营业部]近3日净买≥5000万×2"}, {"route": "limitup", "signal": "因子[开板次数]近5日3次成为套票主导——失效复盘/降权候补"}, {"route": "limitup", "signal": "因子[封单比]近5日3次成为套票主导——失效复盘/降权候补"}, {"route": "limitup", "signal": "因子[换手率]近5日3次成为套票主导——失效复盘/降权候补"}, {"route": "cycle", "signal": "[炸板率]=0.123 处250日分位3%极值——页面必须有专门判读"}, {"route": "master", "signal": "总账净值落后最佳子路[theme] 1.1pp——裁决alpha为负,复盘该信没"}]

[RC] 0

[RETRY2 2026-09-29T19:23:07.632722] 自主拓展tick ['自主拓展扫描.py', 'tick', '20260929']
tick 20260929 告警: 无

[RC] 0

[RETRY2 2026-09-29T19:23:08.154189] 五路战绩画像 ['五路战绩画像.py', '20260929']
[写] 战绩画像_theme_20260929.json  n=33
[写] 战绩画像_lhb_20260929.json  n=35
[写] 战绩画像_limitup_20260929.json  n=35
[写] 战绩画像_logic_20260929.json  n=8
[写] 战绩画像_auction_20260929.json  n=41
[写] 战绩画像汇总_20260929.json  合计胜率=243/657 均收=-0.69

[RC] 0
